id,created_at,text
1239272805478346800,Sun Mar 15 19:30:36 +0000 2020,RT @Jeugddos37: UPDATE 15 MAART👇🏻  Inmiddels zijn de maatregelen ter bestrijding van het coronavirus verlengd tot 6 april.  https://t.co/gI…
1232423993434505200,Tue Feb 25 21:55:52 +0000 2020,😍 https://t.co/uIW2KnoPPX
1197420817270943700,Thu Nov 21 07:45:44 +0000 2019,RT @Jeugddos37: Ook dit jaar, tijdens de kerstvakantie, weer het traditionele interne M&amp;M toernooi..een fantastische vakantie-activiteit vo…
1186388033458835500,Mon Oct 21 21:05:23 +0000 2019,@Nativeesoul The Netherlands
1132251026772385800,Sat May 25 11:44:15 +0000 2019,RT @FUCHSMEISTER: @Jeugddos37 JO13-1 @DOS37 kampioen in de 1e klasse, na zwaar bevochten 0-1 in en tegen @vvbergentheim
1082706683242205200,Tue Jan 08 18:32:43 +0000 2019,RT @Jeugddos37: Aanstaande zaterdag (🗓12/01) zal de @SupermarktCoop bij @DOS37 komen voor het uitdelen van (gratis) voetbalplaatjes-albums.…
1069553666745614300,Mon Dec 03 11:27:20 +0000 2018,RT @shalomscot: Wauw! Wat hebben de kinderen van groep 8 een mooi bedrag opgehaald met de Kinderpostzegelactie: €6644,22!  Mede dankzij dez…
1052879092457050100,Thu Oct 18 11:08:31 +0000 2018,RT @Jeugddos37: In de herfstvakantie is er op vrijdag 26 oktober voor de jeugd van @DOS37 JO11 t/m JO13 een leuke vakantie activiteit!  Van…
1052878890371289100,Thu Oct 18 11:07:43 +0000 2018,@Jeugddos37 @DOS37 sander.dewitte@live.nl  is het goede emailadres
919928056457957400,Mon Oct 16 14:08:34 +0000 2017,@GlowintheBark I agree....almost 12 years old 😍😍😍 https://t.co/um79ZlpLMV
846125709361860600,Sun Mar 26 22:24:24 +0000 2017,RT @Mintt3a: ✔ https://t.co/l68ZjnpoCq
844023085875580900,Tue Mar 21 03:09:19 +0000 2017,@WanderingOzzie  Happy Bday to you and Madi 🎉🎁🎈🍷😘
832378976303738900,Thu Feb 16 23:59:47 +0000 2017,@WanderingOzzie 😍😍😍
818426342089834500,Mon Jan 09 11:57:00 +0000 2017,@WanderingOzzie 😍😍😍
815354380174168000,Sun Jan 01 00:30:07 +0000 2017,https://t.co/kEiePijZ73
812811187708657700,Sun Dec 25 00:04:23 +0000 2016,@ClutchThoseHeel  Merry Christmas 🎅🎄🎆
811521352603758600,Wed Dec 21 10:39:02 +0000 2016,@WanderingOzzie  The same for you and Madigan 🎅🎄🎆😘
808815726219984900,Tue Dec 13 23:27:50 +0000 2016,RT @wordstextings_: TAG YOUR FRIEND TO TRY THIS!!!! https://t.co/Og5csKezpD
781519505025564700,Thu Sep 29 15:42:24 +0000 2016,RT @wethinkaIike: "Never say goodbye, because goodbye means going away, and going away means forgetting." - Peter Pan
772219721169170400,Sat Sep 03 23:48:23 +0000 2016,@Nick_Wechsler HB2YOU 🎁🍷😘
726919416156397600,Sun May 01 23:41:08 +0000 2016,@SimmoneJM U2....Enjoy your week :-*
682780124501151700,Fri Jan 01 04:27:21 +0000 2016,:-* https://t.co/mOKqoGiHnk
679834427447480300,Thu Dec 24 01:22:12 +0000 2015,We wish everyone a wonderful Xmas and an amazing, loving and good 2016 :-* :-* :-* https://t.co/qRBNkahif0
644258027755970600,Wed Sep 16 21:14:18 +0000 2015,RT @PolitieTwentrnd: Wij zijn opzoek naar de eigenaar van deze hond. Hij liep op het Manitobaplein #Vriezenveen http://t.co/MG0oP5Njdz
643533446409814000,Mon Sep 14 21:15:04 +0000 2015,RT @Protect_Wldlife: RT if you agree. #MakeCrueltyHistory http://t.co/7pqMt0ujhR
639692144266084400,Fri Sep 04 06:51:06 +0000 2015,@Nick_Wechsler  have fun.....enjoy :-* http://t.co/NSL4VRKxAm
635205627036500000,Sat Aug 22 21:43:17 +0000 2015,RT @DOS37: Nu op DOS37.nl: We zijn weer begonnen…. fotoreportage DOS’37 clubfotograaf Jeroen Tempert© http://t.co/ZWQCtOSjgG
618829614916464600,Wed Jul 08 17:10:52 +0000 2015,@CountBIessings  Netherlands
597763341260628000,Mon May 11 14:01:01 +0000 2015,@thefemaleboook :-( :-( :-( :-( :-( :-(
594562198279618600,Sat May 02 18:00:49 +0000 2015,@ImStillARebel @karterhol @Nick_Wechsler oops......busted !!!
594537100889980900,Sat May 02 16:21:05 +0000 2015,@karterhol @Nick_Wechsler euh.......he forgot me :-*
592278875087962100,Sun Apr 26 10:47:42 +0000 2015,@bertuswessels  tja,dat vonden de vogeltjes dus wel :-p
553174445167476740,Thu Jan 08 13:00:39 +0000 2015,@ilseboer
548927684370530300,Sat Dec 27 19:45:33 +0000 2014,@Sarah_FTHC @CopyofClara
537226532876746750,Tue Nov 25 12:49:21 +0000 2014,RT @247DoctorSevice: http://t.co/Rk0qqLwNME
535354715388010500,Thu Nov 20 08:51:25 +0000 2014,@karinevanasse  glad you`re ok......
519001122527543300,Mon Oct 06 05:48:04 +0000 2014,@CarolientPost  Yep, nog altijd fris en fruitig......... :-*
518765778829864960,Sun Oct 05 14:12:54 +0000 2014,@CarolientPost   Hallo Carolien, alles gtp vandaag.... 😉
507212378858324000,Wed Sep 03 17:03:49 +0000 2014,@Nick_Wechsler  Happy Bday  Nick......... Have fun..... Enjoy....... 📦🎈🎂🎉🍷:-*
490941704217063400,Sun Jul 20 19:29:58 +0000 2014,@SimmoneJM  Soooooo Cute  💗💗💗
485522209046548500,Sat Jul 05 20:34:49 +0000 2014,@Gabriel_Mann @statusmagazine @Nick_Wechsler @Revenge  Wow... .. I'm speechless........  😍...   Need a hand..... 💞
485486936203989000,Sat Jul 05 18:14:40 +0000 2014,@ScottPorter I hope... '' the Dutch ''..... will make it true...  ☺
485483288514277400,Sat Jul 05 18:00:10 +0000 2014,RT @112Twente: VERMIST: 16-jarig meisje uit Rijssen: http://t.co/03kt2a68ap RT AUB!
474310120885993500,Wed Jun 04 22:01:59 +0000 2014,@AtHomeLiving @pauldeleeuw1962  dat mag ik toch hopen :-)
474306459686436860,Wed Jun 04 21:47:26 +0000 2014,@NaylorZoe  have fun......enjoy...... have a great time :-)
474304713933221900,Wed Jun 04 21:40:30 +0000 2014,@pauldeleeuw1962 @AtHomeLiving   ik lust wel een '4 gang menu',  met vooraf ' sop v.d dag'   Lekkeuh (^_-)
473602345142878200,Mon Jun 02 23:09:32 +0000 2014,@ScottPorter @ClareGrant @SethGreen  Picture..... (^_-)
467652399256326140,Sat May 17 13:06:35 +0000 2014,RT @KeepCaImTweets: http://t.co/SwYR6LIPtD
467607423889702900,Sat May 17 10:07:52 +0000 2014,@VanCamperJP   You too  :-)
467603878230634500,Sat May 17 09:53:46 +0000 2014,@Nick_Wechsler  and now you have salad in your hair..........you look very amazing Hot right now :-*
465396738749394940,Sun May 11 07:43:23 +0000 2014,#MothersDay...... #fromthekids...... :-* http://t.co/qp7FrloXck
465271991717883900,Sat May 10 23:27:41 +0000 2014,@lynnjansenx trusten  (^_-)
464125405180731400,Wed May 07 19:31:34 +0000 2014,@KalEpic @karterhol  OMG.....bye Emily Thorne..... hello Amanda Clarke... (^_-)
463959391675621400,Wed May 07 08:31:53 +0000 2014,@SimmoneJM @CancerCouncil  Wow...... Super nice picture  :-)
463828115899183100,Tue May 06 23:50:15 +0000 2014,@NoellaDeryckere @fileisler  season 4........ please  (^_-)
462673783141449700,Sat May 03 19:23:20 +0000 2014,@KalEpic @NoellaDeryckere @dreamingahead @RevengeFanMag  done :-)
462673464797986800,Sat May 03 19:22:04 +0000 2014,@RTorFAV_1 Emily VanCamp
462163454590468100,Fri May 02 09:35:28 +0000 2014,@Kate__Gilbert @VanCamperJP @Josh_Bowman @EmilyVanCamp lucky you (^_-). Have fun...... enjoy...... vacation  :-)
461504039755468800,Wed Apr 30 13:55:12 +0000 2014,@NoellaDeryckere @fileisler beetje laat maar alsnog van harte gefeliciteerd, mooie dag gehad.  #Bit late but still Happy Bday... :-)
461500167464951800,Wed Apr 30 13:39:48 +0000 2014,#What every woman needs in her kitchen. #Wat elke vrouw moet hebben in haar keuken (^_-) http://t.co/QGdFLYfsf4
461117953615085600,Tue Apr 29 12:21:01 +0000 2014,@SimmoneJM :'( hope they come back soon!!!!!!
459032061081550850,Wed Apr 23 18:12:26 +0000 2014,@Jaime_King Happy Bday....enjoy.... have fun.... (^_-)
457996571079356400,Sun Apr 20 21:37:46 +0000 2014,@RevengeFanMag @CarlsRevenge I did not, now I am :-)
457710995960770560,Sun Apr 20 02:42:59 +0000 2014,@SimmoneJM lucky you (^_-).  Have fun fishing...... enjoy...... Happy Easter :-)
457290442703638500,Fri Apr 18 22:51:52 +0000 2014,#Happy  Easter.  #Fijne Paasdagen. http://t.co/dGDPHf52w7
456098489446191100,Tue Apr 15 15:55:28 +0000 2014,@RevengeFanMag Happy Bday..... :-)
456000911165636600,Tue Apr 15 09:27:43 +0000 2014,@EmilyVanCamp_UK Good morning to you.... enjoy and have fun (^_-)
454793140080484350,Sat Apr 12 01:28:28 +0000 2014,@Vicky_Grayson @RevengeFanMag @Nick_Wechsler   #@Nick_Wechsler Can you park that car on my driveway......:-*
454790118701039600,Sat Apr 12 01:16:28 +0000 2014,@SimmoneJM  that's right...... Enjoy your weekend...(^_-)
454686722321027100,Fri Apr 11 18:25:36 +0000 2014,@Nick_Wechsler Enjoy the race.... If they can see the back of your car.... You go hard enough... (^_-)
449970003392352260,Sat Mar 29 18:03:03 +0000 2014,Doe het met plezier :-) @KarensWebshop @joskeerood @Joyce_minnie @KUSJEiiSOLDE @eedeefotografie @Xer0ka @2tjenl @MoonsDesign
449685315775897600,Fri Mar 28 23:11:48 +0000 2014,@Revenguence done.:-)
447470696588120060,Sat Mar 22 20:31:42 +0000 2014,@SimmoneJM  Well I`m still enjoying Saturday evening........but I hope you will have a happy Sunday...:-)
446063474050088960,Tue Mar 18 23:19:54 +0000 2014,@SimmoneJM  Happy Bday too you and Maddi......have fun......enjoy......laugh......spark......on this lovely loving day !!! :-)
445684748489605100,Mon Mar 17 22:14:59 +0000 2014,@karinevanasse @Revenguence @SweetRoseIceCrm a badgirl.........with icecream.........drive safe...:-P
445678997855535100,Mon Mar 17 21:52:08 +0000 2014,@ScottPorter well voted,voted,voted,voted,voted,voted,voted voted,voted,voted,voted,voted...................:-P
445676966717685760,Mon Mar 17 21:44:03 +0000 2014,@ScottPorter @Zap2it voted :-)
445645341942370300,Mon Mar 17 19:38:23 +0000 2014,@M5Hands @Revenguence @EmilyVanCamp @Revenge hiding???...but you can see/hear everything...sssstttt...don`t move...don`t breath...be still!!
445640276028428300,Mon Mar 17 19:18:16 +0000 2014,@RevengeUpdates @M5Hands @Nick_Wechsler I totally agree :-)
445325341264191500,Sun Mar 16 22:26:49 +0000 2014,@SimmoneJM wow......soooooo cute !!!
445321935942328300,Sun Mar 16 22:13:17 +0000 2014,@Shanzington @Gabriel_Mann @karterhol @christabrittany @smashleybell nice......very......colorful...:-P
445319104757760000,Sun Mar 16 22:02:02 +0000 2014,@SimmoneJM she`s having fun...:-P
445188111413575700,Sun Mar 16 13:21:31 +0000 2014,@SimmoneJM cheers......enjoy......family :-)
445187463888515100,Sun Mar 16 13:18:57 +0000 2014,@NaylorZoe congrats!!!
445186217341374460,Sun Mar 16 13:14:00 +0000 2014,@SimmoneJM have fun...
444627091666264060,Sat Mar 15 00:12:14 +0000 2014,@SimmoneJM what a beautiful view......enjoy.....laugh......have fun......family :-)
443879824491552800,Wed Mar 12 22:42:51 +0000 2014,@Net5_nl Yep Hart of Dixie is "hot"............................ben benieuwd wanneer de andere top serie #Revenge er weer opkomt....:-P
443176336375701500,Tue Mar 11 00:07:27 +0000 2014,@SimmoneJM enjoy....have fun.....Dad's Bdays :-)
442776962525052900,Sun Mar 09 21:40:28 +0000 2014,@SimmoneJM enjoy your day :-)
441165298692259840,Wed Mar 05 10:56:18 +0000 2014,@Nick_Wechsler well,don't wear black jackets......throw them away......and have fun :-*
441139694869696500,Wed Mar 05 09:14:33 +0000 2014,@NoellaDeryckere I like coffee too.....but I drink lot's of cappuccino.....especially extra large !!!
441134688707837950,Wed Mar 05 08:54:40 +0000 2014,@NoellaDeryckere I have another cappuccino :-)
440955930142720000,Tue Mar 04 21:04:20 +0000 2014,@lynnjansenx welterusten....
440955626504478700,Tue Mar 04 21:03:08 +0000 2014,@karterhol @Gabriel_Mann @christabrittany Happy Bday Josh...:-*
440434653611458560,Mon Mar 03 10:32:58 +0000 2014,@Net5_nl gefeliciteerd :-)
439694655429836800,Sat Mar 01 09:32:29 +0000 2014,@MonjasSieraden gefeliciteerd :-)
439157067459604500,Thu Feb 27 21:56:18 +0000 2014,@bertuswessels @CDATwenterand goed bezig :-)
439156206721335300,Thu Feb 27 21:52:53 +0000 2014,@karterhol @BarrySloane Happy face.......euh.......smile!!!!!!
439154238879723500,Thu Feb 27 21:45:04 +0000 2014,@SimmoneJM good evening..........:-* http://t.co/0fdMgwwvx0
438397672115167200,Tue Feb 25 19:38:44 +0000 2014,@NoellaDeryckere well I live in a small town too.....
438395442402172900,Tue Feb 25 19:29:53 +0000 2014,@NoellaDeryckere net als deze......just like this...:-) http://t.co/jhcxhM8aPC
438391406420561900,Tue Feb 25 19:13:50 +0000 2014,@NoellaDeryckere that`s so true !!!
437389568338579460,Sun Feb 23 00:52:54 +0000 2014,@christabrittany @RevengeLovers cutie :-!
437317177906327550,Sat Feb 22 20:05:14 +0000 2014,@NoellaDeryckere @karterhol @Nick_Wechsler @karinevanasse @Gabriel_Mann .....with many romantic hot sexy love scene....they deserve some..
437316254630940700,Sat Feb 22 20:01:34 +0000 2014,@NoellaDeryckere @karterhol @Nick_Wechsler @karinevanasse @Gabriel_Mann Let us hope that Ted@karterhol a hell of a storyline writes....
437298691305926660,Sat Feb 22 18:51:47 +0000 2014,@NoellaDeryckere it`s an addiction...:-)
437297768273809400,Sat Feb 22 18:48:07 +0000 2014,@NoellaDeryckere @karterhol @Nick_Wechsler @karinevanasse @Gabriel_Mann First Love........their chemistry.......#TeamJemily......
437293510417743900,Sat Feb 22 18:31:12 +0000 2014,@NoellaDeryckere @karterhol @Nick_Wechsler @karinevanasse @Gabriel_Mann ...or cannot forget Emily !!!
437277065306705900,Sat Feb 22 17:25:51 +0000 2014,@karterhol @NoellaDeryckere @Nick_Wechsler @karinevanasse @Gabriel_Mann He`s sad..........I`m coming...............to cuddle.....:-*
437156628656562200,Sat Feb 22 09:27:16 +0000 2014,@SimmoneJM enjoy.....have fun :-)
435777889439871000,Tue Feb 18 14:08:39 +0000 2014,@Nick_Wechsler @tal_lev Yes,it`s true.....:-*
434875519897993200,Sun Feb 16 02:22:58 +0000 2014,@dressesonly als ik er straks aan denk,zal ik er 1 overdag maken. Lijkt me handiger en duidelijker :-)
434875027906117600,Sun Feb 16 02:21:00 +0000 2014,@dressesonly http://t.co/XxAATVbPKJ
434433255002374140,Fri Feb 14 21:05:34 +0000 2014,@SJP Happy V~day........ http://t.co/Uml89cnDqJ
434428118598971400,Fri Feb 14 20:45:09 +0000 2014,@SimmoneJM  Good morning....enjoy.....laugh......have fun...:-)
434424158693642240,Fri Feb 14 20:29:25 +0000 2014,@Jemily_revenge   ..................:-* http://t.co/Uu32Xjkvi3
434423607037788160,Fri Feb 14 20:27:13 +0000 2014,HAPPY V~DAY............:-* http://t.co/EuSf1DFvhp
434421001695531000,Fri Feb 14 20:16:52 +0000 2014,@dressesonly zal ik doen.....
434383691968938000,Fri Feb 14 17:48:37 +0000 2014,@dressesonly vanmiddag jurk&amp;poncho ontvangen. #ikweetwiemorgendeshowsteelt :-)
434382380795981800,Fri Feb 14 17:43:24 +0000 2014,@Revenge Happy V~day....... http://t.co/GY2CoSsWGR
433585740476588000,Wed Feb 12 12:57:50 +0000 2014,@BeaglesOnTheWeb Happy Bday Tinker...............paw Taz :-) http://t.co/eVOuaQdeVp
433515254367387650,Wed Feb 12 08:17:45 +0000 2014,@SimmoneJM fun.....happy.......dogs :-)
432251392942936060,Sat Feb 08 20:35:37 +0000 2014,@SimmoneJM Amazing.......You too......:-)
431222366052831200,Thu Feb 06 00:26:38 +0000 2014,@RevengeWriters This guy.....#TeamJack(teamjemily)....my fav :-*
429998088766619650,Sun Feb 02 15:21:48 +0000 2014,@bertuswessels  geen van beide ooit gedaan,eens moet de 1ste x zijn :-)
429989030022103040,Sun Feb 02 14:45:48 +0000 2014,@bertuswessels kan ik me ook opgeven voor één ritje :-)
429905928297938940,Sun Feb 02 09:15:35 +0000 2014,@SimmoneJM Amazing....have fun.....walking that gorgeous beach.....:-)
429904146427547650,Sun Feb 02 09:08:30 +0000 2014,@nobelschoenen wauw,prachtig.......geniet lekker van jullie "amazing" avond.....:-)
429781804858748900,Sun Feb 02 01:02:21 +0000 2014,@Revenguence @RvngeSoundStage @fileisler thanks.....follow :-)
429563691596804100,Sat Feb 01 10:35:39 +0000 2014,"@KeepCaImTweets @InspowerMinds :Pain changes people."#True...
427469830036684800,Sun Jan 26 15:55:24 +0000 2014,@SimmoneJM You look...........amazing.............stunning...!!!
427220598151184400,Sat Jan 25 23:25:02 +0000 2014,@SimmoneJM Happy Australia Day.........enjoy your day with Maddi :-)
426779189921198100,Fri Jan 24 18:11:02 +0000 2014,@RevengersArmy  Enjoy your holiday :-)
426342476841230340,Thu Jan 23 13:15:42 +0000 2014,@Carrie_Br4dshaw @MaryManolos done :-)
426271408873021440,Thu Jan 23 08:33:18 +0000 2014,@Revenguence Happy Bday.........have fun :-)
425405560734122000,Mon Jan 20 23:12:43 +0000 2014,@VanVelzenMusic aha.....Orange Wednesday....Yellow Thursday....Red Friday...Black Saturday.... White Sunday...:-P
425385122507292700,Mon Jan 20 21:51:31 +0000 2014,@SimmoneJM Wow.......that promises a nice day.......I want to swap...;-)
425343836165247000,Mon Jan 20 19:07:27 +0000 2014,@Carrie_Br4dshaw  Almost..........;-)
425332287526694900,Mon Jan 20 18:21:34 +0000 2014,@eatjerkpray @RevengeFanMag Who doesn`t.....:-P
425210432992071700,Mon Jan 20 10:17:21 +0000 2014,@michalabanas @kadegreenland congrats........live,laugh and love...:-)
425207916803932160,Mon Jan 20 10:07:22 +0000 2014,@SimmoneJM Sweet dreams!!!.....I will enjoy my day...:-P
425188476179726340,Mon Jan 20 08:50:07 +0000 2014,@lynnjansenx Zoë is der klaar voor................. niet te streng zijn..... hé :-P
425186687137103900,Mon Jan 20 08:43:00 +0000 2014,@SimmoneJM  nice............but  I`m  not a Spider fan...
425043483637063700,Sun Jan 19 23:13:58 +0000 2014,@NoellaDeryckere @Gabriel_Mann me to....:-P
424686599755268100,Sat Jan 18 23:35:50 +0000 2014,@NoellaDeryckere @RevengeFanMag @Gabriel_Mann which season/episode are you #Revenge. We have break~from August 2013:-( season 2.11
424685317573320700,Sat Jan 18 23:30:44 +0000 2014,@NoellaDeryckere @RevengeFanMag @Gabriel_Mann therefore the question about the language. #The Netherlands # Belgium # neighbours.
424672377843494900,Sat Jan 18 22:39:19 +0000 2014,@NoellaDeryckere @RevengeFanMag @Gabriel_Mann Yep #Revenge #fan en woon in Nederland :-)
424659078754086900,Sat Jan 18 21:46:28 +0000 2014,@NoellaDeryckere @RevengeFanMag @Gabriel_Mann wow........sweet dreams to me :-P
424653208162934800,Sat Jan 18 21:23:09 +0000 2014,@nobelschoenen  have fun......alvast een goede reis.....en veel plezier aan de andere kant v.d aardbol.:-)
424627067557539840,Sat Jan 18 19:39:16 +0000 2014,@Revenguence @EmilyVanCamp @RevengeAgenda @EmilyThorneOrg  done....vote....#emilyvancamp...
424522137815490560,Sat Jan 18 12:42:19 +0000 2014,@SimmoneJM like it.....love it......very beautiful...
424502857879269400,Sat Jan 18 11:25:42 +0000 2014,@EversStaatOp538 beterschap...
424482339214065660,Sat Jan 18 10:04:10 +0000 2014,@nobelschoenen Hoe groot is die koffer......  #pasikerbijin...;-)
424307648591568900,Fri Jan 17 22:30:01 +0000 2014,@Revenguence @Nick_Wechsler @EmilyVanCamp bring back......the "Hot Love"...#Jemily :-)
424291177538789400,Fri Jan 17 21:24:34 +0000 2014,@SimmoneJM  Have fun......enjoy  your weekend :-)
424152138290577400,Fri Jan 17 12:12:04 +0000 2014,@Gabriel_Mann @Revenge @Nick_Wechsler  I want to know,what`s going on..........:-*
423573193354666000,Wed Jan 15 21:51:33 +0000 2014,@SimmoneJM morning......have a nice one......enjoy this day......:-)
422532781483515900,Mon Jan 13 00:57:20 +0000 2014,@SimmoneJM so cute.....hope she feels better now...
422472970838503400,Sun Jan 12 20:59:40 +0000 2014,@SimmoneJM Goodmorning.......have a fabulous monday.
421392684407066600,Thu Jan 09 21:26:59 +0000 2014,@RevengeAgenda Victoria has.....fake one...:-P
419973284827246600,Sun Jan 05 23:26:48 +0000 2014,@IlseDeLange You too.....:-!
418884420129796100,Thu Jan 02 23:20:02 +0000 2014,@SimmoneJM @RachaelCarpani @michalabanas Have fun......and ladies behave :-P
418488035693850600,Wed Jan 01 21:04:57 +0000 2014,@SimmoneJM amazing....
418487635074883600,Wed Jan 01 21:03:21 +0000 2014,@SimmoneJM dog~love....that is forever...
418486502562476000,Wed Jan 01 20:58:51 +0000 2014,@SimmoneJM so cute.....see the love....rip Kala.....never forget...
418336295237484540,Wed Jan 01 11:01:59 +0000 2014,@SimmoneJM @RachaelCarpani @michalabanas Have fun girls....
418332225688862700,Wed Jan 01 10:45:49 +0000 2014,@ChrisGorham Happy 2014.....enjoy
418203391354220540,Wed Jan 01 02:13:53 +0000 2014,@BarrySloane happy 2014.....that it will be a revengie one......enjoy http://t.co/vz2iymmfjK
418151190984417300,Tue Dec 31 22:46:27 +0000 2013,@RevengeWriters Happy 2014.....that it will be a revengie one....:-*
418148441752346600,Tue Dec 31 22:35:31 +0000 2013,@RevengersArmy Happy 2014.....that it will be a revengie one...@_@
418146371259363300,Tue Dec 31 22:27:18 +0000 2013,@Pink Happy New Year to you 3...:-D
418030464654655500,Tue Dec 31 14:46:44 +0000 2013,@Snoopy Hello 2014...
418030135770894340,Tue Dec 31 14:45:25 +0000 2013,@SimmoneJM Happy 2014...
418028915115163650,Tue Dec 31 14:40:34 +0000 2013,@weheartit Hello January...:-)
417964083443683300,Tue Dec 31 10:22:57 +0000 2013,@SimmoneJM Have fun....enjoy the sparks...:-P
417859425840668700,Tue Dec 31 03:27:05 +0000 2013,@Snoopy dream....sleep....dream...sleep.....dream.... http://t.co/TWWJRxobrv
417854905756708860,Tue Dec 31 03:09:07 +0000 2013,@Nick_Wechsler AU @_@
417854531918364700,Tue Dec 31 03:07:38 +0000 2013,@SimmoneJM Happy New Year....have fun....O:-)
417850893988806660,Tue Dec 31 02:53:11 +0000 2013,@Snoopy Happy New  Year.....enjoy.....have fun....
417032450980974600,Sat Dec 28 20:40:59 +0000 2013,@Revenge Jack :-*
415610031057678340,Tue Dec 24 22:28:47 +0000 2013,@SimmoneJM hohoho....Merry X-mas.....enjoy!!!
415606772049907700,Tue Dec 24 22:15:50 +0000 2013,Wish everyone a Merry X-mas and a happy,healthy and ~revengie~ 2014 :-* http://t.co/RppKNXJMsG
415499073098375200,Tue Dec 24 15:07:53 +0000 2013,@revengersfans have fun today!!!
415455337534476300,Tue Dec 24 12:14:05 +0000 2013,@SimmoneJM sweet dreams
415451652205076500,Tue Dec 24 11:59:27 +0000 2013,@SimmoneJM very cozy....Merry X-mas...have fun!!!
415203429150384100,Mon Dec 23 19:33:06 +0000 2013,@RevengeAgenda this one, "jack":-*
414899550743461900,Sun Dec 22 23:25:36 +0000 2013,@christabrittany @smashleybell..cute:-D
414893879436259300,Sun Dec 22 23:03:03 +0000 2013,@EmilyVanCamp Have fun......snowy white Christmas ;-)
414886484471451650,Sun Dec 22 22:33:40 +0000 2013,@SimmoneJM we wish you and your family a Merry Christmas,with great pleasure :-D http://t.co/h22qIkD17v
414586747495141400,Sun Dec 22 02:42:37 +0000 2013,@RevengeFanMag @Revenge @Gabriel_Mann @Nick_Wechsler @EmilyVanCamp @BarrySloane Me Too @_@
413964108766384100,Fri Dec 20 09:28:29 +0000 2013,@Pink Wow :-!
413749076749197300,Thu Dec 19 19:14:01 +0000 2013,@LoveQuotes so true!!!
413591885220184060,Thu Dec 19 08:49:24 +0000 2013,@SimmoneJM hope it goes better soon........usually they hate that thing :-(
413067227634880500,Tue Dec 17 22:04:36 +0000 2013,@revengersfans Thanks the tweets for the updates and videos on YouTube......and everyone tweeting about REVENGE....;-)
413066613769125900,Tue Dec 17 22:02:09 +0000 2013,@revengersfans Lucky one...is time that they broadcast on Dutch TV...we have here from the mid season 2 already break...
412991954537160700,Tue Dec 17 17:05:29 +0000 2013,@revengersfans JACK :-*
412958144932114400,Tue Dec 17 14:51:08 +0000 2013,@revengersfans Jemily.....it's time they get some more romance...:-!
412885189225095200,Tue Dec 17 10:01:14 +0000 2013,@SimmoneJM @Limmrich I should know :-!.........'73 is a very good year...:-*
412882761259941900,Tue Dec 17 09:51:35 +0000 2013,@ReporterPiet Fijne kerstdagen en een super goede jaarwisseling. Tot ergens in 2014 :-P
412212077059928060,Sun Dec 15 13:26:32 +0000 2013,@Notebook So True.......:-\
412029908115021800,Sun Dec 15 01:22:39 +0000 2013,@RevengeAgenda Thank you for sharing your story. I wish you and your family the best...take care...
411961527147978750,Sat Dec 14 20:50:56 +0000 2013,@RevengeAgenda @Dee83x....I thought the same...........We will see tomorrow...!!!
409817565373145100,Sun Dec 08 22:51:36 +0000 2013,@GretchenJBerg...let it snow....let it snow....let it snow....:-!
408639197055295500,Thu Dec 05 16:49:11 +0000 2013,I voted for  for Best Primetime Soap 2013 in http://t.co/nKgoYhZlTb's #BestOf2013! Cast your vote! via @tvdotcom http://t.co/SvKBB9Xet5
408325974435303400,Wed Dec 04 20:04:33 +0000 2013,I voted for  for Best Primetime Soap 2013 in http://t.co/nKgoYhZlTb's #BestOf2013! Cast your vote! via @tvdotcom http://t.co/SvKBB9Xet5
407990448457023500,Tue Dec 03 21:51:17 +0000 2013,@nolcorpJP @EnStars @Gabriel_Mann
407305051724849150,Mon Dec 02 00:27:46 +0000 2013,@Queensland...so cute...
407304099768852500,Mon Dec 02 00:23:59 +0000 2013,@midnight_photos @Queensland @_SunshineCoast @Australia Amazing...
406450996249124860,Fri Nov 29 15:54:03 +0000 2013,@FlTNESSpics @Notebook bring HIM here.....:-*
404999354685333500,Mon Nov 25 15:45:45 +0000 2013,@Vrouwonline_nl wel heel apart :-)
404769381114449900,Mon Nov 25 00:31:55 +0000 2013,@FlTNESS @Notebook love those...you can never have enough shoes...:-!
404768135750123500,Mon Nov 25 00:26:58 +0000 2013,@FlTNESS @Notebook Me too....:-)
404691386173521900,Sun Nov 24 19:21:59 +0000 2013,@Revenge Noooooooooooooooo :-P
404689372211322900,Sun Nov 24 19:13:59 +0000 2013,@IlseDeLange Ladida....
404625316309897200,Sun Nov 24 14:59:27 +0000 2013,@ReporterPiet Nu wel,thanks :-*
404544491862097900,Sun Nov 24 09:38:17 +0000 2013,@SimmoneJM @UberFacts....#Human #Equal... I thank god.....not born....don't live in Russia...
403636768505102340,Thu Nov 21 21:31:19 +0000 2013,@SimmoneJM 3 cuties......have a amazing  day....;-)
403307034902155260,Wed Nov 20 23:41:04 +0000 2013,@NaylorZoe  Enjoy.....smile.....laugh.....have fun...:-D
402782240762888200,Tue Nov 19 12:55:44 +0000 2013,@Earth_Pics  Wow......amazing...
402727969330040800,Tue Nov 19 09:20:04 +0000 2013,@ReporterPiet  zit lekker "warm" bij de kachel @_@
402558066333597700,Mon Nov 18 22:04:56 +0000 2013,@SimmoneJM :-(
402516289375445000,Mon Nov 18 19:18:56 +0000 2013,@SimmoneJM  Good morning sunshine......O:-)
401850289839677440,Sat Nov 16 23:12:29 +0000 2013,@SlimmeBoefjes Mijn kids zijn de baby kleding al uitgegroeid :-D
401654673377333250,Sat Nov 16 10:15:11 +0000 2013,@jochemmyjer zie ginds zie ik jochem,hij roept mij reeds toe,als ik lief ben krijg ik een cadeautje en anders de roe @_@
401652087370833900,Sat Nov 16 10:04:54 +0000 2013,@SimmoneJM  Have a safe trip home....thanks for the amazing pics O:-)
401312795419230200,Fri Nov 15 11:36:41 +0000 2013,@Nick_Wechsler @RevengeUpdates @Revenge @DaMan_Magazine @Prestige_Mag.....piano....handsome......one hell of a pic....:-!..#icanhearthemusic
400370975138922500,Tue Nov 12 21:14:13 +0000 2013,@Hippetraktaties @DeZwartepiet nog een paar daagjes........de schoen weer zetten.......:-X
400344381716439040,Tue Nov 12 19:28:33 +0000 2013,@SimmoneJM Enjoy....the day.....have fun....O:-)
400338404522852350,Tue Nov 12 19:04:48 +0000 2013,@DeZwartepiet @Hippetraktaties natuurlijk hebben wij om 6 uur weer gekeken ;-)
400025564624330750,Mon Nov 11 22:21:41 +0000 2013,@EmilyVanCamp Lots of girl talk,have fun...:-P
399973348895387650,Mon Nov 11 18:54:12 +0000 2013,@ABC_Publicity @AaronHarberts @christabrittany Happy Bday  O:-)
399961895110971400,Mon Nov 11 18:08:41 +0000 2013,@ReporterPiet @Hippetraktaties Natuurlijk,hebben we gekeken :-)
399846054688215040,Mon Nov 11 10:28:22 +0000 2013,@Nick_Wechsler @Revenge.....Hope Not........:-!
399835441928896500,Mon Nov 11 09:46:12 +0000 2013,@Hippetraktaties sterkte :-(
399677222254297100,Sun Nov 10 23:17:30 +0000 2013,@revengersammy......woof......:-!
399673759877300200,Sun Nov 10 23:03:44 +0000 2013,@SimmoneJM  Wow,very nice......love it...:-)
399628806723756000,Sun Nov 10 20:05:06 +0000 2013,@revengersammy  that's strange.......because you're tweeting.....Woof....:-!
399625638120001540,Sun Nov 10 19:52:31 +0000 2013,@revengersammy Noooooooo.......next time we go together........  .Woof........:-*
399532402928005100,Sun Nov 10 13:42:02 +0000 2013,@revengersammy  Taz love it :-D http://t.co/4fb8dGqcKu
399343550544236540,Sun Nov 10 01:11:36 +0000 2013,@SimmoneJM  Stay safe...
399292462453514240,Sat Nov 09 21:48:36 +0000 2013,@CutlerCM @fan_revenge @revengersfans me too @_@
398079790345097200,Wed Nov 06 13:29:52 +0000 2013,@revengersammy  Thanks woof :-*
397836062506385400,Tue Nov 05 21:21:23 +0000 2013,@SimmoneJM @RachaelCarpani welcome to the tweets :-*
397831937462915100,Tue Nov 05 21:04:59 +0000 2013,@Snoopy  :-*
397291192029040640,Mon Nov 04 09:16:16 +0000 2013,@SimmoneJM Wow,beautiful. Have fun O:-)
397290122934513660,Mon Nov 04 09:12:01 +0000 2013,@Nick_Wechsler Good morning  :-*
396443934882541600,Sat Nov 02 01:09:34 +0000 2013,@revengersammy  It's  my Bday  too day......so if you take a really long walk,swim or a plane...because I live in the Netherlands..woof :-*
395687642857480200,Wed Oct 30 23:04:20 +0000 2013,@SimmoneJM  I wish you &amp; Madi a safe flight  and a very amazing holiday. Aloha B-)
395331878477381600,Tue Oct 29 23:30:39 +0000 2013,@revengersammy http://t.co/kVUApwupJS
395326640940912640,Tue Oct 29 23:09:50 +0000 2013,@revengersammy  Taz is nobody nightmare........ she is very spoiled en loveable  :-*  Woof!!!
394607379163389950,Sun Oct 27 23:31:45 +0000 2013,@revengersammy  goodnight woof Taz http://t.co/6pvyHMLJU1
393665146281021440,Fri Oct 25 09:07:39 +0000 2013,@IlseDeLange  topper de top,super mega verdiend :-D
393661390688641000,Fri Oct 25 08:52:44 +0000 2013,@SimmoneJM  love it B-)
393484805465456640,Thu Oct 24 21:11:02 +0000 2013,@SimmoneJM  Cutie :-D
393448234347397100,Thu Oct 24 18:45:43 +0000 2013,@Carrie_Br4dshaw  cheers @_@
393447874601959400,Thu Oct 24 18:44:17 +0000 2013,@RevengeWriters ………jack………:-*
393350602719514600,Thu Oct 24 12:17:46 +0000 2013,@TypoOfLove @Carrie_Br4dshaw love it :-*
393350097335234560,Thu Oct 24 12:15:45 +0000 2013,@IlseDeLange  Have fun :-D
393176391380127740,Thu Oct 24 00:45:31 +0000 2013,@NaylorZoe  Hope  Loki  get's better soon:-*. Hope you and youre family are safe.....
392721965670477800,Tue Oct 22 18:39:47 +0000 2013,@RevengeWriters   Ems&amp;Jack :-*
392197532744683500,Mon Oct 21 07:55:53 +0000 2013,@NaylorZoe  :-*
392197137976799200,Mon Oct 21 07:54:19 +0000 2013,@NaylorZoe  so glad they   are home. I hope everyone stay safe
392010654967951360,Sun Oct 20 19:33:18 +0000 2013,@Snoopy  Beagle Hugs :-*
391667541019750400,Sat Oct 19 20:49:53 +0000 2013,@NaylorZoe  that is great news, you are safe now :-D
391598560476925950,Sat Oct 19 16:15:47 +0000 2013,@Earth_Pics   so cute :-*
391513426411135000,Sat Oct 19 10:37:29 +0000 2013,@NaylorZoe  Glad to hear you are safe
390898856751542300,Thu Oct 17 17:55:24 +0000 2013,@Earth_Pics  Cutie ;-)
390459190348877800,Wed Oct 16 12:48:20 +0000 2013,@SimmoneJM  Count me in ;-)
