id,created_at,text
1257708414714683400,Tue May 05 16:27:07 +0000 2020,RT @TKRiders: Home-grown 🇹🇹 talent 💪🏾  Presenting to you the Caribbean players we are retaining for @CPL 2020 ♥️  @KieronPollard55 @DJBravo…
1250877407529222100,Thu Apr 16 20:03:08 +0000 2020,https://t.co/EufisisL69
1250877320241598500,Thu Apr 16 20:02:47 +0000 2020,The work continues! #StayHome #StaySafe #StayActive https://t.co/fE84jg3Oge
1248663812313690000,Fri Apr 10 17:27:06 +0000 2020,The work must go on! #StayHome #StaySafe #KeepActive https://t.co/drQ6rfGcgH
1247713875665006600,Wed Apr 08 02:32:24 +0000 2020,Stay Home, Stay Safe, Stay Active and Spend Time with Love Ones!!! https://t.co/eJnV7s1NPx
1244794725988733000,Tue Mar 31 01:12:44 +0000 2020,RT @ICC: West Indies needed 73 runs from the last six overs against India #OnThisDay in 2016, in order to secure a spot in the #T20WorldCup…
1241692564820037600,Sun Mar 22 11:45:51 +0000 2020,RT @mipaltan: #Throwback to the time when @54simmo pulled off the perfect prank 😂😝  Can you guess which year is this? 🤔   #OneFamily https:…
1240290977161625600,Wed Mar 18 14:56:27 +0000 2020,https://t.co/pqKcruqODN
1236001400922034200,Fri Mar 06 18:51:12 +0000 2020,Good Job Guys!! #MenInMaroon https://t.co/eRGer3cqdj
1235265009439166500,Wed Mar 04 18:05:03 +0000 2020,Good Team Victory!! 🤗🤗 https://t.co/7F1hh6vvxv
1234952418745561000,Tue Mar 03 21:22:55 +0000 2020,Putting in the WORK!! #MenInMaroon https://t.co/zAew0AUseE
1221102267371344000,Sat Jan 25 16:07:22 +0000 2020,Thank You https://t.co/318ScIwmY2
1221102072554315800,Sat Jan 25 16:06:35 +0000 2020,RT @TKRiders: Best wishes to our Trini boy, @54simmo on his special day! 🎂🎈  #HappyBirthday #TKR https://t.co/bJc7Rp1bBz
1221101881642115000,Sat Jan 25 16:05:50 +0000 2020,@daniel86cricket Thanks
1221101619997225000,Sat Jan 25 16:04:47 +0000 2020,Thank You https://t.co/yYhw3djROe
1219243725999759400,Mon Jan 20 13:02:11 +0000 2020,RT @Cricketracker: .@54simmo shines with the bat in the third T20I vs Ireland. #WIvIRE https://t.co/CZ9eYj7du2
1219243711298777000,Mon Jan 20 13:02:07 +0000 2020,RT @lahoreqalandars: An eye-catching knock by @54simmo smashing an unbeaten 91* off 40 balls against Ireland nailing 10 sixes and 5 fours!…
1219083466073084000,Mon Jan 20 02:25:22 +0000 2020,😇😇 https://t.co/kS12NIePzC
1219072458160066600,Mon Jan 20 01:41:37 +0000 2020,RT @windiescricket: #WIvIRE Powered by the initials of each member of his family!❤  How good was the Sandals Resorts Man of the Match tonig…
1219072414690267100,Mon Jan 20 01:41:27 +0000 2020,RT @CPL: A career best performance from @54simmo sees West Indies home. Batted Simmo! #WIvIRE https://t.co/OMr33ljhO4
1203822583046705200,Sun Dec 08 23:44:04 +0000 2019,RT @windiescricket: 🔊🔊 "I didnt get the start that I wanted but eventually I got a chance and I made use of it" 🇮🇳 v 🌴 - @54simmo on his Ma…
1203738796073857000,Sun Dec 08 18:11:08 +0000 2019,RT @windiescricket: Home away from home for Lendl! Scores his 2nd half-century against his favourite opponents (6th overall). He now passes…
1203738744655880200,Sun Dec 08 18:10:55 +0000 2019,🙌🙌 https://t.co/I8dn8cXiIe
1202742396091424800,Fri Dec 06 00:11:47 +0000 2019,https://t.co/JvpoXrJerE
1186998890932912000,Wed Oct 23 13:32:43 +0000 2019,https://t.co/8PmcDxAFWF
1184545913638924300,Wed Oct 16 19:05:28 +0000 2019,Good to be back! https://t.co/LkPaAHZFI8
1184466592685527000,Wed Oct 16 13:50:16 +0000 2019,https://t.co/KlKX5oi0gY
1184198801432764400,Tue Oct 15 20:06:10 +0000 2019,Excited to be back to continue my Boyhood Dream!! #ManInMaroon https://t.co/MlputetnVg
1182297043609559000,Thu Oct 10 14:09:15 +0000 2019,🤗🤗 https://t.co/jo7GF8EZL4
1180949965176213500,Sun Oct 06 20:56:27 +0000 2019,On to the Next Game! #Gateful https://t.co/eDqiJKRKO0
1174805826441306000,Thu Sep 19 22:01:50 +0000 2019,A Relaxing Day Today! https://t.co/JnzJvJhWdL
1174185371325862000,Wed Sep 18 04:56:22 +0000 2019,https://t.co/hrpfitRXcV
1174175924104904700,Wed Sep 18 04:18:50 +0000 2019,RT @TKRiders: Take a bow 🙌 Lendl Simmons  #SKPvTKR #LandOfChampions #CPL19 #PlayFightWinRepeat https://t.co/B9F8mELRQ4
1174165609476698000,Wed Sep 18 03:37:50 +0000 2019,RT @VenkyMysore: Congrats @sknpatriots on a fine win. Great entertainment. Tough luck @TKRiders. 432 runs and a tie means it could have gon…
1172894096068886500,Sat Sep 14 15:25:18 +0000 2019,Grateful! https://t.co/9DRNPTzO28
1171441741787852800,Tue Sep 10 15:14:10 +0000 2019,@windiescricket Thanks
1171441671692669000,Tue Sep 10 15:13:53 +0000 2019,RT @CPL: Lendl Simmons with his spectacular innings takes the crown for Play of the day #Playoftheday #CPL19 #Cricketplayedlouder https://t…
1171423180952465400,Tue Sep 10 14:00:24 +0000 2019,RT @TKRiders: First 5⃣0⃣ for his home-franchise in the #LandOfChampions 🇹🇹 What a show put up by Homeboy @54simmo vs #SLZ 🔥  #TKRvSLZ #Land…
1171055676937920500,Mon Sep 09 13:40:05 +0000 2019,😇🤗 https://t.co/xvLDaPtEi2
1170896684588634000,Mon Sep 09 03:08:18 +0000 2019,RT @TKRiders: First season at #TKR ❤ and he comes up with a Man Of The Match performance in only his 3rd game🏆  📹 @54simmo aced #TKRvSLZ 🇹🇹…
1170803568900804600,Sun Sep 08 20:58:17 +0000 2019,🤗😇🇹🇹 https://t.co/tPbkYrSBzT
1170803276750741500,Sun Sep 08 20:57:08 +0000 2019,RT @TKRiders: .@54simmo reaches his 5⃣0⃣ in style!🙌 A sheer display of POWER! 💪  #TKRvSLZ #LandOfChampions #CPL19 #PlayFightWinRepeat https…
1170803204248019000,Sun Sep 08 20:56:51 +0000 2019,@Mick_ayla Thanks!
1168937863779618800,Tue Sep 03 17:24:39 +0000 2019,https://t.co/kVDY78e7l3
1167778809862639600,Sat Aug 31 12:38:59 +0000 2019,RT @TKRiders: Drumroll 🥁  One more homeboy will be joining us in the #LandOfChampions 🇹🇹  @54simmo  comes in for @manuz05, who misses out o…
1158514057403654100,Mon Aug 05 23:04:10 +0000 2019,RT @GT20Canada: Take a look at the top 5 run-scorers after the end of round 1.   @henrygayle @lynny50 #ChadwickWalton @54simmo @jpduminy21…
1155659450046386200,Mon Jul 29 02:00:58 +0000 2019,RT @GT20Canada: That's a 25-ball 50 for @54simmo!   Four fours. Five sixes.   He's in some form here  @BramptonWolves 83/2 in 8 overs  @edm…
1155659422204665900,Mon Jul 29 02:00:52 +0000 2019,RT @GT20Canada: 3rd fifty of the day! Well played @54simmo #GT2019 #BWvsER https://t.co/h7fnMQy1oK
1155659368442007600,Mon Jul 29 02:00:39 +0000 2019,RT @GeorgeMunsey: Another great win for the @BramptonWolves in the @GT20Canada !! Unreal batting from @SAfridiOfficial and @54simmo !!!! Cl…
1110900297952608300,Wed Mar 27 13:44:05 +0000 2019,Fatty you hear that. https://t.co/w4FmjCNJs7
1100822931452710900,Wed Feb 27 18:20:13 +0000 2019,RT @thePSLt20: T20 star from Windies @54simmo reaches UAE to join the #HBLPSL 2019 action for @PeshawarZalmi  #KhelDeewanoKa https://t.co/I…
1100559663270166500,Wed Feb 27 00:54:05 +0000 2019,RT @PeshawarZalmi: We welcome @tmills15 &amp; @54simmo into the @PeshawarZalmi family as they come in to replace @CJordan &amp; @dmalan29 respectiv…
1092746180432257000,Tue Feb 05 11:26:06 +0000 2019,Simmons returns for the Barbados contest https://t.co/pcPGLSxGOM
1092742635985473500,Tue Feb 05 11:12:01 +0000 2019,Simmons ‘happy’ to make Red Force return https://t.co/PekU8aoPKO
1088878748240363500,Fri Jan 25 19:18:18 +0000 2019,Fresh Start on my Birthday... #Grateful https://t.co/RmVOJHD9rG
1088868732456394800,Fri Jan 25 18:38:30 +0000 2019,RT @ICC: Happy birthday to @54simmo!  He came into the Windies squad at WT20 2016 late as an injury replacement and made his mark with a ma…
1088780954183848000,Fri Jan 25 12:49:42 +0000 2019,RT @nwarriorst10: Silent in his demeanor, but he lets his 🏏 do all the talking  Happy Birthday @54simmo  #WeAreWarriors https://t.co/qhAHX7…
1088656706538782700,Fri Jan 25 04:35:59 +0000 2019,RT @mipaltan: 2015 🏆 2017 🏆  🎂 Happy birthday to a two-time @IPL winner with us, @54simmo 🏝🌟  #CricketMeriJaan https://t.co/hG533wc2L0
1078856518378897400,Sat Dec 29 03:33:32 +0000 2018,RT @darensammy88: Good old days @54simmo https://t.co/xfyNyVtRJc
1078856486003068900,Sat Dec 29 03:33:25 +0000 2018,Golden https://t.co/2Wg3CcyaYr
1069396305213104100,Mon Dec 03 01:02:02 +0000 2018,Feels good to be a Champion of the @T10League... Job Well Done @nwarriorst10! https://t.co/fVsTCyi5UD
1069368786074169300,Sun Dec 02 23:12:41 +0000 2018,RT @T10League: .@54simmo and @nicholas_47 scored 107 against @PunjabiLegends_ in just 6.5 overs 😱  #T10League https://t.co/whyLgqQyLI
1068943823974383600,Sat Dec 01 19:04:02 +0000 2018,RT @T10League: They had one bad match, but bounced back in style! That's @nwarriorst10 for you! 😎 #T10League https://t.co/pS5DpgZEQF
1067497192599027700,Tue Nov 27 19:15:38 +0000 2018,RT @nwarriorst10: A thrilling encounter, and the Warriors cross the finish line at the very last ball 🏁   This is how the batting scorecard…
1066763874731524100,Sun Nov 25 18:41:41 +0000 2018,RT @T10League: On his day the big-hitting and consistent, @54simmo can demolish any bowling attack. Will he do it today?  #T10League https:…
1066032257075478500,Fri Nov 23 18:14:30 +0000 2018,RT @BarnabyRead: 1️⃣8️⃣3️⃣➖2️⃣ 1️⃣9️⃣ ✖️ 6️⃣ 1️⃣0️⃣ ✖️ 4️⃣ 3️⃣6️⃣ (3️⃣1️⃣) @54simmo 7️⃣7️⃣ (2️⃣5️⃣) Nicholas Pooran 3️⃣8️⃣ (9️⃣) @Russell12…
1064498474136346600,Mon Nov 19 12:39:48 +0000 2018,RT @nwarriorst10: We got one of the most explosive batsman in the shorter format of the game @54simmo in our team and we're raring to see h…
1063448373959802900,Fri Nov 16 15:07:04 +0000 2018,Season 2 of the @T10League is just around the corner, and this glorious anthem by @MikaSingh has shown our intent w… https://t.co/rynz4NaFcG
1053080028668411900,Fri Oct 19 00:26:58 +0000 2018,Lets Support Keshorn Walcott on this venture... https://t.co/506qx9RxXM
1052886074488438800,Thu Oct 18 11:36:16 +0000 2018,Red Force earn semis spot https://t.co/MiMx9bbeRO
1051881105970909200,Mon Oct 15 17:02:53 +0000 2018,#RedForce2018 #Super50 https://t.co/jtENAeKmxs
1051880150747504600,Mon Oct 15 16:59:05 +0000 2018,Always feels good to be in the Red, White and Black... #RedForce #Super50
1051844300806459400,Mon Oct 15 14:36:38 +0000 2018,Can't wait to join the @nwarriorst10 and do battle in the T10 League... https://t.co/QaH9bQsYAO
1033380714971058200,Sat Aug 25 15:48:56 +0000 2018,https://t.co/AFzShoFS2G
1029458128469938200,Tue Aug 14 20:01:58 +0000 2018,Ready to Go!! #Stars https://t.co/jJIgVS25ZN
1028655060685926400,Sun Aug 12 14:50:52 +0000 2018,https://t.co/jQZ0xgQGqx
1026136457440911400,Sun Aug 05 16:02:50 +0000 2018,Simmons starting new chapter with Stars - Trinidad and Tobago Newsday https://t.co/xFW3BVZzSh
1025384488728232000,Fri Aug 03 14:14:47 +0000 2018,RT @StLuciaStars: @StLuciaStars has got one of the most explosive batsmen of his generation. who are we talking about #Lucians? Presenting…
1021433696488968200,Mon Jul 23 16:35:45 +0000 2018,RT @GT20Canada: #GT20Canada team of the tournament 2018. #6sInThe6ix @54simmo @BigCall13 @benmcdermott100 @Russell12A @Rassie72 @bachaji23…
1018855518482419700,Mon Jul 16 13:50:59 +0000 2018,RT @Qaisar_Abbas19: @54simmo Is The Man Of The Tournament in @GT20Canada 2018. #GT20Canada https://t.co/7cNjQabtkR
1011836035737800700,Wed Jun 27 04:58:04 +0000 2018,https://t.co/jQgGiVTovw
1011667708734144500,Tue Jun 26 17:49:12 +0000 2018,https://t.co/7kBznW8N1P
994938654509420500,Fri May 11 13:53:54 +0000 2018,https://t.co/O1SDr36OtI
980929928702111700,Mon Apr 02 22:08:14 +0000 2018,@darensammy88 Hahahahaha
971738026652176400,Thu Mar 08 13:22:54 +0000 2018,Happy Woman's Day 2018 https://t.co/i6a8kcyakZ
969676292491763700,Fri Mar 02 20:50:18 +0000 2018,Putting in the hard work!!! https://t.co/CERcXwrrej
969233012301926400,Thu Mar 01 15:28:52 +0000 2018,RT @StLuciaStars: Welcoming Lendl Simmons to St. Lucia Stars family! #StLuciaStars squad for #CPL18 #CPLDraft @54simmo https://t.co/mmyCDK2…
966420719562362900,Wed Feb 21 21:13:49 +0000 2018,RT @thePSLt20: The T20 star @54simmo  has arrived to make his #HBLPSL comeback.  #DilSeJaanLagaDe https://t.co/V6cKwEO7ZZ
963737144568229900,Wed Feb 14 11:30:15 +0000 2018,https://t.co/vQzDs3iUmx
961780575244865500,Fri Feb 09 01:55:32 +0000 2018,https://t.co/6I9bTCXxKl
961690899691556900,Thu Feb 08 19:59:12 +0000 2018,RT @54simmo: Bungling selectors - Trinidad and Tobago Newsday https://t.co/7zOiHauOSP
961633917399953400,Thu Feb 08 16:12:46 +0000 2018,Bungling selectors - Trinidad and Tobago Newsday https://t.co/7zOiHauOSP
960870559125995500,Tue Feb 06 13:39:28 +0000 2018,Putting in the work!! https://t.co/FxjiDSAAFa
956940051409236000,Fri Jan 26 17:21:01 +0000 2018,RT @SherdonPierre: Pollard creates history — First to play 400 T20s - Trinidad and Tobago Newsday https://t.co/afvGthBANx
956775405737992200,Fri Jan 26 06:26:47 +0000 2018,RT @KieronPollard55: Happy bday Tom aka @54simmo .. the architect .. turning 13 today 😂😂 33 .. sorry .. Rembr when u was 18 .. lol https://…
956714589869301800,Fri Jan 26 02:25:07 +0000 2018,Congratulations Keagan Simmons on your innings of 166 runs, being only the third WI Cricketer to have two U19 ODIs… https://t.co/591vYvaCYz
956577104384098300,Thu Jan 25 17:18:48 +0000 2018,Grateful to see another year... #33 Thanks for all the best wishes
945632486100529200,Tue Dec 26 12:28:48 +0000 2017,Merry Christmas to all!!!
943435216504356900,Wed Dec 20 10:57:38 +0000 2017,https://t.co/cJrbwmEo3P
942878583055441900,Mon Dec 18 22:05:46 +0000 2017,Enjoying Dubai!!
935497473182851100,Tue Nov 28 13:15:52 +0000 2017,https://t.co/Q8NFrmIAPB
935006687106404400,Mon Nov 27 04:45:40 +0000 2017,https://t.co/4Pp5Xm4S9b
933574219052576800,Thu Nov 23 05:53:33 +0000 2017,Look forward to playing for my team @marathaarabians at the @T10league from 14th to 17th December at the Sharjah... https://t.co/dNCglwC99n
933247980450193400,Wed Nov 22 08:17:12 +0000 2017,Excited to play for @MarathaArabians at the @T10LeagueTweets from 14th to 17th Dec. Support the Marathas! #aalareaala #marathaarabains
930482526371696600,Tue Nov 14 17:08:16 +0000 2017,#BPL2017
929199587335819300,Sat Nov 11 04:10:19 +0000 2017,https://t.co/TqfLQChcNb
927625997247279100,Mon Nov 06 19:57:26 +0000 2017,https://t.co/jcdzFvSSKF
919689129419558900,Sun Oct 15 22:19:10 +0000 2017,https://t.co/xGxJJKGLPN
908357996606083100,Thu Sep 14 15:53:17 +0000 2017,Some pictures from Bravo 47 Party!! https://t.co/tIohTNgztE
907102032905035800,Mon Sep 11 04:42:32 +0000 2017,RT @mipaltan: Not just his batting, @54simmo's acrobatic fielding is also a treat to the 👀   #CricketMeriJaan https://t.co/zbY7m5sGJ8
906767532517982200,Sun Sep 10 06:33:21 +0000 2017,https://t.co/BBYY70PdLY
903704561491349500,Fri Sep 01 19:42:12 +0000 2017,RT @JAMTallawahs: Jamaica, This is Serious Cricket! Tomorrow is the FINAL DAY to support the Tallawahs at Sabina Park! Fawud! #CPL https://…
903698243338502100,Fri Sep 01 19:17:05 +0000 2017,In good hands... Getting prepared!! @JAMTallawahs https://t.co/aUt6y7PqWU
903284848600735700,Thu Aug 31 15:54:24 +0000 2017,Happy 55th Independence Trinidad &amp; Tobago!! https://t.co/qZfldueaan
901977859488710700,Mon Aug 28 01:20:54 +0000 2017,https://t.co/OrjnmAaYE1
901140382997770200,Fri Aug 25 17:53:04 +0000 2017,https://t.co/RwV5UOgcOi
897467780227891200,Tue Aug 15 14:39:27 +0000 2017,Putting in the work together!! @JAMTallawahs https://t.co/kdNPQ5ULLp
896946636659847200,Mon Aug 14 04:08:37 +0000 2017,Well Done!! World 4x400Metres Men's Champions 2017!! #TTO https://t.co/OKu8Gvsvqj
893711709483016200,Sat Aug 05 05:54:10 +0000 2017,https://t.co/THqubcWoUz
892967731988967400,Thu Aug 03 04:37:52 +0000 2017,New Team, New Season, New Mission... @JAMTallawahs #CPL https://t.co/xlKuAN0bym
884607587504861200,Tue Jul 11 02:57:38 +0000 2017,There is no off days as a cricketer...  It's been a while we played together on the same team!! https://t.co/p97bmfLke9
880997238788501500,Sat Jul 01 03:51:24 +0000 2017,https://t.co/zOtblgKQYE
880900100708499500,Fri Jun 30 21:25:24 +0000 2017,https://t.co/e37Gxcxlb2
876497479864397800,Sun Jun 18 17:50:58 +0000 2017,Happy Father's Day to all Fathers!! https://t.co/62YtsxQpvx
876428561984389100,Sun Jun 18 13:17:07 +0000 2017,RT @qmanbad: Barrackpore appreciated your presence. @KieronPollard55 @DMBravo46 @SunilPNarine74 @DJBravo47 @54simmo @nicholas_47 @BritneyCo…
870294234255024100,Thu Jun 01 15:01:29 +0000 2017,Getting in Game Mode! #Wi https://t.co/m4fPlSKWi0
869577607645417500,Tue May 30 15:33:52 +0000 2017,Happy Indian Arrival Day! https://t.co/jUw5HGy1S5
867198343847530500,Wed May 24 01:59:31 +0000 2017,The Champion Trinis!!  @mipaltan #2017 https://t.co/lwjIkH0zyj
867141783674859500,Tue May 23 22:14:46 +0000 2017,RT @JAMTallawahs: Congrats Lendl @54simmo! Keep racking in the #GoldWare 🏆 well done on attaining #Championship in the @IPL! Is this a sign…
866410602452967400,Sun May 21 21:49:19 +0000 2017,Another Trophy won!! #MumbaiIndians #IPL10 #Champions @mipaltan https://t.co/YHWbjnpjAP
866408990758010900,Sun May 21 21:42:55 +0000 2017,RT @mipaltan: "Runs on the board and in the final puts scoreboard pressure." @54simmo   It got too much for RPS in the end. #CricketMeriJaa…
866408977621495800,Sun May 21 21:42:52 +0000 2017,RT @mipaltan: "Everyone delivers for the team, we have a lot of match-winners." @54simmo   And, that is why we are CHAMPIONS! #CricketMeriJ…
866408916325986300,Sun May 21 21:42:37 +0000 2017,RT @mipaltan: Paltan, you can read this over and over again - how we won the #IPLfinal💙💙💙  All here 👉 https://t.co/HCk0vroLD1 #CricketMeriJ…
866408890325487600,Sun May 21 21:42:31 +0000 2017,RT @Coachsim13: Congrats to @mipaltan @KieronPollard55 @54simmo @nicholas_47 #RobinSingh @IPL_2017 #Champions
866408757114359800,Sun May 21 21:41:59 +0000 2017,RT @alokkatyayan913: Congo MI I'm speechless I love u guys U played ur heart out I've tagged everyone of u so I can thank u all Part hard V…
866408711501361200,Sun May 21 21:41:48 +0000 2017,RT @MumbaiLiveNews: Congrats @mipaltan on that emphatic win! The party begins in Mumbai. Here's what happened in the #IPLfinal. https://t.c…
863137718850793500,Fri May 12 21:04:03 +0000 2017,It's always good to be among runs, i wished we could have gotten the win too but that's how it is sometimes!… https://t.co/RI16OTDn5k
862748342803206100,Thu May 11 19:16:48 +0000 2017,RT @NushratBharucha: What a! What a!! WHAT A GAME!!!😮 @Wriddhipops @54simmo @KieronPollard55 @hardikpandya7 👏🏼 &amp; @Martyguptill that unbelie…
861959417805328400,Tue May 09 15:01:54 +0000 2017,https://t.co/IKGQCgNcs0
861538724093546500,Mon May 08 11:10:13 +0000 2017,The Simmons Special – 66 off 43 balls https://t.co/2w6GUEEMWF
861086089808928800,Sun May 07 05:11:36 +0000 2017,RT @mipaltan: All @54simmo needed was his first game to shine, and he did it. He shared some of his strategies: https://t.co/wninnUoOhm  #C…
861028698564284400,Sun May 07 01:23:33 +0000 2017,Kieron Pollard in conversation with Lendl Simmons https://t.co/Qt1Twba9fM
860983266337325000,Sat May 06 22:23:01 +0000 2017,Grateful for the opportunity to play today,  Great partnership with @KieronPollard55 , Great Bowling!… https://t.co/DyOcZI0HJu
858060358434553900,Fri Apr 28 20:48:26 +0000 2017,Preparation... @mipaltan https://t.co/PmtDU4F8zn
852706013467877400,Fri Apr 14 02:12:10 +0000 2017,https://t.co/1F7bXEif7d
852705942726639600,Fri Apr 14 02:11:53 +0000 2017,https://t.co/S32BR9v9gR
852361204999893000,Thu Apr 13 03:22:02 +0000 2017,https://t.co/aQRIVXUOyR
851547883098734600,Mon Apr 10 21:30:10 +0000 2017,The Trini Connections in Mumbai!! #MumbaiIndiansTurn10 @mipaltan  @KieronPollard55  @nicholas_47 https://t.co/rAfT1R8EyV
849968769451642900,Thu Apr 06 12:55:20 +0000 2017,#2017 International Day of Sport for Development and Peace https://t.co/GZY0yNHYU9
849947896254484500,Thu Apr 06 11:32:24 +0000 2017,RT @YESBANK: Watch the magic of @54simmo in today's @IPL match in Pune. Who amongst @RPSupergiants &amp; @mipaltan you think will triumph? #IPL…
849650818445959200,Wed Apr 05 15:51:55 +0000 2017,I posted a new photo to Facebook https://t.co/7psdH9HWvF
849648863246000100,Wed Apr 05 15:44:09 +0000 2017,RT @CPL: SWING!!! Big up to this photo which was nominated for the best Wisden-MCC Photograph of the year! #CPL16 #Cricketplayedlouder #Wis…
849107297473265700,Tue Apr 04 03:52:10 +0000 2017,On this day last year when we created history!! #Champion https://t.co/ky0qG6xyDV
849103627033686000,Tue Apr 04 03:37:34 +0000 2017,RT @CricFit: This Day That Year ! https://t.co/UVKhawxuPY
846457771298033700,Mon Mar 27 20:23:53 +0000 2017,RT @KieronPollard55: In a time when positive is needed in a country best comparison is a cricket score to crime ...!! #11menplayingsports…
846384729020665900,Mon Mar 27 15:33:39 +0000 2017,https://t.co/HxiCKzxk31
845520576328450000,Sat Mar 25 06:19:49 +0000 2017,RT @burad_pujan11: @mipaltan #MIDreamTeam Lendl Simmons. He has been so consistent in his efforts over the past few years. He has been a pi…
845075037476589600,Fri Mar 24 00:49:24 +0000 2017,https://t.co/eCDl9pgJN2
842380993386418200,Thu Mar 16 14:24:14 +0000 2017,Simmons supports Russell - Tallawahs new boy backs embattled Jamaican cricketer https://t.co/Xt9eUU4G8Q
841476334119465000,Tue Mar 14 02:29:26 +0000 2017,RT @JAMTallawahs: Our top pick for the upcoming CPL is Lendl Simmons. He is good against pace and even better against spin @54simmo  #Talla…
841401140180848600,Mon Mar 13 21:30:38 +0000 2017,Congratulations to Imran Khan on capturing his 300th wicket in First Class Cricket!#WellDone @redforcecricket @westindies @WindiesRegional
839478489950584800,Wed Mar 08 14:10:43 +0000 2017,Happy International Women's Day 2017! https://t.co/JIvdX3LBo2
839447058499137500,Wed Mar 08 12:05:49 +0000 2017,https://t.co/iU8vmUxPup
831571250321489900,Tue Feb 14 18:30:10 +0000 2017,Happy Valentine's Day to my Love!! https://t.co/zCJlRLlKVq
830126654924140500,Fri Feb 10 18:49:52 +0000 2017,Getting back there https://t.co/63oBvtAMba
828657690939420700,Mon Feb 06 17:32:43 +0000 2017,My girls and I.... https://t.co/obZuGkObRl
824407430872334300,Thu Jan 26 00:03:42 +0000 2017,RT @KieronPollard55: @54simmo happy earth strong old man jus the other day u was 22😂😂
824279794871337000,Wed Jan 25 15:36:32 +0000 2017,Grateful to see another year! Thanks for all Greetings Everyone!! #32 https://t.co/Gi9dirbJRZ
824278559971754000,Wed Jan 25 15:31:37 +0000 2017,RT @cricketworldcup: Watch @54simmo, who turns 32 today, hit his 2nd ODI century against Ireland at #CWC15! https://t.co/6btjdXJ13V https:/…
824275726086111200,Wed Jan 25 15:20:22 +0000 2017,RT @ICC: WATCH: @54simmo, who celebrates his birthday today, hit a stunning 82* v India in the semi-final of #WT20 in 2016 https://t.co/KDS…
824228278005272600,Wed Jan 25 12:11:49 +0000 2017,RT @ICC: WATCH: @54simmo, who celebrates his birthday today, hit his 2nd ODI century v Ireland at #CWC15 https://t.co/SmbuCiM1si https://t.…
824228228890054700,Wed Jan 25 12:11:37 +0000 2017,RT @TheCriclife: .@54simmo: 10 things to know about the West Indian batsman https://t.co/NQzNwylNPs https://t.co/ZXbTkUclgU
821038895743860700,Mon Jan 16 16:58:21 +0000 2017,Cane Farm SC : UWI- Unicom National T20 Competition Winners!!! https://t.co/7mJGDmJKFY
819602329943023600,Thu Jan 12 17:49:57 +0000 2017,Simmons shares ‘cane’ at UWI-UNICOM T20 Trinidad Newsday Thursday, January 12 2017  Lendl Simmons shared sweet... https://t.co/fTcVMxfniK
819248798060970000,Wed Jan 11 18:25:09 +0000 2017,115 Runs - 11 6s 8 4s 51 Balls https://t.co/eBq7eWg9Zp
816309592535744500,Tue Jan 03 15:45:47 +0000 2017,Wishing Everyone a GREAT 2017!! #Simmo54
810173656894677000,Sat Dec 17 17:23:46 +0000 2016,RT @ICC: #OnThisDay Phil Simmons took what remains the most economical spell in ODI history, conceding 3 runs from his 10 overs and taking…
805440712221270000,Sun Dec 04 15:56:44 +0000 2016,Met this Great Human Being!!! #Mumbai https://t.co/REWM5x7ZiS
798612274701332500,Tue Nov 15 19:42:58 +0000 2016,Kevin Molino wins Goal USA's 2016 Comeback Player of the Year award https://t.co/2bL3BvEO2u
795679711208816600,Mon Nov 07 17:30:00 +0000 2016,RT @DJBravo47: All smiles today at training #champion #1 #BPL #DhakaDynamites https://t.co/dPom95hoeW
791008814443139100,Tue Oct 25 20:09:32 +0000 2016,https://t.co/wUElNjYVlF
789523407268253700,Fri Oct 21 17:47:03 +0000 2016,Back at it again... #RoadToRecovery https://t.co/WRGzVhluuB
788747559242125300,Wed Oct 19 14:24:07 +0000 2016,Everything is coming together... #RoadToRecovery https://t.co/Xs3hoYf4qp
788746769530224600,Wed Oct 19 14:20:58 +0000 2016,Everything is coming together!!! #RoadToRecovery https://t.co/zf1VzjyIs4
787747054961487900,Sun Oct 16 20:08:28 +0000 2016,https://t.co/eNik0JaOXA
786553889948635100,Thu Oct 13 13:07:15 +0000 2016,Keep Pushing!!! #RoadToRecovery https://t.co/yuP4uRbbxW
785833607864737800,Tue Oct 11 13:25:06 +0000 2016,Seeing the improvements in the journey to becoming fit again... https://t.co/P9oD7hrApQ
785832923878522900,Tue Oct 11 13:22:23 +0000 2016,Seeing the improvement in the journey to becoming fit again.. https://t.co/wSBlw6HAft
782262871644180500,Sat Oct 01 16:56:16 +0000 2016,Continuing to put in the Hard Work!! #RoadToRecovery https://t.co/MY9L73zrwQ
780846692933390300,Tue Sep 27 19:08:53 +0000 2016,Putting in the work... #RoadToRecovery https://t.co/8FS6Ffjzc9
778728363296825300,Wed Sep 21 22:51:24 +0000 2016,Happy #InternationalPeaceDay 2016, We need more Love and Peace in the world Today!!
777971040521556000,Mon Sep 19 20:42:04 +0000 2016,Getting back to Full Fitness... 👍 https://t.co/TyWSoofFQ8
775761634895724500,Tue Sep 13 18:22:41 +0000 2016,Happy birthday @Rushabhsukhadi1
773184038219620400,Tue Sep 06 15:40:14 +0000 2016,A #Throwback Video of the Soca Warriors as they play against USA 8:15pm Tonight!! https://t.co/U8vWovZTmf
771677676931129300,Fri Sep 02 11:54:29 +0000 2016,Staying Fit!! https://t.co/lhUMrqml9y
771093039208988700,Wed Aug 31 21:11:21 +0000 2016,Happy #54 Trinidad &amp; Tobago... https://t.co/AoKPqHR7ub
770999016540602400,Wed Aug 31 14:57:44 +0000 2016,RT @Coachsim13: Happy Birthday to Our blessed nation and to all #Trinbagonians across the world #54 #SweetT&amp;T
770977514852266000,Wed Aug 31 13:32:18 +0000 2016,Happy #54th Independence Day! https://t.co/u8pI8UQgg4
769515036519784400,Sat Aug 27 12:40:56 +0000 2016,Game Time #WIvsIndia https://t.co/bsR011SpCm
769221440251932700,Fri Aug 26 17:14:17 +0000 2016,Up,Up and Away!!! Good to back in the Maroon! #WIvsIndia https://t.co/LXahgV1hwW
768187219659980800,Tue Aug 23 20:44:40 +0000 2016,Off to Florida..  #WIvsIndia https://t.co/Rgl7wSgIB5
766701354517749800,Fri Aug 19 18:20:22 +0000 2016,https://t.co/T0ioqdDjAp
766099305203589100,Thu Aug 18 02:28:02 +0000 2016,@ESPN_Caribbean @CANOCBroadcast How come you'll didn't show Keshorn Walcott throw? He is the lone Caribbean Athlete in this event? #Crazy
765974855023927300,Wed Aug 17 18:13:31 +0000 2016,https://t.co/dnR3JwBjkn
765900786458964000,Wed Aug 17 13:19:11 +0000 2016,All the best #TeamTTO https://t.co/MW1muEggkZ
765000841811992600,Mon Aug 15 01:43:08 +0000 2016,RT @darrensammy88: #Party47 we are here @djbravo47 @omaribanks11 trininavyboy @54simmo https://t.co/FHyTNxYc0g
764471345216237600,Sat Aug 13 14:39:06 +0000 2016,The schedule for #TeamTTO on Saturday 13th August... https://t.co/zlrL1OmaxV
764147826406359000,Fri Aug 12 17:13:33 +0000 2016,Rolling in GT with my Bredren!! https://t.co/n69VuHiYGo
763887339894472700,Thu Aug 11 23:58:28 +0000 2016,RT @DMBravo46: Party 47,If you miss it,you diss it! @djbravo47 @sscumber @henrygayle https://t.co/iinmTxpYzT
763887339881963500,Thu Aug 11 23:58:28 +0000 2016,The Schedule for Friday 12th... #TeamTTO https://t.co/SFz0HTNWfF
763085825793859600,Tue Aug 09 18:53:32 +0000 2016,https://t.co/CMtfAWyB8F
762686972976660500,Mon Aug 08 16:28:39 +0000 2016,Having a swim with the girls!!! https://t.co/f4WvOxoi97
762107824067506200,Sun Aug 07 02:07:19 +0000 2016,#Rio2016 is HERE!! #TTO
762106435895488500,Sun Aug 07 02:01:48 +0000 2016,https://t.co/SJ2jraequ2
760628515544916000,Wed Aug 03 00:09:04 +0000 2016,RT @SherdonPierre: Pictures of Maestros!!! @54simmo and Molino! https://t.co/vGWbp7dFgS
760597894223147000,Tue Aug 02 22:07:23 +0000 2016,Generals!! Congratulations on your 2 goals over the weekend... https://t.co/R0UOsbWUzd
759860889315004400,Sun Jul 31 21:18:48 +0000 2016,My 2nd 50 https://t.co/lJU6D4OmID
759860793106051100,Sun Jul 31 21:18:25 +0000 2016,RT @CPL: Lendl Simmons with the half-century for the Patriots #CPL16 #TKRvSKN https://t.co/I14kXtfHcs
759078755411238900,Fri Jul 29 17:30:52 +0000 2016,https://t.co/mhS1UX1TnL
758735603491938300,Thu Jul 28 18:47:19 +0000 2016,https://t.co/VB29D2nchp
758297391405465600,Wed Jul 27 13:46:01 +0000 2016,RT @SherdonPierre: Remembering Jason Moon Clark https://t.co/6ovYecUALQ
757284255370125300,Sun Jul 24 18:40:10 +0000 2016,R.I.P. Jason Moon Clark! A TRUE National Sporting Hero... https://t.co/OQ0T3DtvmY
755416529563295700,Tue Jul 19 14:58:30 +0000 2016,Just waiting to face my next ball!!! https://t.co/Lk8Y7I4yDh
751461458509115400,Fri Jul 08 17:02:27 +0000 2016,After a session with my #Patriots Team I'm Guyana!!! https://t.co/a6BDFVbJGI
748648023345881100,Thu Jun 30 22:42:52 +0000 2016,I'm ready for them @CPL @sknpatriots https://t.co/SbsYCZY4bF
748647810665316400,Thu Jun 30 22:42:01 +0000 2016,I'm ready for them!! #CPL #Patriots https://t.co/8M5NAGhuQ8
748592946388168700,Thu Jun 30 19:04:01 +0000 2016,A few old questions, and a new IPL influence https://t.co/V0oWN4t8QZ
747905590484033500,Tue Jun 28 21:32:42 +0000 2016,Happy 2nd Anniversary to my beautiful wife and i! I pray that we see many more https://t.co/SzUbil6UN1
747559327452389400,Mon Jun 27 22:36:47 +0000 2016,Ready for Action... @CPL @sknpatriots https://t.co/sOxLnrmciG
746776293803339800,Sat Jun 25 18:45:17 +0000 2016,RT @irbishi: Well done to @Coachsim13 and his team. Excellent job to reach the final against no's 1 and 3 in the world.👏🏾👏🏾👏🏾👏🏾👏🏾. Keep it…
746764481812848600,Sat Jun 25 17:58:21 +0000 2016,RT @sknpatriots: @54simmo hangs out with Super #stkitts fans today at Cricket Fest https://t.co/5bUUvq93eD
746748940125536300,Sat Jun 25 16:56:35 +0000 2016,#PatriotsTime https://t.co/IUNYffJyRw
746386914119295000,Fri Jun 24 16:58:02 +0000 2016,I arrived safely in St Kitts!! #CPL #Patriots
746045141832634400,Thu Jun 23 18:19:57 +0000 2016,Hanging out with the Legend... https://t.co/TjdVEtdX6N
745254229544046600,Tue Jun 21 13:57:09 +0000 2016,Have a Good Day Everyone!  #CplSoonStart https://t.co/3b7LFoFg48
745244928972709900,Tue Jun 21 13:20:11 +0000 2016,RT @sknpatriots: Happy Father's Day from our Patriots Dad! #fathersday #sknpatriots @54simmo https://t.co/N7myjsG2zR
744577798883270700,Sun Jun 19 17:09:15 +0000 2016,Happy Father's Day to all Fathers... Hope you have a relaxing day!
743829560983060500,Fri Jun 17 15:36:01 +0000 2016,https://t.co/gX8Phaaa4L
743451760568610800,Thu Jun 16 14:34:47 +0000 2016,Sometimes you gotta keep Pushing evening though the weights on your back!!! https://t.co/EMUewmtF16
743135559451697200,Wed Jun 15 17:38:18 +0000 2016,RT @SherdonPierre: Just posted a photo https://t.co/flMWPRIhR9
743135282497626100,Wed Jun 15 17:37:12 +0000 2016,Putting in the preparation for @CPL #Patriots https://t.co/GtcrTHmra8
741641302987710500,Sat Jun 11 14:40:40 +0000 2016,@MATTVO15 Coming along mate...thanks
741640994576289800,Sat Jun 11 14:39:26 +0000 2016,RT @westindies: Happy Birthday to our World T20 champion Captain! Stefanie Taylor is 25 not out today! https://t.co/MdVQD18uDX
741640970513600500,Sat Jun 11 14:39:21 +0000 2016,RT @DMBravo46: DARREN BRAVO YOUTH CRICKET ACADEMY 2016. THANKS ALOT GUYS. sunilnarine24 pollardkieron @shotta8080 https://t.co/IXrgMwz4I5
741640784190013400,Sat Jun 11 14:38:36 +0000 2016,RT @qmanbad: Thanks to Almighty God for another opportunity to spread joy and inspiration to the nation's youths. https://t.co/9bP2g5l0Sn
741310553491005400,Fri Jun 10 16:46:23 +0000 2016,RT @BritneyCooper35: Entertainment #ChampionsMotivateSchoolTour samuel.badree @54simmo… https://t.co/ILZmYLiUv3
741303046865625100,Fri Jun 10 16:16:33 +0000 2016,Iere High School with the #ChampionTour... I'm always grateful for the opportunity to be around the youths! https://t.co/3c4q4Q55rn
740241194312073200,Tue Jun 07 17:57:08 +0000 2016,Lendl Simmons, gun for hire https://t.co/zTNNAobkSc
740162925646647300,Tue Jun 07 12:46:07 +0000 2016,Gift land mall Gt https://t.co/uCTYKytOfV
740041029164765200,Tue Jun 07 04:41:45 +0000 2016,Gift land mall Gt @ Giftland Mall Turkeyen https://t.co/9KNsOb63uN
739931243379183600,Mon Jun 06 21:25:30 +0000 2016,I posted a new photo to Facebook https://t.co/erugG9ebeI
739923755867111400,Mon Jun 06 20:55:45 +0000 2016,Just posted a photo https://t.co/AsmtmOJWVw
739880856391692300,Mon Jun 06 18:05:17 +0000 2016,RT @CPL: Simmons vows @sknpatriots will leave no stone unturned in quest for #CPL16 title. Read more: https://t.co/O5R3dwXCzY https://t.co/…
739562406725066800,Sun Jun 05 20:59:52 +0000 2016,The most difficult task for an athlete is to watch from the stands... Supporting the guys in Guyana #RallyHard #WI https://t.co/O6dmn2UYe0
738393577416327200,Thu Jun 02 15:35:22 +0000 2016,#ChampionTour https://t.co/EFGwr8a7S4
738116724826898400,Wed Jun 01 21:15:15 +0000 2016,A Wonderful experience being at the St Mary's Government Primary School.... Feels good to empower the youngsters https://t.co/9sNyCBKO5Y
737700851846897700,Tue May 31 17:42:43 +0000 2016,Congratulations to the Cane Farm Cricket Team on placing 4th in Premier Two of the National Cricket League. Even... https://t.co/L2zcg6PMxp
737094822209540100,Mon May 30 01:34:34 +0000 2016,Big Player!!! https://t.co/UT1YgQhShj
736213655327367200,Fri May 27 15:13:08 +0000 2016,Another Day at the Office! #GettingThere https://t.co/SVgNAcRGD3
735098532449783800,Tue May 24 13:22:02 +0000 2016,Another Day on the road to full recovery https://t.co/ZKBNcuDEwx
734826617831198700,Mon May 23 19:21:32 +0000 2016,Beating obesity with sporting culture https://t.co/M6qWfQF6FP
733295962978811900,Thu May 19 13:59:16 +0000 2016,RT @DJBravo47: One minute we have to be available for domestic super 50 to be selected and the next minute, it seems we don't. Magic! Get s…
733295957870182400,Thu May 19 13:59:14 +0000 2016,RT @DJBravo47: Joke of the day: WI selectors😂 One minute Pollard &amp; Narine were not good enough &amp; now are perfect for Tri Nation series? It'…
733295826340995100,Thu May 19 13:58:43 +0000 2016,Putting in the work... #RecoverySoon https://t.co/taXotfzWzU
732342848767451100,Mon May 16 22:51:56 +0000 2016,RT @sanjaymanjrekar: Hats off to Sunil Narine that he can still be this effective after remodelling his action.Most have fallen by the ways…
732342837954543600,Mon May 16 22:51:53 +0000 2016,RT @DMBravo46: Darren Bravo Youth Cricket Academy 2016. https://t.co/dxkM2C8hEZ
732221212579926000,Mon May 16 14:48:35 +0000 2016,Chilling on a Monday! #RealMenWearPink https://t.co/lIIyGff45B
730823385492508700,Thu May 12 18:14:07 +0000 2016,Happy Birthday Polly, the 6 Machine! Enjoy Pal @KieronPollard55 https://t.co/fuN3wwOpZQ
730149348604969000,Tue May 10 21:35:44 +0000 2016,Trivia... On This Day 3 years ago, I scored a 100 runs off 50 balls vs Barbados in the Regional 4 Day Competition... https://t.co/VSnRDRXmBz
729428697451618300,Sun May 08 21:52:08 +0000 2016,Happy Mother's Day to all Mothers!!! https://t.co/B1cRtAbwz1
727164086413193200,Mon May 02 15:53:22 +0000 2016,https://t.co/DkRwhG11sL
726757851713048600,Sun May 01 12:59:09 +0000 2016,I'm very saddened to be leaving the Mumbai camp before the end but in sport injury occurs. I would love to thank... https://t.co/24HQjUAsov
726754570332827600,Sun May 01 12:46:06 +0000 2016,RT @qmanbad: Really excited to be part of this foundation. Never forget from where you came! https://t.co/NPkzzlHRNi
726754425025351700,Sun May 01 12:45:32 +0000 2016,RT @CPL: "Every cricketer has his day, and today was mine" @54simmo #WT20 #Throwback https://t.co/X7DOxdX4Ad
726426450782347300,Sat Apr 30 15:02:16 +0000 2016,I posted a new video to Facebook https://t.co/copVR0rPUU
725314770476232700,Wed Apr 27 13:24:51 +0000 2016,Another Day, Another Therapy Session https://t.co/N3KhM10eBx
724670382045687800,Mon Apr 25 18:44:17 +0000 2016,Good Win Fellas! #MumbaiIndians
724635972193779700,Mon Apr 25 16:27:33 +0000 2016,https://t.co/QwosxEfSrM... https://t.co/u7qD35mJ2t
724365443801186300,Sun Apr 24 22:32:34 +0000 2016,RT @SherdonPierre: Yea man!!! https://t.co/1wb7BeF5To
724229381095338000,Sun Apr 24 13:31:54 +0000 2016,Road to Recovery!! https://t.co/zp7kGOPvBa
722849312372228100,Wed Apr 20 18:08:00 +0000 2016,Good Win Guys!! Top knock Skip and Polly!! #MumbaiIndians
722139088845836300,Mon Apr 18 19:05:50 +0000 2016,Let's Keep Fighting @mipaltan https://t.co/42sAPoc02o
722047807855562800,Mon Apr 18 13:03:07 +0000 2016,https://t.co/OVt7gZV8ss
721972792225194000,Mon Apr 18 08:05:01 +0000 2016,Thanks Man! https://t.co/ihPdX3pPXO
721972218851237900,Mon Apr 18 08:02:45 +0000 2016,Therapy Time! https://t.co/uqaMMWKXwF
721402130431483900,Sat Apr 16 18:17:25 +0000 2016,Tough loss Guys!! We keep fighting #MumbaiIndians #IPL2016
720630271322685400,Thu Apr 14 15:10:20 +0000 2016,https://t.co/t3GwOsKWcO
719986809514516500,Tue Apr 12 20:33:26 +0000 2016,RT @rayad51: But it's not abt the players anymore it's all abt what the ppl in charge wants. Every single match players complaining abt inj…
719986803483127800,Tue Apr 12 20:33:25 +0000 2016,RT @rayad51: It's really difficult to understand why you'll play a tournament of this statue at a ground like this when everyone complains…
719866660878848000,Tue Apr 12 12:36:01 +0000 2016,I would like to sincerely Thank my Family,Friends,Fans for their Support especially for the last few weeks! It is... https://t.co/T1po9JgBg7
718448932938915800,Fri Apr 08 14:42:28 +0000 2016,RT @KieronPollard55: #MI..!! Looking smart .. https://t.co/3HqPBhYk6J
718107179731923000,Thu Apr 07 16:04:28 +0000 2016,T&amp;T Connection at the #WorldT20 https://t.co/vYzTm1eNJi
717788339030495200,Wed Apr 06 18:57:30 +0000 2016,Happy International Day for Sports for Development 2016 https://t.co/KJtmWCd2By
717373185990139900,Tue Apr 05 15:27:50 +0000 2016,https://t.co/ojRNNiHbH1
717057856034353200,Mon Apr 04 18:34:49 +0000 2016,Great Article!!  https://t.co/MPfzHEcpdw
716932489516724200,Mon Apr 04 10:16:40 +0000 2016,https://t.co/P26oRnYOFP
716813353633484800,Mon Apr 04 02:23:15 +0000 2016,Yea man https://t.co/xnJyvmprc2
716738264812552200,Sun Apr 03 21:24:53 +0000 2016,This is for my Family, Friends and Fans!!! Thanks for the Support at #WT20 #WI #Champion https://t.co/oCkn67ijpa
716569892497961000,Sun Apr 03 10:15:50 +0000 2016,This is the opportunity to send some Joy to the #WI People #RallyHard  #Champion
716468494372442100,Sun Apr 03 03:32:55 +0000 2016,'Champion' dazzlers ready for final jig https://t.co/hD4VyGxejh
716046795114029000,Fri Apr 01 23:37:14 +0000 2016,India vs West Indies icc t20 2016 world cup semifinals highlights part 2 https://t.co/BE2CK803EW
716037146432266200,Fri Apr 01 22:58:53 +0000 2016,'Home ground' helps Simmons feel wide awake https://t.co/Pnnwa2fSjn
715903389478043600,Fri Apr 01 14:07:23 +0000 2016,https://t.co/ZRHoqdnsVI
715895845174976500,Fri Apr 01 13:37:24 +0000 2016,RT @ICC: FEATURE: Lendl Simmons was very humble after his innings helped #WI in to #WT20 Final! https://t.co/6WS891s2nN https://t.co/0gV6Vu…
715895760298967000,Fri Apr 01 13:37:04 +0000 2016,RT @harbhajan_singh: Congrats @westindies good luck for the finals..best wishes 🏆 #spiritofthegame @henrygayle @DJBravo47 @54simmo  https:/…
715708765274710000,Fri Apr 01 01:14:01 +0000 2016,RT @ICC: #ShotOfTheDay - @54simmo leaps up into Carlos Brathwaite's arms after #WI reached the #WT20 final! #INDvWI https://t.co/MDERZVvb2u
715634529436770300,Thu Mar 31 20:19:02 +0000 2016,RT @ICC: The @westindies could win it ALL come Sunday!   Could #WI #WI do the first ever #WT20 double?? https://t.co/xF8iBappWG
715634437313077200,Thu Mar 31 20:18:40 +0000 2016,RT @Umar96Akmal: Congrats team West Indies @henrygayle @DJBravo47 lovely innings by @54simmo best of luck for the finals 👍🏼
715631613871140900,Thu Mar 31 20:07:27 +0000 2016,RT @Coachsim13: Awesome display by this group men with no brains, imagine if we had some #finalist #T20WorldCup #CWC2016 #onemorestep
715631526721900500,Thu Mar 31 20:07:06 +0000 2016,RT @DJBravo47: Congrats to @54simmo who came off a plane to bat his team to victory. True #Champion https://t.co/ktXV0pFHJ9
715628832179359700,Thu Mar 31 19:56:23 +0000 2016,@mraguilleira thanks, same to you
715628731050512400,Thu Mar 31 19:55:59 +0000 2016,RT @westindies: Simmons This Week SUN: catch flight MON: arrive Mumbai TUES: get a rest WED: training THUR: Man of the Match #WT20 https://…
715619686277230600,Thu Mar 31 19:20:03 +0000 2016,Fortune Favours the BRAVE! Great win by both Teams today, I'm happy to contributed #WI #RallyHard #Finals #Champion https://t.co/6c4KTqwYXT
715616909509546000,Thu Mar 31 19:09:01 +0000 2016,RT @KieronPollard55: @54simmo wat a inngs from cane farm to Mumbai .. Well done boys big big big game.. Final here comes the West Indies .🍺…
715512536682999800,Thu Mar 31 12:14:16 +0000 2016,RT @BrianLara: @54simmo vs Rahane new players to the tournament both possible openers but may bat in the middle. @54simmo more attacking sh…
715483068845273100,Thu Mar 31 10:17:11 +0000 2016,Up and Ready to create History!!! #WI #RallyHard #WorldT20 https://t.co/EmnYbU9XIy
715380917619916800,Thu Mar 31 03:31:16 +0000 2016,Last Knock before Semi Finals! #RallyHard @westindies https://t.co/cquvJknWUC
715236857542344700,Wed Mar 30 17:58:49 +0000 2016,Trinidad &amp; Tobago 6-0 San Vicente https://t.co/dDqyF3mgI4
715150395941621800,Wed Mar 30 12:15:15 +0000 2016,Arrived Safely and Read to Go! #WI #RallyHard #WorldT20 https://t.co/7joo7ZEfdg
715144571852685300,Wed Mar 30 11:52:07 +0000 2016,RT @CPL: - @54simmo replaces @AndreFletch in West Indies squad for the ICC World Twenty20 India 2016 #WT20 https://t.co/WcdsO8awUo … #wt20…
714443785422241800,Mon Mar 28 13:27:26 +0000 2016,On my Way to join the #WI Team...  Make use of every opportunity! #RallyHard
713806295380271100,Sat Mar 26 19:14:17 +0000 2016,Good to be back on the field again especially in front of my Community... 143* https://t.co/cttZsYmuwq
713755466774360000,Sat Mar 26 15:52:18 +0000 2016,Feels Good to be in Action again... Batting with the Next Star https://t.co/N59awvbm0Y
713575861790711800,Sat Mar 26 03:58:37 +0000 2016,RT @MarielStoll: #USMNT out here about to lose to a team that's wearing Umbro in 2016.
713482642952335400,Fri Mar 25 21:48:12 +0000 2016,Another Close game for the day but a victory in the end... Great debut by the youngster Levi Garcia!
713459487076536300,Fri Mar 25 20:16:11 +0000 2016,Supporting the #SocaWarriors and my Favourite Player!! https://t.co/I86bhNPLPZ
713418704931819500,Fri Mar 25 17:34:08 +0000 2016,Wheeeeew! Good Fight, on to the Semis Now!!! #WI #RallyHard #Champion
713391729064345600,Fri Mar 25 15:46:57 +0000 2016,RT @KieronPollard55: Loving the spirit and diving around.. They look hungry keep going boys 🙏🏿🙏🏿👍🏽
713388621122801700,Fri Mar 25 15:34:36 +0000 2016,Good Professional Bowling and Fielding Fellas!! Now time to finish off the job! #WI #RallyHard
713048051967918100,Thu Mar 24 17:01:18 +0000 2016,Tough Loss but Great Fight Back Ladies... #WI #RallyHard
712977245728481300,Thu Mar 24 12:19:56 +0000 2016,RT @Coachsim13: It was great to have played with #RangyNanan my condolences go out to his family and friends RIPRangy
712977172311314400,Thu Mar 24 12:19:39 +0000 2016,https://t.co/x0cz9tFSsO
712721657035497500,Wed Mar 23 19:24:19 +0000 2016,Rip Mr. Rangy Nanan https://t.co/WY4yVlB4D3
712316204195532800,Tue Mar 22 16:33:11 +0000 2016,Hanging out with the boss! https://t.co/JgASmUCVth
711929209933795300,Mon Mar 21 14:55:25 +0000 2016,RT @terryfinisterre: Fletcher: "We are all as one, unity &amp; strength. We don't want to get complacent and will play each game as a final." h…
711611104363806700,Sun Mar 20 17:51:23 +0000 2016,Great bowling by @qmanbad and batting by Andre Fletcher....#WI #RallyHard
711602279254663200,Sun Mar 20 17:16:18 +0000 2016,Two outta Two for Both Men and Women #WI Teams... #RallyHard
711546353764012000,Sun Mar 20 13:34:05 +0000 2016,Come on Guys! Let keep it going!  #WI #RallyHard
710163576896430100,Wed Mar 16 17:59:25 +0000 2016,Good Victories by both #WI Teams!! #RallyHard Great Innings by the Worldboss himself.
710103589721518100,Wed Mar 16 14:01:03 +0000 2016,Let's Go Guys!!! #WI #RallyHard  WorldT20 2016...
707997180552843300,Thu Mar 10 18:30:56 +0000 2016,Spending some Quality Time with my Little Princess!! https://t.co/Odrj9hCZEk
707996759369195500,Thu Mar 10 18:29:16 +0000 2016,Good Stuff https://t.co/baNqhPRtam
707284392570269700,Tue Mar 08 19:18:34 +0000 2016,RT @wiplayers: Happy International Women's Day!! #IWD2016 https://t.co/KmfNbRIroZ
707230637866897400,Tue Mar 08 15:44:58 +0000 2016,Happy International Women's Day to ALL Ladies! Especially to my Beautiful Wife!! https://t.co/7ooMKB5jSZ
707187192150380500,Tue Mar 08 12:52:20 +0000 2016,Chilling DDI with the Bday Boy! Happy Birthday Rayad Emrit https://t.co/VK4l2yP0Hp
707164918600978400,Tue Mar 08 11:23:49 +0000 2016,RT @qmanbad: A very special day indeed...happy International Women's Day to all women esp. my beautiful wife and amazing mother! #strengtho…
705225685506232300,Thu Mar 03 02:58:00 +0000 2016,RT @scottbstyris: So sad to hear news of Martin Crowe passing away. For those of us who grew up watching cricket in the 80s, we owe him imm…
705225650144030700,Thu Mar 03 02:57:52 +0000 2016,RT @irbishi: Sorry to hear of Martin Crowe's passing. Condolences to his family.
701841137179332600,Mon Feb 22 18:49:01 +0000 2016,Thank You #KarachiKings and #PSL2016 for this opportunity to showcase my talent here at these beautiful places in... https://t.co/98VxeavHZo
701823786316726300,Mon Feb 22 17:40:04 +0000 2016,https://t.co/LQg9qbdR8k
701813671073157100,Mon Feb 22 16:59:52 +0000 2016,RT @sknpatriots: It's #MagicMonday let's have a look at some batting wizardry from our first pick in this year's CPL Draft @54simmo https:/…
701038381837393900,Sat Feb 20 13:39:09 +0000 2016,On My Way to Cause a SCENE!!! #KarachiKings #PSL2016 https://t.co/qsM1ZsF6sh
700776986323464200,Fri Feb 19 20:20:28 +0000 2016,Last Preparation before the Playoff Match Tomorrow... #KarachiKings #PSL2016 https://t.co/yABji3TcHn
700078324429664300,Wed Feb 17 22:04:14 +0000 2016,#KarachiKings https://t.co/gWOYLECwDB
699488823546253300,Tue Feb 16 07:01:46 +0000 2016,Jeremy Solozano has d only century for Trinidad  in the 4 day this season get drop,how Cud u explain dat,keep ur head up pal bright future.
698823873026875400,Sun Feb 14 10:59:29 +0000 2016,WorldChampions!!! Congratulations to the WI U19 Team for going a step further than I did in 2004... #FutureStars
698664817414918100,Sun Feb 14 00:27:27 +0000 2016,All the best to the WI U-19 Team... #RallyHard
698262231998296000,Fri Feb 12 21:47:43 +0000 2016,#TeamPatriots... https://t.co/XyEUd4t1HB
698208955336650800,Fri Feb 12 18:16:01 +0000 2016,@AndrewsAttae thank u
697919079265517600,Thu Feb 11 23:04:09 +0000 2016,I`m Happy to be a part of my new family the Skitts-Nevis Patriots... Cant Wait for CPL 2016!! @sknpatriots
685795376335568900,Sat Jan 09 12:08:53 +0000 2016,RT @KieronPollard55: https://t.co/aFNGnUb6pW the tournament wasn't scheduled today for tmr.. And we having US problems not yesterday come o…
685795314918420500,Sat Jan 09 12:08:39 +0000 2016,RT @KieronPollard55: https://t.co/aFNGnUb6pW.. @redforcecricket players salaries and earnings released... Confidentiality conveniently?? Ad…
685437872778928100,Fri Jan 08 12:28:18 +0000 2016,I embrace criticism from all bad mind and envious ppl,dis Wud make me stronger,I embrace challenges n not run from it.
680159155743658000,Thu Dec 24 22:52:34 +0000 2015,How could the Rayad Emrit be sacked as captain after winning the 2015 Nagicor cup,pure victimization.@redforcecricket
678032272189182000,Sat Dec 19 02:01:05 +0000 2015,Found a good barber in Brisbane,looking forward to the Gabba tonight. https://t.co/RNWImiz3jl
673625152840683500,Sun Dec 06 22:08:46 +0000 2015,Thanks you and I'm looking forward to joining the Heat,@HeatBBL
654847512998600700,Fri Oct 16 02:33:08 +0000 2015,Nothing can make up for being home with with family n my kids,it's times like these make it hard to say bye http://t.co/9oK569jqMS
651377892388118500,Tue Oct 06 12:46:06 +0000 2015,Missing my water babies,in Miami http://t.co/55APDQNe6a
645517825092616200,Sun Sep 20 08:40:17 +0000 2015,My ears look like a car door open  https://t.co/d0OVTcN7s6
626536522573951000,Wed Jul 29 23:35:22 +0000 2015,Time for a vacation,off to Barbados
622061444364922900,Fri Jul 17 15:13:00 +0000 2015,http://t.co/svH9TB558e
611329679644041200,Thu Jun 18 00:28:48 +0000 2015,In Guyana http://t.co/Jrxm7FVSmo
610234419769512000,Sun Jun 14 23:56:37 +0000 2015,Off to Guyana
601000140992688100,Wed May 20 12:22:54 +0000 2015,@redforcecricket if ttcb and the selectors bought today's guardian I hope they have a read,in case they didn't know his scores.
600007995133534200,Sun May 17 18:40:28 +0000 2015,Let's make a guess where all the selectors from...SOUTH .. Can't imagine this still happening in today's world @redforcecricket
600007704434712600,Sun May 17 18:39:18 +0000 2015,Unbeaten 100 in under 17 north vs south classic and can't make north U19, guessing being a simmons is working against him..!! Smh
600007332777492500,Sun May 17 18:37:50 +0000 2015,@redforcecricket 3rd most runs in zonals, 100's at club level n school cricket all in one week and not selected for north vs south u19
595523022926151700,Tue May 05 09:38:47 +0000 2015,Who knows this pitch better than him,handy tips http://t.co/limcdnjomi
585110715976945700,Mon Apr 06 16:04:00 +0000 2015,I Lendl Simmons, support the International Day of Sports for Development and Peace Today...Lets show the #PowerOfSports
579793263793602600,Sun Mar 22 23:54:20 +0000 2015,@beelah_9213 lol
579244269589807100,Sat Mar 21 11:32:50 +0000 2015,Well done Amazon warriors,hope your eyes saw wat U didn't retain,sadddddd
576974933114294300,Sun Mar 15 05:15:18 +0000 2015,Wat a long and drawn out World Cup
567475409109807100,Tue Feb 17 00:07:35 +0000 2015,Something for newsday front page,😄😄😄 http://t.co/cEtGd9giql
565480638586032100,Wed Feb 11 12:01:05 +0000 2015,@ImmyJan thanks immy
563607200107462660,Fri Feb 06 07:56:42 +0000 2015,Wat I want to say I can't say,just have to smh for now.
563470207943839740,Thu Feb 05 22:52:21 +0000 2015,Dis have to be a biggggggggggg joke
560142607700221950,Tue Jan 27 18:29:39 +0000 2015,Dis guy cut my hair,made me happy http://t.co/jFMeSn1QO0
559402139223883800,Sun Jan 25 17:27:17 +0000 2015,I Wud like to say thanks to all my fans for the best wishes on my birthday,i wud do my best at making my innings entertaining n successful
556856884553322500,Sun Jan 18 16:53:21 +0000 2015,Crack bone,would be ok for World Cup http://t.co/hIqoT8pZo9
554334685044936700,Sun Jan 11 17:51:02 +0000 2015,This is me when I was full of confidence,this was the past 10months. Now I don't believe in stats. Watch where I am http://t.co/n6g3dtnt0x
553555431214563300,Fri Jan 09 14:14:34 +0000 2015,Another wake up call
551133679972778000,Fri Jan 02 21:51:23 +0000 2015,@BlancaVladic really
550749162170769400,Thu Jan 01 20:23:27 +0000 2015,Destination Cape Town South Africa http://t.co/Ye2mhUoRGP
550096507563933700,Wed Dec 31 01:10:02 +0000 2014,Sitting in my living room,wishing a miracle happens tom,dat I won't have to break the new year in a plane,the sacrifices we make ppl don't c
544618344033570800,Mon Dec 15 22:21:46 +0000 2014,Had a knock today with white balls after batting dat red swing duke ball,really felt like Christmas,sweetttttt
544337593484460000,Mon Dec 15 03:46:10 +0000 2014,Liming with the guys,aria night club,winer Boi production http://t.co/MSJQoJg3MA
544337273895276540,Mon Dec 15 03:44:54 +0000 2014,http://t.co/lxalKM7gfR
544336987046813700,Mon Dec 15 03:43:45 +0000 2014,Enjoying my time home http://t.co/IWu2wbWXFl
544335662670159900,Mon Dec 15 03:38:29 +0000 2014,@miasusan786 wat do u have with snakes
526850875676196860,Mon Oct 27 21:40:11 +0000 2014,I love this App. It's the real deal and it is very bright. #iTorch / via @itorchapphfbdvsghgdge😘😘😘😘😘😘😘😘😘😘 http://t.co/p3p4nCsJie
521864004562853900,Tue Oct 14 03:24:09 +0000 2014,On my way home http://t.co/siMeEaKDHa
516934000783290400,Tue Sep 30 12:54:04 +0000 2014,@lauramcgoldrick @Martyguptill happy birthday pal,hope you have a great one
511431883520237600,Mon Sep 15 08:30:37 +0000 2014,Just posted a photo http://t.co/3MPelJOuni
509543844761702400,Wed Sep 10 03:28:14 +0000 2014,In india
508440363007508500,Sun Sep 07 02:23:23 +0000 2014,Last night with my family until 😪😪😪 November
502042524119466000,Wed Aug 20 10:40:39 +0000 2014,@Martyguptill ur back home safe?
501945340598452200,Wed Aug 20 04:14:29 +0000 2014,Dat time http://t.co/YO2MIgGAc7
501238857401380860,Mon Aug 18 05:27:10 +0000 2014,@Leteechia nice pic
497042902703685600,Wed Aug 06 15:33:57 +0000 2014,Family time
493610083637407740,Mon Jul 28 04:13:09 +0000 2014,A whole week in Jamaica,😩😩😩😩
493210397403406340,Sun Jul 27 01:44:56 +0000 2014,Wat a game,we really need mystery spinner 4 overs,get better fast Boi
492877283724521500,Sat Jul 26 03:41:16 +0000 2014,In Barbados
492130762678751200,Thu Jul 24 02:14:51 +0000 2014,If y'all wanna know who beat up TINO BEST ask him
492130454258999300,Thu Jul 24 02:13:38 +0000 2014,Take dat TINO BEST,I told u a Trini wud cut yuh ass a day,all d cuss yuh cuss and you can't defend yuh mouth,yuh get beat like a snake
489457687491407900,Wed Jul 16 17:13:01 +0000 2014,Everyday is some fuckree,can it get any worst 😡😡😡😡
488255027526762500,Sun Jul 13 09:34:04 +0000 2014,Left the hotel in Grenada 7.30pm and reach to the hotel in Guyana 5am,like reallyyyyyyy,best I had take d morning flight.
487732837714382850,Fri Jul 11 22:59:04 +0000 2014,@azee_shanatic ask ur mother to give me some
486532219653988350,Tue Jul 08 15:28:15 +0000 2014,@apoorv_wankhade wats up pal,I'm good,how u goin?
486359785848070140,Tue Jul 08 04:03:03 +0000 2014,http://t.co/MH3P6rEOZA
486359386692919300,Tue Jul 08 04:01:28 +0000 2014,@tubzhoney lost luggage
486359339456675840,Tue Jul 08 04:01:17 +0000 2014,@2011Kaithreen yes I am
486332295532388350,Tue Jul 08 02:13:49 +0000 2014,Liat have to be d worst airline
486332107229126660,Tue Jul 08 02:13:04 +0000 2014,@beelah_9213 no not yet,on d 12th
486318746147905540,Tue Jul 08 01:19:59 +0000 2014,@abhishek_basu no buddy I had cricket
486318463153995800,Tue Jul 08 01:18:51 +0000 2014,Soon will be in the amazon warriors uniform
486014143842230300,Mon Jul 07 05:09:36 +0000 2014,Dominica small place,but I like it
484903751539765250,Fri Jul 04 03:37:18 +0000 2014,Trip to Guyana in time 8 days,my second home
475321466746331140,Sat Jun 07 17:00:43 +0000 2014,Nothing like a Saturday beef soup
471612014528180200,Wed May 28 11:20:41 +0000 2014,Go hard or go home
470655750801346560,Sun May 25 20:00:50 +0000 2014,Great win guys,our tournament has now begun.
467098309337677800,Fri May 16 00:24:49 +0000 2014,Now the truth is revealed,everyone can shut up now.
466760137873448960,Thu May 15 02:01:03 +0000 2014,Together we would  get through this together,family is everything.
466143084355403800,Tue May 13 09:09:06 +0000 2014,Missing my wifey food,could do with some rice stew chicken n lentil peas
464864682973462500,Fri May 09 20:29:11 +0000 2014,Long day,dis place is soooo hottt
464639793465675800,Fri May 09 05:35:34 +0000 2014,I could say I'm well rested for the past week,feels good
464167894255804400,Wed May 07 22:20:24 +0000 2014,Lonely days
461355368845565950,Wed Apr 30 04:04:26 +0000 2014,@trinistarzz where was ur vacation?
461154364145827840,Tue Apr 29 14:45:42 +0000 2014,Long flight,but dis plane rocks,wifi 😃😃😃
460817249998503940,Mon Apr 28 16:26:08 +0000 2014,@tubzhoney yea
460748031294722050,Mon Apr 28 11:51:05 +0000 2014,Vacation cut short,off to UAE
459885148658737150,Sat Apr 26 02:42:18 +0000 2014,Who say Mumbai?
459689285248368640,Fri Apr 25 13:44:00 +0000 2014,Enjoying the family time home
458592058304102400,Tue Apr 22 13:04:01 +0000 2014,@TracieJones16 yup
458589434464972800,Tue Apr 22 12:53:36 +0000 2014,2 months off from international cricket,time is gonna be well spent home.
456082708964581400,Tue Apr 15 14:52:46 +0000 2014,Back home,2mths in my lovely Trinidad
454686795478085600,Fri Apr 11 18:25:54 +0000 2014,@tubzhoney no I don't have a contact for him
454635904007946240,Fri Apr 11 15:03:40 +0000 2014,In Guyana
453079503875866600,Mon Apr 07 07:59:06 +0000 2014,Saw my fatty today,wat a feeling to see her run towards me wit joy on her face.
452956580531941400,Sun Apr 06 23:50:39 +0000 2014,Feels good to be in a paradise island again http://t.co/NVsu4r3pdm
452956255087513600,Sun Apr 06 23:49:21 +0000 2014,@thandilove95 wats DM u?
452956016146411500,Sun Apr 06 23:48:24 +0000 2014,@kajal21577051 nice pic
451780240054837250,Thu Apr 03 17:56:17 +0000 2014,Stuck here for another 2 days,just fucking great,can't get any better
451583008370196500,Thu Apr 03 04:52:33 +0000 2014,New day http://t.co/vGHx2WRfbk
450961452065493000,Tue Apr 01 11:42:43 +0000 2014,Team dat players better on d day wins!
450467545972080640,Mon Mar 31 03:00:06 +0000 2014,Countdown starts
449545126965030900,Fri Mar 28 13:54:45 +0000 2014,Australia get roasttttttt mannnnn
449076954440794100,Thu Mar 27 06:54:24 +0000 2014,There's value in a key/👨 dat can open multiple locks,but none in a lock/👩dat can be open by many keys!
448541536704155650,Tue Mar 25 19:26:50 +0000 2014,@lendlsimmons who r u?
448541094335098900,Tue Mar 25 19:25:05 +0000 2014,http://t.co/kXAoOIkC8P
448540596928389100,Tue Mar 25 19:23:06 +0000 2014,Trini boys http://t.co/iXJhYfl7PB
448540152168603650,Tue Mar 25 19:21:20 +0000 2014,Whoever following me on @lendlsimmons I don't know who is dat.
448533634081751040,Tue Mar 25 18:55:26 +0000 2014,@TracieJones16 Thanks
448519464251060200,Tue Mar 25 17:59:08 +0000 2014,@TracieJones16 wats up birdnest
447796011423911940,Sun Mar 23 18:04:23 +0000 2014,@ouchesi9bkStatt huh?
446194868419698700,Wed Mar 19 08:02:01 +0000 2014,Worst traffic in d world have to be here in Bangladesh
445823018854391800,Tue Mar 18 07:24:25 +0000 2014,dis time difference is fucked up
445262362531332100,Sun Mar 16 18:16:34 +0000 2014,Finally reach Bangladesh
431266942574657540,Thu Feb 06 03:23:46 +0000 2014,Wats dm,s
431257890729775100,Thu Feb 06 02:47:48 +0000 2014,@Wat?
418090358195503100,Tue Dec 31 18:44:43 +0000 2013,First day in d new year,RAINNNNNNN
417533155873009660,Mon Dec 30 05:50:36 +0000 2013,Well yes,a hotel without air condition, just keeps getting better.
417112379810267140,Sun Dec 29 01:58:35 +0000 2013,Rainy day in Napier,
405424662009479200,Tue Nov 26 19:55:46 +0000 2013,2am n can't sleep,Tom is gonna be a miserable day
395783756495487000,Thu Oct 31 05:26:15 +0000 2013,Some ppl need sex to sleep,or d tv on,I need to eat 5mins b4 bed.😞😞😞😞
391377561806471200,Sat Oct 19 01:37:36 +0000 2013,In dis day n age Accra hotel don't have cable,saddddd
385861186484330500,Thu Oct 03 20:17:30 +0000 2013,Need a vacation after dis tour,just a few days to relax
385078639479357440,Tue Oct 01 16:27:56 +0000 2013,Tv stations in Delhi sucks balls
381954944829374460,Mon Sep 23 01:35:29 +0000 2013,Red force good start
381953518912798700,Mon Sep 23 01:29:49 +0000 2013,7am n i can't sleep as yet
367505971436085250,Wed Aug 14 04:40:26 +0000 2013,Dis place boring
358618093100085250,Sat Jul 20 16:03:10 +0000 2013,I wud never let assholes make me doubt my ability.
358572344362541060,Sat Jul 20 13:01:23 +0000 2013,St Lucia u Digicel u need to get wit d modern time,4G out longtime,y'all still wit 2G. STUEPS
358570010114924540,Sat Jul 20 12:52:07 +0000 2013,Thanks for dis rest day
345729263787446300,Sat Jun 15 02:27:34 +0000 2013,Wat a day,tired is a understatement rite now
342425650461810700,Wed Jun 05 23:40:11 +0000 2013,At home in Guyana for CPL
333034039776780300,Sat May 11 01:41:17 +0000 2013,RT @westindies: DAY 2, REPORT: Has Lendl Simmons' quickfire century given T&amp;T hope of resurrecting an already gone 4-Day Final? http://t.co…
332470050999132160,Thu May 09 12:20:11 +0000 2013,Why Tino Best running from playing against d men who cud only play 20/20 cricket Boi? I wonder why
332044156820135940,Wed May 08 08:07:50 +0000 2013,These fucking early morning flights,sttttuuueeeeppppssssz
327600139470532600,Fri Apr 26 01:48:54 +0000 2013,Rainy days r comin
324929619495120900,Thu Apr 18 16:57:12 +0000 2013,Just posted a photo http://t.co/NoqqL3WEzy
324661180973080600,Wed Apr 17 23:10:32 +0000 2013,I miss my football sweat
324301347782537200,Tue Apr 16 23:20:41 +0000 2013,Off to barbados
323646285678776300,Mon Apr 15 03:57:42 +0000 2013,Just posted a photo http://t.co/7l6kOX7b8F
323237557821394940,Sun Apr 14 00:53:33 +0000 2013,My fatty http://t.co/obkAF2FkGt
319979073545850900,Fri Apr 05 01:05:30 +0000 2013,Today's victory was sweet
319613010933063700,Thu Apr 04 00:50:54 +0000 2013,Nothing feels good like a tub of ice http://t.co/j6qQlI3BA7
319612789234733060,Thu Apr 04 00:50:01 +0000 2013,Dunn's river http://t.co/6i2owEPp1K
319611653505298400,Thu Apr 04 00:45:30 +0000 2013,Some woman jus like call my name in dem mouth,okkk
319610136098394100,Thu Apr 04 00:39:29 +0000 2013,@lendlsimmons whoever is dis using my name plz stop,I'm 54simmo
318198237192400900,Sun Mar 31 03:09:06 +0000 2013,Never knew Jamaica dis nice. http://t.co/6xemDFc8ty
318198237192400900,Sun Mar 31 03:09:06 +0000 2013,Never knew Jamaica dis nice. http://t.co/6xemDFc8ty
