id,created_at,text
1255472090951680000,Wed Apr 29 12:20:46 +0000 2020,RT @Cdanslair: "Il n’y a pas besoin de créer des brigades supplémentaires. Les médecins et infirmières libérales seraient capables d’identi…
1253990337313374200,Sat Apr 25 10:12:49 +0000 2020,RT @raphkempf: "Dans le cadre de l’état d’urgence en France, des pouvoirs exceptionnels ont été conférés à l’administration. En Allemagne,…
1235692039951380500,Thu Mar 05 22:21:55 +0000 2020,RT @Europe1: "Un festival de stand-up pitoyable. Une meute de hyènes en roue libre (...) Florence Foresti se dit écoeurée. Elle est écoeura…
1235168872745054200,Wed Mar 04 11:43:02 +0000 2020,RT @Europe1: 🔵 Richard Anconina tacle l'attitude de Florence Foresti aux #Cesar2020 :  "Si vraiment, tu es révoltée, alors il ne faut pas y…
1233822980049862700,Sat Feb 29 18:34:56 +0000 2020,RT @BHL: Que les #Cesars aient attendu que #Polanski, absent, ne puisse répondre pour le moquer, l’humilier, surjouer le  dégoût et aller j…
1224823130956488700,Tue Feb 04 22:32:45 +0000 2020,RT @jdoreofficiel: https://t.co/71uKeBaoJ7
1196757549648941000,Tue Nov 19 11:50:09 +0000 2019,RT @AudreyAndCoLCI: 🗣 @Herve_Morin, sur @francoisbaroin :  "Un : cet homme a l'expérience. Deux : il connaît les Français. Trois : il va fa…
1196756038000824300,Tue Nov 19 11:44:08 +0000 2019,RT @LCI: #GiletsJaunes : de qui parle #Macron quand il dénonce "des silences complices" ?   @jmaphatie : il s'alarme devant le silence de t…
1193853421486530600,Mon Nov 11 11:30:11 +0000 2019,RT @LCI: 🗣 @gdarrieussecq de @Defense_gouv sur l'étoile jaune dans la #Marche10Novembre contre l'islamophobie :   "C'est une honte pour la…
1193852325959475200,Mon Nov 11 11:25:49 +0000 2019,RT @LCI: #Marche10Novembre contre l'islamophobie  🗣@jmaphatie sur l'étoile jaune portée par certains manifestants  :  "C'est indécent d'avo…
1193852244988498000,Mon Nov 11 11:25:30 +0000 2019,RT @LCI: 🗣@jmaphatie sur "Allahu akbar" scandé pendant la marche contre l'islamophobie :  "Ce ne sont pas les médias qui ont fait passer ce…
1175346572059664400,Sat Sep 21 09:50:34 +0000 2019,RT @tim_cook: Paris looks even more spectacular in ultra wide angle! Thanks for sharing your art @RianJohnson! Absolutely stunning. Shot on…
1123200923805921300,Tue Apr 30 12:22:22 +0000 2019,RT @Qofficiel: "S’il y avait eu un pistolet, deux ou trois… Ça ne serait pas arrivé !"  Ce week-end, Donald Trump a (encore) parlé de l’att…
1117863957769773000,Mon Apr 15 18:55:11 +0000 2019,RT @secretshistoire: Nous sommes dévastés, nous pensions Notre-Dame éternelle, le paysage de Paris ne sera plus le même sans elle. Quelle t…
1117863822499274800,Mon Apr 15 18:54:38 +0000 2019,RT @QueensChristine: C’est parce qu’elle nous semblait éternelle et immuable que le cœur se serre de la voir en flammes
1117863419275661300,Mon Apr 15 18:53:02 +0000 2019,RT @bernardpivot1: Comme on aimerait que toutes nos larmes forment une pluie abondante, un orage de colère et de piété, qui, d'un coup, arr…
1117856782901137400,Mon Apr 15 18:26:40 +0000 2019,RT @RamousHGOFF: NOTRE DAME DE PARIS EN FEU.. Des siècles d’histoire qui partent doucement en fumée.. C’est le coeur de tout un pays qui br…
1106967071227871200,Sat Mar 16 17:14:50 +0000 2019,RT @ventilo26: @LiliRose9290134 et si els #GiletsJaune  faisaient eux même le boulot d'interdire et d'empêcher ces actes, c'est leur manif,…
1106966609237819400,Sat Mar 16 17:13:00 +0000 2019,RT @trenquiergael: Le mouvement des #GiletsJaune est entrain de détruire notre rayonnement culturel mondial sans que ça ne dérange personne…
1106965978733260800,Sat Mar 16 17:10:30 +0000 2019,RT @Conan07310915: APPEL au 62 % de sympathisants des #GiletsJaune regardez vos chaines d'info et trouvez-vous sympathiques les incendies d…
1106965563182628900,Sat Mar 16 17:08:51 +0000 2019,RT @pe__ache: Scène totalement surréaliste de crétins, posant sur les vestiges du mobilier du Fouquet’s après que des sauvages l’aient sacc…
1097439607019446300,Mon Feb 18 10:16:06 +0000 2019,RT @Europe1: .@jmaphatie réagit aux insultes proférées contre Alain Finkielkraut :   "Le mouvement des #GiletsJaunes est dans un naufrage m…
1097213816474161200,Sun Feb 17 19:18:53 +0000 2019,RT @plantu: L’antisémitisme dans les rues de Paris. https://t.co/shFMYlgAsH
1097213029698146300,Sun Feb 17 19:15:46 +0000 2019,RT @FLefebvre_RF: « Ouvrir les yeux ! Sur le rôle de la bande à #Drouet qui n’a plus comme seul objectif que le désordre, sur le rôle de #S…
1097179153021972500,Sun Feb 17 17:01:09 +0000 2019,RT @fitouss: Etre solidaire c’est bien, attaquer en justice c’est mieux. Délit d’injure antisémite, c’est 6 mois de prison et 22.500 euros…
1097175843481272300,Sun Feb 17 16:48:00 +0000 2019,RT @GTabard: Un grand monsieur, Alain #Finkielkraut qui fait honneur à l'intelligence française, face à des moins que rien qui font honte à…
1085105060437209100,Tue Jan 15 09:23:01 +0000 2019,RT @cavousf5: "Qu'ils portent des #GiletsJaunes ou pas, ce sont des comportements fascistes ! (...) Réveillons-nous !" Le coup de gueule de…
1083997325461200900,Sat Jan 12 08:01:16 +0000 2019,RT @Europe1: Actes 8 des #GiletsJaunes : pour Maxime Nicolle et Marine Le Pen, "il faut dissoudre l'Assemblée nationale", force est de cons…
1083812983652925400,Fri Jan 11 19:48:46 +0000 2019,RT @24hPujadas: "Dans un peuple, il y aussi des intellectuels. Pardonnez-moi." Bernard Henri-Lévy #BHL   #24hPujadas #LCI #La26 https://t.c…
1083811781020139500,Fri Jan 11 19:43:59 +0000 2019,RT @24hPujadas: "#Macron, c'est pas #LouisXVI. Un Président de la #République élu démocratiquement, c'est pas un monarque absolu." Bernard-…
1080561557262737400,Wed Jan 02 20:28:45 +0000 2019,RT @jmaphatie: Ah c’est bête, ça s’appelle la loi. L’occupation du domaine public est codifiée, on ne l’occupe pas n’importe comment, sinon…
1073896817224499200,Sat Dec 15 11:05:27 +0000 2018,RT @bernardpivot1: Les policiers acclamés à Strasbourg, conspués ailleurs. Quand, menacés, les hommes se sentent faibles, ils font le numér…
1073338881465040900,Thu Dec 13 22:08:25 +0000 2018,RT @JBMontarnier: Le terroriste Cherif #Chekatt a été abattu par la police. Félicitations et merci aux forces de l’ordre. #Strasbourg https…
1072954853226414100,Wed Dec 12 20:42:26 +0000 2018,Quel crétin ce mec !! 🤬🤬🤬 https://t.co/qKRyWUzZXb
1072913810699288600,Wed Dec 12 17:59:20 +0000 2018,RT @EPhilippePM: Le 14 juillet à Nice.  La liberté de la presse chez Charlie Hebdo.  Notre façon de vivre le jour du Bataclan. Hier, sur un…
1072842010757947400,Wed Dec 12 13:14:02 +0000 2018,RT @Tof_Beaugrand: 😱😱😱 terrifiant https://t.co/zZGyVoRmVo
1072764865155084300,Wed Dec 12 08:07:29 +0000 2018,RT @Europe1: Appels à manifester, théories du complot : "Il faut être exigeant" avec les leaders du mouvement des #GiletsJaunes, dit @jmaph…
1072626804169543700,Tue Dec 11 22:58:53 +0000 2018,RT @Cristobalinhocm: La sécurité est devenue un bien précieux. A #strasbourg ce soir, des femmes et des hommes en uniformes risquent leurs…
1063976625992290300,Sun Nov 18 02:06:10 +0000 2018,RT @hugogelin: Une merveille cette pub. 😍 https://t.co/2JZ48BoMzg
1052561610034860000,Wed Oct 17 14:06:58 +0000 2018,RT @frlaborde: C’est honteux de la part d’élus de la République de se croire au dessus des lois et de jouer la violence et l’intimidation à…
1052557716365959200,Wed Oct 17 13:51:29 +0000 2018,RT @gblardone: C’est honteux ce « ma personne c’est sacré ». Mélange d’égocentrisme..de perte de sang froid..de condescendance soudaine..et…
1052555704836468700,Wed Oct 17 13:43:30 +0000 2018,RT @Pierrellyon: Avant de crier au complot politique on rappellera aux insoumis que l'Élysée et le siège de LREM ont aussi été perquisition…
1051771502947913700,Mon Oct 15 09:47:21 +0000 2018,RT @flmwsh: tenez de quoi adoucir votre TL https://t.co/0ug5VjPa5I
1046908311340290000,Mon Oct 01 23:42:46 +0000 2018,Félicitations cousin !! 🍾👏🎊🎉 https://t.co/U3OVlPT8tG
1035125531732324400,Thu Aug 30 11:22:13 +0000 2018,RT @paulpogba: Martin Luther King Jr. had the dream of non-discrimination 55 years ago. It’s up to us to keep the flame alive, in small and…
1018539993369862100,Sun Jul 15 16:57:12 +0000 2018,Ils l’ont fait !! Champions du monde !! Bravo les gars vingt ans après ! 🇫🇷👏🏽🎉🎊😁 #FRACROA
954482742854651900,Fri Jan 19 22:36:33 +0000 2018,#LeGrandBlindTest camille lou aka lourdeur !!! 😤😤😤
898261417350094800,Thu Aug 17 19:13:05 +0000 2017,@Rachel23086456 Elle est juste bonne pour rejeter les fautes sur les autres !! Pff..Marion me dégoûte !! #shameonyou
898260240285798400,Thu Aug 17 19:08:24 +0000 2017,De tout cœurs avec tous les barcelonais et les espagnoles !! 🙏🏾🇪🇸❤️#Barcelone #attentat #terromisme https://t.co/yu9PvegQlc
898258292006207500,Thu Aug 17 19:00:40 +0000 2017,@Rachel23086456 Non mais elle fait genre qu'elle assume tout ce qu'elle dit ou fait ... la grosse blague… https://t.co/rjBrAxoIxx
898238633530073100,Thu Aug 17 17:42:33 +0000 2017,Marion la putain de service !!! 😡😡😡#aucuneestime #pute #fouteusedemerde #10couplesparfait
881142325119987700,Sat Jul 01 13:27:55 +0000 2017,RT @hugoclement: https://t.co/vNFPWvDB93
871253103307354100,Sun Jun 04 06:31:41 +0000 2017,RT @rolandgarros: Et si on commençait la journée par un smash sauté dont seul la Monf a le secret 😝 ? #RG17 https://t.co/nAKJfmPA4t
869614213005799400,Tue May 30 17:59:19 +0000 2017,RT @rolandgarros: Et on souhaite une joyeuse 400e victoire sur le circuit à ... 🥁 🥁 🥁 🥁  @Gael_Monfils #RG17 👏👏👏 https://t.co/MOVR8tXm1A
869614137999061000,Tue May 30 17:59:01 +0000 2017,RT @Corentin0806: Gaël Monfils est extraordinaire, Dustin Brown s'est même arrêté de jouer tellement il n'en revenait pas ! #RG17 https://t…
869613896415555600,Tue May 30 17:58:04 +0000 2017,RT @rolandgarros: 2 showmen sur le court mais un seul vainqueur. Et il s'appelle @Gael_Monfils ! Victoire en 3 sets contre Dustin Brown #RG…
869613726789509100,Tue May 30 17:57:23 +0000 2017,RT @rolandgarros: Quelle ovation pour l'entrée de @Gael_Monfils sur le court Suzanne Lenglen ! 👍🏼☀️#RG17 https://t.co/3kc3njsZfD
860959624740077600,Sat May 06 20:49:05 +0000 2017,RT @WescolaDaily: Paul:"she doesn't wanna take selfies with me,i always try to take selfies with her"  #wescola https://t.co/iFFh6atDfV
860959209864745000,Sat May 06 20:47:26 +0000 2017,RT @WescolaDaily: Q:Could you describe one another in one word  P:Maybe just like a nickname.. CandiCola C:but now it's CandiKing P:nah Can…
860948055448801300,Sat May 06 20:03:06 +0000 2017,RT @Wesleywski: He really cant help himself https://t.co/IBlVeRf2uY
830847642657763300,Sun Feb 12 18:34:49 +0000 2017,RT @mweill: Interview exclusive du champion du monde de la connerie. Catégorie poids lourd. https://t.co/GyQ7XZC9MB
829472202038861800,Wed Feb 08 23:29:18 +0000 2017,RT @GrdJournal: #aulnaysousbois "Introduire un objet dans le sexe ou dans l'anus, ce n'est pas qu'une violence, c'est un viol." Dupond-More…
804706883948998700,Fri Dec 02 15:20:46 +0000 2016,RT @canalplus: Arnaud @Tsamere : "Tout ce que je retiens du bilan de Hollande, c'est qu'avec sa déclaration il aura bien niqué la promo de…
801058652983623700,Tue Nov 22 13:44:00 +0000 2016,RT @Valou12345671: Magnifique!!! Merci💑 https://t.co/PhFqdzvBix
794951179855925200,Sat Nov 05 17:15:05 +0000 2016,RT @FannyR__SS10: Bastien ET Mélanie c'est comme les cornichons dans un hamburger..  Tu sais pas pourquoi ils sont la 😂 #SS10
794887448140595200,Sat Nov 05 13:01:50 +0000 2016,Bastien n'est rien d'autre qu'un MINABLE !! #abruti#minable#pathétique#narcissique#pauvremec#haine#jalousie#cassetoipauvremec!!#SS10
794852680078397400,Sat Nov 05 10:43:41 +0000 2016,RT @poma26711256: J'espère tellement voir gagné Juju 💪🏆 il le mérite meilleur joueur , drole , gentil @JulienSS10 et de voir la guelle que…
794852393578020900,Sat Nov 05 10:42:32 +0000 2016,RT @FannyR__SS10: Bastien il est hypocrite jusqu'au bout 😂✋ le poète va partir
794589240449527800,Fri Nov 04 17:16:52 +0000 2016,Quand est ce que vous nous débarrasser de ce bon à rien de Bastien ?!😡😡😡#SS10 #pauvremec #jalousie #haine #pitié #pathétique #hypocrite
793950236385439700,Wed Nov 02 22:57:41 +0000 2016,RT @PrttySarahSS10: https://t.co/T3i7S3OaeF • T w e e t •   ✏ - c'est ca que vous appeler Joueur serieux deux gamins mdegoutent  ...   #SS1…
793949757488173000,Wed Nov 02 22:55:47 +0000 2016,RT @Jenn_JRD: Le pacte à 3 pour mettre Julien dans le SAS 😂😂 #SS10 "le suiveur" comme ils disent leur fait si peur? Julien n'a pas leur Tim…
793948067762409500,Wed Nov 02 22:49:04 +0000 2016,Mélanie nominée ?! Bien fait pour ta gueule Bastien !! J'espère que c'est toi qui va sortir, c'est tout ce que tu mérites !! #Bastien #ss10
793908414690762800,Wed Nov 02 20:11:30 +0000 2016,RT @poma26711256: Juju pas nominé donc déjà demi finaliste c'est bon sa !! Prochaine étape la finale puis la victoire 💪🏆 #TeamJulien @Julie…
793908242833432600,Wed Nov 02 20:10:49 +0000 2016,RT @NewsTVreal: Très drôle que la stratégie de Bastien ne marche pas, sa copine est dans le sas avec lui alors qu'il voulait y mettre Julie…
793862494724952000,Wed Nov 02 17:09:02 +0000 2016,Thomas qui scelle un pacte avec Darko et Bastien pour sortir Julien ?! Vous serez les premiers à dégager de la maison !! #pathétique #ss10
793538016128139300,Tue Nov 01 19:39:40 +0000 2016,Bastien tu n'es rien d'autre qu'un pauvre mec sans aucunes valeurs !! J'en peux plus de ta tête !! #hypocrite #lâche #BastienSS10 #ss10
793537507522711600,Tue Nov 01 19:37:39 +0000 2016,RT @Lola6910: " Bastien a peut être trouvé un autre pigeon pour voler avec lui mais ce sera pas pour moi " 😂😎🕊 @JulienSS10 c'est un Killer…
793537320834170900,Tue Nov 01 19:36:55 +0000 2016,RT @NewsTVreal: Julien restera un bien meilleur joueur que toi Bastien, rien que pour sa loyauté quelque chose que tu ne connais pas. #SS10
793536747552596000,Tue Nov 01 19:34:38 +0000 2016,RT @Lola6910: Bastien et maintenant Darko qui s'acharnent sur @JulienSS10 😡 Laissez le tranquille, il est au-dessus de vous Julien 🙌🏻 #SS10
793536745912623100,Tue Nov 01 19:34:38 +0000 2016,RT @SecretNewsOff: Julien : "A moins d'être un pigeon, ça ne s'arrangera pas avec Bastien !" Bien dit Julien 👏 #SS10
793516941382193200,Tue Nov 01 18:15:56 +0000 2016,Mélanie arrêtes de te faire manipuler par ton mec !! Bastien casse toi tu sers à rien ici !! #pathétique #SS10
793516598200037400,Tue Nov 01 18:14:34 +0000 2016,Darko redescend d'un cran !! Arrêtes de te prendre pour un grand joueur !! #pathétique #darko #SS10
791729247446499300,Thu Oct 27 19:52:16 +0000 2016,Julien a fait le lâche ?! C'est une blague !! Le lâche c'est toi Bastien, tu assumes même pas tes propres choix !! #Pathétique #SS10
790657790935171100,Mon Oct 24 20:54:41 +0000 2016,Non mais Bastien qui ose dire que Julien n'a plus sa place dans ss10 c'est du foutage de gueule..C'est lui qui mérite de sortir !!!😡😡😡#SS10
786981764933779500,Fri Oct 14 17:27:28 +0000 2016,Comme il est gentil ce Thomas !!#SS10
786974109561479200,Fri Oct 14 16:57:03 +0000 2016,Darko si seulement tu savais à quel point tu es pathétique ! #SS10
783720014130085900,Wed Oct 05 17:26:26 +0000 2016,Non mais Mélanie vas te pendre c'est toi la meuf pathétique ! Tu te rabaisses à une meuf de 20 ans ! #ridicule #pathétique #SS10
774982312840794100,Sun Sep 11 14:45:56 +0000 2016,RT @alizecornet: #NeverForget #11September2001 🙏
764388883937329200,Sat Aug 13 09:11:26 +0000 2016,RT @julienbenneteau: Et après on dit que les joueurs de tennis ne sont pas concernés par les JO..... https://t.co/Kbbdyiug4g
764210455397228500,Fri Aug 12 21:22:25 +0000 2016,Dégoûtée ...j'y croyais ! dommage #GaelMonfils
762696812713111600,Mon Aug 08 17:07:45 +0000 2016,RT @AymericBonnery: On se pose quand la question des moyens qu'on apporte aux sports olympique avant de critiquer l'absence de médailles..…
762696780383395800,Mon Aug 08 17:07:37 +0000 2016,RT @AymericBonnery: Y en a marre de voir des athlètes de haut niveau francais bosser à Décathlon avant de s'entraîner #RioOlympics2016
757695321518538800,Mon Jul 25 21:53:36 +0000 2016,RT @SterolineTeam: https://t.co/kjVrSHs63f
757675769766285300,Mon Jul 25 20:35:55 +0000 2016,RT @SterolineTeam: Captains.   #SterolineJuneWedding https://t.co/vXpnkI1Cdu
757675648265687000,Mon Jul 25 20:35:26 +0000 2016,RT @SterolineTeam: https://t.co/xeR3d0eYO0
757675638060875800,Mon Jul 25 20:35:23 +0000 2016,RT @SterolineTeam: "We're getting married in June."  #SterolineJuneWedding https://t.co/tAGB1h9aCL
753793492434972700,Fri Jul 15 03:29:08 +0000 2016,RT @mikasounds: Nice; Une autre attaque lâche, comme tirer dans le dos de quelqu'un, quelle honte.
752266647927488500,Sun Jul 10 22:21:59 +0000 2016,RT @JalilLespert: 😭😭😭😭😭 bravo les bleus pour cet euro. Vous avez été énormes! Generation monstrueuse!! Que du bon pour l'avenir!! Allez les…
752264921296019500,Sun Jul 10 22:15:08 +0000 2016,Le Portugal a juste de la chance d'avoir un super gardien de but #Euro2016Finale  sinon les bleus les auraient largement  battus
752263946149789700,Sun Jul 10 22:11:15 +0000 2016,#Euro2016Finale la grosse blague !! Les bleus ils ont gagnés tous leurs matchs et les portugais ils ont fait de la merde ... Rien a dire 😡😡😡
752263591106052100,Sun Jul 10 22:09:51 +0000 2016,Dégoûtée c'est carrément du vol !! Ils ont joués comme de la merde --" c'est les bleus qui auraient dû gagner ils l'ont largement mérité !
752244890218668000,Sun Jul 10 20:55:32 +0000 2016,RT @AymericBonnery: Putain 😡😡😡 on les domine tellement. Merde ça va rentrer !! #FRAPOR
718503066023104500,Fri Apr 08 18:17:34 +0000 2016,Génial On va à Rio !! #water-polo
712423656941604900,Tue Mar 22 23:40:10 +0000 2016,RT @LoicSS9Off: Je reste sans mots.  https://t.co/hwUO5voe8z
712209996675731500,Tue Mar 22 09:31:10 +0000 2016,RT @courauclotilde: Ils veulent tout detruire et semer la terreur jusqu au bout ... #TousUnisContrelaHaine
712208945369247700,Tue Mar 22 09:26:59 +0000 2016,RT @Willy_Rovelli: Pensées pour nos amis Belges...
709040056913100800,Sun Mar 13 15:34:57 +0000 2016,Allez allez Martin Fourcade !!! 🙏🏾🙏🏾🙏🏾
693849557805994000,Sun Jan 31 17:33:20 +0000 2016,RT @SAGawards: #EddieRedmayne congratulates #AliciaVikander! @danishgirlmov #sagawards🎭 https://t.co/NPEJU8iYSy
679783539949334500,Wed Dec 23 22:00:00 +0000 2015,RT @lauriecholewa: LOIC!!!!! #DALSFinale #TF1
679783301771608000,Wed Dec 23 21:59:03 +0000 2015,RT @manonpalmer: LOÏC !!! #dals #nocommentneeded
665869770412171300,Sun Nov 15 12:31:39 +0000 2015,RT @Tof_Beaugrand: Ce soir, passez du temps avec vos familles, dites à vos proches que vous les aimez. Ne nous laissons pas terroriser et c…
665522529843421200,Sat Nov 14 13:31:50 +0000 2015,RT @LeHuffPost: Le récit glaçant d'un journaliste rescapé de la tuerie du Bataclan https://t.co/JpVfjhqsQx https://t.co/znnvQRgwGs
665462552353243100,Sat Nov 14 09:33:30 +0000 2015,RT @horizoimages: "Un homme qui déclare la guerre à l'innocent, déclare la guerre à l'humanité tout entière." #ParisAttacks @Paris https://…
665326027640406000,Sat Nov 14 00:31:00 +0000 2015,RT @ThomasMaurion: HORREUR ABSOLUE. Sous le choc. On a basculé.
665307117939724300,Fri Nov 13 23:15:52 +0000 2015,RT @SCouasnonBFM: "C'est une attaque contre l'humanité" Obama
665307017427492900,Fri Nov 13 23:15:28 +0000 2015,RT @Jmdumontet: Desolé les Barbares, les démocraties gagneront. La France est forte. Nos pensées aux victimes face à ces actes inhumains
665306920979439600,Fri Nov 13 23:15:05 +0000 2015,RT @EsinAkdgn: Terrorism has no religion. Pass it on. #PARIS
665305546824749000,Fri Nov 13 23:09:37 +0000 2015,RT @StevenBellery: .@fhollande déclenche l’état d’urgence sur l’ensemble du territoire et la fermeture des frontières #fusillade
665305505024241700,Fri Nov 13 23:09:27 +0000 2015,RT @lauriecholewa: "Face à la terreur la France doit être forte..." #Hollande
665305326833541100,Fri Nov 13 23:08:45 +0000 2015,RT @CNN: Obama on #Paris: This is an attack on all of humanity, &amp; the universal values that we share https://t.co/GrAYxBgKzK https://t.co/4…
665305141709402100,Fri Nov 13 23:08:01 +0000 2015,RT @Variety: President @BarackObama: Paris explosions and shootouts are "attack on all of humanity" https://t.co/LJgnifTKBy https://t.co/Tt…
665305001036763100,Fri Nov 13 23:07:27 +0000 2015,RT @HistoiredeFr: Terroristes, sachez-le : la France est debout, la France est fière, la France ne pliera pas ! #fusillade #TousUnis https:…
665302116030881800,Fri Nov 13 22:55:59 +0000 2015,RT @Gabriel_Mann: #PrayForParis  https://t.co/THnF7ouRfe
665301798614384600,Fri Nov 13 22:54:44 +0000 2015,RT @RKaroutchi: Valls accuse Sarkozy d'aggraver la crise de l'autorité de l'Etat.On rêve!Qui gouverne?Hollande et Valls se défaussent de to…
665301331750617100,Fri Nov 13 22:52:52 +0000 2015,RT @GuillaumeLegt: Le premier à s'exprimer sur la situation n'est ni Hollande, ni Valls, ni Cazeneuve, mais Barack Obama.
665299996816883700,Fri Nov 13 22:47:34 +0000 2015,RT @TillTheEnd__: Si on réplique, c'est pas pour dire mais ça pue une troisième guerre mondiale... #fusillade #PrayForParis
665299933168140300,Fri Nov 13 22:47:19 +0000 2015,RT @thivollement: #PrayForParis nous ne nous laisserons jamais abattre.🇫🇷
665299212838551600,Fri Nov 13 22:44:27 +0000 2015,RT @raulson_: Ces terroristes sont totalement inhumains, j'ai mal pour mon pays.. #PrayForParis
665295980120666100,Fri Nov 13 22:31:36 +0000 2015,RT @salomettte: Pour que #charlie ait servi à quelque chose, pitié, temoins en panique au tel en direct avec @itele : ne divulguez pas les …
665293860680179700,Fri Nov 13 22:23:11 +0000 2015,RT @ThomasMaurion: Horrifié.
665292540661342200,Fri Nov 13 22:17:56 +0000 2015,RT @BensettiRayane: Dans L'incompréhension et sous le choc total !Pourquoi tant de cruautés ?!!😔😔 Courage aux victimes et à leurs familles …
665292506200977400,Fri Nov 13 22:17:48 +0000 2015,RT @SophiaBush: Thinking of everyone in Paris ... Police in #Paris are urging people to remain indoors right now. If you are safe, stay whe…
665290908263387100,Fri Nov 13 22:11:27 +0000 2015,Vive la connerie humaine ! #honte #fusillades
665290685701075000,Fri Nov 13 22:10:34 +0000 2015,30 morts !! Comment peut-on tuer des gens sans aucunes raisons ?! #fusillades #choquée #horreur
665290355877769200,Fri Nov 13 22:09:15 +0000 2015," Je suis Paris " photo de eva.marion https://t.co/5FBUiVOixZ
665289073796513800,Fri Nov 13 22:04:10 +0000 2015,RT @ceruttiofficiel: Indignité, colère, sans voix #fusillades #paris #stadedefrance #maispourquoi
665288978933915600,Fri Nov 13 22:03:47 +0000 2015,RT @OneRepublic: We were staying next to the Charlie Hebdo offices until this morning where there are now hostages.  This is unbelievable. …
665288966850142200,Fri Nov 13 22:03:44 +0000 2015,RT @mikasounds: Just landed in Paris amidst all the confusion, bombings and attacks. It's horrible
665288907173584900,Fri Nov 13 22:03:30 +0000 2015,RT @MichaelYoun: L'année 2015 termine comme elle avait commencé... dans l'horreur et la barbarie.
665288771311677400,Fri Nov 13 22:02:58 +0000 2015,RT @tsamere: Sans voix, sans mots, choqué depuis NYC où je visitais le mémorial du 11/09 ce matin. Triste ironie
665286596560863200,Fri Nov 13 21:54:19 +0000 2015,Le terrorisme est la nouvelle guerre ... !!!
665286377349713900,Fri Nov 13 21:53:27 +0000 2015,L'année 2015 commence avec l'attentat Charlie Hebdo et se termine (enfin j'espère) avec ces fusillades !! STOP !!
665286001313607700,Fri Nov 13 21:51:57 +0000 2015,Horreur ! Je prie pour tous ces gens qui sont morts, blessés ... Mon soutient envers les forces de l'ordre !! #fusillades #Paris
665284058239385600,Fri Nov 13 21:44:14 +0000 2015,RT @BienVoyager: #fusillade Comme une envie de pleurer de nouveau et d'hurler ma rage. Notre France  meurt sous les balles...
665283761811099600,Fri Nov 13 21:43:03 +0000 2015,RT @Viken_Fut: 2015 a commencé avec Charlie Hebdo c'était pas obligé que ça termine avec ça... #fusillade
665283681590845400,Fri Nov 13 21:42:44 +0000 2015,RT @Orlane_Davenel: Donc notre cher président de la République est évacué suite aux fusillades mais les gens présent au stade eux non? #fus…
665283544592351200,Fri Nov 13 21:42:12 +0000 2015,RT @Paulinee_drt: Une fois de plus je pense aux forces de l'ordre qui ce soir encore vont risquer leurs vies pour la notre.  #fusillade
665283462413307900,Fri Nov 13 21:41:52 +0000 2015,RT @REMS_NADEUGE: Dans quel monde vit-on ?!!! #fusillade
665283323732869100,Fri Nov 13 21:41:19 +0000 2015,RT @TF1_NMA: L'année 2015 a commencée par un attentat ! L'année 2015 se termine par 3 fusillades! 😰😨😱💥 ! Pensées aux victimes et familles! …
665282976096387100,Fri Nov 13 21:39:56 +0000 2015,RT @antoinedecaunes: Oubliez le vendredi 13, ce soir la trouille n'est pas sur les écrans.#fusillade #bataclan
665282910925267000,Fri Nov 13 21:39:40 +0000 2015,RT @LeilaBenKhalifa: On est nul part à l'abri😱 attentat,fusillade et tt juste à côté d studios! Quand je vs dis que le terrorisme est la nl…
665282852649623600,Fri Nov 13 21:39:27 +0000 2015,RT @Ju_Arnaud: Le cauchemar recommence. Soirée d'horreur.
665282834484109300,Fri Nov 13 21:39:22 +0000 2015,RT @Daphne_Burki01: L'effroi
665282822609834000,Fri Nov 13 21:39:19 +0000 2015,RT @lauriecholewa: Au moins 18 morts.. Prise d'otages au bataclan! C'est pas possible!!!
664875196382318600,Thu Nov 12 18:39:34 +0000 2015,#ss9taquin
662796352464793600,Sat Nov 07 00:58:59 +0000 2015,Je suis déçue , je voulais Émilie Rémi Loïc et Mélanie ! #SS9
662795648035631100,Sat Nov 07 00:56:11 +0000 2015,What ?! C'est quoi ce délire ! John en finale ? J'ai rien contre lui mais bon il faisait pas parti de mon carré final .. #ss9
662781580293877800,Sat Nov 07 00:00:17 +0000 2015,Loïc tu me déçois la ! Mélanie elle a fait passer l'amitié avant tout ... Tout ça pour aller voir Julie ! Beurk !!! #SS9
662344861425770500,Thu Nov 05 19:04:55 +0000 2015,4 ! Loïc "tu es aussi belle qu'un but a la 90 eme minute !" Il m'a tuée !! #teamloic #ss9
661607310586957800,Tue Nov 03 18:14:09 +0000 2015,Mélanie faut vraiment que tu te calme avec Loïc ! #SS9
661600271966060500,Tue Nov 03 17:46:11 +0000 2015,Loïc il me fait trop rire !! #SS9
661594342184919000,Tue Nov 03 17:22:37 +0000 2015,Ben dis donc la Melanie c'est une sacrée rancunière !! Tu ça parce que son orgueil en a pris un coup ... Pathétique ! #ss9
661580542173970400,Tue Nov 03 16:27:47 +0000 2015,Son orgueil en a pris un coup quand Loïc l'a délaissé ... Depuis elle est infecte lui ! Remets toi en questions avant de faire chier ! #ss9
661579468901892100,Tue Nov 03 16:23:31 +0000 2015,Comme dit John "elle est née énervée !" Meuf respire un peu #ss9
661579295018586100,Tue Nov 03 16:22:50 +0000 2015,Qu'elle arrête de tout le temps d'en prendre à Loïc ! #ss9
661579121408000000,Tue Nov 03 16:22:08 +0000 2015,J'adore Melanie mais la elle commence sérieusement à me saouler ! Qu'elle arrête de faire la gueule tout le temps ... #SS9
661336655438155800,Tue Nov 03 00:18:40 +0000 2015,Watchtower of Turkey https://t.co/Tz4oO4Zs57 via @YouTube Superbe video !
660975387137192000,Mon Nov 02 00:23:07 +0000 2015,J'aimerai une machine à remonter le temps !!
656890454470991900,Wed Oct 21 17:51:03 +0000 2015,Loïc et Julie en couple ?! La blague ... Dès qu'elle sera partie il ira retrouver Mélanie !#SS9
656885933082595300,Wed Oct 21 17:33:05 +0000 2015,Quand est ce que que Julie se casse ?! J'en peux plus de Loïc et elle ... #ss9
656523916106727400,Tue Oct 20 17:34:33 +0000 2015,J'adore Aymirc ! Il a totalement raison , Julie c'est trop une fille facile !!! #ss9
653977281422073900,Tue Oct 13 16:55:08 +0000 2015,RT @MeritonEMINI: Jonathan qui dit "Dans ma tête, j'peux même sortir Loic!" Euh.. T'enflamme pas trop John! Tu sors même pas Karisma, alors…
653977179311751200,Tue Oct 13 16:54:44 +0000 2015,RT @LacroixClotilde: John qui dit qu'il sort loïc bah bien sûr mec t'es que à 3% dans les estimations 😂😂 #SS9
653642599039914000,Mon Oct 12 18:45:14 +0000 2015,Coralie avec ces deux toutous, ils sont d'un ridicule ! Vive l'âge mental ! #ss9
653642330839326700,Mon Oct 12 18:44:10 +0000 2015,La chambre du bas vraiment pathétique ! GAMINS #ss9
643478872680497200,Mon Sep 14 17:38:13 +0000 2015,RT @mediathom: "Le mensonge"...dernier sujet du dernier journal de Claire Chazal! Nonce Paolini a bien reçu le message ? #Chazal
643478698851725300,Mon Sep 14 17:37:31 +0000 2015,RT @jeromegodefroy: 10 millions de téléspectateurs pour Claire #Chazal hier soir.  "On la garde si elle fait ses adieux toutes les semaines…
643478415732015100,Mon Sep 14 17:36:24 +0000 2015,RT @seb_Gastard: en 7 ans, deux journalistes des plus populair ont laissés leur place. Patrick Poivre d'Avor en 2008 et claire Chazal en 20…
639733576360181800,Fri Sep 04 09:35:44 +0000 2015,RT @phil_lellouche: Comment peut-on, à ce point-là, perdre une occasion de se taire... https://t.co/1p5Et49KA4
639542898703355900,Thu Sep 03 20:58:03 +0000 2015,RT @EW: Caption this flirty #Scandal GIF with #EWTGIT and we'll share our faves later today! #Gladiators http://t.co/cjKaNtvIVm
630312128042434600,Sun Aug 09 09:38:16 +0000 2015,Vidéo de swimmer.diary https://t.co/pmb2y8F9In Pensées dédiées à Camille Muffat ! #manque
627875062650130400,Sun Aug 02 16:14:14 +0000 2015,3 ans d'affilé que nous sommes les champions du relais 4x100m !
627873151754633200,Sun Aug 02 16:06:39 +0000 2015,Allez les bleus !!!
626874475036995600,Thu Jul 30 21:58:16 +0000 2015,"L'amitié demande beaucoup d'efforts, elle exige surtout de savoir offrir ce que l'on a de plus cher dans la vie: du temps" #friendshipday
626873998014566400,Thu Jul 30 21:56:22 +0000 2015,"L'amitié est une âme en deux corps" #Aristote #Friendshipday
626873358592950300,Thu Jul 30 21:53:50 +0000 2015,"L'amitié c'est la fidélité, et si on me demandait qu'est ce que la fidélité? Je répondrais que c'est la fidélité "#friendshipday
624695345071693800,Fri Jul 24 21:39:11 +0000 2015,Vidéo de gameofthrones_insider https://t.co/OKnPCCBWYU
624695194336804900,Fri Jul 24 21:38:35 +0000 2015,Vidéo de _gameofthrones4ever https://t.co/R8fGA0WgNc
624109367554613200,Thu Jul 23 06:50:43 +0000 2015,RT @EdWestwick: Experience is a brutal teacher, but it's the best way to learn.
620526953796358100,Mon Jul 13 09:35:29 +0000 2015,RT @SterolineTeam: http://t.co/ObITjzlXXM
620526843117047800,Mon Jul 13 09:35:02 +0000 2015,RT @SterolineTeam: http://t.co/fS19kaUg3q
620526730005082100,Mon Jul 13 09:34:35 +0000 2015,RT @SterolineTeam: http://t.co/YIWLCPT9DG
620526510437474300,Mon Jul 13 09:33:43 +0000 2015,RT @SterolineTeam: http://t.co/Fai1dCaUbm
620526449485869000,Mon Jul 13 09:33:29 +0000 2015,RT @SterolineTeam: http://t.co/6hgJrS6ywg
620526373849964500,Mon Jul 13 09:33:11 +0000 2015,RT @SterolineTeam: http://t.co/MCb1ccLWMp
620526331244187600,Mon Jul 13 09:33:00 +0000 2015,RT @SterolineTeam: http://t.co/5tZXPlgk4K
620526188474335200,Mon Jul 13 09:32:26 +0000 2015,RT @SterolineTeam: http://t.co/PDR1GmHPZh
620456704195604500,Mon Jul 13 04:56:20 +0000 2015,RT @forbesmoaks: I could literally stare at this gif forever,they're my favourite people in the world. http://t.co/JaQIyGfHja
620312029006573600,Sun Jul 12 19:21:27 +0000 2015,RT @TVAfterDark: Paul loves to give some awkward moments to Candice especially now that she's married. They are excited for some steroline …
620311615141978100,Sun Jul 12 19:19:48 +0000 2015,RT @Pili_inLA: 😂😍 @paulwesley #SDCC #SDCC15 #WBSDCC #TVD @cwtvd http://t.co/QKGHWok5ZZ
620310873337409500,Sun Jul 12 19:16:51 +0000 2015,RT @lizponce: They asked if Klaus would come back to fight for Caroline Paul said he would have to go through him first #TVD #SDCC http://t…
620310188374016000,Sun Jul 12 19:14:08 +0000 2015,RT @SterolineTeam: Is Paul like Stefan?  Candice: “No.”  Paul: “Wait, what? No wait. I have nothing in common with Stefan."
620310152240099300,Sun Jul 12 19:13:59 +0000 2015,RT @SterolineTeam: Candice’s similarities with Caroline: “Party planning.”  Paul says they’re both lovely. Awwwww.
620307141619003400,Sun Jul 12 19:02:01 +0000 2015,RT @SterolineTeam: [PHOTO] Paul and Candice at #SDCC http://t.co/efBDFmyA9i
620221702291783700,Sun Jul 12 13:22:31 +0000 2015,RT @SterolineTeam: http://t.co/VBLkyYpULu
620221469285613600,Sun Jul 12 13:21:36 +0000 2015,RT @SterolineTeam: http://t.co/VaG4NdHFeZ
620221438591692800,Sun Jul 12 13:21:28 +0000 2015,RT @SterolineTeam: http://t.co/3E6pv5t3XO
620221398737399800,Sun Jul 12 13:21:19 +0000 2015,RT @SterolineTeam: http://t.co/1jOSc9hZBk
620221235528663000,Sun Jul 12 13:20:40 +0000 2015,RT @SterolineTeam: http://t.co/cu3oYsq4si
620221156524707800,Sun Jul 12 13:20:21 +0000 2015,RT @SterolineTeam: http://t.co/wfU38Rgx2p
620221101495459800,Sun Jul 12 13:20:08 +0000 2015,RT @SterolineTeam: http://t.co/gtc6ckw4LX
620221050421411800,Sun Jul 12 13:19:56 +0000 2015,RT @SterolineTeam: http://t.co/7jRgXDCgtx
620221002254032900,Sun Jul 12 13:19:44 +0000 2015,RT @SterolineTeam: http://t.co/f2BIStxsAS
620220991986376700,Sun Jul 12 13:19:42 +0000 2015,RT @SterolineTeam: http://t.co/l9Zp3aA6pd
618406711313985500,Tue Jul 07 13:10:24 +0000 2015,Allez Novak !!!
616263376591786000,Wed Jul 01 15:13:33 +0000 2015,Fraîcheur et gourmandise !! https://t.co/s3JdVEDEHk
607595950140440600,Sun Jun 07 17:12:17 +0000 2015,RT @manonpalmer: Djoko.. Wawrinka.. Deux grands hommes.. #respectmutuel #beauàvoir
607590893416280000,Sun Jun 07 16:52:12 +0000 2015,Vient de publier une photo https://t.co/wrPoDV9Znh
607590514175688700,Sun Jun 07 16:50:41 +0000 2015,Bravo Stan ! #victoire #rolandgarros #2015 https://t.co/vjlsaxOPvR
607584833351655400,Sun Jun 07 16:28:07 +0000 2015,Match hallucinant !! Bravo a @stanwawrinka ! Déçue pour @DjokerNole
606812269960396800,Fri Jun 05 13:18:13 +0000 2015,Allez @stanwawrinka  !!! 👍
605829148523659300,Tue Jun 02 20:11:39 +0000 2015,Fini les exams !! Bientôt les vacances ^^
605115915060015100,Sun May 31 20:57:31 +0000 2015,Roland Garros - VIDÉO – Monfils-Federer (3-6, 6-4) : Le Français revient à une manche partout http://t.co/Lh85BnilkR via @FrancetvSport
605051528660066300,Sun May 31 16:41:40 +0000 2015,A voir sur Francetvsport : Monfils-Federer, des "super potes" qui ne se feront pas de cadeaux  http://t.co/IumoCRyal1
604969050352054300,Sun May 31 11:13:56 +0000 2015,RT @JakePagan_: Gael Monfils will beat Federer
604695297613262800,Sat May 30 17:06:08 +0000 2015,Roland Garros - Vidéo : Mauresmo s'explique sur son choix d'entraîner Murray | francetv sport http://t.co/JmFTVD8gHu via @FrancetvSport
604693348713144300,Sat May 30 16:58:23 +0000 2015,Roland Garros - VIDÉO – Monfils-Schwartzman (4-6, 6-4, 4-6, 2-2) : http://t.co/dWpsfo6Ad8 via @FrancetvSport
604688915774222300,Sat May 30 16:40:46 +0000 2015,Roland Garros - VIDÉO – Cornet- Lucic-Baroni (4-6 ; 6-3, 7-5) : http://t.co/fhPDAsCWTt via @FrancetvSport
604688266030411800,Sat May 30 16:38:11 +0000 2015,Roland Garros - VIDEO - La réaction de Roger Federer après son succès sur Dzumhur | francetv sport http://t.co/o5XEKqdfbv via @FrancetvSport
604687014605242400,Sat May 30 16:33:13 +0000 2015,Roland Garros - VIDÉO – Monfils-Cuevas (4-6, 5-4) : | francetv sport http://t.co/WbjthIORdi via @FrancetvSport
604686813828161500,Sat May 30 16:32:25 +0000 2015,Roland Garros - VIDÉO – Paire-Berdych (1-6, 6-6 [5-7], 3-6, 4-5) :  | francetv sport http://t.co/aIYqXyX8pZ via @FrancetvSport
604686070203203600,Sat May 30 16:29:28 +0000 2015,Roland Garros - VIDÉO – Monfils-Cuevas (4-6, 7-6 [7-1], 3-6, 6-4, 6-3) :  | francetv sport http://t.co/ev5iqpMzoj via @FrancetvSport
604685520392884200,Sat May 30 16:27:17 +0000 2015,Roland Garros - VIDÉO – Monfils-Cuevas (4-6, 7-6 [7-1], 3-6, 6-4, 6-3) :  | francetv sport http://t.co/1XXfBAQTBE via @FrancetvSport
604685302746218500,Sat May 30 16:26:25 +0000 2015,Roland Garros - VIDÉO – Murray-Kyrgios (6-4, 6-2, 6-3) : | francetv sport http://t.co/Wx5GhX0EC9 via @FrancetvSport
604602181082333200,Sat May 30 10:56:07 +0000 2015,Allez @andy_murray  !!
604361917394718700,Fri May 29 19:01:24 +0000 2015,Bravo @gael_monfils quel beau match !! Et le magnifique retournement de situation ! Vivement dimanche… https://t.co/RlzDYXMtJl
604318076830634000,Fri May 29 16:07:11 +0000 2015,Je croise les doigts pour mes petits chouchous ! Allez @Gael_Monfils @benoitpaire
604251987920703500,Fri May 29 11:44:35 +0000 2015,Quel beau match ! Bravo @alizecornet !!
604002239091462100,Thu May 28 19:12:10 +0000 2015,Allez berlocq !!! 👍 Au diable Richard Gasquet !
602873671858974700,Mon May 25 16:27:38 +0000 2015,Trop heureuse mon chouchou vient de gagner son match #gaelmonfils #RolandGarros
592068613970010100,Sat Apr 25 20:52:12 +0000 2015,@lilian_renaud et @Zazieonline chante la plus belle des chansons de Jean Jacques Goldman ! Pure merveille !! #TheVoice
589535524416835600,Sat Apr 18 21:06:36 +0000 2015,Votez come #TheVoice
586621504181444600,Fri Apr 10 20:07:20 +0000 2015,Je suis éclatée devant #LesEnfantsDeLaTele !! 😂😂😂
585078819620552700,Mon Apr 06 13:57:15 +0000 2015,RT @nikosaliagas: « Si tu veux être aimé, aime.  » Sénèque
583014908306038800,Tue Mar 31 21:16:00 +0000 2015,Yannick Agnel sur RTL :"Camille Muffat était notre grande soeur" - 30/03: https://t.co/5Uhdc1puB2 via @YouTube
582967686621204500,Tue Mar 31 18:08:22 +0000 2015,Yannick Agnel: «Camille Muffat était plus que quelqu’un d’im­por­tant pour moi» http://t.co/349C4tpNrf
582945597323350000,Tue Mar 31 16:40:35 +0000 2015,RT @EurosportCom_FR: "A Camille", l'hommage d'Eurosport à Camille Muffat http://t.co/lSFeoeve0f http://t.co/Yh9TdfCwlY
582945471527804900,Tue Mar 31 16:40:05 +0000 2015,http://t.co/YPtBAZTz3H via @EurosportCom_FR
582805835534962700,Tue Mar 31 07:25:13 +0000 2015,RT @FFNatation: #Vidéo Yannick Agnel va nager pour Camille Muffat http://t.co/bG9ROeYq0h cc @YannickAgnel @encoreunJCohen http://t.co/gF3aN…
582665042186907600,Mon Mar 30 22:05:46 +0000 2015,RT @RMCsport: Exclu @RMCsport - Yannick Agnel : «Camille était plus que quelqu’un d’important pour moi» http://t.co/jcSd9HX53o
582664724833288200,Mon Mar 30 22:04:30 +0000 2015,RT @FFNatation: Yannnick Agnel : "Transformer la douleur en force" A l’occasion des traditionnels points presse... http://t.co/NiggmB2QF6
582664701970149400,Mon Mar 30 22:04:24 +0000 2015,RT @FFNatation: [VIDÉO YANNICK AGNEL VA NAGER POUR CAMILLE MUFFAT]  A la veille du début des championnats de France de Limoges,... http://t…
582664625667366900,Mon Mar 30 22:04:06 +0000 2015,RT @RTLFrance: "De là-haut, Camille Muffat veille sur nous" : @YannickAgnel avec @FogielMarcO dans #RTLSoir #Limoges2015 http://t.co/5VIJ7W…
582664341230604300,Mon Mar 30 22:02:58 +0000 2015,RT @diamsnews_fr: Yannick Agnel se confie sur le décès de Camille Muffat : "Elle était plus que quelquun dim… http://t.co/QFKfJCaZWd http:/…
582664129997074400,Mon Mar 30 22:02:08 +0000 2015,RT @RMCsport: Exclu - Yannick Agnel sur Camille Muffat : « Il faut que sa disparition devienne une force » http://t.co/ed76dlfCmw
582609470775259100,Mon Mar 30 18:24:56 +0000 2015,RT @FFNatation: .@YannickAgnel : "Transformer la douleur en force" http://t.co/ywolIoU450 #CamilleMuffat #RIP #Hommage http://t.co/irofQWnk…
581111105038225400,Thu Mar 26 15:10:58 +0000 2015,Vient de publier une photo https://t.co/HH6SQ8otC7
579396601623527400,Sat Mar 21 21:38:09 +0000 2015,Alors la c'est bon jennifer m'a dessus !!! Je l'aime déjà pas , mais alors la je la déteste !! Elle y connaît rien a la musique ! #thevoice
577577370116317200,Mon Mar 16 21:09:10 +0000 2015,RT @nicolas88batum: J'espère qu'il existe une place pour les champions au paradis. Totalement abattu par ce drame.
577120176912629800,Sun Mar 15 14:52:27 +0000 2015,RT @YannickAgnel: Pas elle ...
576485405744341000,Fri Mar 13 20:50:05 +0000 2015,On devrait interdire a Amel Bent de chanter tellement c'est un massacre !!!
575210753021644800,Tue Mar 10 08:25:05 +0000 2015,Rip #CamilleMuffat #AlexisVastine #Arthaud ... Tragédie !
575193132121333760,Tue Mar 10 07:15:03 +0000 2015,RT @tsamere: Tellement choqué... #crash #argentine
574984831991414800,Mon Mar 09 17:27:21 +0000 2015,Non mais Aicha trop une pétasse ! #lesreinesdushopping
574515408184696800,Sun Mar 08 10:22:01 +0000 2015,Une jolie rose pour la journée  de la femme ! ❤️ Bonne fête a toutes les femmes https://t.co/GXdCZz0TfU
573943754433904640,Fri Mar 06 20:30:29 +0000 2015,Allez Gaël vas y défonce le !! https://t.co/O73vuJlDmk
569611125593116700,Sun Feb 22 21:34:09 +0000 2015,Imitation game , Superbe film , histoire absolument fascinante !!
569274872398024700,Sat Feb 21 23:18:00 +0000 2015,RT @GrGrPrZ: Joyce Bibring !! Voilà !… Depuis le temps que je cherchais le nom de la fille des pubs Crédit Mutuel… Merci @ONPCofficiel #ONPC
553981323896160260,Sat Jan 10 18:26:54 +0000 2015,RT @lebonlebon: À demain tous! #ilovecharlie http://t.co/eOWqE4xSq2
553655127748669440,Fri Jan 09 20:50:43 +0000 2015,RT @nikosaliagas: "La plus grande gloire dans la vie ne réside pas dans le fait de ne jamais tomber, mais dans celui de se relever à chaque…
553501582315495400,Fri Jan 09 10:40:35 +0000 2015,RT @toby_regbo: Sans humour on n'est rien du tout.
553500270089760800,Fri Jan 09 10:35:22 +0000 2015,RT @NewYorker: The cover of next week’s issue, by Ana Juan: http://t.co/ZRpEtN1BcG  #JeSuisCharlie http://t.co/Ejl3c7wBaY
553500242155700200,Fri Jan 09 10:35:15 +0000 2015,RT @lebonlebon: À vos crayons, la France a aussi besoin d'amour. #ilovecharlie #jesuischarlie http://t.co/qIMqD8eoOK
552913136458944500,Wed Jan 07 19:42:19 +0000 2015,RT @GrdJournal: "Vous avez voulu tuer #CharlieHebdo, vous l'avez rendu immortel" Hommage à la mobilisation des twittos ce soir #JeSuisCharl…
552912709214548000,Wed Jan 07 19:40:37 +0000 2015,RT @Elysee: #DirectPR @fhollande "La liberté sera toujours plus forte que la barbarie."
552912641975681000,Wed Jan 07 19:40:21 +0000 2015,RT @Elysee: "Ces hommes, cette femme, sont morts pour l'idée qu'ils se faisaient de la France, c'est-à-dire pour la liberté." @fhollande #D…
552912415869120500,Wed Jan 07 19:39:27 +0000 2015,RT @guillaumecanet: Sous le choc... Toutes mes pensées aux victimes et leurs proches. #CharlieHebdo
552911970681520100,Wed Jan 07 19:37:41 +0000 2015,RT @Chab_: Des milliers de personnes rassemblées place Kléber à #Strasbourg #jesuischarlie http://t.co/ci9WLhhRLu
552911775629602800,Wed Jan 07 19:36:54 +0000 2015,RT @florentpeyreoff: Ttes mes pensées vont vers ces fervents Défenseurs de la liberté d expression, qui m ont tjrs tellement fait rire, ain…
552911639226617860,Wed Jan 07 19:36:22 +0000 2015,RT @gustaveparking: Ils ont voulu tuer Charlie, ils l'ont rendu indispensable.
552911612588605440,Wed Jan 07 19:36:15 +0000 2015,RT @GrdJournal: "C'est la liberté qu'on voulait tuer, c’est la vie qu’ils veulent tuer" Richard Malka, avocat de #CharlieHebdo http://t.co/…
552911510293717000,Wed Jan 07 19:35:51 +0000 2015,RT @MichaelYoun: Cabu, Charb, Tignous, et Wolinski sont morts parce qu'ils représentaient la vie... dans sa plus noble expression.
552911424255983600,Wed Jan 07 19:35:30 +0000 2015,Personne ne nous prendra le droit a la liberté d'expression !!! #CharlieHebdo #resistance
552890186447994900,Wed Jan 07 18:11:07 +0000 2015,RT @MichaelYoun: Dés demain, abonnez-vous tous à @Charlie_Hebdo_! Pour que ceux qui ont voulu tuer Charlie le rendent en fait immortel...
552889976271425540,Wed Jan 07 18:10:17 +0000 2015,RT @GrdJournal: "@BarackObama dénonce un acte lâche, une attaque diabolique et rappelle que les États-Unis et la France sont unis" @lauhaim…
552878991129186300,Wed Jan 07 17:26:38 +0000 2015,RT @GrdJournal: "Vous avez encore envie de dessiner ?" "Encore PLUS !" @plantu  18h15 &gt; l’émission spéciale #JeSuisCharlie maintenant http:…
552867131474608100,Wed Jan 07 16:39:30 +0000 2015,RT @OneRepublic: So sorry to the people of France for what happened today in Paris.  Scary &amp; heartbreaking
552867017028816900,Wed Jan 07 16:39:03 +0000 2015,RT @RPersonnazoff: http://t.co/jA6FQMmdsT
552866964205744100,Wed Jan 07 16:38:50 +0000 2015,RT @ThomasMaurion: Écrivez, dessinez, parlez, riez, RÉSISTEZ ! #CharlieHebdo #JeSuisCharlie
552866907968532500,Wed Jan 07 16:38:37 +0000 2015,RT @MichaelYoun: Rassure-toi @jean_jullien, n'en déplaise aux barbares... Charlie Hebdo n'est pas mort! http://t.co/3w2NG54Xb5
552866834840838140,Wed Jan 07 16:38:19 +0000 2015,RT @regismailhot: Adieu compagnons d'armes. il est grand temps d'entrer tous en #resistance #CharlieHebdo
552866655748243460,Wed Jan 07 16:37:37 +0000 2015,RT @OmarSy: Mes pensées vont aux victimes et à leurs proches ... #CharlieHebdo http://t.co/uBy1N84U2r
552866585829204000,Wed Jan 07 16:37:20 +0000 2015,RT @TeleLoisirs: Attentat à Charlie Hebdo : les dessinateurs s’expriment  http://t.co/iszQ6ourJU http://t.co/sKcedOu6DR
552866561154101250,Wed Jan 07 16:37:14 +0000 2015,RT @levrailambert: Ils étaient drôles, ils étaient libres, ils étaient intelligents, ils étaient courageux. Moi j'appelle ça des héros #Cha…
552866518028267500,Wed Jan 07 16:37:04 +0000 2015,RT @MichaelYoun: http://t.co/2jC6t6aTZu
552866481256824800,Wed Jan 07 16:36:55 +0000 2015,RT @AymericBonnery: Quel horreur ! Moi ça me retourne cette histoire.. C'est le nouvel aspect de la guerre.. Le terrorisme partout tt le tp…
552866406321360900,Wed Jan 07 16:36:37 +0000 2015,RT @MichaelYoun: Cabu, Charb, Tignous, et Wolinski. C'est Plantu qui doit se sentir bien seul ce soir.  La satire française assassinée le 7…
552866110996230140,Wed Jan 07 16:35:27 +0000 2015,RT @antoinedecaunes: Ce soir au #LGJ, édition spéciale dès 18h15 #JeSuisCharlie http://t.co/zfLO5s0qLM
552865949440049150,Wed Jan 07 16:34:48 +0000 2015,RT @MichaelYoun: À mon ami George Wolinski... lâchement assassiné pour des dessins faits avec des crayons de couleur. http://t.co/QOr6B5WGOj
552865783341408260,Wed Jan 07 16:34:09 +0000 2015,RT @F_Cardinal: RT @BFMTV: Hommage de notre dessinateur @na_dessinateur aux victimes de #CharlieHebdo http://t.co/Tu3hmbVf6m
546735689505992700,Sun Dec 21 18:35:20 +0000 2014,#marchédenoel#strasbourg#friend http://t.co/JpGk1DBQne
544970317744320500,Tue Dec 16 21:40:23 +0000 2014,RT @courauclotilde: Une femme seule a #Paris http://t.co/VcTv0pxM72
540971508646948860,Fri Dec 05 20:50:33 +0000 2014,Appelez 3637 #telethon2014
539188798996090900,Sun Nov 30 22:46:41 +0000 2014,Je pense a fort a toi ... Je suis certaine que tu es mieux la ou tu es ! RIP louis 💧✨
538812819027001340,Sat Nov 29 21:52:41 +0000 2014,RT @KINZINGERTonya: Pour moi la meilleure danse de la soirée c'est le Jive de @BensettiRayane et @Denitsa_DCS4 👍 💃 ✌️#DALS
538451518782193660,Fri Nov 28 21:57:00 +0000 2014,Qu'elle belle déclaration ! @CamilleLou1789 et @LouisDelortOff
536201147321946100,Sat Nov 22 16:54:50 +0000 2014,Félicitations pour ce très beau match !! @rogerfederer  @stanwawrinka
536187194990686200,Sat Nov 22 15:59:23 +0000 2014,Allez @rogerfederer et @stanwawrinka  mettez leur une raclée !!!
536186595372974100,Sat Nov 22 15:57:00 +0000 2014,J'aime trop les commentateurs suisses m'ont tué " @richardgasquet1 c'est le maillon faible de l'équipe de France " !
535858334751277060,Fri Nov 21 18:12:37 +0000 2014,Trop heureuse victoire de @Gael_Monfils  !!! Dommage pour @rogerfederer ...
530079819170856960,Wed Nov 05 19:30:51 +0000 2014,photo de alexiapetsinis http://t.co/JlvG56bKwv trop bien fait !
529207251819827200,Mon Nov 03 09:43:35 +0000 2014,RT @MichaelYoun: I hate mondays!
522108964528721900,Tue Oct 14 19:37:32 +0000 2014,RT @GrdJournal: "C'est important de garder notre innocence" On ne peut être que d'accord avec #U2auLGJ ! http://t.co/XaxxZGc5gh
520163421225238500,Thu Oct 09 10:46:38 +0000 2014,RT @VogueParis: Retour sur les plus belles réalisations de l'architecte Frank Gehry. http://t.co/nGlLMwTePn http://t.co/ag0aIYwvRp
518102046655143940,Fri Oct 03 18:15:28 +0000 2014,RT @GrdJournal: #LGJ La Nuit Blanche est axée #StreetArt. Vous y retrouverez un artiste berlinois qui reconstruit la ville avec : http://t.…
514842036521152500,Wed Sep 24 18:21:21 +0000 2014,RIP Hervé Gourdel !!
513416659722571800,Sat Sep 20 19:57:25 +0000 2014,Ils sont tous géniaux dans l'équipe de Louis Bertignac !! #TheVoiceKids
512655417579544600,Thu Sep 18 17:32:30 +0000 2014,RT @GrdJournal: « Il s’est fait élire sur l’anti-sarkozysme » @solere92 revient sur l’élection de F. Hollande, dans #LGJ http://t.co/cKLVPS…
512321892167221250,Wed Sep 17 19:27:12 +0000 2014,RT @GrdJournal: On peut retenir le souhait prononcé d’A. Juppé pour la présidentielle 2007. Et vous, vous voteriez pour qui ? #LGJ http://t…
510817972026638340,Sat Sep 13 15:51:09 +0000 2014,On est en final de #DavisCup  !!!
507761041175244800,Fri Sep 05 05:24:00 +0000 2014,RT @KarlLagerfeld: Design agency I Love Dust tapped for KARL line ... http://t.co/XPJkAJMp http://t.co/TiSPFuDI
504225457001467900,Tue Aug 26 11:14:51 +0000 2014,RT @GrdJournal: #JTdeLinvité : Apparemment, François Hollande aurait relevé le défi du #IceBucketChallenge &gt; http://t.co/Y45rcPcGxM http://…
489854603572576260,Thu Jul 17 19:30:13 +0000 2014,Juste aux bords de la crise de nerfs !!!
488995989312004100,Tue Jul 15 10:38:23 +0000 2014,RT @julieplec: Great fan art! "@AliTran3: In love. @julieplec http://t.co/dMB4HnMQbX”
487622091832037400,Fri Jul 11 15:39:00 +0000 2014,Hôpital de merde !!!!!
485741954177962000,Sun Jul 06 11:08:01 +0000 2014,"Le baiser est la plus sûre façon de se taire en disant tout " Guy de Maupassant
485115101008396300,Fri Jul 04 17:37:07 +0000 2014,Allez les bleus !!!
480728885202788350,Sun Jun 22 15:07:52 +0000 2014,RT @DamidotValerie: c'est quand déjà la saison 5? nan je demande hein....#GoT http://t.co/dFUH39C63h
477364332796211200,Fri Jun 13 08:18:20 +0000 2014,Kit Harington Thinks It's "Wonderful" Game of Thrones Fans Want Jon Snow and Daenerys Together http://t.co/Joj6KloDwt via @eonline
473545061951881200,Mon Jun 02 19:21:55 +0000 2014,RT @Luuciie_8: Bravo @Gael_Monfils ! Direction les quart ! #RG14
472842353200619500,Sat May 31 20:49:36 +0000 2014,En mode danse de la joie !!! 💃👏🎉
465390681603964900,Sun May 11 07:19:19 +0000 2014,RT @lebonlebon: Aujourd'hui sort Libre&amp;Assoupi, ce film qui est aussi fortiche que son réal @Bnjmngdj. #fierté #courrez-y http://t.co/4dpYC…
462675216389636100,Sat May 03 19:29:02 +0000 2014,En mode #TheVoice tonight :)
457617041584046100,Sat Apr 19 20:29:39 +0000 2014,RT @LeilaHuissoud: oulala @Flo_musique  a mis le feux ce soir sur le plateau de @TheVoice_TF1  #thevoice
457602447410999300,Sat Apr 19 19:31:39 +0000 2014,@BethanyJoyLenz Ingrid Michaelson she's the best !!
455081372299046900,Sat Apr 12 20:33:48 +0000 2014,Élodie juste sublimissime !!! #thevoicefrance
454954959185133600,Sat Apr 12 12:11:29 +0000 2014,Génial mon ordi est mort !!! 😡😡😡😡
452915477472612350,Sun Apr 06 21:07:19 +0000 2014,RT @MarieTFL: Petit mot et dessin de @pierreniney dans Studio cinélive, pour fêter ses 5 ans ! Très sympa ! http://t.co/alwv9WIHRJ
450860448632815600,Tue Apr 01 05:01:22 +0000 2014,RT @Ilovecats8: "@courauclotilde #streetart  Mandela by Bustart &amp; Zaira #Amsterdam  http://t.co/9CjfgXsASK http://t.co/dzLvRtYOec via @RRoe…
449215460899586050,Thu Mar 27 16:04:46 +0000 2014,RT @zoesaldana: #NotreDame #paris! What a beautiful location to work from. If you have a chance, ever, come here one day... http://t.co/YyO…
445307485210304500,Sun Mar 16 21:15:52 +0000 2014,RT @KellyRutherford: 💌 http://t.co/01DhYByst2
443709501947248640,Wed Mar 12 11:26:03 +0000 2014,RT @MichaelYoun: Putain il a morflé @kevadamsss ! Je sais pas si c'est la drogue ou l'alcool, mais il a pris un sacré coup de vieux... http…
440583115216810000,Mon Mar 03 20:22:54 +0000 2014,RT @Mdelormeau: Claire Chazal massacrée ds #TPMP! J hallucine! Elle est cultivée, brillante, chic et son métier c présentatrice de JT et no…
440582572071219200,Mon Mar 03 20:20:45 +0000 2014,RT @KellyRutherford: Ok.... ❤️best awards! Go Ellen! http://t.co/7PXcqLEm7I
440069755656216600,Sun Mar 02 10:23:00 +0000 2014,Juste énorme !!!   #Cesar2014    http://t.co/fVl3JDHEIJ”
434764330790584300,Sat Feb 15 19:01:08 +0000 2014,RT @ToumaMusic: J'espère que chacun d'entre vous trouvera ce genre d'amour un jour .. En parlant d'amour voici mon… http://t.co/htQ23lur1i
427202275808120800,Sat Jan 25 22:12:14 +0000 2014,RT @Mdelormeau: J adore Mika !!! #TheVoice
424251125169422340,Fri Jan 17 18:45:25 +0000 2014,YSL avec @pierreniney  est une pure merveille ! J'ai pleuré comme une madeleine ... Vraiment splendide !!
422288958471815200,Sun Jan 12 08:48:28 +0000 2014,RT @MichaelYoun: Je ne me définis pas par une religion: Je suis français avant tout chose. Un artiste français amoureux de l'humanisme et d…
420161293484834800,Mon Jan 06 11:53:53 +0000 2014,RT @antoinedecaune1: #LGJ ce soir: Manuel Valls, @pierreniney, @GGallienne et @lebonlebon. Les trois derniers pour causer d'#YSLlefilm . Vu…
419531480579465200,Sat Jan 04 18:11:14 +0000 2014,RT @dghosarossian: @pierreniney exceptionnel dans #ysl, courrez voir le film à sa sortie. Superbe avant 1ère à boulogne. Merci pour ces mom…
419530170689921000,Sat Jan 04 18:06:01 +0000 2014,RT @matt_settle: kellyrutherford #snowstorm #CentralPark http://t.co/9ZbTH8y58J
419529546757832700,Sat Jan 04 18:03:33 +0000 2014,“@C_Pauliine: Ah parfait, lundi dans #LGJ il y'a Pierre Niney, Guillaume Gallienne &amp; Charlotte Le Bon.”
418164316530303000,Tue Dec 31 23:38:36 +0000 2013,@68Jeanne ❤
418159379939352600,Tue Dec 31 23:18:59 +0000 2013,Bonne et heureuse année 2014 !!! 🎉💋💔
415848317088981000,Wed Dec 25 14:15:39 +0000 2013,RT @MichaelYoun: Joyeux "emballages vides qui traînent partout dans le salon" à tous!!!
413020392841039900,Tue Dec 17 18:58:29 +0000 2013,RT @LouisDelortOff: Un moment très fort que j'ai pu vivre grâce à vous. Merci à tous http://t.co/vobCL3Ct7J
412241303616118800,Sun Dec 15 15:22:40 +0000 2013,RT @CamilleLou1789: Tellement fière de @LouisDelortOff ! Ça, c'est de l'amant !!! 👏
411255801928773600,Thu Dec 12 22:06:38 +0000 2013,@ezraofficiel Je suis trop dégoûtée :( en plus tu étais mon chouchou ! J'espère qu'on te reverra ou t'entendre chanter bientôt ;)
411226854096654340,Thu Dec 12 20:11:36 +0000 2013,@mehdimusic J'ai adorée ! :D Tu as tout déchiré sur scène !! ;)
409427220273561600,Sat Dec 07 21:00:30 +0000 2013,RT @ClBermudesSS7: Mes twittos d'amour n'oubliez pas de composer le 36 37 pour le telethon. Moi, c est fait, L'union fait la force, ne l'ou…
409426799157084160,Sat Dec 07 20:58:50 +0000 2013,Les petits ruisseaux font les grandes rivières ! #telethon2013
409425055073185800,Sat Dec 07 20:51:54 +0000 2013,Appeler 3637: il faut les soutenir !! #telethon2013
408570296934084600,Thu Dec 05 12:15:24 +0000 2013,RT @lumos: This unique charm bracelet based on designs by @jk_rowling will be auctioned on 10 Dec by @Sothebys in aid of @lumos http://t.co…
404324657597521900,Sat Nov 23 19:04:45 +0000 2013,Des fois j'aimerai qu'on m'oublie !!!
391175978606932000,Fri Oct 18 12:16:35 +0000 2013,Petite aprèm shopping avec ma mère ! :D &lt;3
389503341191245800,Sun Oct 13 21:30:07 +0000 2013,Je sens que je vais faire des cauchemars toute la nuit ! Merci la Reine Margot ...
380360739456024600,Wed Sep 18 16:00:41 +0000 2013,Vive la Sncf !!! Train supprimé ..., :@
368850653864423400,Sat Aug 17 21:43:43 +0000 2013,La journée la plus pourrie de toute ma vie !!! --"
354572262613069800,Tue Jul 09 12:06:29 +0000 2013,Je suis en stress  !!! J' attend mes résultats ... :/
354231795132284900,Mon Jul 08 13:33:35 +0000 2013,http://t.co/LGfZYjrqvZ
354166212307071000,Mon Jul 08 09:12:59 +0000 2013,@GautierPreaux  et @Clara_Bermudes  se sont enfin embrassés ! :D
346910971505291260,Tue Jun 18 08:43:15 +0000 2013,Il fait trop chaud pour travailler !
339091419803308000,Mon May 27 18:51:09 +0000 2013,Trop heureuse pour @Gael_Monfils :D Quel beau match !
335665290295795700,Sat May 18 07:56:56 +0000 2013,@nico_la_lang eh Ben non .... Mais bon je me rattrape j' ai mardi de libre , ça va être un long week end ;) et toi ?
335356263137423360,Fri May 17 11:28:58 +0000 2013,@nico_la_lang chanceux va ;)
308261403939192800,Sun Mar 03 17:03:40 +0000 2013,@Sidoineofficiel  C' est vrai que tu vas faire un duo avec Laurene sur son album ? :D
307242302101925900,Thu Feb 28 21:34:07 +0000 2013,@Sidoineofficiel Ton duo avec Laurene a tout déchiré ! J' adore , comme tous les moments que vous avez partagés . &lt;3 Bises .
304301252722954240,Wed Feb 20 18:47:26 +0000 2013,@noemie_72 @sidoineofficiel
