id,created_at,text
1260556448926281700,Wed May 13 13:04:12 +0000 2020,@davidwarner31 Thank you soo muchhh 😂👍🏼
1260427792581345300,Wed May 13 04:32:58 +0000 2020,@VAcharya2005 Just saw all ur art work . It’s overwhelming. Thank you for all the love
1260195342428995600,Tue May 12 13:09:17 +0000 2020,👍🏼😂One more bigg surprise. Thank you sooo much once again sir . Killed it 😂👍🏼 https://t.co/moxijT1dY0
1258279413004636200,Thu May 07 06:16:04 +0000 2020,It’s really heart breaking to see Vizag which one of the most special places in my life in such a state. I am deepl… https://t.co/sQMO8s8g1Z
1255780986844901400,Thu Apr 30 08:48:13 +0000 2020,Thank you very much. Really Appreciate it . 👍🏼🙏🏼 https://t.co/mPJrlhhkxf
1255746094773923800,Thu Apr 30 06:29:34 +0000 2020,Grief-stricken by the demise of the charismatic actor Rishi Kapoor ji . A Versatile Performer... who I always admir… https://t.co/2PPRbculpd
1255720843558043600,Thu Apr 30 04:49:13 +0000 2020,One of the finest actor in Indian cinema. An actor who made his presence felt in a unique way . His performances ha… https://t.co/Y6AmMhnwFf
1251736231697760300,Sun Apr 19 04:55:48 +0000 2020,Thank you Switzerland 🇨🇭 especially Zermatt for showing solidarity for India 🇮🇳 in its fight against the Covid-19 P… https://t.co/eQeIVRfV4v
1248846397513674800,Sat Apr 11 05:32:38 +0000 2020,My dear @MusicThaman . I am soo proud &amp; contented you have lived upto ur words . I said “ I want an Album which has… https://t.co/FnDerHg4Xx
1247951728386793500,Wed Apr 08 18:17:32 +0000 2020,@realradikaa Thank you very much radikaa mam!
1247931925269897200,Wed Apr 08 16:58:51 +0000 2020,@vp_offl Thank u sooo muchhhh !
1247920702100914200,Wed Apr 08 16:14:15 +0000 2020,@UrvashiRautela Thank u very much dear . Thank you for the lovely wishes
1247920508592476200,Wed Apr 08 16:13:29 +0000 2020,@actor_Nikhil Thank you soo much my brother!
1247915788943519700,Wed Apr 08 15:54:43 +0000 2020,@LakshmiManchu Thank u soooo much darling
1247899325302112300,Wed Apr 08 14:49:18 +0000 2020,@RanaDaggubati Fireeeeeee 🔥 thankk u 😘
1247899061484568600,Wed Apr 08 14:48:15 +0000 2020,@YoursEesha Thank you dear .
1247898731468296200,Wed Apr 08 14:46:57 +0000 2020,@tamannaahspeaks Thank u sooo much dearrrr !
1247898460633723000,Wed Apr 08 14:45:52 +0000 2020,@SiddhantChturvD Thank you soo much my dear brother. Thank u for all the loveee !
1247871266809196500,Wed Apr 08 12:57:48 +0000 2020,@MsKajalAggarwal @ashwinmawle @pnavdeep26 @shraddhadas43 Haha ‘ thank you sooo muchhh 😂 wild times !
1247869275227869200,Wed Apr 08 12:49:54 +0000 2020,@IamSeeratKapoor Thank you very much dear  ! Humbled
1247860061919043600,Wed Apr 08 12:13:17 +0000 2020,@Sophie_Choudry Thank you sooo much for the lovely wishes . Glad u liked AVPL . Humbled
1247848388273377300,Wed Apr 08 11:26:54 +0000 2020,@Surbhiactress Thank you very much dear !!! Humbled !
1247835916527272000,Wed Apr 08 10:37:20 +0000 2020,@ItsMePragya Thank u soo much sweet heart !
1247824012262002700,Wed Apr 08 09:50:02 +0000 2020,@arya_offl Thank u brotherrrr!!!
1247823400174637000,Wed Apr 08 09:47:36 +0000 2020,@pranitasubhash Thank you dear
1247823351931760600,Wed Apr 08 09:47:25 +0000 2020,@zmilap Thank you sooo much Milapji !
1247814925277220900,Wed Apr 08 09:13:56 +0000 2020,@AlwaysRamCharan Thank you sooo muchhhh ! After all this is over we shall feed each other cakes . 😘
1247813794518069200,Wed Apr 08 09:09:26 +0000 2020,@PrasadVPotluri Thank you soo mucchhh for your heartfelt wishes
1247813301234356200,Wed Apr 08 09:07:28 +0000 2020,@IAmVarunTej Thank you soo much varun 😘😘😘 glad u liked the look .
1247812107938099200,Wed Apr 08 09:02:44 +0000 2020,@MsKajalAggarwal Thank you very much dear !
1247810944295567400,Wed Apr 08 08:58:06 +0000 2020,@Rakulpreet Thank uuu soo much my fav of favs
1247810618733637600,Wed Apr 08 08:56:49 +0000 2020,@ImRahulSharma3 @SonyMAX Thank you very much !
1247809834705027000,Wed Apr 08 08:53:42 +0000 2020,@purijagan Thank you very much sirrrr
1247809637824352300,Wed Apr 08 08:52:55 +0000 2020,@CMRamesh_MP Thank you very much Ramesh garu 🙏🏼
1247807343472963600,Wed Apr 08 08:43:48 +0000 2020,@imKBRshanthnu Thank u very much my brother
1247804474829074400,Wed Apr 08 08:32:24 +0000 2020,@NagaBabuOffl Thank you very much Babai !
1247804389911228400,Wed Apr 08 08:32:04 +0000 2020,@DirSurender Thank you dir garu !
1247804356423848000,Wed Apr 08 08:31:56 +0000 2020,@ActorKartikeya Thank you veryyyy much my brother
1247804100130959400,Wed Apr 08 08:30:55 +0000 2020,@dalermehndi Thank you very much Daler Ji !
1247803437107925000,Wed Apr 08 08:28:17 +0000 2020,@RaashiKhanna Thank you soo much dear !
1247803189572714500,Wed Apr 08 08:27:18 +0000 2020,@alishaabdullah Thank you soo much ! Humbled
1247778836378300400,Wed Apr 08 06:50:31 +0000 2020,@theindianthakur Thank you my brother
1247774989421404200,Wed Apr 08 06:35:14 +0000 2020,@IamSaiDharamTej Thank you sooo much Tej ! Thank you for all the love my brother 😘
1247774433206341600,Wed Apr 08 06:33:02 +0000 2020,@ravikishann Thank you much sirrrr !
1247774204277055500,Wed Apr 08 06:32:07 +0000 2020,@AlluSirish My siriiiiii ! Thank you for all the love and support. No one ever supported me ever more than u 😘😘😘
1247773974471135200,Wed Apr 08 06:31:12 +0000 2020,@ThisIsDSP @aryasukku @MythriOfficial Thank you soooo much deviiiiii ! My musical friendddd 😂
1247768747651129300,Wed Apr 08 06:10:26 +0000 2020,Many many happy returns of the day  @AkhilAkkineni8 . Hope you have a lovely day ! See you soon post all this .
1247768297258365000,Wed Apr 08 06:08:39 +0000 2020,@GuruOfficial Thank you my dear brotherrr ! Thank you for all your love .
1247768165376917500,Wed Apr 08 06:08:07 +0000 2020,@shreyaghoshal Thank you much for your heartfelt wishes . Thank you ! Humbled !
1247767762333610000,Wed Apr 08 06:06:31 +0000 2020,@ArmaanMalik22 Thank you soooo much my dear brotherrrrrr !!!
1247766225423192000,Wed Apr 08 06:00:25 +0000 2020,പുഷ്പ புஷ்பா ಪುಷ್ಪ पुष्पा   #Pushpa https://t.co/6YAY7DTVLv
1247765232992149500,Wed Apr 08 05:56:28 +0000 2020,పుష్ప  #Pushpa https://t.co/sHFZspIt1z
1247732135529603000,Wed Apr 08 03:44:57 +0000 2020,@MusicThaman Thank you very much my dear brother !
1247731816582148000,Wed Apr 08 03:43:41 +0000 2020,@iamRashmika @aryasukku @ThisIsDSP @MythriOfficial Thank you very much dear !
1247731709786738700,Wed Apr 08 03:43:16 +0000 2020,@Ganta_Srinivasa Thank you very much sir !
1247731584557445000,Wed Apr 08 03:42:46 +0000 2020,@KChiruTweets Thank you soo much Chikkababi . Soo happy to see your tweet . A tweet from my megastar for life . Thank you !
1247730156086517800,Wed Apr 08 03:37:05 +0000 2020,@harish2you Thank you very much sir !
1247729838644813800,Wed Apr 08 03:35:49 +0000 2020,PUSHPA . Multilingual Posters . #Pushpa https://t.co/30aGMMWrFx
1247728542290305000,Wed Apr 08 03:30:40 +0000 2020,First Look and the Title of my next movie  “ P U S H P A “  . Directed by dearest Sukumar garu . Music by dearest f… https://t.co/x4mXFclMi1
1246840385097232400,Sun Apr 05 16:41:27 +0000 2020,9pm - 9mins ! https://t.co/F2SN9YPWKt
1245927030366949400,Fri Apr 03 04:12:06 +0000 2020,@25Keerthana @MusicThaman @sidsriram @shreyaghoshal Just heard it . Very Sweet ❤️
1245925868528009200,Fri Apr 03 04:07:29 +0000 2020,I used to think “ what is Love ?? “ all my life . Many times in the past I felt strong feelings but I was not sure… https://t.co/w0cXMHcSr1
1244725283740987400,Mon Mar 30 20:36:48 +0000 2020,Many happy returns of the day @harish2you garu ! Spoke to u for almost an 1hr or so ...I dint know it was ur bday p… https://t.co/yxVPxQouBc
1243910347284603000,Sat Mar 28 14:38:32 +0000 2020,Thank you very much Uncle . It all started with your blessing . Will always have gratitude in my heart . https://t.co/jirfHrBllK
1243877296806563800,Sat Mar 28 12:27:12 +0000 2020,Thank you my brother ! Soo sweet ! https://t.co/NSjhR15ZHd
1243877183954641000,Sat Mar 28 12:26:45 +0000 2020,Thank you Ravi Ji ! https://t.co/7Zpx7hdzVs
1243873557928501200,Sat Mar 28 12:12:20 +0000 2020,Thank you soo much Maruthi ! Always by our side ! https://t.co/XrPQyHTj5o
1243873304806482000,Sat Mar 28 12:11:20 +0000 2020,Sirrr ! Thank you very muchhh !! https://t.co/YuwhJc2HqJ
1243873208870113300,Sat Mar 28 12:10:57 +0000 2020,Thank you sirrrr ! https://t.co/9SeP4cg4HO
1243841754354212900,Sat Mar 28 10:05:58 +0000 2020,I thank all my audience &amp; my army for their love &amp; support in these 17 years . I would especially like to thank… https://t.co/LfjpWvQ3f5
1243840301803778000,Sat Mar 28 10:00:12 +0000 2020,I wholeheartedly thank each &amp; everyone in this journey of 17 years . I have a lot of people wishing me today . Than… https://t.co/bcLChbJIYB
1243838261920841700,Sat Mar 28 09:52:05 +0000 2020,Thank you sooo much for your infinite love ❤️ https://t.co/3MNbwhEMH1
1243466720242585600,Fri Mar 27 09:15:43 +0000 2020,Thank You very much Kalyan garu . Very nice of you to compliment us . https://t.co/DWCWKq0RL4
1243442864715006000,Fri Mar 27 07:40:55 +0000 2020,The COVID-19 pandemic has disrupted many lives . In these difficult times with humility I would like to donate One… https://t.co/yTGlf6KOjY
1243377932350845000,Fri Mar 27 03:22:54 +0000 2020,Many many happy returns of the day to my brother @AlwaysRamCharan . May this new year bring more happiness and succ… https://t.co/SniKIU7xf1
1243111345509126100,Thu Mar 26 09:43:35 +0000 2020,I wholeheartedly Welcome our Megastar Garu to Twitter . Been waitinggg for this happen for a long time now . Finall… https://t.co/4ra9uEP6Gf
1242694309498896400,Wed Mar 25 06:06:26 +0000 2020,Andhariki Ugadhi Subhakanshalu ! Happy Ugadhi to you &amp; your family . Love ... AA https://t.co/fWhJMfJS5M
1241703204246532000,Sun Mar 22 12:28:08 +0000 2020,Spl thanks to all the Doctors,Nurses,Police,Army and many more serving the society. Gratitude. #jantacurfew https://t.co/XhLW9jJ5Pc
1239105382741500000,Sun Mar 15 08:25:19 +0000 2020,Thanks to all the Teachers for making him grounded , and all the helpers for taking care all these years . Thanks t… https://t.co/iLAx2O7tOJ
1239105377771253800,Sun Mar 15 08:25:18 +0000 2020,Pre School Graduation Celebrations👨‍🎓 . Ayaan I am soo proud of you for excelling soo well . I wholeheartedly Thank… https://t.co/ptMSptnmqs
1235596357362053000,Thu Mar 05 16:01:42 +0000 2020,All the Best for the new Movie @actor_Nikhil . N Arha is lucky to be the chief guest at this age ... it’s took me 2… https://t.co/6VcQ5toKne
1234151503402680300,Sun Mar 01 16:20:22 +0000 2020,50 Days of AVPL . Thank you for all your blessings . This will a very memorable time in my life . I wholeheartedly… https://t.co/d8CWrbuMlq
1232300667554807800,Tue Feb 25 13:45:48 +0000 2020,#Buttabomma Finally the video is out now . I want to take this as an opportunity to thank all the people for making… https://t.co/Vh8TDWpXtA
1231818238796779500,Mon Feb 24 05:48:48 +0000 2020,Congratulations to the Dir Venky Garu for the Commercial Emotional Entertainer , @iamRashmika for being an all roun… https://t.co/7iwQ6ehs3R
1231818199554936800,Mon Feb 24 05:48:39 +0000 2020,Double Congratulations @actor_nithiin . Now the wedding celebrations will happen with double josh. Best thing happe… https://t.co/uzDIhxPJIF
1230380558519165000,Thu Feb 20 06:35:59 +0000 2020,Just heard the shocking news . Dreadful &amp; Heart breaking news . Condolences to the Family members &amp; dear ones . RIP… https://t.co/eFbrPFRov8
1229240092616585200,Mon Feb 17 03:04:10 +0000 2020,Here’s one of the the most magical Telugu song that will always be echoing in the hearts of the people . Thank you… https://t.co/RzZ6Tr9qsg
1226898340148703200,Mon Feb 10 15:58:53 +0000 2020,This was the most heart touching one of all the #ButtaBomma Video’s . I felt so happy to see that music takes us fa… https://t.co/RW2xoV9TTQ
1225063262540025900,Wed Feb 05 14:26:57 +0000 2020,I heart fully thank the Film Newscasters Association of Electronic Media for conveying their wishes for our success… https://t.co/5HY4abXr40
1224892921058488300,Wed Feb 05 03:10:04 +0000 2020,From Gangotri to Ala Vaikunthapurramuloo . My Journey in one frame . https://t.co/iqXJo8SpzB
1224733064057606100,Tue Feb 04 16:34:51 +0000 2020,Such a proud n a happy moment for me ... to see Vasu’s name trending on twitter . Truly self made person . From a h… https://t.co/9jKUWj393C
1224285633964757000,Mon Feb 03 10:56:55 +0000 2020,I whole heartedly Thank everyone for coming home and being a part of our celebrations. This one will always be the… https://t.co/oS29GgScPt
1223308931813896200,Fri Jan 31 18:15:51 +0000 2020,These smiles will always be very special... true smiles of joy . Thank you all once again . Humbled. @MusicThaman… https://t.co/TjMUW9WIko
1223283594908422100,Fri Jan 31 16:35:11 +0000 2020,Thank You ALL for this INDUSTRY HIT . Truly Humbled by your blessing .  https://t.co/Cbo70fVK8A
1221441209043841000,Sun Jan 26 14:34:12 +0000 2020,Soo happy to see GEETHA ARTS celebrating our REPUBLIC DAY is a unique way . https://t.co/2fUDuG7fMW
1221308983513776000,Sun Jan 26 05:48:47 +0000 2020,Happy Republic Day to all my fellow Indians . https://t.co/Uf3Ky9e9Ji
1219298824117612500,Mon Jan 20 16:41:07 +0000 2020,RT @MythriOfficial: Title for Stylish Star @alluarjun's #AA20 with Sukumar Garu is not yet finalized...   Reports that are appearing in som…
1219001602872246300,Sun Jan 19 21:00:04 +0000 2020,pure in our soul ...  and now... Success in our Smiles. What a journey we had ❤️ https://t.co/ejCcZpKwb6
1219001552683196400,Sun Jan 19 20:59:52 +0000 2020,What journey we had ... desire in our heart ... fear in our bones ... conviction in our mind ... open to our ears .… https://t.co/U34dXh5Ncj
1218988058831229000,Sun Jan 19 20:06:15 +0000 2020,Wat a Picture. True mutual Love and Respect. https://t.co/w2OCTETAq2
1218985192712360000,Sun Jan 19 19:54:52 +0000 2020,The smiles that come during a Genuine success is soo beautiful. The joy comes from deep inside . We get that joy on… https://t.co/mzTIuZN1Bc
1218985031697256400,Sun Jan 19 19:54:13 +0000 2020,I whole heartedly Thank my audience for blessing us with this magnanimous Hitt ... and bringing smiles into our liv… https://t.co/IIPTDVN8LZ
1218984906853761000,Sun Jan 19 19:53:44 +0000 2020,I wholeheartedly Thank the people of Vizag for showering soo much love on me . Truly humbled to receive your blessi… https://t.co/zuwnE4Vflt
1218385012610850800,Sat Jan 18 04:09:58 +0000 2020,.... The Success Celebrations. See You soon in Vizag &amp; Tirupati . Thank you . Gratitude Forever . https://t.co/gc6dcJtcLD
1218384936601706500,Sat Jan 18 04:09:40 +0000 2020,Thousand and thousands of gatherings at the theatres worldwide , Millions of Praises , Crores of Collections and ab… https://t.co/bhnC9VKPMe
1218380683053191200,Sat Jan 18 03:52:45 +0000 2020,2 One Million Likes in the Same Album . Unique Record . &amp; Thank you giving us these honours Song of the Year… https://t.co/5RuZLyPmKy
1218030855760691200,Fri Jan 17 04:42:40 +0000 2020,#SittharalaSirapadu lyric video . My Deep gratitude to  A @MusicThaman ... Singer - Sooranna &amp; Saketh Lyrics - Vija… https://t.co/hOzlOSgcgS
1218029797290307600,Fri Jan 17 04:38:28 +0000 2020,SENSATIONAL SITTHARALA SIRAPADU ... Out now on Public Demand ... https://t.co/fmetD4YdVa
1217673693553279000,Thu Jan 16 05:03:26 +0000 2020,My dear Sharwa... thank you sooo much for the generous compliments . Soo glad you liked our movie and my work .  Hu… https://t.co/v6IzpR3pNS
1217646043350749200,Thu Jan 16 03:13:34 +0000 2020,Thank you very much sesh . Really glad u like the film n my work . Humbled! https://t.co/2nvXzalC1p
1217533378951467000,Wed Jan 15 19:45:52 +0000 2020,Muahhhh 😘❤️ https://t.co/mUmBQoAU38
1216976603067998200,Tue Jan 14 06:53:27 +0000 2020,I was soo overwhelmed to see this poster ! Our director Trivikram garu is the main reason for this tremendous succe… https://t.co/AIrdAnm85O
1216974865569218600,Tue Jan 14 06:46:32 +0000 2020,Darlinggg ! Thank you sooo muchh ...  Darlinggg . Soo happy you liked the movie thali😘 https://t.co/zKZqK1nXMi
1216794242191741000,Mon Jan 13 18:48:48 +0000 2020,Soo overwhelmed to see this coming from PSPK garu himself . Very touched by the graceful gesture... Thank you very… https://t.co/WWL7SgKnly
1216788335634444300,Mon Jan 13 18:25:20 +0000 2020,Thank you very dear . Glad u liked the film n our work https://t.co/74btMvvC0M
1216787731184943000,Mon Jan 13 18:22:56 +0000 2020,Thank you very Annaya ! Glad you liked the movie , dir garu and my work https://t.co/q2Nw7GClEh
1216386599572738000,Sun Jan 12 15:48:59 +0000 2020,My dear brother ! Congratulations to all of us ... 💛 https://t.co/Iah0noYuwk
1216386410581614600,Sun Jan 12 15:48:14 +0000 2020,Thank you very much sirrrrrrrr https://t.co/zSFpagwM6l
1216382194202972200,Sun Jan 12 15:31:29 +0000 2020,THANK YOUU MUCH MY DEAR BROTHERRRRRRR . Remind me about our Blockbuster song 😂 https://t.co/oaEjBjwUl2
1216345483305611300,Sun Jan 12 13:05:36 +0000 2020,Bavaaaaaaaa ! Thank you very mucccchhhh . It’s was soo good talking to you ... seee you soon ! https://t.co/qgp3b67jiz
1216331491476508700,Sun Jan 12 12:10:00 +0000 2020,Sankranthi Celebrations Start . Thank you ... thank you ... thank you ... #AlaVaikunthapurramuloo - Sankranthi Winn… https://t.co/LjoIWzYYV3
1216039491774759000,Sat Jan 11 16:49:42 +0000 2020,#alavaikunthapurramuloo releasing tomorrow. Hoping to entertain you , your family and all your dear ones this Sankr… https://t.co/y6kU2kH1Tu
1216024769050493000,Sat Jan 11 15:51:12 +0000 2020,@IamSaiDharamTej @MusicThaman Thank you sooo much Tejuuuu 😘😘😘
1216024470260834300,Sat Jan 11 15:50:01 +0000 2020,@IAmVarunTej Thank youuu verrryyyyy much Varunnnnn 😘😘😘
1215953471725129700,Sat Jan 11 11:07:53 +0000 2020,Many many happy returns of the day to my Sukku... hoping to spend good times this coming year with you ... #sukumar… https://t.co/vepPpfkm3F
1215917136205336600,Sat Jan 11 08:43:30 +0000 2020,@TheDeverakonda Thankkk youuuu ! You will see it soon on AVPL Promotions
1215889886294597600,Sat Jan 11 06:55:13 +0000 2020,THANK YOU VERY  MUCH MY DEAR BROTHER VIJAY @TheDeverakonda  .  VERY SWEET GESTURE. AS PROMISED U SENT ME CLOTHES .… https://t.co/ZfG5DCwwAf
1215850950977446000,Sat Jan 11 04:20:30 +0000 2020,AVPL Making Video . I love the moments , people &amp; the laughters  https://t.co/E4prE0e2F6
1215562134341341200,Fri Jan 10 09:12:51 +0000 2020,Happy Birthday Dad. You will always  be my favourite ... can’t say more ❤️ https://t.co/mGLcQWXdbU
1214807711017136000,Wed Jan 08 07:15:02 +0000 2020,#ButtaBomma . Thank you for such a lovely song @MusicThaman . Thank you my brother @ArmaanMalik22 for ur soulful vo… https://t.co/oryufvcWHB
1214802833779781600,Wed Jan 08 06:55:40 +0000 2020,#ButtaBomma Song Teaser ... hope you all like the song , visuals &amp; the steps ... many more surprises in the full so… https://t.co/IPu8LS5PTN
1214497618031599600,Tue Jan 07 10:42:51 +0000 2020,#AlaVaikunthapurramuloo Theatrical Trailer . Hope you all connect to it n visit us soon ... https://t.co/5TvnjQJmdY
1213534005926088700,Sat Jan 04 18:53:48 +0000 2020,Fans of Samajavaragamana song requested our team for a female version . So here we go for all fans ...Samajavaragam… https://t.co/mBn4ziXYvi
1213454624058826800,Sat Jan 04 13:38:21 +0000 2020,Alavaikunthapurramuloo releasing on this JAN 12th 2020 . A warm family entertainer with beautiful musicals . Waitin… https://t.co/neIyBe6UU4
1213087329029509000,Fri Jan 03 13:18:51 +0000 2020,Censor Over For AVPL . It’s a Clean U/A . #alavaikunthapurramuloo https://t.co/f13MZvEDRT
1211317795083784200,Sun Dec 29 16:07:22 +0000 2019,Musical Night of Ala Vaikunthapurrammuloo on Jan 6th  at Police Ground . https://t.co/pXgxJrxqqH
1209510817374195700,Tue Dec 24 16:27:05 +0000 2019,And Spl Mention to Thaman for another album into his Bank .
1209509640943177700,Tue Dec 24 16:22:24 +0000 2019,Congratulations to the Entire team of  Prathi Raju Pandage. So glad my cousin Sai Tej has a good hit , my friend Ma… https://t.co/9b049mBvMw
1209424975972765700,Tue Dec 24 10:45:58 +0000 2019,ButtaBomma Song out now ... I personally really like this melody . Hope you like it too ....… https://t.co/L7HGsPbsDO
1207654553652359200,Thu Dec 19 13:30:57 +0000 2019,Here we for the Malayalam Version Teaser #AnguVaikuntapurathuTeaser . Hope you all like it . https://t.co/CWLsd7dEzK
1207263314171969500,Wed Dec 18 11:36:18 +0000 2019,Thank you for all the Love . Soo many video’s of singing , dancing , kids n many more . Soo Glad this song strikes… https://t.co/2dKPWoXhDf
1204727725002383400,Wed Dec 11 11:40:47 +0000 2019,@AlluSirish 😂😘
1204711176069730300,Wed Dec 11 10:35:01 +0000 2019,Teaser of AlaVaikunthapurramuloo ...  Here we go ! https://t.co/wlyIsT4r2p #AlaVaikunthapurramulooTeaser #AVPLTeaserDay
1203988595826143200,Mon Dec 09 10:43:44 +0000 2019,#AlaVaikunthapurramulooTeaser Glimpse!! Teaser out on 11th Dec at 04:05pm.  https://t.co/H9iyvhcjG8
1203905036020936700,Mon Dec 09 05:11:42 +0000 2019,Alavaikunthapurramuloo Teaser on 11th December #AlaVaikunthapurramloo https://t.co/SXHBdPlvEn
1202799446968287200,Fri Dec 06 03:58:29 +0000 2019,JUSTICE SERVED https://t.co/iO7F6SqlIG
1201054370206371800,Sun Dec 01 08:24:11 +0000 2019,Samajavaragamana ! Fastest Viewed &amp; Liked Song. Thank you all for all the Love . #Samajavaragama… https://t.co/ypNSb2XI2y
1199680731389186000,Wed Nov 27 13:25:50 +0000 2019,Sukku hair colour changed , My skin  has changed . Love has not changed. Madness when we are together can never be… https://t.co/hnUXZID5jM
1199429099631992800,Tue Nov 26 20:45:56 +0000 2019,@ashwinmawle Ten years as Stylist . Congratulations Ash ! A* N* Ash 2 😂
1199427984643383300,Tue Nov 26 20:41:30 +0000 2019,@RanaDaggubati @pnavdeep26 😂😂😂 🤫
1199401798492029000,Tue Nov 26 18:57:27 +0000 2019,No matter how much I thank Sukku for ARYA and ARYA2 it’s never enough . Thank you for all the love . “  I LOVE YOUU… https://t.co/6lMq4zWS49
1199401649392869400,Tue Nov 26 18:56:51 +0000 2019,“ UPPENANTHA EE PREMAKI - GUPPEDDANTHA GUNDE EEMITO “ Soo true ... My heart will never be enough ... Thank you soo… https://t.co/xh30JRWmKo
1198245976915333000,Sat Nov 23 14:24:37 +0000 2019,Thank you all for all the love . I thank every single person who have been a part of this magical song . Most Liked… https://t.co/eZv7v2WjXk
1197437196271280000,Thu Nov 21 08:50:49 +0000 2019,Happy Birthday to my lil angel ARHA 😘  #alluarha https://t.co/rXYOXmpJpn
1197181690797609000,Wed Nov 20 15:55:32 +0000 2019,#OMGDaddy Full Song on 22nd Nov @ 04.05 pm #AlaVaikunthapurramuloo https://t.co/i1N5S0Hlbp
1195467272204107800,Fri Nov 15 22:23:03 +0000 2019,Fastest Viewed Telugu Song . Thank you for this Sensational gift . Very humbled with the overwhelming response of… https://t.co/d4tPBTuwfP
1195464518882623500,Fri Nov 15 22:12:06 +0000 2019,Many Many happy returns of the day Thaman . Have a fabulous birthday brother . I had blast with you all these days… https://t.co/mcKkIT5epl
1194878369428639700,Thu Nov 14 07:22:57 +0000 2019,#OMGDADDY song kick starts . Sweetest gift from my children on Childrens day . Thank you Ayaan &amp; Arha . Nana misses… https://t.co/iqtk1stvIJ
1194573158264791000,Wed Nov 13 11:10:09 +0000 2019,OMG Daddy song Teaser Out Tomorrow on Children’s Day . Special sweet surprise for all the fans tomorrow. #OMGDaddy… https://t.co/4Yw1bc8rBw
1193188246190219300,Sat Nov 09 15:27:00 +0000 2019,Thank You @lidoparis . #samajavaragamana #alavaikunthapurramuloo https://t.co/YvIlCsKnAH
1192781907441922000,Fri Nov 08 12:32:22 +0000 2019,Thank You https://t.co/Hdpvr3R6jb
1192487304830636000,Thu Nov 07 17:01:43 +0000 2019,#AnguVaikuntapurathu https://t.co/0GY9w3QM8W
1192429730051608600,Thu Nov 07 13:12:56 +0000 2019,Samajavaragamana on the way #Samajavaragama #AlaVaikunthapurramloo https://t.co/x9Lr1Bqqix
1192223333326172200,Wed Nov 06 23:32:47 +0000 2019,Happy Birthday Trivikram Garu https://t.co/6XIylc0bsL
1189418810865901600,Wed Oct 30 05:48:37 +0000 2019,AA20 Pooja . 3rd time with my darling Sukku . DSP special combo always . Hoping to create a magic again . Thank you… https://t.co/FyWXrnKTR2
1188648807157756000,Mon Oct 28 02:48:54 +0000 2019,MOST VIEWED SOUTH INDIAN SONG in 24 hours . THANK YOU ALL ... for all the love . #AlaVaikunthapurramuloo… https://t.co/kcNurQELIC
1188065241235484700,Sat Oct 26 12:10:01 +0000 2019,I am really excited about this song . Hope you all tune into it’s magic. Here we go . #RamulooRamulaa!!… https://t.co/G2BKayU4Zm
1187412203550326800,Thu Oct 24 16:55:05 +0000 2019,THANK YOU ALL for the covers , dances and videos on SAMAJAVARAGAMANA...THE MOST LIKED TELUGU SONG . 50Million &amp; Cou… https://t.co/kZPKOJNfcx
1186592276073463800,Tue Oct 22 10:36:59 +0000 2019,Here is the Teaser of the song #RamulooRamulaa  . Hope you all like it . https://t.co/kLHSMUffDq  #AlaVaikunthapurramuloo
1185866860564078600,Sun Oct 20 10:34:26 +0000 2019,A small glimpse of the song #RamulooRamulaa tomorrow at 4:05pm. Full Song out on Diwali . Catchy song ... Hope you… https://t.co/w7PTrRrltJ
1185431751344025600,Sat Oct 19 05:45:28 +0000 2019,THE MOST LIKED TELUGU SONG . Thank you all for all the love . #samajavaragamana #alavaikunthapuramulo https://t.co/NyIasP5DeB
1183006214642208800,Sat Oct 12 13:07:15 +0000 2019,AlaVaikunthapurramuloo releasing this Sankranthi on Jan 12th 2020 ! #AlaVaikunthapurramuloo https://t.co/gQndPidr6A
1181156016332800000,Mon Oct 07 10:35:13 +0000 2019,Wishing you all a very Happy Dussehra  #HappyDussehra #AlaVaikunthapurramuloo https://t.co/4gr4bkshEI
1180501420992131000,Sat Oct 05 15:14:06 +0000 2019,It’s was a pleasure for the entire Allu family to host a success party for Syeraa unit .  So happy to host this for… https://t.co/EorjtGoeT4
1178594158191112200,Mon Sep 30 08:55:19 +0000 2019,#SyeraaNarasimhaReddy https://t.co/wxEgwODvWM
1177922811697995800,Sat Sep 28 12:27:37 +0000 2019,Thank you for all the love ... Overwhelmed by the response for #Samajavaragamana  #AlaVaikunthapurramuloo https://t.co/VcvuxFQqEj
1177818116182556700,Sat Sep 28 05:31:36 +0000 2019,@AlluSirish @MusicThaman @sidsriram Thank Siriiiii 😘
1177806497100648400,Sat Sep 28 04:45:26 +0000 2019,#సామజవరగమన #Samajavaragamana!! #AlaVaikunthapurramuloo First Single.   ▶️https://t.co/5yNoyQFyUD   Lyrics - Seethar… https://t.co/pAYtCfNWE3
1177245729644892200,Thu Sep 26 15:37:08 +0000 2019,#Samajavaragamana... a soulful single in #AlaVaikunthapurramuloo releasing soon . Magically composed by SS tamman g… https://t.co/Uky9LLk0ZU
1175746047299051500,Sun Sep 22 12:17:56 +0000 2019,Daughters are the cutest thing in the world ❤️ Happy Daughters Day to all the daughters in the world ❤️. Thought I’… https://t.co/cTFZvQkesz
1170638087564619800,Sun Sep 08 10:00:44 +0000 2019,Our courage is not defined by the battles won ... but by the battles we dared to fight . https://t.co/uGCvLtJ6rA
1168369743910195200,Mon Sep 02 03:47:08 +0000 2019,Happy Ganesh Chaturthi . Have a eco friendly Ganesha festival . https://t.co/lvvz73rx1D
1168367625455321000,Mon Sep 02 03:38:43 +0000 2019,Many Happy Returns Of The Day to our Power star Pawan kalyan Garu . #janasena https://t.co/dAfYuxMIye
1168002962012004400,Sun Sep 01 03:29:41 +0000 2019,1st Poster of AVPL .   #AlaVaikunthapuramuloPoster https://t.co/xSdKvaYHAn
1165264104656789500,Sat Aug 24 14:06:26 +0000 2019,New Car in the House . I named him BEAST . Everytime I buy something... there is only one thing on my mind . Gratit… https://t.co/Jxd0VxNFBm
1164443207138070500,Thu Aug 22 07:44:29 +0000 2019,@SiddhantChturvD Good to meet you in person at last ! See you more often my brother .
1164297943706247200,Wed Aug 21 22:07:16 +0000 2019,Many many happy returns of the day to my MEGASTAR in life . Not just as a movie star but more as human ... the most… https://t.co/qTjwLBt0IS
1163300100082299000,Mon Aug 19 04:02:11 +0000 2019,CONGRATULATIONS to the entire team of EVARU . @AdiviSesh @ReginaCassandra https://t.co/PS08Kxrne4
1161879077818515500,Thu Aug 15 05:55:33 +0000 2019,Ala Vaikunthapuram Lo ... First Glimpse ! https://t.co/8UFMZJwqlV #AlaVaikunthapuramloFirstGlimpse!
1161833649001529300,Thu Aug 15 02:55:02 +0000 2019,Happy Independence Day ... the sacrifices done by many hero’s to achieve this freedom will always be remembered...… https://t.co/VyST6bnv90
1158723569473347600,Tue Aug 06 12:56:41 +0000 2019,I thank all the viewers from all over ... glad our work is being liked beyond regional borders ... hope to entertai… https://t.co/py8myvkq5Y
1147458000690589700,Sat Jul 06 10:51:20 +0000 2019,Watched Brochevarevarura Movie. It’s a Humorous movie thrilling till the end . Congratulations All Technicians , Ac… https://t.co/UaPpBYqxpB
1147096276204322800,Fri Jul 05 10:53:58 +0000 2019,Watched #AgentSaiSrinivasaAthreya Movie . It’s a good thriller with humour . Happy that a new generation of actors… https://t.co/kG8hVgyY2o
1147031551235874800,Fri Jul 05 06:36:47 +0000 2019,FALCON https://t.co/NAh3Hl1vPG
1147031342862893000,Fri Jul 05 06:35:57 +0000 2019,Every time I buy something big in my life... there is only one thought in my mind ... “ People have showered soo mu… https://t.co/QSod2kNe51
1119323265976062000,Fri Apr 19 19:33:57 +0000 2019,nailed it . Last and most imp. the captain Gowtham Tinnanuri . Splendid work . Steady &amp; Bold . Such a sweet film. M… https://t.co/0wEnURempg
1119323247957332000,Fri Apr 19 19:33:52 +0000 2019,Just watched JERSEY. Brilliant heart touching film. I loved every aspect of it. Congratulations to the entire team.… https://t.co/ne2GspnnhS
1117711140308561900,Mon Apr 15 08:47:56 +0000 2019,Heyyyy @AlluSirish  . All the Best . Muaaahhhhh...  ABCD - American Born Confused Desi Theatrical Trailer https://t.co/7zpSL0D4D3
1116979822654132200,Sat Apr 13 08:21:56 +0000 2019,https://t.co/3nJreeA6WM
1116979808313860100,Sat Apr 13 08:21:53 +0000 2019,#AA19 Puja . Geetha Arts  And Haarika&amp;Hassine . 3rd movie with 3vikram Garu .
1116012465450573800,Wed Apr 10 16:18:00 +0000 2019,3M . Thank you for making me touch 3 Million. It’s not MY achievement... it’s your LOVE . Gratitude forever ❤️. https://t.co/nHn5wM4Ijo
1115284879976095700,Mon Apr 08 16:06:51 +0000 2019,Thank You for all the wishes and Love . Gratitude ❤️ https://t.co/36dAUrFy7Q
1114438431109574700,Sat Apr 06 08:03:21 +0000 2019,HAPPY UGADI . ANDHARIKI UGADI SUBAKANSHALU
1114436829413920800,Sat Apr 06 07:57:00 +0000 2019,BEST WISHES https://t.co/65HonIrB3c
1114159044657201200,Fri Apr 05 13:33:10 +0000 2019,WE ARE WITH YOU https://t.co/P5FvBv7Ls2
1103134156190441500,Wed Mar 06 03:24:12 +0000 2019,❤️ 8 years https://t.co/mxo9i8gGEb
1096280528687292400,Fri Feb 15 05:30:20 +0000 2019,Heart felt Condolences to all the families of 42 CRPF Men who lost their lives at Pulwama . Every soldier’s sacrifi… https://t.co/ZKmhMraakw
1093808407448932400,Fri Feb 08 09:47:00 +0000 2019,My Donga Fellow 😘❤️#alluarha https://t.co/cj8eTZL2mJ
1093427459171610600,Thu Feb 07 08:33:15 +0000 2019,Real Iron Man . Man with a strong heart . Funny &amp; Fearless . Soo happy to see my Kill Bill Pandey killing it . 😘❤️ https://t.co/1bYygm84OL
1089046140971110400,Sat Jan 26 06:23:28 +0000 2019,Happy Republic Day to all my fellow Indians . https://t.co/Vb0aa1TZe9
1086852854688698400,Sun Jan 20 05:08:07 +0000 2019,Thank you to all the 3 Million Followers on Twitter. Truly thankful  for the love showered on me . Very humbled . T… https://t.co/wjyqm5iYpM
1085071517933883400,Tue Jan 15 07:09:44 +0000 2019,మీకు మరియు మీ కుటుంబ సభ్యులకు సంక్రాంతి శుభాకాంక్షలు!! #HappyMakarSankranti https://t.co/Qh0glcJul8
1085068322859831300,Tue Jan 15 06:57:02 +0000 2019,మీకు మరియు మీ కుటుంబ సభ్యులకు సంక్రాంతి శుభాకాంక్షలు!! #HappyMakarSankranti
1079689842987016200,Mon Dec 31 10:44:52 +0000 2018,Hello ! I have been waiting to announce this officially . My Next film is with Trivikram garu . Produced by Allu Ar… https://t.co/XSbUnAyxQC
1075774291877089300,Thu Dec 20 15:25:52 +0000 2018,All the best to the cast &amp; crew of Anthariksham . The first outer space film in telugu ever . Remarkable move to ev… https://t.co/JfpRKlqknf
1074736676319256600,Mon Dec 17 18:42:45 +0000 2018,Just got back from the Pre release event of Padi Padi Leychey Manasu . Thank you for hosting me . My heartfull wish… https://t.co/UIyKDHuFnQ
1073463869455052800,Fri Dec 14 06:25:05 +0000 2018,Happy Birthday Fireeee 🔥 #HBDRanaDaggubati @RanaDaggubati https://t.co/yicndeA8nX
1068125772110430200,Thu Nov 29 12:53:23 +0000 2018,My very dear friend Meghna Jupally who is the Founder of Meru International School made a short film for social awa… https://t.co/Gx0oaar0sW
1066490941362573300,Sun Nov 25 00:37:09 +0000 2018,Kannada Star Ambareesh Garu No more . Shocking news early morning. Man with a golden soul . May his soul rest in pe… https://t.co/LSnglH5rNw
1065193034764247000,Wed Nov 21 10:39:44 +0000 2018,Arha’s 2nd Birthday Celebrations in Goa #alluarha https://t.co/IS08eXd66G
1065107250174459900,Wed Nov 21 04:58:51 +0000 2018,Happy Birthday to my chubby doll Arha ... Turning Two Today ...  Muuaaahhhh ! https://t.co/JUDvbg8ITg
1061214088863203300,Sat Nov 10 11:08:49 +0000 2018,I thank the government of Kerala for inviting me and giving me the honour to wave the flag at the 66th Nehru Trophy… https://t.co/GpzCUyyjYY
1060025955115298800,Wed Nov 07 04:27:36 +0000 2018,Happy Diwali to each and everyone. May this Diwali bring a new light into our lives . And I would like to thank all… https://t.co/5rb4XNOR05
1054608557453250600,Tue Oct 23 05:40:48 +0000 2018,Many Many Happy Returns Of The Day To My Dearest Darling Prabhas . The Love &amp; Affection I feel for him has been the… https://t.co/hJZus4GqMf
1053536782724280300,Sat Oct 20 06:41:57 +0000 2018,I am saddened by the news and it's heart wrenching to see the damage done by the Cyclone. I pledge 25 lacs to the v… https://t.co/JTgTFukuhU
1050353550960689200,Thu Oct 11 11:52:55 +0000 2018,#SwamiGyanSwaroopSanand #Ganga #RIP #Respect https://t.co/k2JLUeDgV9
1045744781849169900,Fri Sep 28 18:39:19 +0000 2018,Happy Birthday Cutie ❤️. My Queen 👸🏼 https://t.co/imjZuIMhIG
1040131431215849500,Thu Sep 13 06:53:52 +0000 2018,Happy Vinayaka Chathurthi ! Andharaki Vinayaka Chavithi Subhakanshalu https://t.co/W6IMGecdQV
1036094153464135700,Sun Sep 02 03:31:10 +0000 2018,Happy Birthday Kalyan Babai . I really admire your efforts &amp; struggle for a better society in-spite having the luxu… https://t.co/DkD9B4l6cv
1034661864062431200,Wed Aug 29 04:39:46 +0000 2018,Bad *News
1034660903298392000,Wed Aug 29 04:35:57 +0000 2018,I am out of country &amp; just Heard the Bad ! Very very shocking ... Heartfelt Condolences to the entire Nandamuri Fam… https://t.co/mZXR3mYTXK
1033350068999479300,Sat Aug 25 13:47:09 +0000 2018,Keep the spirit of Onam in your hearts Regardless of the situation.  May your lives be filled with joy, love, and peace. Happy Onam!
1032078165815046100,Wed Aug 22 01:33:04 +0000 2018,Many Happy Returns of the day to our one and only MEGA STAR 🌟 #HBDMightyMegaStarChiranjeevi
1031792671743008800,Tue Aug 21 06:38:37 +0000 2018,SyeRaaNarasimhaReddy Teaser https://t.co/I8yNqdjdKY MINDDDDDDDDDD BLOWWWINGGGGGG ! No WORDSSSSSS. Bday Celebrations… https://t.co/2GqJafrfGo
1029595382760783900,Wed Aug 15 05:07:22 +0000 2018,@Samanthaprabhu2 Thank you Sam . Just saw this . I don’t mind teaching some tricks :) it’s easier when som1 teaches .
1029528489458843600,Wed Aug 15 00:41:34 +0000 2018,Happy Independence Day to each and every Indian. Respect to all the freedom fighters who sacrificed their lives for our liberty. Jai Hind!
1028962855259922400,Mon Aug 13 11:13:56 +0000 2018,People of Kerala will always occupy a special place in my heart for the unmatchable Love &amp; Affection they shower .… https://t.co/NOQkGnLS8H
1028918533550469100,Mon Aug 13 08:17:49 +0000 2018,My Heartful Prayers to the Victims  who were effected by floods in Kerala.  #KeralaFloods #Keralarains
1026871048506159100,Tue Aug 07 16:41:50 +0000 2018,KALAIGNAR .  Patriarch of  Dravida Munnetra Kazhagam. 5 times CM , 6 Decades Of Political Career , Bhishma Pitamah… https://t.co/hQ76tNvDoR
1022517830183465000,Thu Jul 26 16:23:42 +0000 2018,My Dearest Fans ... Thank you soo much for all the Love .  I wanted to tell you all pls be a lil patient about the… https://t.co/3ML2fybp0u
1008293564282036200,Sun Jun 17 10:21:33 +0000 2018,Of all the dads I have ever seen , met spoke and heard of ... your the BEST . Soo Lucky that YOU are my dad . Lucky… https://t.co/etR9VS3DDT
1008047148531945500,Sat Jun 16 18:02:23 +0000 2018,Eid Mubarak ! May Allah’s blessing be with you today &amp; always
1003984400290213900,Tue Jun 05 12:58:28 +0000 2018,@LakshmiManchu @Rakulpreet @Ra_THORe @trishtrashers @shilpareddy217 Thank You for the nomination dear !
1003978102265995300,Tue Jun 05 12:33:27 +0000 2018,@NANDAMURIKALYAN @tarak9999 @afzalfitnesspal @ramsayz @IamSaiDharamTej Thank You for the Nomination Brother 👍🏼
1003920774200156200,Tue Jun 05 08:45:39 +0000 2018,What Lovely Initiative by @aryasukku @directorvamshi to host a dinner for all the Directors. Soo good to see all bi… https://t.co/DvID2HWIIM
1001693707035439100,Wed May 30 05:16:04 +0000 2018,Happy Birthday Day to the 1st Baby in my Life . The baby who grew in front of my eyes from the beginning of my time… https://t.co/mBwJmWmBK1
995736346864992300,Sun May 13 18:43:39 +0000 2018,Lovely Gesture by my Father to Host a Party for his Friend &amp; Partner Ashwini Dutt Garu in the success of MAHANATI .… https://t.co/bHxwy6IP33
994644650286764000,Thu May 10 18:25:38 +0000 2018,I Thank Pavan Kalyan Garu for gracing the occasion of THANKS TO INDIA (A Promotional event for NSNI) . I am persona… https://t.co/LzsBVx2OoY
994146853754228700,Wed May 09 09:27:34 +0000 2018,Thank You Krish Garu for Hosting a Promotional event for NSNI . Very nice of you to come fwd and support us .… https://t.co/pFDt5vXosG
993788436569055200,Tue May 08 09:43:21 +0000 2018,I Thank Harish Shankar garu , Maruthi garu &amp; VIAnand garu for volunteering to do Promotional interview for NSNI… https://t.co/4uWFi5igZ2
992443759420944400,Fri May 04 16:40:05 +0000 2018,NAA PERU SURYA NAA ILLU INDIA . The Day I have been waiting for a Year . Thank You All . Gratitude
992034339243397100,Thu May 03 13:33:12 +0000 2018,NSNI RELEASING TOMORROW! #NSNI https://t.co/QLiPTohaV3
991660991212597200,Wed May 02 12:49:39 +0000 2018,Lover Also Fighter Also https://t.co/Th4y1FveqA
991658596537634800,Wed May 02 12:40:08 +0000 2018,Cap Tricks Making https://t.co/wERDT1B2PR #MakingOfAACapTricks
991188311992660000,Tue May 01 05:31:23 +0000 2018,My upcoming movie Naa Peru Surya Naa Illu India on 4thMay . Catch your dose of action on HBO #NSNI… https://t.co/Q8SxlKfgt0
990786669317185500,Mon Apr 30 02:55:24 +0000 2018,Thank You All for making the Pre release event of NSNI a grand success. Spl Thanks to Mega Power Star Ram Charan fo… https://t.co/LjpvFkTGdX
990110602474459100,Sat Apr 28 06:08:57 +0000 2018,Naa Peru Surya Naa Illu India Theatrical Trailer Impact . #NSNITrailer https://t.co/yqEWn8kuXk
989893184972116000,Fri Apr 27 15:45:01 +0000 2018,Experience the magic on HBO INDIA.  @HBOIndia #experiencethemagic #NSNI Promotions . https://t.co/P5CilMTaBN
989810646786232300,Fri Apr 27 10:17:02 +0000 2018,NSNI THEATRICAL TRAILER TOMORROW #NSNITrailer https://t.co/9ockGw8tb8
988804781484408800,Tue Apr 24 15:40:05 +0000 2018,Iraga Iraga Song from NSNI #IragaIragaPromoSong #NSNI https://t.co/PSAxZES5nT
988123059205869600,Sun Apr 22 18:31:10 +0000 2018,#NSNI Audio function at Military Madhavaram. Real place of Sacrifice and Honour . Proud to do this Function there . https://t.co/QsA3jiYfTr
987702600995934200,Sat Apr 21 14:40:25 +0000 2018,NSNI Song #BeautifulLove . https://t.co/w61oiV86qY
987049704247709700,Thu Apr 19 19:26:02 +0000 2018,RT @PawanKalyan: #5 If I cannot defend the honour of my mother I better die.. https://t.co/OB90SUEuYz
987049694500139000,Thu Apr 19 19:26:00 +0000 2018,RT @PawanKalyan: #4 If I cannot defend the honour of my mother I better die.. https://t.co/YZVMmwRrHY
987049684870074400,Thu Apr 19 19:25:58 +0000 2018,RT @PawanKalyan: #3 If I cannot defend the honour of my mother I better die.. https://t.co/2rQEtD4NdX
987049673880981500,Thu Apr 19 19:25:55 +0000 2018,RT @PawanKalyan: #2 If I cannot defend the honour of my mother I better die.. https://t.co/4d6ql7oD10
987049658773131300,Thu Apr 19 19:25:51 +0000 2018,RT @PawanKalyan: #1 “If I cannot defend the honour of my mother I better die..“ https://t.co/EvI4ob6QJ5
986701009769697300,Wed Apr 18 20:20:27 +0000 2018,The first and the last thing my actress Anu Emmanuel ever asked for was a SELFIE . Soo Sweet.  My First Personal Pi… https://t.co/aTmh9qCNoW
986697123419828200,Wed Apr 18 20:05:00 +0000 2018,Wrapped up the Last Day of Shoot for NSNI . Lovely Unit , lovely people . Thank you . I Thank each and every one on… https://t.co/PYKyRFNk6o
985588368623927300,Sun Apr 15 18:39:13 +0000 2018,Mega Entry to NSNI sets . Could not dance when he’s watching 😂😘 . LOVE &amp; GRATITUDE FOREVER ❤️ https://t.co/x3OZgmyHKf
985116801301471200,Sat Apr 14 11:25:22 +0000 2018,May this Vishu bring a new beginning and New hopes to your life! #Happyvishu https://t.co/Y80UfhxiSP
984783765259145200,Fri Apr 13 13:22:00 +0000 2018,“Beautiful Love “ on Apple Music - https://t.co/Z3JExv9fOD Saavn - https://t.co/6hEjTf5Wlp Wynk-… https://t.co/RIlALIHYA0
984749075772919800,Fri Apr 13 11:04:10 +0000 2018,“BEAUTIFUL “ 3rd song from @ItsAnuEmmanuel Music: @VishalDadlani &amp; @ShekharRavjiani  Lyrics : #SeetharamaSastry gar… https://t.co/Sz3rqRgT1N
983716180052664300,Tue Apr 10 14:39:48 +0000 2018,‘ BEAUTIFUL ‘ Song Release on 13th April . #NSNI https://t.co/isDoPhc5PY
983224216039309300,Mon Apr 09 06:04:55 +0000 2018,Thank You Each and every one of you for the Birthday Wishes &amp; Blessings . Overwhelmed.  Gratitude. https://t.co/ovdhMMlXaI
982841679135887400,Sun Apr 08 04:44:51 +0000 2018,NSNI DIALOGUE IMPACT . #NSNIDialogueImpact https://t.co/3KlqCOQWfH
981865994409869300,Thu Apr 05 12:07:49 +0000 2018,DIALOGUE IMPACT on 8TH APRIL #NSNI https://t.co/zwOyb2GHZR
981429596573847600,Wed Apr 04 07:13:44 +0000 2018,“OPINION EXPRESS “- Thank you  very much for the April Cover .  Pic by : Rohan Shrestha Styled by : Harmann Kaur  I… https://t.co/G0InDLpHtx
979110684834242600,Wed Mar 28 21:39:12 +0000 2018,It’s been 15 yrs I entered into films. I thank each and everyone who has been a part of this journey . I Thank  KRR… https://t.co/WDAy3mXDGh
978622604566175700,Tue Mar 27 13:19:45 +0000 2018,Many Many Happy Returns Of the Day to my dearest cousin , friend and  my true special love Charan . Love you sooo m… https://t.co/G2JXHa9i6z
975289640306528300,Sun Mar 18 08:35:44 +0000 2018,@tictoc Just Realised even 7 is missing
975289224143437800,Sun Mar 18 08:34:05 +0000 2018,@tictoc Pls Correct the typo Mistake ! Rank 3 is missing . I am assuming Zurich is 3rd !
975207429393862700,Sun Mar 18 03:09:04 +0000 2018,'విళంబి' నామ సంవత్సర    'ఉగాది' శుభాకాంక్షలు. HAPPY UGAADHI #HappyUgadi
972106934122958800,Fri Mar 09 13:48:48 +0000 2018,@theindianthakur Anoop ! I consider this as an opportunity to express my positive opinion on you . You are one of t… https://t.co/Er4uQ6sdUP
971597904820531200,Thu Mar 08 04:06:06 +0000 2018,Happy Woman’s Day to All Women in the World . The Reason behind every creation . Respect #HappyWomensDay
971589998188335100,Thu Mar 08 03:34:41 +0000 2018,Thank You All ! Real Credit to @harish2you @hegdepooja @ThisIsDSP @DoP_Bose,  Shekar Master , Art Rajeev , Ofcourse… https://t.co/4vQupi7Jzs
969433143555043300,Fri Mar 02 04:44:07 +0000 2018,Happy Holy Everyone ! Pls use naturally made colours to be safe 🎨. Have a Colourful &amp; Safe Holy https://t.co/Nz5NdEnkrh
969165383180668900,Thu Mar 01 11:00:08 +0000 2018,NSNI POSTER IMPACT ! #NSNIPosterImpact https://t.co/GVugBLVN6y
968882315077169200,Wed Feb 28 16:15:19 +0000 2018,I Thank All the 2 million followers for your Love &amp; Support ! Thank You ! Gratitude .
968421854451871700,Tue Feb 27 09:45:37 +0000 2018,My Humble request to the media , social platform content providers , and people at large. There is a lot of wrong s… https://t.co/QYZiS1PUPB
968142070308331500,Mon Feb 26 15:13:51 +0000 2018,POSTER IMPACT on 1st March at 4.30 pm https://t.co/Cgt5g1aSDp
967620179759779800,Sun Feb 25 04:40:03 +0000 2018,Shocked to Hear the Demise of Iconic actress Sridevi Garu ! Really Sad News . Condolences to Her Family , Near &amp; dear ones . #Sridevi
966228994575052800,Wed Feb 21 08:31:58 +0000 2018,Many Happy Returns of the day to my Director Vakkantham Vamsi https://t.co/zvNgdn7qSy
965233021497454600,Sun Feb 18 14:34:20 +0000 2018,Thank You for the Advance Bday Wishes . Really Touched by your Love . Gratitude !
964565037951066100,Fri Feb 16 18:20:00 +0000 2018,RT @narendramodi: This question brought a smile on everyone's face! One student asked me how prepared I am for my exams... https://t.co/y0i…
963701272724488200,Wed Feb 14 09:07:42 +0000 2018,Listen to "Lover Also, Fighter Also" on Wynk - https://t.co/H7g3T7KjPu Apple Music - https://t.co/Tb8JrGLFAi Gaana… https://t.co/qLzeypOkqH
963610590248886300,Wed Feb 14 03:07:22 +0000 2018,Happy Valentines Day Everyone ! Here we go.. NSNI second song LOVER ALSO FIGHTER ALSO https://t.co/MOUlsohXma #LoverAlsoFighterAlso
963074913568309200,Mon Feb 12 15:38:47 +0000 2018,Theeeee Cutesttt Video I have seen in recent times . The power of simplicity . Love it !  #ManikyaMalarayaPoovi 🤣… https://t.co/wOo1Ns83wd
962276287074123800,Sat Feb 10 10:45:19 +0000 2018,RT @MaximIndia: We agree with @alluarjun's mantra, "style is nothing but a reflection of the personality. Style is not about fashion. I bel…
961503568929927200,Thu Feb 08 07:34:49 +0000 2018,MAXIM STEED . FEB 2018. Thank You ! https://t.co/zWHkUVHIHv
961189073271558100,Wed Feb 07 10:45:07 +0000 2018,ENTE PERU SURYA ENTE VEEDU INDIA Malayalam First Impact . https://t.co/qwztE4O7Rz
960743516157743100,Tue Feb 06 05:14:38 +0000 2018,ENTE PERU SURYA ENTE VEEDU INDIA Malayalam First Impact on 7th Feb 4.30 pm . https://t.co/WzPf3691SC
960485250756497400,Mon Feb 05 12:08:23 +0000 2018,NSNI 2nd Song “LOVER ALSO FIGHTER ALSO “ Releasing on Feb 14th Valentines Day. When I heard this song I instantly l… https://t.co/MKSEXsIXJV
958895443131486200,Thu Feb 01 02:51:03 +0000 2018,@harish2you Thank you Harish garu. Honestly it’s an collective effort of all our films . Meant it .
958269570191474700,Tue Jan 30 09:24:03 +0000 2018,Thank You All for All the Love ! Elated that our Dubbed Telugu films are being watched &amp; appreciated by others . Hu… https://t.co/itrn3DYrMe
956715823170666500,Fri Jan 26 02:30:01 +0000 2018,Happy Republic Day . “SAINIKA” Salute to our Soldiers . #SainikaArrives https://t.co/pGY7mOuFp5
956430252267356200,Thu Jan 25 07:35:16 +0000 2018,“SAINIKA” Salute to Our Soldiers . 1st Song of NSNI . Releasing Tomorrow. #SAINIKALYRICAL #NSNI https://t.co/CgYgh66pPg
956130945123303400,Wed Jan 24 11:45:56 +0000 2018,Vaaahhhhhhhh 👌🏼😘😘😘 https://t.co/Tn76aTAVjh
955824373939683300,Tue Jan 23 15:27:43 +0000 2018,“SAINIKA” Salute to Our Soldiers . 1st Song of NSNI . 3 Day to Go . #SAINIKALYRICAL #NSNI https://t.co/s6SeGBxdB4
954007174031671300,Thu Jan 18 15:06:49 +0000 2018,A Salute To Our Soldiers “ SAINIKA ”  1st Song of Naa Peru Surya Na Illu India Releasing on Jan 26th. https://t.co/Zomxc8ymsy
952727998586789900,Mon Jan 15 02:23:50 +0000 2018,ఆందరికి సంక్రాంతి శుభాకాంక్షలు https://t.co/bXIhahIVP9
950913093558681600,Wed Jan 10 02:12:03 +0000 2018,Happy Birthday Dad ! My most fav person in the world . Love You . https://t.co/gbnfV7T0X2
948265435325022200,Tue Jan 02 18:51:12 +0000 2018,Thank You All . I am Grateful for the Wonderful Response . Humbled https://t.co/r3faRpFfEA
947791786033815600,Mon Jan 01 11:29:05 +0000 2018,NAA PERU SURYA NAA ILLU INDIA FIRST IMPACT https://t.co/5an6IRhS6l #NSNIFirstImpact
947722612460871700,Mon Jan 01 06:54:13 +0000 2018,Wish you all a Happy New Year ! Let’s Pray that all of us have a Promising 2018
947406616579543000,Sun Dec 31 09:58:34 +0000 2017,NSNI 1st Impact on 1st Jan @5pm . #NSNIFirstImpact https://t.co/82ougNRYv9
946003289769893900,Wed Dec 27 13:02:14 +0000 2017,All The Best for Okka Kshanam Movie Releasing Tomorrow @AlluSirish @Surbhiactress @IamSeeratKapoor #OkkaKshanam . https://t.co/MhxofPIikv
945020322696151000,Sun Dec 24 19:56:17 +0000 2017,Merry Christmas ! Allu Arha , Ayaan , Sneha &amp; Arjun https://t.co/5mlWvRe8k2
944613738644045800,Sat Dec 23 17:00:40 +0000 2017,Naa Peru Surya Naa Illu India - First Impact on First Jan 2018 . #FirstImpactOn1stJan #NSNI https://t.co/CCikn5cMXn
943333390614347800,Wed Dec 20 04:13:01 +0000 2017,I whole heartedly appreciate this wonderful initiative taken by the government to promote Telugu literature &amp; cultu… https://t.co/PRckYxvX5r
941174131277496300,Thu Dec 14 05:12:53 +0000 2017,Happy Birthday Fireee 🔥 Got it Right this Time 😉 @RanaDaggubati #HBDRanaDaggubati https://t.co/mTu7UqTG6p
937294015287910400,Sun Dec 03 12:14:41 +0000 2017,Siri All the Best for your New Movie OkkaKshanam . Very Interesting Teaser  . Hope all of you like it ! ATB to the… https://t.co/2F1gMn3oTP
932906115196600300,Tue Nov 21 09:38:45 +0000 2017,Happy birthday to my lil princess! 1st bday pic ! https://t.co/0J8F8LPTQ2
932458646121857000,Mon Nov 20 04:00:40 +0000 2017,I love to capture moments that become a memory. Starting my journey of Pictures on Instagram with a memorable one o… https://t.co/XSi98bEFiw
931423983253176300,Fri Nov 17 07:29:17 +0000 2017,Buffalo Wild Wings 1st time in India as B-Dubs Opening Today. Been waiting for this. https://t.co/bY63mqY5Bv
925992188160327700,Thu Nov 02 07:45:16 +0000 2017,All the Best for " Top Stich " The Fashion Carnival ! Shop , Eat &amp; Jam on Nov 5th at N Banyan ! Curated by Sister i… https://t.co/neTDdoWbxF
922381736159277000,Mon Oct 23 08:38:37 +0000 2017,Many Happy Returns Of The Day to  One of the most sweetest genuine warm hearted person I know. Happy Birthday Praba… https://t.co/TO8KQKSu4h
920696036552667100,Wed Oct 18 17:00:15 +0000 2017,Happy Diwali to each and everyone of You !
919123569472180200,Sat Oct 14 08:51:50 +0000 2017,DJ World Television Premiere Today at 6pm on Zee Telugu @harish2you @hegdepooja @ThisIsDSP https://t.co/to5tnRLwp6
919105947519238100,Sat Oct 14 07:41:48 +0000 2017,Tomorrow the Premiere of Rudhramadevi at 2pm Etv @Gunasekhar1  @etvteluguindia @Anushka_ASF @RanaDaggubati… https://t.co/H9LfX7BxDU
914370449689108500,Sun Oct 01 06:04:38 +0000 2017,My Grand Fathers Birthday Today. We are here in this postion today bcoz of him. We will always miss him. https://t.co/X7h5mi0xBD
913945510599262200,Sat Sep 30 01:56:04 +0000 2017,Happy Dussehra! https://t.co/lsQus9DmTk
913633698297163800,Fri Sep 29 05:17:02 +0000 2017,Starting our Dussehra with Ayudha Pooja on the sets of NSNI in Ooty. https://t.co/GkTaj9ZFnD
913476939196670000,Thu Sep 28 18:54:08 +0000 2017,Happy Birthday Sneha . I miss you cutieeee! https://t.co/2qhHR0nc8W
904616832060891100,Mon Sep 04 08:07:14 +0000 2017,Happy ONAM ! Elaavarkum hridayam niranja Onamashamsakal
903882311418110000,Sat Sep 02 07:28:31 +0000 2017,Wishing everyone a very happy  #EidAlAdha .
903822137638633500,Sat Sep 02 03:29:24 +0000 2017,Many Happy Returns Of The Day To PSPK Garu.
899678523551498200,Mon Aug 21 17:04:09 +0000 2017,Many Happy Returns Of The Day To Our One and Only MEGA STAR ⭐️ https://t.co/Rkmy6qm0EV
897299602017181700,Tue Aug 15 03:31:10 +0000 2017,Happy Independence Day to all of Us. https://t.co/T9HC1jRF1W
895650425835143200,Thu Aug 10 14:17:56 +0000 2017,#DhruvarajaJagannadh releasing tomorrow. #DhruvarajaJagannadhFromTmrw . Thank You For all the Love ! https://t.co/Qk9Bi1Kt2v
892730772737503200,Wed Aug 02 12:56:17 +0000 2017,https://t.co/nao9NoWwOY
892729857758515200,Wed Aug 02 12:52:38 +0000 2017,Suprise For this Independence Day from NSNI Team.  #Nsni #SurpriseFromSurya #naperusurya .
892010765196054500,Mon Jul 31 13:15:13 +0000 2017,Me And My Little Angel Allu Arha ! #studio pic a boo https://t.co/GrQvNwXOzP
891548815324364800,Sun Jul 30 06:39:36 +0000 2017,All the Best to #Darshakudu movie team which is releasing on Aug4th this Friday. https://t.co/EegAnS3QaS
890861413970829300,Fri Jul 28 09:08:07 +0000 2017,We Welcome @tamilthalaivas. Their first match at @ProKabaddi League Season 5 today in Hyderabad.
887606751150743600,Wed Jul 19 09:35:15 +0000 2017,My Life Experience and Views about Traffic Discipline &amp; Civic Sense. I Hope this Helps Everyone to Drive Safer. https://t.co/y6binM13Kq
887605381148532700,Wed Jul 19 09:29:48 +0000 2017,I Thank Hyderabad Traffic Police for the Wonderful awareness Program they Hosted . Thank you for Inviting me as one of the Chief Guests.
879643231650172900,Tue Jun 27 10:11:04 +0000 2017,EID MUBARAK ! https://t.co/UuDxSzXeeh
879387958968590300,Mon Jun 26 17:16:42 +0000 2017,One of the Best speeches I have ever Witnessed . Real , Bold N Strait From Heart   @harish2you  . Hats Off ! https://t.co/3ZggUkclUz
877959011613646800,Thu Jun 22 18:38:34 +0000 2017,D(J) DAY ! https://t.co/JsdHY4YCSB
877885050708045800,Thu Jun 22 13:44:41 +0000 2017,Thank you Karnataka Media , People &amp; Crazyyy Fans for all the Love ! Hope to satisfy your expectations.
877706344010100700,Thu Jun 22 01:54:34 +0000 2017,DJ Duvvada Jaganadham Movie Releasing tomorrow . 23rd June. Hope it matches to your expectations . https://t.co/8W2NWxs9sp
877229845255782400,Tue Jun 20 18:21:07 +0000 2017,I thank the US Consulate for issuing the Visa and their warm hospitality. https://t.co/gXlNI9nGR8
876832668104613900,Mon Jun 19 16:02:53 +0000 2017,DJ song : SEETI MAAR Video Trailer @ThisIsDSP @harish2you @hegdepooja https://t.co/oNfIqMkYND
876352477855006700,Sun Jun 18 08:14:47 +0000 2017,Thank You #FilmfareSouth2017 for giving me Critics Best Actor . I Dedicate this Award to Late Sri Dasari Narayana G… https://t.co/zY7adGQzDF
874830955449524200,Wed Jun 14 03:28:48 +0000 2017,My New Film " Na Peru Surya Na Illu India " Muhurtham Today. #AA18 #NaPeruSurya https://t.co/5Y9mPMkcyS
874121385680879600,Mon Jun 12 04:29:13 +0000 2017,I have to admit this gesture of Ayaan Surprised me  😂😘 https://t.co/7SyE2rqSo2
873951072544366600,Sun Jun 11 17:12:27 +0000 2017,DJ Duvvada Jaganadham Movie Trailer 2 . https://t.co/9HmFr7fztf
873835559680041000,Sun Jun 11 09:33:27 +0000 2017,#DuvvadaJagannadhamAudio Jukebox ! Hope you like it @ThisIsDSP @harish2you @hegdepooja @SVC_official @adityamusic  https://t.co/1OiajuUr2e
873037885858922500,Fri Jun 09 04:43:46 +0000 2017,DJ Audio Release on 11th June. https://t.co/S8YfTKGsxF
872114304446734300,Tue Jun 06 15:33:47 +0000 2017,Thank You All for all the love &amp; appreciation. https://t.co/WMvCciOMxe
871733092066541600,Mon Jun 05 14:18:59 +0000 2017,I Thank all the Directors for Launching DJ trailer #DJTrailer @harish2you @hegdepooja  @ThisIsDSP https://t.co/lR1OiSETIT
869607389636567000,Tue May 30 17:32:12 +0000 2017,Legendary Director Dasari Narayana Rao garu no more. RIP. Condolences to his family &amp; all his people.
869180009889448000,Mon May 29 13:13:57 +0000 2017,DJ Movie Song "Gudi lo Badi lo Madi lo" #DJsecondSingle . https://t.co/CFXxsiZccm
866635266772967400,Mon May 22 12:42:03 +0000 2017,DJ movie 1st song " Saranam Bhaje Bhaje " #DJFirstSingle https://t.co/KyR32CkRlO
866289186956955600,Sun May 21 13:46:51 +0000 2017,DJ Duvada Jaganadham AUDIO 1st Song : " DJ SYARANAM BAJAY BAJAY  " releasing tomorrow 6pm. https://t.co/OLXELwYk8i
864097491985121300,Mon May 15 12:37:50 +0000 2017,DJ - DUVVADA JAGANNADHAM AUDIO RELEASE TEASER . https://t.co/gp5JR9mwxI #DJ
861544981856518100,Mon May 08 11:35:05 +0000 2017,DJ DUVVADA JAGANNADHAM MOVIE AUDIO POSTER https://t.co/AL6di0hxFV
860046160794312700,Thu May 04 08:19:18 +0000 2017,RT @narendramodi: Shri K Vishwanath has distinguished himself as an outstanding filmmaker. I congratulate him on being conferred the Dada S…
857207669479755800,Wed Apr 26 12:20:09 +0000 2017,My Heart is filled with joy meeting Legendary Director K.Vishwanath Garu.His Humility grounds me. Timeless Films. L… https://t.co/fTWQg0CPqh
856526332749987800,Mon Apr 24 15:12:45 +0000 2017,*Dada Saheb Phalke
856525624030003200,Mon Apr 24 15:09:56 +0000 2017,*has
856524495573536800,Mon Apr 24 15:05:27 +0000 2017,I am extremely Proud that our legendary director K.Vishwanath Garu was won the Dada Sabeh Palke Award. What an honour for Telugu Industry
855637253908971500,Sat Apr 22 04:19:52 +0000 2017,Sabbhya Samajaniki Message: DJ DUVVADA JAGANNADHAM Movie  releasing on  23rd JUNE  2017! #DJ23rdJune ! https://t.co/Y7AooLY4EW
850653464061333500,Sat Apr 08 10:16:04 +0000 2017,Thank you All for the love and heartfelt warm Birthday wishes. And thank you @harish2you &amp; SVC for the Bday Still https://t.co/1SIP4JKVUv
848771450559385600,Mon Apr 03 05:37:37 +0000 2017,Holiday in goa with my Baby Birthday Boy ! Muuaahhhhh! https://t.co/ZVPtofQt5C
847699058244239400,Fri Mar 31 06:36:19 +0000 2017,Many Many Happy Returns Of The Day To My Director Harish Shankar @harish2you https://t.co/Xc2n6EUsCp
846961396004929500,Wed Mar 29 05:45:07 +0000 2017,Andhariki Ugadhi Shubakanshalu !
843876558716780500,Mon Mar 20 17:27:04 +0000 2017,I Whole Heartedly Thank you all for over a Crore views . One of the highest in telugu films. Thank you for all the… https://t.co/TR2pgKxAGR
839376088551800800,Wed Mar 08 07:23:49 +0000 2017,Happy Woman's Day https://t.co/s4ve8QcF4A
837918310817751000,Sat Mar 04 06:51:07 +0000 2017,I thank Abu Dhabi Film Commission for their support. A competition to meet me &amp; the entire #duvvadajagannadham team… https://t.co/BMj0pxpCB9
835371174162899000,Sat Feb 25 06:09:43 +0000 2017,Thank you all for the great response and heartfelt compliments about DJ teaser . Thank you !
834971376226291700,Fri Feb 24 03:41:03 +0000 2017,MahaShivaratri Shubakanshalu !           DJ Dhuvada Jaganadham Movie Teaser    https://t.co/lcyXKHPyR4  #DJTeaser
834477862115741700,Wed Feb 22 19:00:00 +0000 2017,DJ Teaser out on 24th Feb 9am. #DJTeaser https://t.co/g3wygPi0eZ
832810320712208400,Sat Feb 18 04:33:47 +0000 2017,#DJFirstLook https://t.co/uEzOHwRVSY
832426232205627400,Fri Feb 17 03:07:34 +0000 2017,1 day to go for DJ First Look ! #DJFLonFeb18th https://t.co/ZreexyHjp1
832061217627713500,Thu Feb 16 02:57:07 +0000 2017,2 Days to go for the First Look of DJ. https://t.co/BG71ojaoBD
830784271337943000,Sun Feb 12 14:23:00 +0000 2017,DJ MOVIE FIRST LOOK ON FEB 18th #DJFLonFeb18th https://t.co/Q6MxXeatJT
824465900673896400,Thu Jan 26 03:56:03 +0000 2017,Happy Republic Day ! Spl wishes from ALLU ARHA ! https://t.co/tUs4MvwIkt
819224290256154600,Wed Jan 11 16:47:45 +0000 2017,Happy Sankranthi ! Best Wishes to Gautami Putra Satakarni &amp; Shathamanam Bhavathi !
819035110674665500,Wed Jan 11 04:16:01 +0000 2017,Ammadu! Let's do Records Kummudu! https://t.co/Vq61Y5XIOn
817778633259425800,Sat Jan 07 17:03:14 +0000 2017,BOSS IS BACK ! https://t.co/ThSUio0KBV
815165292653543400,Sat Dec 31 11:58:45 +0000 2016,Thank you all for one of the most successful &amp;memorable year 2016 ! Wish you all a Happy New Year ! May this 2017 take us all 1step higher!
812968664173576200,Sun Dec 25 10:30:08 +0000 2016,Our newly arrived angel Ꭿllυ Ꭿrhα. Hindu meaning : Lord Shiva . Islamic meaning : Calm&amp; Serene. "AR" jun &amp; Sne "HA"… https://t.co/v7UZU1WspH
810844733404803100,Mon Dec 19 13:50:23 +0000 2016,I love personally decorating the Christmas tree every yr. since I was a kid. Merry Christmas https://t.co/ZVs8vqXnYX
808903071522811900,Wed Dec 14 05:14:55 +0000 2016,Many Many Happy Returns Of The Day Fireeeee ( my nick name for him  ) #ranadaggubati 🎂
807087234377621500,Fri Dec 09 04:59:26 +0000 2016,#druva released today ! Best wishes to RCT , #RakulPreetSingh , Aravind swamy  , Dir Surender reddy , GeethaArts , entire cast&amp;crew !
806849241763037200,Thu Dec 08 13:13:44 +0000 2016,KING IS BACK ! Khaidi No.150 ! Teaser ! https://t.co/BrFJjggx9M
806783189666517000,Thu Dec 08 08:51:16 +0000 2016,One of my Best selfie's ! Legendary Sports men ! Great Honour being associated &amp; Co-owners of the Team… https://t.co/eJAU3koKOA
800743848880152600,Mon Nov 21 16:53:05 +0000 2016,Blessed with a Baby Girl ! Soooo Happppyyyyyy right now ! One boy &amp; one girl. Could'nt ask for more. Thank you for all the wishes. Lucky me
797307576316629000,Sat Nov 12 05:18:34 +0000 2016,Thank you all for making me touch 1 MILLION  with your love !
796041957290037200,Tue Nov 08 17:29:27 +0000 2016,Heights of MODIfication 😂
796009273717190700,Tue Nov 08 15:19:34 +0000 2016,🇮🇳👏🏼👏🏼👏🏼👏🏼👏🏼👏🏼👏🏼👏🏼👏🏼👏🏼👏🏼👏🏼👏🏼👏🏼👏🏼👏🏼👏🏼👏🏼👏🏼👏🏼👏🏼👏🏼👏🏼👏🏼👏🏼👏🏼👏🏼👏🏼👏🏼👏🏼👏🏼👏🏼👏🏼👏🏼👏🏼👏🏼👏🏼👏🏼👏🏼👏🏼👏🏼👏🏼👏🏼👏🏼👏🏼👏🏼👏🏼👏🏼👏🏼👏🏼👏🏼👏🏼👏🏼👏🏼👏🏼👏🏼👏🏼👏🏼👏🏼👏🏼👏🏼👏🏼👏🏼👏🏼👏🏼👏🏼👏🏼👏🏼
794372518358302700,Fri Nov 04 02:55:41 +0000 2016,1st Day of Shooting after a long gap ! Been waiting for this. Good to be back !
793509023718834200,Tue Nov 01 17:44:28 +0000 2016,My Lil Super Hero ! Allu Batman ! Halloween Party Costume ! https://t.co/QdZ72taOLy
792645761561276400,Sun Oct 30 08:34:10 +0000 2016,Wish You &amp; Your Family A Happy Diwali ! Warm Wishes From Allu Ayaan , Sneha &amp; Arjun https://t.co/qKF2N2LCtc
790073551814430700,Sun Oct 23 06:13:08 +0000 2016,MANY HAPPY RETURNS OF THE DAY TO MY DEAREST DARLING PRABHAS! Someone who has been the same since day 1. Heart of Gold. #Prabhas
785710795392815100,Tue Oct 11 05:17:06 +0000 2016,Hoping everybody finds happiness in what they want ! Happy Dussehra !
779178446731694100,Fri Sep 23 04:39:52 +0000 2016,@Suriya_offl @StudioGreen2 @dirlingusamy THANK YOU SURIYA GARU! Pls convey special Thanks to your Father for gracing the occasion.
779177741274841100,Fri Sep 23 04:37:04 +0000 2016,RT @Suriya_offl: Very very warm welcome @alluarjun !!Chennai is not new to you! I'm sure this will be another exciting journey.!All happine…
778856512991076400,Thu Sep 22 07:20:37 +0000 2016,I Thank dir Lingusamy &amp; producer Gyanvelraja for launching me into Tamil Film Industry! I thank the people &amp; media… https://t.co/ozIv1i0moC
777024882026479600,Sat Sep 17 06:02:22 +0000 2016,Many Happy Returns of the day to the King of the Country our PM Narendramodi Ji ! #HappyBdayPMModi @narendramodi
775945244265156600,Wed Sep 14 06:32:17 +0000 2016,ONAM wishes to all my Malayali's !
775567396610281500,Tue Sep 13 05:30:51 +0000 2016,Wish you all a very Happy ‘Eid Al Adha’
772375966261710800,Sun Sep 04 10:09:15 +0000 2016,PICABOO! A Start up by my wife Allu Sneha Reddy, a photo studio creating great pictures &amp; memories for everyone. https://t.co/2JYaWMYQ6d
771597771052769300,Fri Sep 02 06:36:58 +0000 2016,Many Happy Returns of the day to our Power Star Pawan Kalyan ⚡️⭐️
770101508708900900,Mon Aug 29 03:31:22 +0000 2016,Puja of the new film ! #DJShootBegins @SVC_official @harish2you @ThisIsDSP https://t.co/NTtWUgW9M1
769824277117808600,Sun Aug 28 09:09:44 +0000 2016,@SVC_official @harish2you @ThisIsDSP #AA17 #DJShootBegins https://t.co/c2jwGU8PQC
769801396224876500,Sun Aug 28 07:38:49 +0000 2016,Official Announcement of my Next Movie in One Hour #AA17
767595938038714400,Mon Aug 22 05:35:07 +0000 2016,Birthday Wishes to our one &amp; only  ⭐️MEGASTAR ⭐️
766712045240811500,Fri Aug 19 19:02:51 +0000 2016,Thank you Malayali's of Dubai for honouring me " PRAVASI RATNA PURASKARAM " Truly Honoured ! https://t.co/VoBRT5DTac
765055750313906200,Mon Aug 15 05:21:19 +0000 2016,Happy 70th Independence Day to all of us !
762203036206764000,Sun Aug 07 08:25:39 +0000 2016,HAPPY FRIENDSHIPS DAY !! Bands tied by niece &amp; my maid's kids , soo cute ! https://t.co/TpuGSx7IUC
757829411093647400,Tue Jul 26 06:46:26 +0000 2016,All the Best Dad , @AlluSirish  @Itslavanya , Dir &amp; the whole team of SS https://t.co/i94dbinOqm
755742179016843300,Wed Jul 20 12:32:31 +0000 2016,Happy to share that my family is growing a little bigger. Another baby arriving soon ! https://t.co/pRGFZQJ2yi
750724807067525100,Wed Jul 06 16:15:16 +0000 2016,EID MUBARAK DOSTHON
750317253959094300,Tue Jul 05 13:15:48 +0000 2016,SIIMA Critics Best Actor, CINEMAA Critics Best Actor &amp; FILMFARE Best Supporting Role for GonaGannaReddy. Thank you All for making it special
748175056581197800,Wed Jun 29 15:23:28 +0000 2016,All the Best @AlluSirish . Hope you all like it like I did ! https://t.co/KDgXxzD3oz
746013100403363800,Thu Jun 23 16:12:38 +0000 2016,Gona Ganna Reddy Role in #rudhrammadevi. Best Supporting Role #Filmfare 2016 ! Thank you for all the Love &amp; Support https://t.co/Wv9H3VwfJL
745153918561247200,Tue Jun 21 07:18:33 +0000 2016,Happy Birthday Mom https://t.co/DqPa54biKt
744419938572468200,Sun Jun 19 06:41:58 +0000 2016,Happy Fathers Day to all Dads ! Sweet Surprise from my lil Son 😘 https://t.co/tCzND1Ul2G
740845459611226100,Thu Jun 09 09:58:16 +0000 2016,Istanbul ! Sultan Ahmet Camii ( Blue Mosque ) is the most beautiful mosque I have ever been to. Amazing ! https://t.co/ty7Es9RS8X
738344169626730500,Thu Jun 02 12:19:02 +0000 2016,I would like Thank the Turkish Consulate for the Personal Honours. https://t.co/OfW47MUKLP
737313221657296900,Mon May 30 16:02:25 +0000 2016,Thank you for all the love Kerala ! #Yodhavu https://t.co/DUv0cSAD7n
737158414774587400,Mon May 30 05:47:16 +0000 2016,Siriiii ! Many many Happy returns of the day . Hope u have a great day n a wonderful yr ahead. https://t.co/Rk4kqK6ycz
736428263971557400,Sat May 28 05:25:54 +0000 2016,I Whole heartedly Thank all the Kerala fans for all the love. Really Thankful to them ! #Yodhavu https://t.co/haELtQDTbI
736122995542872000,Fri May 27 09:12:53 +0000 2016,I thank all my Malayali fans for the good opening and positive response for #Yodhavu . Heart Full thanks for all the love.
733643485551689700,Fri May 20 13:00:12 +0000 2016,@RanaDaggubati We "excluded" Bahubali bcoz it is "exclusive" 😎
733539002561634300,Fri May 20 06:05:01 +0000 2016,@tarak9999 Happy Birthday Tarak ! Hope you have a great day and a lovely yr ahead ! BTW First look 👍🏼
733198176014868500,Thu May 19 07:30:41 +0000 2016,Whole Heartedly Thank Telugu Movie Audience for this Stupendous Success ! https://t.co/D7fma9LLtz
733142955024736300,Thu May 19 03:51:16 +0000 2016,RT @madhurasreedhar: Thank u so much @alluarjun garu for making it to #OkaManasu to give your best wishes to Niharika. Thank u!
730109431510241300,Tue May 10 18:57:07 +0000 2016,Thank you all for the Memorable Massive Hit , Appreciation and Blessings. https://t.co/NvUGvQoWsH
729229115966947300,Sun May 08 08:39:04 +0000 2016,1st selfie with Mom ! Happy Mother's Day to my Mom n all the moms on the world. https://t.co/2GdGz8WnHP
726278250834456600,Sat Apr 30 05:13:23 +0000 2016,I thank everybody esply my fans for making #Sarrainodu the biggest hit of my career. Thank you all for the heart felt compliments.
726110280736862200,Fri Apr 29 18:05:56 +0000 2016,MegaStar 150th Movie Launch https://t.co/crBp2tEDbR
724479384392863700,Mon Apr 25 06:05:20 +0000 2016,Many many Happy Returns Of The Day to my #Sarrainodu Director Boyapati Srinu Garu! https://t.co/vQoF01o0mF
723342947496775700,Fri Apr 22 02:49:32 +0000 2016,@RanaDaggubati thank u Rana
723342867482046500,Fri Apr 22 02:49:13 +0000 2016,@IAmVarunTej thank u varun
723122929135804400,Thu Apr 21 12:15:15 +0000 2016,#Sarrainodu Movie releasing tomorrow ! Hoping the movie impresses everybody! Feeling Restless.
719220803263266800,Sun Apr 10 17:49:36 +0000 2016,https://t.co/MzYOkRBVxu #Sarrainodu Trailer ! Hope you all like it
718667925398229000,Sat Apr 09 05:12:40 +0000 2016,Yodhaav motion Poster #Sarrainodu Malayalam Poster !  https://t.co/bAx0LRqKgD
718397676203585500,Fri Apr 08 11:18:47 +0000 2016,I thank everyone for the birthday wishes ! Thank for all the Love ! Lucky Me !
718317078369972200,Fri Apr 08 05:58:31 +0000 2016,Andhariki Ugadhi Subhakanshalu !
715808206375751700,Fri Apr 01 07:49:10 +0000 2016,BlockBuster Song Video #Sarrainodu https://t.co/OcFQTWcZVU
715794370025365500,Fri Apr 01 06:54:11 +0000 2016,#Sarrainodu Album. https://t.co/0bL206oVhb
715740701569327100,Fri Apr 01 03:20:55 +0000 2016,@MusicThaman Thank you soo much for your best efforts n giving me such good songs. Hope this album will be one of ur best ever. Congrats !
715739641748414500,Fri Apr 01 03:16:43 +0000 2016,#Sarrainodu Audio out now ! I personally like the album, hope it connects to everyone n becomes a BLOCKBUSTER album https://t.co/DqMwP9NXsU
715038229225979900,Wed Mar 30 04:49:33 +0000 2016,#Sarrainodu Audio out in the market from 1st April https://t.co/5yxolmaz6S
714832631108493300,Tue Mar 29 15:12:34 +0000 2016,"Blockbuster" full song from #Sarrainodu movie. https://t.co/ILpgpkQRe4
714734909978488800,Tue Mar 29 08:44:16 +0000 2016,Really happy for my friend Prabhas n @RanaDaggubati . Thanks @ssrajamouli garu for elevating Telugu Film to another league.
714732509829967900,Tue Mar 29 08:34:44 +0000 2016,I am soo Proud that #bahubali won the National Award Best Film. Such a Proud moment for Telugu Film Industry. Thank u rajmouli garu n team
714726692393197600,Tue Mar 29 08:11:37 +0000 2016,My wife said : Thank god ! It's was a Pawan Kalyan song 😂😂😂 imagine if it was someone else's song 😂😂😂
714725311905206300,Tue Mar 29 08:06:07 +0000 2016,Should me more careful from now on. I am still in shock ! Really shockeddd
714724968114831400,Tue Mar 29 08:04:46 +0000 2016,It's impossible to do it. It took my 10 mins to figure out how he did it. He does'nt know anything on the phone. Just pureeee luck. Unreal.
714724665885855700,Tue Mar 29 08:03:33 +0000 2016,Oh my god ! Shocking! My son was listening to songs in my phone iTunes a while ago. The next thing I see is Sardaar song in my Twitter acc.
714716637220511700,Tue Mar 29 07:31:39 +0000 2016,Sardaar (From "Sardaar Gabbar Singh") [Telugu] - Single by Devi Sri Prasad &amp; Benny Dayal  https://t.co/EpxZF2cHnT https://t.co/YWkm8kp7fH
714459667691233300,Mon Mar 28 14:30:33 +0000 2016,It's my 13th Year in Film Industry . I thank each and everyone for making stand where I am. https://t.co/gXoF0bUseB
707153680592724000,Tue Mar 08 10:39:10 +0000 2016,Happy Woman's Day to all women in the world. Natures most most beautiful creation...love &amp; respect
704638797225398300,Tue Mar 01 12:05:55 +0000 2016,My personal note about the movie #Kshanam ! Congratulations @AdiviSesh , Dir N the entire Team https://t.co/t4hEdBZu8n
704172044426940400,Mon Feb 29 05:11:12 +0000 2016,Yayyy ! Leonardo DiCaprio wins the OSCARS for BEST ACTOR 👏🏼👏🏼👏🏼 Been Waiting for last 2 Years to see this! Soo Happy for him. Deserving!
701812250202341400,Mon Feb 22 16:54:14 +0000 2016,A Brilliant Fashion Blog by Sister in law &amp; her friend @ToastedCouture / https://t.co/Rkzm3XdMTg / https://t.co/3ll8okGj7M !
700267122170024000,Thu Feb 18 10:34:26 +0000 2016,#SarrainoduTeaser ! Hope you all like it ! https://t.co/ti4CyWsqFw
699076222681100300,Mon Feb 15 03:42:14 +0000 2016,SARRAINODU Teaser on 18th Feb ! https://t.co/MWBnEMTAyK
698903899776745500,Sun Feb 14 16:17:29 +0000 2016,All the Best @MusicThaman ! Rock the Show !  https://t.co/Z2okWuOJnq
695240068903010300,Thu Feb 04 13:38:44 +0000 2016,I THANK all my FANS for making me Touch ONE CRORE LIKES ON FACEBOOK ! THANKS for all the Love &amp; Support! https://t.co/l5JIVO6vxJ
694384622222749700,Tue Feb 02 04:59:29 +0000 2016,VOTE ! If you don't vote you don't have the right to complain !
691814078910693400,Tue Jan 26 02:45:04 +0000 2016,Republic Day greeting to all my fellow Indians !
691585623736463400,Mon Jan 25 11:37:16 +0000 2016,The First Look of Sarrainodu ! #SarrainoduFirstLook https://t.co/wlYfVgMVPn
691133858897506300,Sun Jan 24 05:42:07 +0000 2016,Pre-look of the First Poster https://t.co/SKMTnPPAaM
689353997258326000,Tue Jan 19 07:49:35 +0000 2016,Happy Birthday Varun @IAmVarunTej !
682800335673364500,Fri Jan 01 05:47:40 +0000 2016,Happy New Year Everyone !
680202339689496600,Fri Dec 25 01:44:09 +0000 2015,Merry Christmas ! https://t.co/i5K5AMblP1
680082072313069600,Thu Dec 24 17:46:16 +0000 2015,🎄 MERRY CHRISTMAS EVERYONE 🎄    Decor at Home done all by Myself https://t.co/AfXbhXMGIQ
678132316250607600,Sat Dec 19 08:38:37 +0000 2015,I made this Pop Art on my Phone ! Classic Legendary South Indian Super Stars https://t.co/0QJkVB3upi
676286862210654200,Mon Dec 14 06:25:27 +0000 2015,Happy Birthday @RanaDaggubati 🎂🎁
675518801484496900,Sat Dec 12 03:33:27 +0000 2015,Many Happy returns of the day to the South Indian @superstarrajini garu. My Favourite of Favourites. Our South Indian Pride n Deep Respect
674833183502766100,Thu Dec 10 06:09:03 +0000 2015,Fund raiser for #ChennaiFloods by #manamadraskosam group https://t.co/NGpHicxuDB
673407713561440300,Sun Dec 06 07:44:44 +0000 2015,Pls if there is any req. in Chennai for anything particular pls post with the area name. There is a lot of stuff being collected n sent
673405522058563600,Sun Dec 06 07:36:02 +0000 2015,#manamadraskosam Pick up from vijayawada https://t.co/tZTiqIlJBg
673119231932825600,Sat Dec 05 12:38:25 +0000 2015,#ChennaiFloods #manamadraskosam Telugu actors group sends out food , medical n other req. https://t.co/zMY23uXEpv
673108241069445100,Sat Dec 05 11:54:45 +0000 2015,Group of Telugu Actors supporting #ChennaiFloods Crisis  #manamadraskosam https://t.co/b2q0HEgjZX
672632000562331600,Fri Dec 04 04:22:20 +0000 2015,@pnavdeep26 Proud of you bava ! https://t.co/zQ9DJBVwfR
672631632625451000,Fri Dec 04 04:20:52 +0000 2015,RT @pnavdeep26: We as a group of tollywood actors r working on a small fundraiser campaign for chennai relief this weekend and a bunch of k…
672444266749136900,Thu Dec 03 15:56:21 +0000 2015,Spirit*
672440877957050400,Thu Dec 03 15:42:53 +0000 2015,#ChennaiFloods can drown the streets but not their sprit ! https://t.co/m6R1KnALdg
672435140346249200,Thu Dec 03 15:20:05 +0000 2015,Very Well spoken ! https://t.co/hUtmagxTKS
672031580563505200,Wed Dec 02 12:36:29 +0000 2015,I would like to donate 25 lakhs to Chennai Flood relief !  I spent 18yrs of my Early life there It made me who I am today. I love u Chennai
668433806416711700,Sun Nov 22 14:20:13 +0000 2015,#Kumari21F Congrats @aryasukku @itsRajTarun , @ThisIsDSP , randy , entire team n dir prathap . Young , fun , bold , heart touching movie.
665467374498242600,Sat Nov 14 09:52:40 +0000 2015,Happy Children's Day ! My love to all the kids in the world !
664484374537113600,Wed Nov 11 16:46:35 +0000 2015,HAPPY DEEPAVALI EVERYONE!
660504579126116400,Sat Oct 31 17:12:17 +0000 2015,#Kumari21F trailer https://t.co/SYqBFGAlZg ! All the best to Sukumar , prathap, Dsp, randy , rajtarun &amp; the entire team !
660430870625456100,Sat Oct 31 12:19:24 +0000 2015,#Kumari21F Audio Launch. All the Best DSP , RANDY &amp; SUKUMAR ! Best wishes to Raj Tarun &amp; entire Cast ! C u guys at the Audio Function!
660347938019774500,Sat Oct 31 06:49:51 +0000 2015,Fun Stuff with my lil son ! Happy Halloween's Day ! https://t.co/MEpToujAQE
657568020894650400,Fri Oct 23 14:43:27 +0000 2015,BIRTHDAY WISHES TO MY DEAR FRIEND PRABHAS https://t.co/CdI5znLHMe
656526672628285400,Tue Oct 20 17:45:31 +0000 2015,I wish my Cousin @IAmVarunTej n my Dear dir @DirKrish all the best for #Kanche movie releasing this Thursday OCT 22nd !
654580538754265100,Thu Oct 15 08:52:16 +0000 2015,Many Happy Returns Of The Day to @IamSaiDharamTej ! My Hard working super talented Cousin ! Have a great day Teju !
654486688031375400,Thu Oct 15 02:39:20 +0000 2015,I wish the Entire Cast n Crew of #BruceLeeTheFighter ALL THE BESTTT ! Can't wait to see Chiranjeevi Garu on Screen after many years !
654304878597009400,Wed Oct 14 14:36:54 +0000 2015,Some Interesting Pics of #GonaGannaReddy in #Rudhramadevi ! Some made by Fans too ! http://t.co/UGQRYSADhq
653620861933477900,Mon Oct 12 17:18:51 +0000 2015,My view about BRUCELEE release clash with RUDHRAMADEVI http://t.co/qK2yjek3i2
652751566085099500,Sat Oct 10 07:44:35 +0000 2015,It's shows your Magnanimous Heart like ur Movies by openly complimenting another film whole heartedly !
652751475572019200,Sat Oct 10 07:44:13 +0000 2015,Birthday wishes to @ssrajamouli Garu ! Crown Jewel of our South Indian Cinema ! Thank you for the Compliments abt #Rudhramadevi and Me.
652690792008384500,Sat Oct 10 03:43:05 +0000 2015,@Rakulpreet Happy Birthday Dear !
652687159426596900,Sat Oct 10 03:28:39 +0000 2015,I thank Everyone for their generous Compliments, comments n tweets abt my char #GonaGannaReddy in #Rudhramadevi !
652341833981255700,Fri Oct 09 04:36:27 +0000 2015,#Rudhramadevi Released ! After all the hardships the project went through I am personally happy the movie is Out !
652089034567581700,Thu Oct 08 11:51:55 +0000 2015,I Thank the Hon.CM of Telangana State KCR garu for being Generous by exempting the Entertainment Tax for Rudramadevi Movie
652084779446210600,Thu Oct 08 11:35:01 +0000 2015,Rudramadevi movie Releasing Tomorrow ! The First Real 3D movie. Hope you all like the Movie and my New attempt !
650685942018142200,Sun Oct 04 14:56:32 +0000 2015,Classic Producer of Telugu Cinema who gave us Sankarabharanam,SagaraSangamam, Swathimuthyam n many more Sri Edida NagaswaraRao Garu no more
649859615836889100,Fri Oct 02 08:13:00 +0000 2015,RUDRAMADEVI NEW TRAILER ! Getting Great Response. Thank you all !  https://t.co/WW2roAzlR1
649517991609000000,Thu Oct 01 09:35:31 +0000 2015,It has been 11yrs since my grand Father has passed away and today is his Birthday !  I understand his life more as the years grow.
649289173996666900,Wed Sep 30 18:26:16 +0000 2015,I was surprised when he told me he watches the dubbed South Movies on set max ! He complimented my work in racegurram ! What an Honour !
649288139563909100,Wed Sep 30 18:22:10 +0000 2015,Met Our Great Indian Captain Kapil Dev Garu ! What a simple humble Gentle man with a great sense of humour ! http://t.co/s6dUpDtNFT
644400103176835100,Thu Sep 17 06:38:51 +0000 2015,Andhariki Vinayaka Chavithi Subhakankshalu ! Happy Vinayaka Chaturthi wishes to everybody !
644365382212390900,Thu Sep 17 04:20:53 +0000 2015,Home Made Clay Ganesha by my Wife N Son ! May all of us have an Eco-friendly Ganesha Festival ! http://t.co/xtHfR0TrKz
640219417847074800,Sat Sep 05 17:46:18 +0000 2015,Dint know it was Teachers Day Today ! Happy Teachers day everybody specially all my Directors ! http://t.co/qcAxPEanUP
638911006333235200,Wed Sep 02 03:07:08 +0000 2015,Birthday Wishes to Kalyan Babai ! That's what I call him !
638714655674728400,Tue Sep 01 14:06:55 +0000 2015,New Age Telugu Film by friend KRISH and my cousin #VarunTej http://t.co/J8IIhyvvkh   I loved it hope u will too !
637516777371471900,Sat Aug 29 06:46:58 +0000 2015,Happy Rakshabandhan wishes to all the brothers and sisters !
637506921713397800,Sat Aug 29 06:07:49 +0000 2015,All the Best to BBM Team ! http://t.co/SNyM1X2m2t
637169754269061100,Fri Aug 28 07:48:02 +0000 2015,Happy VaraLakshmi Vratham wishes To Everybody!
637168968889839600,Fri Aug 28 07:44:54 +0000 2015,ONAM Wishes to all My Kerala Fans !
635708935622647800,Mon Aug 24 07:03:15 +0000 2015,Me N My Wife Sneha at CHIRU60th Bday Party ! http://t.co/8WE65zrfGT
635414404406734800,Sun Aug 23 11:32:54 +0000 2015,CHIRU 60th Bday Bash ! Rockingggg Party ! Had a Blast ! http://t.co/md0rPJKCUd
634794678823485400,Fri Aug 21 18:30:20 +0000 2015,HAPPY BIRTHDAY TO OUR MEGA STAR
634793121537089500,Fri Aug 21 18:24:08 +0000 2015,NO HERO's BIRTHDAY IS CELEBRATED AT THIS SCALE BY FANS ! I THANK ALL OUR MEGA FANS FOR HOSTING THIS FUNCTION. YOUR SUPPORT SHOWS TRUE LOVE
634791843809497100,Fri Aug 21 18:19:04 +0000 2015,CHIRU 60th BIRTHDAY FUNCTION! The BEST FUNCTION I'VE BEEN IN MANY YRS! Thanks to MEGA FANS! NO FANS LIKE MEGA FANS! http://t.co/WYELRtD90n
632378577921556500,Sat Aug 15 02:29:36 +0000 2015,HAPPY INDEPENDENCE DAY !
632177087609094100,Fri Aug 14 13:08:57 +0000 2015,Same time last year we made the short film I AM THAT CHANGE for Independence Day . Thanks to SUKUMAR once again! https://t.co/bNeILjvtoL
631341673209950200,Wed Aug 12 05:49:19 +0000 2015,SIIMA AWARDS DUBAI ! With Dad n Siri http://t.co/cpVNamPf26
628557024490491900,Tue Aug 04 13:24:07 +0000 2015,Going to the Opening Ceremony of Pro Kabaddi in Hyd now ! Singing the National Anthem at the opening !
626234256830804000,Wed Jul 29 03:34:16 +0000 2015,Starting Boyapati Garu's movie today ! 1 St day of shoot. Getting ready for the run !
625699179344429000,Mon Jul 27 16:08:03 +0000 2015,Former President Abdul Kalam Ji is no more ! One of the greatest Icons of Our Nation ! RIP
624829365512081400,Sat Jul 25 06:31:44 +0000 2015,I dedicate my maa tv best actor award to MOVIE MOGUL DR.D.RAMA NAIDU GARU. http://t.co/P4EkOcLrwP
624097987099168800,Thu Jul 23 06:05:29 +0000 2015,I have Endorsed STAR SPORTS PRO KABADDI starting from this season !
624096422648897500,Thu Jul 23 05:59:16 +0000 2015,RT @ProKabaddi: .@alluarjun becomes the newest face of Star Sports Pro Kabaddi! He will inaugurate the Hyderabad leg by singing the nationa…
624096275005190100,Thu Jul 23 05:58:41 +0000 2015,Mirchi Music Awards ! http://t.co/Sede6rx16i
624094730486313000,Thu Jul 23 05:52:33 +0000 2015,I Thank Mirchi Music Awards for giving me the Youth Icon Award !
622276975239958500,Sat Jul 18 05:29:26 +0000 2015,ID MUBARAK !
618380666414088200,Tue Jul 07 11:26:54 +0000 2015,I heart fully wish darling Prabas N dearest friend Rana to greater heights in their career. N I thank S.S.R. for scaling up our Industry
618379488116629500,Tue Jul 07 11:22:13 +0000 2015,I wish the entire team of BAAHUBALI a great success. Proud to see the size of Telugu Cinema this Big. It's not just a movie it's our PRIDE
615774599880421400,Tue Jun 30 06:51:19 +0000 2015,RT @RanaDaggubati: Congrats Bunny on winning "best actor" for #RaceGurram!! Many more to come. @alluarjun http://t.co/5h67v4DiIe
615436572490477600,Mon Jun 29 08:28:07 +0000 2015,CLASSIC SHOT ! I really liked this pic by filmfare. http://t.co/jq9Rl6e5A3
615414282679771100,Mon Jun 29 06:59:33 +0000 2015,My Official FB Fan Page has touched 8million mark ! I thank all my fans n the admin group for making it this big !
615413841803898900,Mon Jun 29 06:57:48 +0000 2015,RT @iamnagarjuna: Thank you Allu Arjun for dedicating your award to ANR and your words💐
614666200279191600,Sat Jun 27 05:26:56 +0000 2015,I thank the entire cast n crew of RG for their support ! Sply dir Suri ! I dedicate this to our legendary ANR Garu http://t.co/U4CZSFU7W9
614035976919191600,Thu Jun 25 11:42:39 +0000 2015,KING OF POP ! http://t.co/129rTkkWXc
604544697109872600,Sat May 30 07:07:42 +0000 2015,Small cake cutting at Geetha Arts http://t.co/OvBx1myrdv
604540589078515700,Sat May 30 06:51:22 +0000 2015,Happy Birthday Siri ! My dearest , most sensible friend &amp; brother ! Have a greattt day !!!
602047145781243900,Sat May 23 09:43:19 +0000 2015,RT @AlluSirish: Wanted to be fit ever since I saw my bro @alluarjun in Desamuduru. Finally.. I am kind of getting there! ;) http://t.co/NUs…
600196590125494300,Mon May 18 07:09:52 +0000 2015,Lovely Quote: In life you are either a passenger or a pilot . It's your choice !
598858014221684700,Thu May 14 14:30:51 +0000 2015,People try to free a man from the rubble of a destroyed building after 7.9 magnitude earthquake in Nepal http://t.co/ZEwPvq0b9v
598854546861883400,Thu May 14 14:17:04 +0000 2015,"Books are a uniquely portable magic." - Stephen King
598847972965621800,Thu May 14 13:50:57 +0000 2015,The real Charlie Chaplin! http://t.co/JQq3fajmXX
598191339327492100,Tue May 12 18:21:43 +0000 2015,"Be yourself. Everyone else is already taken." - Oscar Wilde
598019193200513000,Tue May 12 06:57:40 +0000 2015,Chiranjeevi Garu's 150TH Movie ! The KING Is BACK ! Personally was waiting for this from a longgg time. Any Title suggestions Tweeters ?
597415253043884000,Sun May 10 14:57:50 +0000 2015,Gary Haugen: The hidden reason for poverty the world needs to know !!! Shocking Fact ! Could'nt get over the video! http://t.co/ybmniKjdUQ
596565775642591200,Fri May 08 06:42:19 +0000 2015,Gearing up for the next project with B.Srinu Garu ! Will make Official announcement about the Project details once sorted !
592946031119044600,Tue Apr 28 06:58:44 +0000 2015,Condolences to all those who lost their near n dear ones in the Nepal earthquake ! Tragic event ! RIP !
590479283312668700,Tue Apr 21 11:36:46 +0000 2015,SOS LAUNCH IN KERALA http://t.co/mUx312kQGX
590473647082512400,Tue Apr 21 11:14:22 +0000 2015,Thank you...all my Kerala fansss !!! http://t.co/Wc5iFLJbDB
590371576803004400,Tue Apr 21 04:28:47 +0000 2015,Spent my son Ayaan's 1st birthday in Singapore ! http://t.co/WG04Sr5aBz
590369746580705300,Tue Apr 21 04:21:30 +0000 2015,Heading to God's own country KERALA ! For SoS promotions. Excited to meet all my fans !
589837441416056800,Sun Apr 19 17:06:19 +0000 2015,It's more like a postcard pictures of the places I have been to which I've personally clicked. Will keep posting them once in a while !
589836290935234600,Sun Apr 19 17:01:45 +0000 2015,I click pics of every place I've been. Name of the Album : PLACES I CAPTURED ! Staring with CITY :Hyderabad http://t.co/b66nmmUIqh
588961166874923000,Fri Apr 17 07:04:19 +0000 2015,The best part of shooting an Ad film is that you get to work with best cinematographers ! Shot with Ravi K Chandran my all time Fav DOP!
588261264004026400,Wed Apr 15 08:43:09 +0000 2015,Snehamnerunnu orayiram swarnna vishu ashamsaka TO ALL MY KERLA FANS !
586259683285033000,Thu Apr 09 20:09:35 +0000 2015,Still sorting all the buttons and options in Twitter ! I took help till now. I started doing it myself now ! Smooth !
585871507420651500,Wed Apr 08 18:27:06 +0000 2015,Movie Releasing Now...Excited n lil nervous ! Hope you all like it !
585665863614857200,Wed Apr 08 04:49:57 +0000 2015,Chal chalo chaloo... Life set miloo... Idho kotha chapter... Just say HELLLOOOO! http://t.co/dDIaz6VLIj
