id,created_at,text
867013186054217700,Tue May 23 13:43:46 +0000 2017,Ce que les filles de 10 ans aiment lire: https://t.co/iyAsMgxaVY
818212155430469600,Sun Jan 08 21:45:54 +0000 2017,Chronique littéraire Léonie - Partie 4 by Samedi de lire via #soundcloud https://t.co/hMfS2JveuD
800503157759635500,Mon Nov 21 00:56:40 +0000 2016,RT @AmelieBH: L'entrevue réalisée par ma chroniqueuse jeunesse Léonie et Jasmine avec @emmmaverde au Salon du livre de Montréal. https://t.…
800435360719372300,Sun Nov 20 20:27:16 +0000 2016,RT @AmelieBH: Chronique littéraire de Léonie dans @Samedidelire! @annie_richard @Marie_Potvin @emmmaverde @cathabc @Recycledwax @jomercier…
775055104537952300,Sun Sep 11 19:35:11 +0000 2016,Quand à 9 ans elle nous parle de la vie en Afghanistan  et de LA trilogie de sa longue vie!! https://t.co/6NHYQnfuNF
729827145221087200,Tue May 10 00:15:25 +0000 2016,Inspiration lecture pour enfants par 1 enfant :) https://t.co/IUymb4wb7o
722244166877581300,Tue Apr 19 02:03:22 +0000 2016,RT @AmelieBH: Chronique littéraire @Samedidelire! https://t.co/lq2QfLESic @Marie_Potvin @anna_cordelia @EditionsMalins https://t.co/Oj032Cf…
713893064130093000,Sun Mar 27 00:59:04 +0000 2016,Quand la petite de 8 ans prend de l'expérience en tant que chroniqueuse... https://t.co/0TVGyUErt9
711935522315378700,Mon Mar 21 15:20:30 +0000 2016,RT @Marie_Potvin: Un beau blog à consulter pour vos lecteurs jeunesse : https://t.co/bMhCRTTXGA
701520209287454700,Sun Feb 21 21:33:46 +0000 2016,Quand tu as 8 ans et que tu es chroniqueuse littéraire: Samedi de lire du 20 février 2016  https://t.co/ECp49lD4tv
695203344068038700,Thu Feb 04 11:12:48 +0000 2016,photo de richardbouthillier https://t.co/saJq2LVIav
691436474626080800,Mon Jan 25 01:44:36 +0000 2016,Samedi de lire du 23 janvier 2016 Chronique littéraire 4 https://t.co/bhW30GHnMh
657767224061632500,Sat Oct 24 03:55:01 +0000 2015,@M2Boutiques  https://t.co/kbo34OANzu
592487456836087800,Mon Apr 27 00:36:32 +0000 2015,Les @GrandesGueules sont à #TLMEP Merci @M2Boutiques Les gars sont impeccables grâce à vous!!
588137059258335200,Wed Apr 15 00:29:36 +0000 2015,Ce soir à #salvail j'habille un spécialiste de mode, on joue la tendance niaiserie!! Ça surprend qui? @jean_airoldi http://t.co/xlLiBUxBkU
585979420420272100,Thu Apr 09 01:35:55 +0000 2015,@LaBandeRaide Et se rendre compte que 90% des gens ne savent pas l'épeler?...nège?
581442017550561300,Fri Mar 27 13:05:54 +0000 2015,RT @MFBazzo: D'un commun accord avec la direction de RC,je quitte CPTT. Divergences sur orientation de l'émission. Auditeurs adorés, on se …
579109589964222500,Sat Mar 21 02:37:40 +0000 2015,“@lynestemarie: @annie_richard @MarioTessier_ @martindusnooze @M2Boutiques C'est au Marché Central?” Au Dix30
579108738998612000,Sat Mar 21 02:34:17 +0000 2015,@MarioTessier_ @martindusnooze Et merci à @M2Boutiques qui ont toujours tout ce qu'il faut pour Mario!!
578241057617539100,Wed Mar 18 17:06:25 +0000 2015,“@MarioTessier_: séance photos  pour le magazine @CloutierV   http://t.co/vtaDKvDkYn” Merci @M2Boutiques pour les super vêt. de Mario!
577283826445115400,Mon Mar 16 01:42:44 +0000 2015,RT @maheepaiement: @maheepaiement: Merci André Melançon!!! Tu es véritablement le papa du cinéma Québécois!!! #GalaJutra
572603222558445600,Tue Mar 03 03:43:41 +0000 2015,@isabellbergeron tu sauras bientôt.... Il est reparti sur la scène.
572601640462753800,Tue Mar 03 03:37:24 +0000 2015,@isabellbergeron  j'ai d'autres amis tu sauras!!!
572601039226056700,Tue Mar 03 03:35:00 +0000 2015,@isabellbergeron  c'est à cause de mon beau stylisme que tu dis ça??
572598913955442700,Tue Mar 03 03:26:34 +0000 2015,Stylisme mode de fou!!! #Cestqui http://t.co/t8TMldSFZa
569662489421619200,Mon Feb 23 00:58:15 +0000 2015,@Mag_clindoeil Jennifer Lopez wow!!
569658664002433000,Mon Feb 23 00:43:03 +0000 2015,@lynestemarie nous c'est Lupita Nyongo et Rosamud Pike
569657922357211140,Mon Feb 23 00:40:07 +0000 2015,@Mag_clindoeil  Re-wow!! Elle est dans mon top 3 c'est assuré!
569657472413274100,Mon Feb 23 00:38:19 +0000 2015,@ElleQuebec Tellement où est la couleur ce soir???
569655205614243840,Mon Feb 23 00:29:19 +0000 2015,@ElleQuebec Les  épaules ne sont  pas à leur avantage à mon avis!!
569651504606543900,Mon Feb 23 00:14:36 +0000 2015,@Mag_clindoeil Rosamud Pink
566797367547285500,Sun Feb 15 03:13:17 +0000 2015,@ElleQuebec Tellement @karinevanasse xx
562466812093546500,Tue Feb 03 04:25:12 +0000 2015,“@enmodesalvail: On a une surprise! Manquez pas ça, c’est spectaculaire! #salvail http://t.co/QztBZTqlVD” Le résultat de ma journée folle!!
561603074457083900,Sat Jan 31 19:13:01 +0000 2015,RT @MarioTessier_: Aujourd'hui je tourne ma mort pour l'émission "Prière de ne pas envoyer de fleurs" hâte de vous présenter ça :)) http://…
560387963562246140,Wed Jan 28 10:44:36 +0000 2015,RT @JulieStPierre1: La dépression et l'anxiété sont des maladies mentales. Le saviez-vous? Aujourd'hui brisons les tabous entourant la sant…
543616559055642600,Sat Dec 13 04:01:02 +0000 2014,RT @SavardMC: Projet de loi 20: je marcherai demain pour mon droit d'avoir un enfant @snyderjulie @SophieBerube  http://t.co/5zbnGFvzOx
536883631617474560,Mon Nov 24 14:06:47 +0000 2014,RT @MarioTessierTVA: Voilà la nouvelle est enfin tombée . Hâte de vous présenter ça :)) mario tessier.ca http://t.co/1YSk8aq4so
534173149068546050,Mon Nov 17 02:36:17 +0000 2014,RT @vansap: RT @AdibAlkhalidey Merci #TLMP d'avoir invité Normand Baillargeon. Si intéressant. Certains de ses ouvrages devraient même être…
534159077568696300,Mon Nov 17 01:40:22 +0000 2014,RT @EmilyThorneOrg: Doesn't @karinevanasse look amazing in this BTS photo from this Sunday's episode? @JillOhanneson #Revenge http://t.co/r…
522433055861268500,Wed Oct 15 17:05:21 +0000 2014,RT @MarioTessierTVA: Ce matin,  séance de photos pour un projet que je vais annoncer d'ici quelques semaines  :)) http://t.co/tmzJhdGtew
518236840286240800,Sat Oct 04 03:11:05 +0000 2014,@alexxxperron Pour vu qu'il ait écouté @cfblsTVA  pour savoir à quoi s'attendre!
518233345160130560,Sat Oct 04 02:57:12 +0000 2014,RT @LaNippou: @cfblsTVA Je regarde ça, là... Le rose te va bien, José! ;)
518036213690007550,Fri Oct 03 13:53:52 +0000 2014,@MlanieFrappa @RC_ML @ElleQuebec  Ta voix est sublime, tes propos encourageants!
518035804506312700,Fri Oct 03 13:52:15 +0000 2014,@ElleQuebec @RC_ML @MlanieFrappa On vous écoute.
516959197238661100,Tue Sep 30 14:34:11 +0000 2014,Réussir à parler d'intimidation intelligemment et sagement en esquivant les mises en boite une après l'autre, bravo @JasminRoyJr
511824087061368800,Tue Sep 16 10:29:06 +0000 2014,@JulieStPierre1 On a bien hâte de voir ta petite merveille!!! D'ici là, plein d'amour et de douceur à vous trois. Léo et Annie xx
505538301911380000,Sat Aug 30 02:11:38 +0000 2014,RT @TVAreseau: Patrice Bélanger reprendra la barre de @sucresaletva l'été prochain en remplacement de Guy Jodoin! #SucréSalé #TVA http://t.…
477277239663267840,Fri Jun 13 02:32:15 +0000 2014,RT @SRClanglois: 168 millions d'enfants travaillent. "On ne peut rien faire?"  Faux, répondent ces jeunes Québécois http://t.co/m8hYjHJzzA …
466984120053411840,Thu May 15 16:51:05 +0000 2014,@PreciousSofiaQC @pauldoucet1966 @RWandCO Le sac vert donne très chaud par contre ;))
466975704765435900,Thu May 15 16:17:38 +0000 2014,Essayage de @pauldoucet1966 pour #penemq La semaine prochaine sera chic confo grâce à @RWandCO http://t.co/jEkLiokQF4
461669202349539300,Thu May 01 00:51:29 +0000 2014,“@ginochouinard: Vous devez voir ça!  http://t.co/3PQSEpQMkd” Très cool : L'inimaginable de l'arrière scène!!
460940163502178300,Tue Apr 29 00:34:33 +0000 2014,http://t.co/yzaKJzD07B” Bons mots pr @vansap et l'oeuvre de @britwacher avec @ALDO_Shoes :))
460666011554181100,Mon Apr 28 06:25:10 +0000 2014,“@Mag_clindoeil:voici notre top des plus beaux looks du #galaArtis2014 http://t.co/LoDVXJkeg1”Heureuse d'y voir belle @vansap en Brit Wacher
460546068292202500,Sun Apr 27 22:28:33 +0000 2014,Merci @RWandCO Je suis confo et fin prête pour une belle soirée!!!!#artis http://t.co/AuazzLECWE
460545184829562900,Sun Apr 27 22:25:03 +0000 2014,@vansap en Brit Wacher et @ALDO_Shoes prête pour le Tapis rouge!!! Super!!! #artis http://t.co/g4hNwuiQjR
454657501649453060,Fri Apr 11 16:29:30 +0000 2014,RT @MarioTessierTVA: Scéance de photo pour le @galaartis Merci à la gang de @M2boutiques http://t.co/y3tnYNotXi
447064882165207040,Fri Mar 21 17:39:08 +0000 2014,RT @pauldoucet1966: Cravate ou papillon? J'ai fait mon choix! Merci @M2Boutiques et @annie_richard #GalaJutra http://t.co/kXL4MCDtRS
446233824276774900,Wed Mar 19 10:36:49 +0000 2014,@johanne_jacques @MarioTessierTVA @GalaARTIS C'est gentil! Il va apprécier j'en suis certaine! Bonne journée!
445934976765145100,Tue Mar 18 14:49:18 +0000 2014,Il rentre sur scène !!! @MarioTessierTVA @GalaARTIS http://t.co/pdCuyFIvAX
441768402039095300,Fri Mar 07 02:52:49 +0000 2014,@JulieStPierre1 Merci pour lundi soir! Léo a été super impressionnée!! http://t.co/qtdjxRUn8Q
438000747439849500,Mon Feb 24 17:21:30 +0000 2014,RT @TVAreseau: Mais que fait @MarioTessierTVA ce matin?! #GalaArtis #seancephotos http://t.co/dgRP707WoI
435828004607238140,Tue Feb 18 17:27:48 +0000 2014,@EricSalvail Ma fille qui t'a scoopé!!!;) photo prise à 19h :)) http://t.co/CXGNFct4Os
435089976121102340,Sun Feb 16 16:35:08 +0000 2014,Tout un show en tournage!!! Il aurait facilement pu être rock star le monsieur @MarioTessierTVA #oclctva http://t.co/nEVN7AIu3B
431748808922652700,Fri Feb 07 11:18:32 +0000 2014,RT @Mllemaximroy: Bien dit! Marc-André Grondin réplique à Lise Ravary | Opinions | Le Journal de Montréal http://t.co/Y8zAjTkPtn
431600885895286800,Fri Feb 07 01:30:44 +0000 2014,@MarioTessierTVA @oclcTVA Très heureuse de savoir ça, si c'était à leur image ça m'inquièterais ;)
431597946157928450,Fri Feb 07 01:19:03 +0000 2014,“@MarioTessierTVA: Ds moins de 15 minutes c'est @oclcTVA venez vous réchauffer avec notre spécial soleil:) Mon premier look lui va si bien !
431504801835536400,Thu Feb 06 19:08:56 +0000 2014,RT @Mllemaximroy: Bonjour La Culture! Vraiment... Quel article inutile... Vos $ financent 3 futurs blockbusters québécois !  http://t.co/vq…
430775931566030850,Tue Feb 04 18:52:40 +0000 2014,RT @florence_k: My face right now!!! 5 minutes after finding out I am nominated @TheJUNOAwards for breakthrough artist of the year!! http:/…
429338769670410240,Fri Jan 31 19:41:54 +0000 2014,@LaBandeRaide À maison, je ne vois pus où mettre le code pr utiliser l'internet de cie.Entendu d'une empl. qui utilise le wifi des visiteurs
429282620854116350,Fri Jan 31 15:58:47 +0000 2014,RT @elysemarquis: Ça c'est vraiment beau  ... Chère fille qui s’est pas suicidée, - URBANIA http://t.co/4uiBnbN0G5
428174049437446140,Tue Jan 28 14:33:43 +0000 2014,RT @isabellbergeron: Dépression, anxiété et attaque de panique ne sont pas des signes de faiblesse! #BellCause remet 0,05 $/tweet à des org…
427809569192960000,Mon Jan 27 14:25:24 +0000 2014,@MarioTessierTVA ;)
426917138855895040,Sat Jan 25 03:19:12 +0000 2014,@JennAbel91 @cfblsTVA  Oh j'aimerais ça t'y croiser Bella!!
426875902388342800,Sat Jan 25 00:35:20 +0000 2014,@france_beaudoin @karinevanasse  Je regarde #dismoitout avec ma fille sur le site. Vs êtes tjrs aussi inspirantes pour moi!! Merci!
425751829830324200,Tue Jan 21 22:08:40 +0000 2014,C'est @JoannieRochette ma 100e follower!! Je suis trop fière!! :)))))) C'est moi qui te suivrai avec attention en février Bella, bons jeux!!
425458961748598800,Tue Jan 21 02:44:55 +0000 2014,RT @ASProteau: Belle @AmayGougeon,  j'espère tellement que tu es bien là où tu es. Ici ta force va continuer de briller, petit soleil. xxx
423097545020436500,Tue Jan 14 14:21:30 +0000 2014,RT @MarioTessierTVA: @annie_richard c'est ce qui arrive avec la meilleure styliste :)
423072170005508100,Tue Jan 14 12:40:40 +0000 2014,Hier, pr ma 1e sur #OCLCtva @MarioTessierTVA était en feu!! Il adore sa job,lui!! À moins que ce soit son look;) http://t.co/cSFd0tx2Ue
418452343886458900,Wed Jan 01 18:43:07 +0000 2014,RT @cfblsTVA: Bonne année à tous! Nous vous souhaitons le meilleur pour 2014! Commencez bien l'année avec nous le 12 janvier 20h30! http://…
410580825672269800,Wed Dec 11 01:24:31 +0000 2013,RT @FondDrJulien: @Vadeboncoeur_Al Serez-vous des nôtres le 14 décembre pour la #GuignoléeDrJulien? Merci de nous aider à diffuser http://t…
403334320250560500,Thu Nov 21 01:29:30 +0000 2013,RT @tvanouvelles: Gala Artis 2014 · Mario Tessier de retour à l'animation http://t.co/lklSRCYk0n #tvanouvelles
400788050034561000,Thu Nov 14 00:51:32 +0000 2013,RT @jpballeux: "@SuzLareau: Un coroner qui dit les vraies choses concernant la sécurité des cyclistes, à lire et à diffuser! http://t.co/39…
400253219823030300,Tue Nov 12 13:26:18 +0000 2013,RT @team_mylene: “@crenaud12: @team_mylene @MylenePaquette http://t.co/Q0dpd4nbB6” Super @crenaud12 Merci de partager !!!
392110038225281000,Mon Oct 21 02:08:12 +0000 2013,@Suaveman @MariePlourde @R_Bergeron Ne serais-t-il pas mieux d'être compétent?
387368333668257800,Tue Oct 08 00:06:22 +0000 2013,RT @JennAbel91: Voici la couverture de l'édition automne du magazine @magazinesouche plusieurs photos et secrets seront dévoilé!! 😊 http://…
385479908799299600,Wed Oct 02 19:02:26 +0000 2013,@isabellbergeron Aveu: On m'a appelé pr travailler avec C.Price, je l'ai googlé pr s'avoir c'était qui... Sacrilège!!
385226785958674400,Wed Oct 02 02:16:37 +0000 2013,@isabellbergeron J'ai pas de canal de sports mais à en croire tweeter c un perroquet qui ne serait pas là que pour la rondelle. #civière
384868738816049150,Tue Oct 01 02:33:52 +0000 2013,@PlaceRosemere @JennAbel91 magazine Souche d'automne, sortie en kiosque prévu le 18 octobre.
384349649706172400,Sun Sep 29 16:11:12 +0000 2013,@JennAbel91 Une magnifique mannequin pour un super cool shooting :), Je suis contente!! http://t.co/Ro8gnasuzf
383768673003266050,Sat Sep 28 01:42:36 +0000 2013,RT @cfblsTVA: Les looks de nos animateurs ce soir: BCBG pour Julie et M/2 pour José #CFBLS http://t.co/ZtCtkTWrfK
381607767108485100,Sun Sep 22 02:35:56 +0000 2013,@CcaronJess @MarioTessierTVA Je vous promet qu'il n'y a pas de fruit en décompo. chez Mario,pour lui "plein"ça doit être 2..vu de la fenêtre
380449600089645060,Wed Sep 18 21:53:47 +0000 2013,RT @julie_houle: Merci à notre super styliste @annie_richard pour son goût,son talent, sa présence sur le plateau #LPAOD http://t.co/JjEaG2…
380421330295726100,Wed Sep 18 20:01:27 +0000 2013,Ma première avec les super beautés de #LPADO avec @julie_houle et Claudia Ebacher http://t.co/ud4KUcxeLc
377780996533649400,Wed Sep 11 13:09:43 +0000 2013,@JuPerreault Bonne fête à ton grand!!
377052129967743000,Mon Sep 09 12:53:27 +0000 2013,RT @laportestephane: L'autobus scolaire http://t.co/kf9LBYlGQe via @lp_lapresse
376888388672299000,Mon Sep 09 02:02:48 +0000 2013,RT @LaBandeRaide: J'espère que cela sera interdit dans la charte des valeurs québécoises (cc @BellCanadaPR) http://t.co/BeVsJhdYBD
376865229147496450,Mon Sep 09 00:30:47 +0000 2013,@PierrePag C bien vrai!! :))
376859571962515460,Mon Sep 09 00:08:18 +0000 2013,@PierrePag @JeanSimonG @EtiennePhenix Vous jouez pour le collège Trinité? De St-Bruno?? Gentil ça!!
372902829708836860,Thu Aug 29 02:05:37 +0000 2013,RT @zaptele: Ça finit bien la semaine sera maintenant tournée devant public. Nouveau coin-bar et quelques noms d'invités. http://t.co/vMay4…
369650435373928450,Tue Aug 20 02:41:46 +0000 2013,@lespecheurs @MarioTessierTVA @J_F_asselin  Belle prise du photographe!! Super photo Mario :))
367830023459598340,Thu Aug 15 02:08:06 +0000 2013,@IsabelleRacicot @VirginRadio96 J'imagine que tu vas voir la photo promo? Dis-moi si elle est à ton goût.. Suis impatiente de voir!!
365653456184291300,Fri Aug 09 01:59:12 +0000 2013,@karine_lap Je reconnais la super robe verte @RWandCO ds la pub télé de Jean-Coutu avec la top modèle France Viens :)) Trop belle cette robe
365509365685428200,Thu Aug 08 16:26:38 +0000 2013,RT @alexxxperron: Garroche-toi chez @DairyQueen pour la journée Déli-don @EnfantSoleil ! Tu nous donne un coup de main et tu fais plaisir à…
364202753444552700,Mon Aug 05 01:54:37 +0000 2013,@LLatraverse TELLEMENT!! :))
362238923281428500,Tue Jul 30 15:51:04 +0000 2013,Sur le shoot de @VirginRadio96 tout le monde adore mon look pour @IsabelleRacicot. Ben fière!! http://t.co/itmG8PP5nc
352230689271324700,Wed Jul 03 01:01:55 +0000 2013,RT @LLatraverse: Être trop angoissé, un signe d&amp;#039;intelligence supérieure  :  http://t.co/FQLUqJkgY6
345135193029496800,Thu Jun 13 11:06:56 +0000 2013,@PierrePag J'y compte bien!! A plus tard.
342623478920400900,Thu Jun 06 12:46:17 +0000 2013,@alexxxperron Si t'en avais, tu saurais que ça se book en mars, sinon en juin tu paniques pr de vrai!! #mesuisfaitavoir #débutante
342293050602684400,Wed Jun 05 14:53:17 +0000 2013,@MoffattAriane Fais-toi un thé vert en changeant ton mot de passe et ta vie sera changée !!
341381155972583400,Mon Jun 03 02:29:44 +0000 2013,RT @elysemarquis: +1"@JrBombardier: Chapeau : @Legendre_J  @alexxxperron @claudineprevost @Philippefehmiu @MaximeLandry4 @JanvierME et tout…
341302008571101200,Sun Jun 02 21:15:14 +0000 2013,RT @guygendronRC: La choses la plus sousestimée au Québec: l'excellence, dit @ChantalHbert #coulisses #polcan
339015512426156000,Mon May 27 13:49:31 +0000 2013,RT @karinevanasse: Dure, mais belle série d'articles  | Les parents de la DPJ : épisode 1 http://t.co/jD6jXwiMeY
336862699130589200,Tue May 21 15:15:00 +0000 2013,@ginochouinard @vansap @CoutureJeanMarc  Trop drôle!! Super timming Vanessa ;)
335763545755095040,Sat May 18 14:27:22 +0000 2013,RT @MarcCuradeau: Lancement boutique Ultime Vélo a Sainte-Julie! Démo de vélo toute la journée! http://t.co/Lkdspywrji
334632228560703500,Wed May 15 11:31:55 +0000 2013,RT @GlobeQuebec: @actiontox @wikijeff @DenisCoderre @kick1972 $370 à Tweetaide depuis ce matin! 1 nouvel abonné à @GlobeQuebec = $1 Il rest…
331794408976572400,Tue May 07 15:35:26 +0000 2013,Une femme douce et intelligente : @LLatraverse Tellement agréable à écouter!! #mediumlarge
331771817515687940,Tue May 07 14:05:39 +0000 2013,RT @NicoleBordeleau: Si vous voulez vous sentir vraiment riche, comptabiliser tout ce que vous possédez que l'argent ne peut acheter.
331193886359818240,Sun May 05 23:49:10 +0000 2013,RT @wilnikblogger: Une semaine après le #GalaArtis @annie_richard styliste people interview sur http://t.co/HCzh3UrVBo
331113341831479300,Sun May 05 18:29:07 +0000 2013,@MarioTessierTVA Moi j'ai troqué les talons pour les espadrilles de course ;) Bonne appétit et enjoy avec la familia!!
330730109399072800,Sat May 04 17:06:17 +0000 2013,RT @isabellbergeron: Je viens d'atteindre mon 300e abonné ce matin! Woot Woot!!! Maintenant... En route vers 400! On me RT pour m'aider ? ;…
329651825018015740,Wed May 01 17:41:34 +0000 2013,@karine_lap @justine_legault @ellequebec  Wow!! Tu fais dans la nouvelle carrière ces temps-ci... Beautiful!! xx
329034843981742100,Tue Apr 30 00:49:54 +0000 2013,RT @AnnyRiendeau: @JPhilippeDion @annie_richard @simons une job incroyable tu n'avais rien a envié au plus glam de la soirée!!
329029510018244600,Tue Apr 30 00:28:42 +0000 2013,@JPhilippeDion @simons Ce fût un plaisir! Tu le portes comme personne ne pourrait le faire!! xx
329026478991872000,Tue Apr 30 00:16:40 +0000 2013,RT @JPhilippeDion: Merci à la styliste @annie_richard et à @simons pour mon « kit » d'hier! http://t.co/fRKzp4XX9N
329024852440780800,Tue Apr 30 00:10:12 +0000 2013,@wilnikblogger Ce fût un plaisir!! Tu as d'ailleurs la seule entrevue que j'ai donnée. Quelle soirée!!
328871682565619700,Mon Apr 29 14:01:33 +0000 2013,@ariannediallo merci!! J'adore tout de @RWandCO
328760863152549900,Mon Apr 29 06:41:12 +0000 2013,@AnoukMeunier  en gougoune mangeant une poutine!! C'est terminé... Party!! http://t.co/LWPEU4WGBT
328636925336514560,Sun Apr 28 22:28:43 +0000 2013,@RWandCO merci de nous chaussée si chic et confortable!! Avec @vansap http://t.co/TtGCTtwdWf
328622065110376450,Sun Apr 28 21:29:40 +0000 2013,Ça devient sérieux: j'ai mis ma robe!!! http://t.co/ygNy9pb8wi
328491467381293060,Sun Apr 28 12:50:43 +0000 2013,RT @JPhilippeDion: C'est le grand jour : Tapis rouge du @galartis en direct à @ReseauTVA à 19h00. Merde à @MarioTessierTVA et à tous les no…
328491452147564540,Sun Apr 28 12:50:39 +0000 2013,RT @Legendre_J: Bien hâte de te voir à l'oeuvre ce soir @MarioTessierTVA Tu seras super, bonne grosse journée! #artis2013
328479100098445300,Sun Apr 28 12:01:34 +0000 2013,RT @sebbenoit72: Bonne journée @MarioTessierTVA et à toute ton équipe. On a hâte à ce soir! #galaartis
328215915546161150,Sat Apr 27 18:35:46 +0000 2013,RT @houles: À ne pas manquer demain: les looks de vos artistes en 360 degré sur sur 7jours.ca, en direct du tapis rouge du #GalaARTIS ! #7J…
327886804923600900,Fri Apr 26 20:48:00 +0000 2013,Super fière de faire parti d'un si gros / beau  projet!! Avec @MarioTessierTVA #Artis comment dire.. Merci Mario!! http://t.co/YQlOd2Dejg
327460758025822200,Thu Apr 25 16:35:03 +0000 2013,@MlanieFrappa Même pas vrai!!!!!
327419342025289700,Thu Apr 25 13:50:28 +0000 2013,@MlanieFrappa @ellequebec  Quand j'ai ouvert la photo, j'espérais voir ta sublime jambe ...
327238436899651600,Thu Apr 25 01:51:37 +0000 2013,@MarioTessierTVA Oui! Pour dire vrai, demain je te cours après pour t'essayer une dernière cravate! Ensuite tu es fin prêt!!
327050483292332000,Wed Apr 24 13:24:46 +0000 2013,@LeblancLucie @marieplourde wow vous êtes vraiment belle!!
327049966495338500,Wed Apr 24 13:22:42 +0000 2013,RT @CBMLM: René annonce à ses auditeurs qu’il quittera la barre de #CBMLM à la fin de la saison #radiocanada
326864326642253800,Wed Apr 24 01:05:02 +0000 2013,@AnoukMeunier Profites en bien, Bella!! Très belle soirée d'anniversaire à toi. xxx
326477944258175000,Mon Apr 22 23:29:42 +0000 2013,@MarioTessierTVA Amusant!! Léo va se coucher plus tard que prévu à cause de toi !!
326473481963315200,Mon Apr 22 23:11:58 +0000 2013,Devant ma télé pour voir le premier résultat en onde de mon travail avec @MarioTessierTVA pour #artis
323901874652721150,Mon Apr 15 20:53:19 +0000 2013,@AnoukMeunier Sera tout en beauté !! On conclu un partenariat avec #BCBGMAXAZRIA... Styliste tranquille d'esprit :)
321092136906924000,Mon Apr 08 02:48:25 +0000 2013,@JPhilippeDion @anoukmeunier @mariotessiertva  Merci Jean-Philippe!!!
321080938807304200,Mon Apr 08 02:03:56 +0000 2013,Vous écoutez et regardez @AnoukMeunier , moi je la jase! @accesillimite http://t.co/IZZk6ZHe9L
321073558128324600,Mon Apr 08 01:34:36 +0000 2013,J'adore le cornet du réal. !!!! #artis http://t.co/BIifTUWdoc
321069149239517200,Mon Apr 08 01:17:05 +0000 2013,Plan séquence en cours :) Qui pourrait réussir ça aussi vite et bien que @MarioTessierTVA ? #artis http://t.co/4YaRcmPOUB
321029790649950200,Sun Apr 07 22:40:41 +0000 2013,Deuxième nuit de tournage: Grande visite @AnoukMeunier avec une caméra :) @MarioTessierTVA
320771069499813900,Sun Apr 07 05:32:37 +0000 2013,RT @MarioTessierTVA: Tournage du gala #artis ... Y'est tard mais on a du fun :)) http://t.co/Fqg55qvKmP
320736942310449150,Sun Apr 07 03:17:00 +0000 2013,RT @MarioTessierTVA: Présentement en tournage de nuit pour l'intro du gala #artis :)) http://t.co/gLGsECxRXz
320507452212789250,Sat Apr 06 12:05:06 +0000 2013,@AnoukMeunier @accesillimite @jphilippedion   Ça vous va si bien! Pour le TP une robe pour 2? Vous y entreriez sans probl et c'est écono!!
320356297700675600,Sat Apr 06 02:04:27 +0000 2013,@IsabelleRacicot @elysemarquis  Super émission et vous étiez toutes les deux super belles!! Puis que dire de José.. Sa styliste elle l'a ;)
317831549494100000,Sat Mar 30 02:52:01 +0000 2013,RT @JuPerreault: @annie_richard @karine_lap @rwandco Et maintenant dans ma garde-robe! Magnifiques tenues, merci ;-)
317828858046976000,Sat Mar 30 02:41:19 +0000 2013,@karine_lap @RWandCO Vos vêtements adorés par la sublime @JuPerreault sur la couverture du #lundi avez-vs vu? http://t.co/5Q1fkcBGc4
317824462013730800,Sat Mar 30 02:23:51 +0000 2013,@JuPerreault Magnifique !!! Après 3 semaines j'y pense encore..Touchante de beauté!#lelundi http://t.co/9rs5HXs26M
317821881052954600,Sat Mar 30 02:13:36 +0000 2013,Evidemment pas fait en même temps, là côte à côte. Les 2 mon travail!! #lelundi #7jours @JuPerreault @JasminRoyJr http://t.co/Q9ZEZJSwXZ
317330316194897900,Thu Mar 28 17:40:17 +0000 2013,RT @JPhilippeDion: @MarioTessierTVA et @DaveMorissette en essayage pour le #galaartis ! Le noir est à l'honneur... http://t.co/OJG5qYMym1
317329623308464100,Thu Mar 28 17:37:32 +0000 2013,@JasminRoyJr Super beaux!!!!
316658662783451140,Tue Mar 26 21:11:23 +0000 2013,RT @AnoukMeunier: En studio avec @GrandesGueules ! On suit @MarioTessierTVA pour @accesillimite !!!! Journée de pur plaisir! http://t.co ...
316597954859388900,Tue Mar 26 17:10:09 +0000 2013,RT @CloutierV: @annie_richard @MarioTessierTVA Merci!!!!!!!!!!!! xxxx
316597618618794000,Tue Mar 26 17:08:49 +0000 2013,RT @JPhilippeDion: Conf. de presse du Gala #artis, @MarioTessierTVA remercie @prodjinc d'avoir surchargé l'horaire de @CharlesLaf !! :)) ...
316597531834462200,Tue Mar 26 17:08:28 +0000 2013,RT @HollywoodPQ: Les nommés du gala #Artis! Sont-tu pas beaux?!! http://t.co/LnfRQjeukm
316597433742290940,Tue Mar 26 17:08:04 +0000 2013,RT @HollywoodPQ: Conférence de presse du gala #artis, l'animateur @MarioTessierTVA annonce les nommés! http://t.co/IXnmuGRYRC
316579850632716300,Tue Mar 26 15:58:13 +0000 2013,@MarioTessierTVA  En direct à la radio avec @CloutierV  pour lui annoncer ses nominations!! #artis http://t.co/b5ol8NtiIb
314392590600503300,Wed Mar 20 15:06:49 +0000 2013,Over dress pour un sous-sol de resto...C'est qu'on surprend les nveaux nominés. #enroutepourlegala @MarioTessierTVA http://t.co/lQ6YmTAzHw
311997433703960600,Thu Mar 14 00:29:19 +0000 2013,@Guylaine_Guay @brigittelafleur Je suis la deuxième!!! J'adore!!!!
311632013146861600,Wed Mar 13 00:17:16 +0000 2013,@MlleVC @hollywoodpq  Si tu lis bien : T'es toujours parfaite... Aucune pression alors Bella!!
309268102749753340,Wed Mar 06 11:43:56 +0000 2013,@plcloutier RW&amp;co offre du X-small pour homme. Des coupes de vêtements d'hommes mais petits!!
308633176958459900,Mon Mar 04 17:40:58 +0000 2013,RT @Mag_clindoeil: 3 stylistes se prononcent sur des looks de stars! Êtes-vous en accord avec leurs choix? Quel est votre look préféré?  ...
307212212232155140,Thu Feb 28 19:34:33 +0000 2013,@MaxLalonde_  @sartorialto l'habillera magnifiquement bien!! #artis
307159780479365100,Thu Feb 28 16:06:13 +0000 2013,@MaxLalonde_  Oui!! Quelle chance!!
307157697759936500,Thu Feb 28 15:57:56 +0000 2013,La prep. du gala Artis c'est parti !!! @MarioTessierTVA #artis http://t.co/VJw40L8xfb
306202231559036900,Tue Feb 26 00:41:15 +0000 2013,RT @MaggouBBQ: wow, bravo à la styliste sur la coke de jose gaudet #TLMEP @GrandesGueules
306199222183686140,Tue Feb 26 00:29:18 +0000 2013,RT @GrandesGueules: (José) mon entrevue d'hier à Tout le monde en parle @guyalepage #tlmep http://t.co/gXcNIRHPYV
305396619329802240,Sat Feb 23 19:20:02 +0000 2013,Rire en shoot...Euphémisme!! #lelundi http://t.co/Q0qCXat3n5
305390467586068500,Sat Feb 23 18:55:36 +0000 2013,En shoot avec @JasminRoyJr #7jours #musimax http://t.co/D9tnUbbB2T
296625875141685250,Wed Jan 30 14:28:14 +0000 2013,RT @MarioTessierTVA: Avec la pluie qu'on a eu cette nuit, plusieurs clients de l'hôtel de glace de Québec se sont réveillés en pensant a ...
295897320204165100,Mon Jan 28 14:13:13 +0000 2013,@MarioTessierTVA @ericsalvail @mariemaireal  Sure! On t'as confirmé que je serais là pour te faire beau au gala? Je suis super contente! A +
295886878190735360,Mon Jan 28 13:31:43 +0000 2013,@MarioTessierTVA @ericsalvail @mariemaireal  Belle action...Bonne journée!!
295853869433499650,Mon Jan 28 11:20:33 +0000 2013,@MaudeFr Je comprends mieux...C'est pas toi la passionnée de FM!!
295651075443269600,Sun Jan 27 21:54:43 +0000 2013,@MaudeFr  Nouvelle passion Maude?
294265666679230460,Thu Jan 24 02:09:36 +0000 2013,@AmayGougeon Ne pense pas ça Amélie, nous sommes plusieurs ici à suivre tes ptits mots et à apprécier mieux te connaître. Tu es inspirante!
294132756861026300,Wed Jan 23 17:21:28 +0000 2013,RT @Genevieveborne: Mes voeux de courage aux facteurs, travailleurs de la construction, brigadiers, collecteurs de recyclage et tous ceu ...
288480508063674400,Tue Jan 08 03:01:27 +0000 2013,RT @VeroniQueen01: Prenez 2 secondes. Levez-vous. Prenez votre carte d'assurance maladie. Signez-la. Vous pouvez vous rassoir maintenant.
279217572468117500,Thu Dec 13 13:33:51 +0000 2012,@karine_lap Ben voyons? T'es plus de party que ça? Si tu n'y vas pas, comment le fun va pogner?
278505832696655870,Tue Dec 11 14:25:39 +0000 2012,@MarioTessierTVA Bravo!!!
276853528578891780,Fri Dec 07 00:59:59 +0000 2012,RT @MariePlourde: Ça me tue... Parents en vacances, enfants à la garderie | Maman 24/7 - Yahoo! Être Québec http://t.co/i8yUHH0E
276851379946004480,Fri Dec 07 00:51:27 +0000 2012,@karinevanasse J'ai une petite idée du pourquoi de cette réflexion, j'étais à l'écoute ce matin!  Je t'assure qu'on a compris le non dit!
274188805035139070,Thu Nov 29 16:31:19 +0000 2012,RT @TrudeauC: RT SVP! Dernier droit! Un clic pour offrir une meilleure vie à Léonie #MercipourElle http://t.co/tjvqe2V2
274188544820518900,Thu Nov 29 16:30:17 +0000 2012,RT @CloutierV: Mon amie @AmayGougeon qui a une grave maladie, rêve d'avoir 100 000 abonnés! On fait briller ses yeux tous ensemble? Merc ...
273098748165513200,Mon Nov 26 16:19:50 +0000 2012,@MarcCuradeau   Je suis bouchebée de voir que toi c'est lui... Lui c'est toi.. En tous cas..Je suis bouchebée!! !!!
270718573318651900,Tue Nov 20 02:41:52 +0000 2012,@MarioTessierTVA Ben non, tu sais ben qu'ici c'est pas moi qui mange les bonbons... Moi j'ai eu la soupe ;)
270716377764077570,Tue Nov 20 02:33:08 +0000 2012,@MarioTessierTVA  Tu la gardais pcque tu as encore des bonbons à donner ou juste parce que tu n'aimes pas la soupe à la vieille citrouille?
270707713888092160,Tue Nov 20 01:58:43 +0000 2012,@EricSalvail Connais pas de traiteur, mais suis top styliste vraiment le fun, facile à gérer pis pas trop cher.. Si jamais ;)
268893811290304500,Thu Nov 15 01:50:55 +0000 2012,@MarioTessierTVA @sebbenoit72  Fais-moi confiance: Tu seras Beau..!!
268886799429034000,Thu Nov 15 01:23:03 +0000 2012,RT @MarioTessierTVA: Merci à tous pour vos bons mots suite à l'annonce que je serai le prochain animateur du gala Artis.Content de parta ...
268884348005126140,Thu Nov 15 01:13:18 +0000 2012,@sebbenoit72 @mariotessiertva Et beau... ;)
267022078706868220,Fri Nov 09 21:53:19 +0000 2012,@ASProteau @isabelleracicot Vraiment super belle Isabelle!!
267021444309991420,Fri Nov 09 21:50:48 +0000 2012,RT @ASProteau: Wow @IsabelleRacicot ! Méchant pétard sur la couverture du Lundi ! On dirait Whitney dans ses belles années !
266732284055523330,Fri Nov 09 02:41:46 +0000 2012,RT @alexxxperron: @annie_richard @DaveMorissette On est beaux et belle en cibole !!! Merci !!
266724000405811200,Fri Nov 09 02:08:52 +0000 2012,Au tour de @alexxxperron et @DaveMorissette De me faire confiance #Lundi... Beaux bonhommes et tellement sympatiques!! http://t.co/4icHdd12
262737113429184500,Mon Oct 29 02:06:23 +0000 2012,@KAINofficiel  Pour moi c'est vous les gagnants de ce trophée!!  xx
261268458250051600,Thu Oct 25 00:50:29 +0000 2012,@EricSalvail Le veston: C'est too much... J'adore!!
260923581742055420,Wed Oct 24 02:00:04 +0000 2012,@Mllemaximroy Depuis quelques années ils appellent ça NRJ...;) Je croyais être la seule qui disait encore CKMF!!!
258648238876397570,Wed Oct 17 19:18:40 +0000 2012,RT @YanBlanchard: Nous avons besoin de votre partage svp ! Si vous connaissez quelqu'un pour la Rive-Sud :  http://t.co/VHJWo0qO
258397906221015040,Wed Oct 17 02:43:56 +0000 2012,@MarioTessierTVA   Je ne savais pas que vous aviez un uniforme de GG pour les rencontres importantes :))
257855495065456640,Mon Oct 15 14:48:35 +0000 2012,@elysemarquis   Premier matin que je vois ton émission: Super drôle!! T'es super belle aussi :) Bravo!!
256202227994222600,Thu Oct 11 01:19:05 +0000 2012,@MarioTessierTVA qui me fait confiance! http://t.co/bC09BOpr
256193094087741440,Thu Oct 11 00:42:48 +0000 2012,@EricSalvail @GrecoMichel Bravo Michel et Bravo à celui qui a eu l'idée!!! Super touchant!!
256074110180933630,Wed Oct 10 16:50:00 +0000 2012,@CloutierV @Bruno_Pelletier Tellement tellement!! Un moment magique!
178688515356368900,Sun Mar 11 03:47:16 +0000 2012,Si c'est de l'amour que de te suivre sur twitter je te suis.. tu sais bien que  je te suiverais n'importe où... même sur twitter twiter !!!
178687560464351230,Sun Mar 11 03:43:28 +0000 2012,@MarcCuradeau  ha... Merci!!
