id,created_at,text
1253700747138674700,Fri Apr 24 15:02:05 +0000 2020,RT @CancilleriaPeru: En gesto de solidaridad del pueblo suizo hacia todos los pueblos afectados por el #COVID19 y en agradecimiento a la co…
1252436720622108700,Tue Apr 21 03:19:18 +0000 2020,RT @realDonaldTrump: In light of the attack from the Invisible Enemy, as well as the need to protect the jobs of our GREAT American Citizen…
1252234755795374000,Mon Apr 20 13:56:45 +0000 2020,😍😍😍😍😍😍😍 https://t.co/wDGiO8S7vd
1251037215825834000,Fri Apr 17 06:38:10 +0000 2020,RT @eloymarchan: ¡Terrible! El excongresista Glider Ushñahua, quien acaba de fallecer por coronavirus, suplicó por ayuda debido a que no po…
1250423716145549300,Wed Apr 15 14:00:20 +0000 2020,RT @peru21noticias: ⚠️ El premier Vicente Zeballos advirtió en conferencia de prensa que 'las actividades sociales van a quedar suspendidas…
1250178337609330700,Tue Apr 14 21:45:17 +0000 2020,RT @peru21noticias: 🚨 Vizcarra (@MartinVizcarraC ) anuncia que desde el 27 de abril, se reanudarán gradualmente las actividades, pero no pe…
1248815024098828300,Sat Apr 11 03:27:58 +0000 2020,RT @HistorieEnFotos: En estos momentos hace erupción el volcán Krakatoa en Indonesia. En 1883 tuvo una letal erupción que mató a cerca de 4…
1248804157953196000,Sat Apr 11 02:44:47 +0000 2020,RT @AlexCarriH: Cuando Angie Jibaja es tendencia y crees que es por que ya hizo alguna pendejada / cuando ves que la querían matar https://…
1248804029108387800,Sat Apr 11 02:44:16 +0000 2020,RT @lorealvareza: Sobre la balacera en la clínica San Pablo, la policía confirma a Canal N que la modelo Angie Jibaja se encuentra herida d…
1246487891922104300,Sat Apr 04 17:20:46 +0000 2020,RT @peru21noticias: 🔴 #URGENTE 🔴 #LOÚLTIMO  ✅ Congreso aprueba ley que autoriza el retiro del 25% de las AFP hasta S/ 12,900: https://t.co/…
1242219378197790700,Mon Mar 23 22:39:13 +0000 2020,RT @Lima_ECpe: Calidad del aire en Lima mejoró durante los primeros días de la cuarentena, informa el Ministerio del Ambiente https://t.co/…
1242218395879313400,Mon Mar 23 22:35:19 +0000 2020,RT @JulianaOxenford: Todos los días,  entre que voy y vengo del canal, me detienen policías y/o militares pidiéndome mi salvoconducto y doc…
1238113758502957000,Thu Mar 12 14:44:57 +0000 2020,RT @elcomercio_peru: #Coronavirus: La OMS asegura que la pandemia del #Covid_19 “es controlable” https://t.co/c7ksw5vEz0
1238112657804349400,Thu Mar 12 14:40:35 +0000 2020,RT @lorealvareza: Las imágenes que compartimos del desabastecimiento, anaqueles vacíos, de la gente que compra como para el fin del mundo t…
1235933078482235400,Fri Mar 06 14:19:43 +0000 2020,RT @paolamiglio: Por favor amigos restauranteros: el 8 de Marzo no se celebra a la mujer, se conmemora nuestra lucha. No hagan 2x1 en cocte…
1235931372012912600,Fri Mar 06 14:12:56 +0000 2020,RT @peru21noticias: 🚨#LOÚLTIMO #URGENTE | Confirman primer caso de coronavirus (#COVID19) en el Perú https://t.co/jQDeiSXGaH  El presidente…
1215285169063694300,Thu Jan 09 14:52:17 +0000 2020,#HoyVuelvePerfectosDesconocidos @LosProductores_ https://t.co/bjw9pXDH4m
1200826258730496000,Sat Nov 30 17:17:45 +0000 2019,@NetflixLAT 🤮
1179493869395861500,Wed Oct 02 20:30:27 +0000 2019,Hora de invertir en publicidad digital! https://t.co/hwPq2m8p8v #GCVUL
1179448594971189200,Wed Oct 02 17:30:32 +0000 2019,La web de la marca, el canal más influyente para comprar online #GCVUL https://t.co/Q8YrxhHGqe
1178875852332904400,Tue Oct 01 03:34:40 +0000 2019,Adios neuromarketing https://t.co/SJC0jFVAht #GCVUL
1176911897121185800,Wed Sep 25 17:30:36 +0000 2019,Aquí la guía completa sobre cómo usar la nueva versión de Google Search Console 👍#GCVUL https://t.co/L1yJYQcBsm
1176662795716313000,Wed Sep 25 01:00:46 +0000 2019,Cambios en Instagram y Facebook ¿Cómo afectará a los marketeros? #GCVUL https://t.co/vKplYeOr2e
1176617440748417000,Tue Sep 24 22:00:33 +0000 2019,Despeja las dudas que te rodean sobre algunos de los términos más usados en la actualidad #GCVUL https://t.co/7QMnewNRr6
1176292704893972500,Tue Sep 24 00:30:09 +0000 2019,Conoce las claves fundamentales para generar engagement en Twitter #GCVUL https://t.co/JcUAgNeC25
951858146619940900,Fri Jan 12 16:47:21 +0000 2018,RT @wetheunicorns: Turns out, Logan Paul's trip to Japan was problematic for many reasons 😡 https://t.co/yhj2BYgk4G
936630049091940400,Fri Dec 01 16:16:20 +0000 2017,@joejonas @DNCE Ven con tu hermanos, gracias
929966226612375600,Mon Nov 13 06:56:41 +0000 2017,Me muero por ver el corto “Ven”!! 😫❤️, donde lo puedo ver?!?! @CarlosGaliano4
922304164746727400,Mon Oct 23 03:30:23 +0000 2017,RT @popartcultural: Gana 2 entradas SUPER VIP para @exodo_party #TheHauntedKingdom👻🍹🎃✨ | Entérate cómo ganar aquí ➡️ https://t.co/JfmDjmb8R…
911078629219565600,Fri Sep 22 04:04:06 +0000 2017,@miseliti #Fragmentados una foto con la mejor 💕 https://t.co/HQEnDLylYr
911032217832382500,Fri Sep 22 00:59:41 +0000 2017,@CarlosGaliano4 #Fragmentados https://t.co/DBF24Zf6jN
911031724632547300,Fri Sep 22 00:57:43 +0000 2017,@CarlosGaliano4 @MayellaLloclla @MikhailPage @KarinajordanM @manuelgoldp @JelyReategui @Andresilvachuy @miseliti So… https://t.co/YBg51bvwPp
903675886448164900,Fri Sep 01 17:48:15 +0000 2017,RT @thescript: Put a flower in the top of a gun, put confetti in an atomic bomb... #FreedomChild
903674978360426500,Fri Sep 01 17:44:38 +0000 2017,RT @thescript: Written In The Scars is a song about using your life choices and experiences as armor... They make us, us! #FreedomChild
897565708946559000,Tue Aug 15 21:08:35 +0000 2017,@NicolasGalindoG @ElMiyashiro #RocioTovar porfa hagan la obra #LosPerros otra vez😭😭🙏🏼🙏🏼🙏🏼
882299295952654300,Tue Jul 04 18:05:19 +0000 2017,RT @AndresWieseR: Si la 1era lectura fue así, no puedo ni imaginar la locura que se viene 🤣🎉🎭! En Octubre estrenamos #HastaLasPatas, va a e…
873486466210562000,Sat Jun 10 10:26:16 +0000 2017,❤️❤️❤️👏🏼🎉 https://t.co/ZNwqYnmK3f
872143887455932400,Tue Jun 06 17:31:21 +0000 2017,RT @CarlosGaliano4: Que no acabe nunca! #AvLarcoLaPelicula Fotón: @Datalcab Daniela Talavera https://t.co/Ww5a1mUVw8
869408691312668700,Tue May 30 04:22:39 +0000 2017,La veria por 4ta vez en el cine #AvLarco ❤️ linda pelicula! @juancarlosrdc @CarlosGaliano4 @NicolasGalindoG @carocano @mariaSonrisagl
857316525023350800,Wed Apr 26 19:32:42 +0000 2017,🌞 #sunset #photography https://t.co/xodYUwtdNI
856664608731308000,Tue Apr 25 00:22:13 +0000 2017,RT @KygoMusic: It ain't me music video is out now!🎥 @selenagomez   https://t.co/XZ3dKnO2h7
810309067738677200,Sun Dec 18 02:21:51 +0000 2016,Rutland - Vermont 😍 https://t.co/viInOY8u41
796356679155626000,Wed Nov 09 14:20:02 +0000 2016,Being peruvian.. 😍😂 #proudperu #🇵🇪 #peru #perueschevere https://t.co/VP8QI5cZNS
786781943144734700,Fri Oct 14 04:13:27 +0000 2016,Valio la pena tanta espera!! @LosProductores_ @CarlosCarlinOf @melaniaurbinak @vacadescarriada y mi favorito… https://t.co/FHcLpuH5uk
786328344132460500,Wed Oct 12 22:11:01 +0000 2016,Es verdura 😞 https://t.co/T7US0D7hiL
786269788314148900,Wed Oct 12 18:18:20 +0000 2016,RT @LosProductores_: Todos lo necesitamos en algún momento ❤ #TocToc #Cuerda #Mudanza #MammaMiaPlazaNorte #LasTresViudas #PasiónPorElTeatro…
764602335662223400,Sat Aug 13 23:19:37 +0000 2016,RT @ChrisEvans: Happy birthday, Sebastian! I still remember that time I helped you with your college essay. https://t.co/yQqtIV7P8Q
763491993049784300,Wed Aug 10 21:47:30 +0000 2016,RT @GianellaNeyra_: Hoy comenzamos la 5ta semana de #BajoTerapia  ¡Quiero regalar entradas! RT 🔄 si quieres entradas  💙 si ya la vieron htt…
754885878569394200,Mon Jul 18 03:49:53 +0000 2016,Porfavor 🙌🏼🙌🏼💕 https://t.co/dxtmMOSEdf
753844568068530200,Fri Jul 15 06:52:05 +0000 2016,RT @SchullerRenzoOF: Mañana es el estreno oficial de #BajoTerapia A comprar sus entradas. @marco_zunino @GianellaNeyra_ @sergiogalliani htt…
753592234239529000,Thu Jul 14 14:09:24 +0000 2016,RT @HarryShumJr: A literal giant with a giant heart.  A goofball who had two.. https://t.co/HLMDErSjNh #3yearswithoutcory https://t.co/dlux…
753592122264133600,Thu Jul 14 14:08:57 +0000 2016,RT @msleamichele: I know everyday you're watching over me, and smiling. Love and miss you Cory, everyday, but today a little more..❤️ https…
753592035836325900,Thu Jul 14 14:08:37 +0000 2016,RT @druidDUDE: Today I woke up thinking abt ur smile &amp;how infectious it was.U made us laugh &amp;feel loved evryday. #3YearsWithoutCory https:/…
751888177158324200,Sat Jul 09 21:18:05 +0000 2016,#MammaMia @LosProductores_ sin palabras para describir ese precioso momento 😭 @miseliti https://t.co/sVdnVpNX6l
748309704229564400,Thu Jun 30 00:18:31 +0000 2016,@LosProductores_ @jcfishers 0 dias!!!! On my way 🙊🙊 #MammaMia https://t.co/Wrrpe2gaiR
747881131450708000,Tue Jun 28 19:55:31 +0000 2016,#TheFundamentalsOfCaring such an amazing movie!! ⭐️⭐️⭐️⭐️⭐️ @netflix @selenagomez
745708464157167600,Wed Jun 22 20:02:07 +0000 2016,Mis favoritos 💕 @ddlovato @druidDUDE @DarrenCriss https://t.co/2SGf86RMyU
742547018875293700,Tue Jun 14 02:39:39 +0000 2016,@teatrolaplaza @romuloassereto esta obra merece mas de 1000 aplausos, me encantó 👏🏼 https://t.co/eFXbJSlneJ
741722193420288000,Sat Jun 11 20:02:06 +0000 2016,RT @goldenglobes: Always be a first-rate version of yourself, instead of a second-rate version of somebody else. -Judy Garland https://t.co…
739601047270916100,Sun Jun 05 23:33:25 +0000 2016,RT @PopyOlivera: Ganó Keiko en Trujillo, eso quiere decir que él APRA apoya a Fuerza Popular. Álan Garcia concha tu madre. NO VAS A ESCAPAR…
738354310241648600,Thu Jun 02 12:59:20 +0000 2016,@LosProductores_  @jcfishers CONTANDO LOS DIAS!!! 🗓 #MammaMia https://t.co/qR5B8Q5TmL
735907375362773000,Thu May 26 18:56:05 +0000 2016,RT @goldenglobes: I think the thing to do is enjoy the ride while you're on it.  -Johnny Depp https://t.co/CDiKF1LIq8
735907028862939100,Thu May 26 18:54:42 +0000 2016,@BrunoAscenzo congratss por #EnElBarrio salio increible!!!! Una de las mejores obras q he visto. Exitos x1000💕
734058285205229600,Sat May 21 16:28:27 +0000 2016,Sin pelos en la lengua. Eres grande🙌🏼. Los que en verdad sepan el significado de amor, estarán contigo para siempre! https://t.co/EqturPRQKn
733849403518111700,Sat May 21 02:38:26 +0000 2016,I love the things u do! you have been my idol since glee ❤️ You can do everything if you proposed it! love you🙌🏼 https://t.co/TLlRFU6o59
732923525321916400,Wed May 18 13:19:20 +0000 2016,Hermoso la verdad 🙌🏼❤️ @rodgonzalezl @CosasPeru  https://t.co/TAOny50Cb9
730416831870152700,Wed May 11 15:18:37 +0000 2016,#HappyBirthdayCoryMonteith @CoryMonteith always in our ❤️❤️ https://t.co/EMDu2Aw1er
730415109819011100,Wed May 11 15:11:47 +0000 2016,#perú ven otra vez porfavor 😭 @JBALVIN #ginza https://t.co/0Oa8TLwleb
730411709639307300,Wed May 11 14:58:16 +0000 2016,#LocosDeAmor @GianellaNeyra_ ame tu papel ❤️❤️ idola por siempre!!
728242512016465900,Thu May 05 15:18:39 +0000 2016,@aguywithnolife @druidDUDE the purge
725896810976268300,Fri Apr 29 03:57:40 +0000 2016,RT @LosProductores_: #MammaMia se encuentra en ensayos de texto, canto y coreografía. Compra ahora y no te pierdas el musical del año. http…
725836804650315800,Thu Apr 28 23:59:14 +0000 2016,@thescript @TheScript_Danny #MarkSheehan #GlenPower😍😍😍😍 https://t.co/lQp8JL6cAe
715202897781325800,Wed Mar 30 15:43:53 +0000 2016,@thescript @Snapchat YESSSx1000
712167361340690400,Tue Mar 22 06:41:45 +0000 2016,Increible obra ❤️🙌🏼 congrats @BrunoAscenzo ya quiero ver las futuras obras q haras 👏🏼 https://t.co/pCfCg903pz
710612140940509200,Thu Mar 17 23:41:51 +0000 2016,@TheScript_Danny @thescript 😍😍😍 Happy St. Patricks Day🍀 https://t.co/se8JCYXAOp
701064391391899600,Sat Feb 20 15:22:30 +0000 2016,#FreeKesha @KeshaRose Perú is with you❤️🇵🇪
699452112422465500,Tue Feb 16 04:35:53 +0000 2016,El mejor de los mejores #JohnnyDepp https://t.co/WnepH6jLGc
699363154141311000,Mon Feb 15 22:42:24 +0000 2016,RT @selenagomez: I got to be in my best friends first Grammy award winning music video!!!!!!?! #Grammy9 @taylorswift13  https://t.co/jXlcvs…
697890853025660900,Thu Feb 11 21:12:00 +0000 2016,@BrunoAscenzo 😂 te hare un altar
694541691567611900,Tue Feb 02 15:23:37 +0000 2016,@thescript impossible not to love you #TheScriptFamily
694541490425610200,Tue Feb 02 15:22:49 +0000 2016,RT @thescript: We are blessed with the best fans in the world... Thank you #TheScriptFamily 😉 https://t.co/gEVIErOhgo
694157342196252700,Mon Feb 01 13:56:21 +0000 2016,5mentarios 😍😍😍 @maluma @JBALVIN https://t.co/hW8iPhGV4w
692808209120260100,Thu Jan 28 20:35:23 +0000 2016,@popartcultural #EnElBarrio #PopArtEnElBarrio las canciones son A B y D!! Me muero por ver la obra 😍@BrunoAscenzo
692444910763544600,Wed Jan 27 20:31:46 +0000 2016,@selenagomez idol😍
691992791229034500,Tue Jan 26 14:35:12 +0000 2016,RT @JBALVIN: LA FAMILIA manager rebecaleon12 y Hermano @djpopejb !! https://t.co/3eShcbComo
678637417222545400,Sun Dec 20 18:05:43 +0000 2015,RT @SelenaFanClub: One more day Selenators... The #HandsToMyselfVideo will be here tomorrow. https://t.co/Z1fKINqdUM
678636810596171800,Sun Dec 20 18:03:18 +0000 2015,I must go to Las Vegas 😍 https://t.co/G609279mVX
677944170816778200,Fri Dec 18 20:11:00 +0000 2015,@JBALVIN braaavasooo
677629495755612200,Thu Dec 17 23:20:36 +0000 2015,@rossR5 🇵🇪!!!
676533734578004000,Mon Dec 14 22:46:26 +0000 2015,@CodySimpson dafuck?!
676365490630037500,Mon Dec 14 11:37:53 +0000 2015,@TheScript_Danny @thescript te amo, come to peru pls 🇵🇪🙏🏼! #peruwantsthescript #TheScriptFamily
675082110189834200,Thu Dec 10 22:38:12 +0000 2015,@rikerR5 @r5 #SometimeLastNightTour Lima-Perú. Some pics of that epic night 😍😍🤘🏻love you guys❤️ https://t.co/MDRe1inHpk
673831554200784900,Mon Dec 07 11:48:56 +0000 2015,@thescript finals 📝 😭
673627711752024000,Sun Dec 06 22:18:56 +0000 2015,#SelfieForNash @Nashgrier 😍😍😍😍 https://t.co/Ta16YkoBUi
672892367217819600,Fri Dec 04 21:36:56 +0000 2015,Omg sooo close🤘🏻 Btw sorry for the screaming 🙊 #SometimeLastNightTour @rikerR5 @officialR5 Lima-Perú 01/12/15 https://t.co/dkZEurbJx9
672402779810439200,Thu Dec 03 13:11:30 +0000 2015,@rydelR5 beautiful❤️❤️🇵🇪🤘🏻 #lightningstrikes #SometimeLastNight https://t.co/7kg5MnItjP
672189929602998300,Wed Dec 02 23:05:42 +0000 2015,@rikerR5 @officialR5 #SometimeLastNightTour I hope you like it 🙌🏼❤️ 01/12/15 Lima-Perú https://t.co/ZNyl9cFb9M
672094829443162100,Wed Dec 02 16:47:48 +0000 2015,@rylandR5  Amazing!!! 01/12/15 Perú🇵🇪 https://t.co/iFAJ0YxCxs
671687189378527200,Tue Dec 01 13:47:59 +0000 2015,@officialR5 REAAAADYYYY 🇵🇪
671518765172006900,Tue Dec 01 02:38:44 +0000 2015,@officialR5 @Ricardo_Arjona @JBALVIN @PrinceRoyce @enrique305 @pitbull @JoeyMontanaT everything is better with music https://t.co/7CLGzPCq2T
670374142567448600,Fri Nov 27 22:50:25 +0000 2015,@JoeyMontanaT #tb 😍❤️😂😂 #peru https://t.co/PjA8XlgcyZ
669210617056727000,Tue Nov 24 17:46:59 +0000 2015,@channingtatum  please come to Lima 🇵🇪!!!!!!!!!!!!  https://t.co/wDinpgC1F2
669155103346180100,Tue Nov 24 14:06:23 +0000 2015,Uno de los mejores conciertos de mi vida ❤️🇵🇪 @JBALVIN #jbalvin https://t.co/OxW4vHHqeP
668869530647715800,Mon Nov 23 19:11:37 +0000 2015,RT @jessetyler: .@LisaKudrow singing #SmellyCat onstage last night with Tay Tay was my fav fav. http://t.co/5vbhBSy4hm
667791779857498100,Fri Nov 20 19:49:01 +0000 2015,The warblers @GLEEonFOX @rikerR5 @DarrenCriss #glee3D https://t.co/PQ2bk5CQyg
667755580606382100,Fri Nov 20 17:25:11 +0000 2015,@rikerR5 #glee #r5 almost two weeks!!!!!!!!!!!!!! https://t.co/QBmiaU6xwS
666682921424654300,Tue Nov 17 18:22:49 +0000 2015,4 days!!! @enrique305 @PrinceRoyce @pitbull @JuanMagan @JoeyMontanaT #peru
658018080744935400,Sat Oct 24 20:31:50 +0000 2015,@officialR5 READY!!!!! &lt;3 see you soon guys @rossR5 @rikerR5 @ratliffR5 @rydelR5 @rockyR5 ps PLEASE SING PASS MY BY https://t.co/DJqI8aDwPP
656674459311603700,Wed Oct 21 03:32:46 +0000 2015,@MattSteffanina HAPPY BIRTHDAY TO THE BEST CHOREOGRAPHER IN THE WORLD &lt;3 hope to dance with you someday
656662282517258200,Wed Oct 21 02:44:23 +0000 2015,42 days!! #Peru @rossR5 @officialR5 @rikerR5 @rylandR5 @rockyR5 @ratliffR5
655920682505785300,Mon Oct 19 01:37:31 +0000 2015,http://t.co/oaQCFO6v4l I want it :'( #godpleasesendmemoney @officialR5 @rossR5 @rikerR5 @rydelR5 @rylandR5 @ratliffR5
654723287876898800,Thu Oct 15 18:19:30 +0000 2015,@rossR5 YOU MUST SING ON MY OWN &lt;3 #TEENBEACH2  - Im from Peru &lt;3
654722299971539000,Thu Oct 15 18:15:35 +0000 2015,OMGGGGGGGG!!!!!!!!!!!!! PERUUUU &lt;3 &lt;3 &lt;3 ILL BE WAITING FOR YOU #decembercomefast #dreamcometrue @officialR5  https://t.co/oZciGGWs6o
650454820839653400,Sat Oct 03 23:38:08 +0000 2015,@DanniUbeda no me acordaba q existía este video 😳❤️😂🙊 http://t.co/Ji03pLGGZz
647990970752061400,Sun Sep 27 04:27:41 +0000 2015,@DanniUbeda #embarcadero41 TE AMOOOO😍😍😍😍 gracias por todooo!!!! http://t.co/EBYhQ6erb8
646138561184550900,Tue Sep 22 01:46:52 +0000 2015,@TheScript_Danny @thescript CONGRATS x1000 😍
645315757677637600,Sat Sep 19 19:17:20 +0000 2015,@thescript peru please🙏🏼
643609257942876200,Tue Sep 15 02:16:19 +0000 2015,it's like a dream come true @thescript @TheScript_Danny #TheScriptFamily http://t.co/AciP24tKke
643537191281496000,Mon Sep 14 21:29:57 +0000 2015,@TheScript_Danny 🙋🏻🙋🏻
643198097741455400,Sun Sep 13 23:02:31 +0000 2015,#TheScript3 #TheScriptFamily @thescript @TheScript_Danny my fav song❤️❤️ http://t.co/tC0FC3znbV
643130275413774300,Sun Sep 13 18:33:01 +0000 2015,RT @thescript: THE TOUR’S ALMOST OVER! 1 week left until the LAST #TheScriptNSWSTour SHOW! RIO, ARE U READY TO PAINT THE TOWN GREEN? http:/…
642112825691930600,Thu Sep 10 23:10:02 +0000 2015,@colesprouse baby Cole ❤️❤️ #friends http://t.co/CFYSe3FvtJ
641810779617001500,Thu Sep 10 03:09:48 +0000 2015,No hay mas que decir. @Andynsane   http://t.co/aqEc1URFLn
641809499737735200,Thu Sep 10 03:04:43 +0000 2015,RT @RPPEspectaculos: "NN" será la película peruana que irá tras el Óscar 2016. http://t.co/ZczgFlrJX4 http://t.co/yDZjYekXbq
640875781221163000,Mon Sep 07 13:14:27 +0000 2015,@thescript @rockinrio six degrees of separation
639993472091467800,Sat Sep 05 02:48:28 +0000 2015,@PrinceRoyce si no cantas Te me vas me mato😭😭❤️❤️😍😍 #yavenaperu 🔴⚪️🔴
639993118130077700,Sat Sep 05 02:47:04 +0000 2015,RT @PrinceRoyce: Si @Pitbull va y @Enrique305 va, yo también me apunto! #EuphoriaTour2 ¡Ja! #NosVemosProntoPeru https://t.co/0JqqMUq3Va
639141217058574300,Wed Sep 02 18:21:55 +0000 2015,RT @LosProductores_: ¡GRACIAS TOTALES! La temporada de #FullMontyEnLima fue todo un éxito gracias a ti. Dale RT si te gustó. http://t.co/LN…
638199324715958300,Mon Aug 31 03:59:10 +0000 2015,@justinbieber i love the video ❤️ congrats jb
638143457136132100,Mon Aug 31 00:17:10 +0000 2015,@LosProductores_ #fullmonty #lajauladelaslocas #unhombrecondosjefes ❤️❤️ http://t.co/ajDrnXlblw
638087461042810900,Sun Aug 30 20:34:40 +0000 2015,Una obra, mil talentos 29/08/15 #fullmonty Gracias por las risas @FCORenzoShuller @LosProductores_ @AndresWieseR http://t.co/R5RlzQ9pOk
631690319541743600,Thu Aug 13 04:54:43 +0000 2015,@maddieziegler you are an amazing girl ❤️ http://t.co/Ai11G3B6dO
629436259480506400,Thu Aug 06 23:37:53 +0000 2015,@UnderTheDomeCBS #UnderTheDome Break time 📖 @Mike_Vogel @RachelleLefevre @deanjnorris http://t.co/Lx5Ny9QIky
629322557573963800,Thu Aug 06 16:06:04 +0000 2015,18 ⚓️ http://t.co/iJT988G66b
628945889663582200,Wed Aug 05 15:09:20 +0000 2015,I'M LEGAL ❤️❤️ happy birthday to me🎁. I whish @selenagomez , @msleamichele and (I don't know how) #JohnnyDepp wished me happy birthday 🎉
626886231641731100,Thu Jul 30 22:44:59 +0000 2015,#JusticeForCecilTheLion I know that this isn't Cecil, but anyways... It's a feline too http://t.co/EkKNLp9E2q
623967284260945900,Wed Jul 22 21:26:07 +0000 2015,@justinbieber yep. I'm a belieber 😂❤️ http://t.co/sKJm6DPMnF
622189931641851900,Fri Jul 17 23:43:34 +0000 2015,@JLo HERO🙌🏼  gracias por todo http://t.co/0ewaeImaib
622027106592157700,Fri Jul 17 12:56:33 +0000 2015,My morning song ✌🏼️@rossR5 @MaiaMitchell http://t.co/2YLZljpvuv
621679131810484200,Thu Jul 16 13:53:49 +0000 2015,Orgullo peruano https://t.co/AgCWzPIr67
621093754032771100,Tue Jul 14 23:07:44 +0000 2015,@MattSteffanina peru!!!!!
620662724314443800,Mon Jul 13 18:34:59 +0000 2015,#2YearsWithoutCory  I want to do glee. I'm really happy when I perform - Finn Hudson http://t.co/UXn7MfpnZZ
620660297267810300,Mon Jul 13 18:25:20 +0000 2015,RT @msleamichele: Today we remember the laughter and joy you brought into our lives every day. We think of you always and love you so❤️ htt…
618975199665475600,Thu Jul 09 02:49:22 +0000 2015,You are so cool 🙌🏼 #therealdrmiami @TheRealDrMiami http://t.co/1vZan8KHS5
618900843497168900,Wed Jul 08 21:53:54 +0000 2015,@msleamichele you are my favv singer ❤️❤️❤️ lover you xoxo
617885901629313000,Mon Jul 06 02:40:53 +0000 2015,@MattSteffanina enjoy your trip 🙌🏼
617885852342046700,Mon Jul 06 02:40:41 +0000 2015,@Beyonce LOL 😂😂😂😂 #Beyonce #IfIWereABoy http://t.co/SCzdA2t2Aq
616471906393436200,Thu Jul 02 05:02:10 +0000 2015,@GLEEonFOX @ddlovato @NayaRivera Here comes the sun ❤️ http://t.co/tRku3EgjCE
616394321990950900,Wed Jul 01 23:53:53 +0000 2015,Best news ever ❤️❤️❤️!! @GLEEonFOX And #BatesMotel @msleamichele @NayaRivera @chriscolfer @druidDUDE @Matt_Morrison http://t.co/00wxEHZxam
615963681508225000,Tue Jun 30 19:22:40 +0000 2015,Brasil? Peru please!!!!!! 🙏🏼😭 @thescript @TheScript_Danny http://t.co/uPEuKD8Bhw
615521756686762000,Mon Jun 29 14:06:37 +0000 2015,#JuntosPodemos 🔴⚪️🔴
615157592793477100,Sun Jun 28 13:59:33 +0000 2015,#UnderTheDomeSeason3 finally🙌🏼 @Mike_Vogel @RachelleLefevre http://t.co/S13WKLwW0f
613836800784793600,Wed Jun 24 22:31:12 +0000 2015,@elcomercio Que pasa con el maltrato animal! Esta de moda o que? Juicio para esta clase de personas! Los animales sienten igual que nosotros
613836247195340800,Wed Jun 24 22:29:00 +0000 2015,Youree sooo cuteeeee @BrittanyFurlan http://t.co/N4KPVJNNNU
613835467889475600,Wed Jun 24 22:25:54 +0000 2015,@ImJakePaul you look like JB
613832468165230600,Wed Jun 24 22:13:59 +0000 2015,@ImJakePaul 😍😍 love your vines and snaps
613832149578436600,Wed Jun 24 22:12:43 +0000 2015,@CourteneyCox  @LisaKudrow #MattLeBlanc #FRIENDS BEST PART EVER 😂😂😂😂 http://t.co/O90FUMkGaQ
611851938179719200,Fri Jun 19 11:04:04 +0000 2015,TGIF
611579572392460300,Thu Jun 18 17:01:47 +0000 2015,@marilynlorrixer @ddlovato jockey plaza *****
610914123015032800,Tue Jun 16 20:57:31 +0000 2015,@VirgileTr @selenagomez hahaha thanks 👌🏼💪🏼
610227125778579500,Sun Jun 14 23:27:38 +0000 2015,My country vs. My favorite football team #PeruVsBrasil  Bien jugado ⭕️⚪️⭕️
610173013733019600,Sun Jun 14 19:52:37 +0000 2015,@neymarjr you're gonna play with my country #peru ❤️❤️❤️❤️
610129021326753800,Sun Jun 14 16:57:48 +0000 2015,@marilynlorrixer @ddlovato jockey!
610128968050700300,Sun Jun 14 16:57:36 +0000 2015,#TheScript @thescript @TheScript_Danny Im from Peru and the next year i will travel the world to see you❤️ http://t.co/moeppoaw1G
609812884349190100,Sat Jun 13 20:01:36 +0000 2015,@ddlovato #skechers love you❤️ #DemiLovato #peru http://t.co/cVgBWz8bLJ
609502174305984500,Fri Jun 12 23:26:57 +0000 2015,#DarrenIsHedwig If I were a pilot, the first thing I would do is fly to NYC @DarrenCriss #INeedTicketsToo
609427971263328300,Fri Jun 12 18:32:05 +0000 2015,RT @wasapEC: José está buscando a Milo. ¡Comparte para ubicarlo! Si tú también perdiste a tu 🐶 menciona #PerroPerdidoEC 👍 http://t.co/uWx5Z…
609322456717856800,Fri Jun 12 11:32:49 +0000 2015,Best news ever!!!!!!!!  https://t.co/DqITkeGyt0
609090960618872800,Thu Jun 11 20:12:56 +0000 2015,Que quiere decir esto #EasyDunkin #estafa http://t.co/nsICcPPhnt
608780148054351900,Wed Jun 10 23:37:52 +0000 2015,#ManOnAWire @thescript #TheScriptApreciationDay ❤️❤️🎈🎈 http://t.co/zxrPmv4COZ
608762171716169700,Wed Jun 10 22:26:26 +0000 2015,visto en #Periscope: Soundchek @thescript #TheScript https://t.co/m9hFMKAbAG
608694683569692700,Wed Jun 10 17:58:16 +0000 2015,#NowPlaying my dream setlist #TheScriptCroke @thescript ♫ http://t.co/YZHkImia2k
608627605189894100,Wed Jun 10 13:31:43 +0000 2015,Peru 🙏🏼🙏🏼🙏🏼 https://t.co/ZPv90dLTS6
608454277334450200,Wed Jun 10 02:02:58 +0000 2015,omgg your eyes 😳😳 btw I love your snaps 😂😂 @curtislepore #OneOfMyFavoriteViners http://t.co/Kc6tvIcmDM
608448606757097500,Wed Jun 10 01:40:26 +0000 2015,@curtislepore meeee ❤️❤️❤️❤️
608394811977138200,Tue Jun 09 22:06:41 +0000 2015,Please ven a Peru 🙏🏼❤️ https://t.co/wBKDdLIDnR
608357353126273000,Tue Jun 09 19:37:50 +0000 2015,@Donnycaballero #E41 🍻#DragonYCaballero http://t.co/k5X9jN9b5b
608105739723374600,Tue Jun 09 02:58:01 +0000 2015,RT @msleamichele: Great session today w/ @StephanMoccio for my new record! He wrote "a new day has come" for @celinedion #enoughsaid 🙌🏻 htt…
608071468237365200,Tue Jun 09 00:41:50 +0000 2015,Yes we are https://t.co/QrdgUSHsnx
607952056742232000,Mon Jun 08 16:47:20 +0000 2015,RT @thescript: St Louis we had a great end of tour show! Big love. M http://t.co/tRguZhKaxc
607768836637663200,Mon Jun 08 04:39:17 +0000 2015,@thescript los amo😍
607765194748620800,Mon Jun 08 04:24:48 +0000 2015,#HappyBirthdayPLL 🎈 xoxo -A
607764381900935200,Mon Jun 08 04:21:35 +0000 2015,RT @marco_zunino: PERÚ!!!!! En broadway!!!! Gracias por venir!!!!! Lo maximoooooooooooo!!!! Viva Perú ....ajoo http://t.co/dVYVKAlEda
607701517433507800,Mon Jun 08 00:11:46 +0000 2015,Definitely my favorite❤️ @msleamichele #LeaMichele #TonyAwards #TonysRedCarpet http://t.co/Ai930dtOII
607635411695976400,Sun Jun 07 19:49:06 +0000 2015,Choreography by @MattSteffanina @NICKIMINAJ #MattSteffanina #anaconda love that choreo❤️ #olympics2014 #winners http://t.co/rdeztc4JPo
607629492941684700,Sun Jun 07 19:25:34 +0000 2015,RT @NayaRivera: I will! https://t.co/6b7MfX981I
607604481749073900,Sun Jun 07 17:46:11 +0000 2015,RT @Matt_Morrison: @DarrenCriss I expect some hard hitting questions today, sir!!!
607581302586540000,Sun Jun 07 16:14:05 +0000 2015,11:11 please come to Peru ❤️ @TheScript_Danny @thescript #DannyOdonoghue #TheScript http://t.co/BBGNKv9MJd
607578590931259400,Sun Jun 07 16:03:18 +0000 2015,@JennaUshkowitz glee❤️❤️
607555161591058400,Sun Jun 07 14:30:13 +0000 2015,RT @neymarjr: Voltando pra Barcelona !!!! Borá comemorar que hoje é dia de festa !!! VISCA BARÇA E RESPEITA NOIX ... 😂😂 CAMPEON http://t.co…
606883794201813000,Fri Jun 05 18:02:26 +0000 2015,RT @msleamichele: Happy Friday everyone! It's going to be a great day! ✨💫 http://t.co/6pO8xBze1A
606863198919249900,Fri Jun 05 16:40:36 +0000 2015,#tb concierto Rio Roma #rioroma en Piura 🍻 #DFiore @RioRomamx @Raul_Roma @JoseLuis_Roma http://t.co/eYLcW0h28C
606659883304394800,Fri Jun 05 03:12:42 +0000 2015,Pls 🙏🏼 season 3!!!!!!!! #UnderTheDome
606602970915061800,Thu Jun 04 23:26:33 +0000 2015,La quiero a morir #laquieroamorir @HueyDunbar #DLG #teachersday #lastdance http://t.co/wrVyY8oi4K
606283165284638700,Thu Jun 04 02:15:45 +0000 2015,#getright @JLo @MattSteffanina http://t.co/MyE8YcsDw1
598280603885248500,Wed May 13 00:16:26 +0000 2015,RT @TheScript_Danny: My heart goes out to the people of Nepal , second earthquake 7.4 magnitude , sending you all love and prayers 🙏
596101090657116200,Wed May 06 23:55:49 +0000 2015,#SOSVenezuela  #FreeOurStudents  #SupportFromPerú http://t.co/U6ERYs5A3B
579358899226165200,Sat Mar 21 19:08:20 +0000 2015,@DiannaAgron @Matt_Morrison @druidDUDE @MarkSalling @JennaUshkowitz @chordoverstreet @HarryShumJr @becbecbobec @MaxAdlerGD
579358160194027500,Sat Mar 21 19:05:24 +0000 2015,#GleeGoodbye Thanks @msleamichele @DarrenCriss @chriscolfer @MsAmberPRiley @HeatherMorrisTV @NayaRivera @CoryMonteith http://t.co/WZCDHngaGS
579111555087900700,Sat Mar 21 02:45:28 +0000 2015,9x24 #HIMYMGoodbye https://t.co/X1DVKDz0Ef @JoshRadnor @ActuallyNPH @alydenisof @CobieSmulders @jasonsegel
540293416681480200,Wed Dec 03 23:56:03 +0000 2014,You have to experience life to understand life
530200629164011500,Thu Nov 06 03:30:55 +0000 2014,Prom😍 http://t.co/qucslmmXlG
510185748843466750,Thu Sep 11 21:58:55 +0000 2014,#NeverForget #911Memorial http://t.co/IG5muxSfwO
498973577241448450,Mon Aug 11 23:25:45 +0000 2014,#ripRobinWilliams 😭
488393405643640800,Sun Jul 13 18:43:56 +0000 2014,Gogogogo argentina!!!
486619076920614900,Tue Jul 08 21:13:23 +0000 2014,happy #PLL100 day!!!!!!!!
486618876814164000,Tue Jul 08 21:12:35 +0000 2014,@neymarjr Brasil precisa de você COME BACK!!!!!!!! http://t.co/QdbArUzCff
482961000061087740,Sat Jun 28 18:57:30 +0000 2014,RT @fifaworldcup_es: #Brasil2014 | ¡Final!   3-2 Gonzalo Jara disparó al poste y #BRA se clasifica: http://t.co/HdzBMAv8UB #BRACHI
482960772750782460,Sat Jun 28 18:56:35 +0000 2014,RT @rppdeportes: #Brasil2014 #GOL de #Brasil. #Neymar le pega abajo a un costado y anota para el conjunto local  http://t.co/B7VCdPcHS0
478069546017124350,Sun Jun 15 07:00:36 +0000 2014,@BrunoAscenzo #teatroperuanojapones #BestPerformance http://t.co/2fNO5RFEO8
465605913651728400,Sun May 11 21:34:35 +0000 2014,Happy birthday :'( &lt;3 @CoryMonteith
462644710712946700,Sat May 03 17:27:49 +0000 2014,Where would we be, if we couldn't dream?
461989124988100600,Thu May 01 22:02:45 +0000 2014,Studying history #examsweek
461323583835234300,Wed Apr 30 01:58:08 +0000 2014,@Coronel1Ale mi chinitaaaa!!! somoos churras pa q
456244102867484700,Wed Apr 16 01:34:05 +0000 2014,@mario_hart si respondes, pones favorito, etcetc a mi last tweet, te amaria de por vida &lt;3 #HappyBirthday
456242822337658900,Wed Apr 16 01:29:00 +0000 2014,@mario_hart FELIZ DIA FUTURO FLACO &lt;3 #justkidding PASALA LINDO!!!!!!!! UN BESO ps. salgo horrible pero no importa &lt;3 http://t.co/Hrz9YoGt94
450442760508940300,Mon Mar 31 01:21:37 +0000 2014,@AntonellaAlvino @TheScript_Danny
450411637045223400,Sun Mar 30 23:17:57 +0000 2014,You can walk straight through hell with a smile http://t.co/aUlwxulao7
447446990750621700,Sat Mar 22 18:57:30 +0000 2014,#MarchaPorLaVida
445783426587983900,Tue Mar 18 04:47:05 +0000 2014,Like 4 years waiting for this!!! #AliTellsAll #PLL @ABCFpll
445782560929742850,Tue Mar 18 04:43:39 +0000 2014,True #StPatricksDay @TheScript_Danny @thescript http://t.co/RuHhi8P3t8
445781133871951900,Tue Mar 18 04:37:59 +0000 2014,Happy St Patrick's Day to my favorite band and to my future boyfriend &lt;3 @TheScript_Danny @thescript
444518128760786940,Fri Mar 14 16:59:15 +0000 2014,@druidDUDE sounds poetic...
443013709749698560,Mon Mar 10 13:21:13 +0000 2014,Ultimo primer dia :'(
441038551468085250,Wed Mar 05 02:32:39 +0000 2014,5 more days and go back to school...
440520248303702000,Mon Mar 03 16:13:06 +0000 2014,@TheEllenShow #oscars love this photo!!!!!!!!!!!! All my favv actors
440520056556900350,Mon Mar 03 16:12:20 +0000 2014,RT @TheEllenShow: Look who I just found backstage. http://t.co/rp5Mt1sYsx
440519728818176000,Mon Mar 03 16:11:02 +0000 2014,RT @TheEllenShow: If only Bradley's arm was longer. Best photo ever. #oscars http://t.co/C9U5NOtGap
439870463590662140,Sat Mar 01 21:11:05 +0000 2014,Yesterday #bali #party http://t.co/jSfbAgeied
439380100841095200,Fri Feb 28 12:42:33 +0000 2014,Please come to Perú!!!! @TheScript_Danny @thescript #TheScriptFamily
438144939856498700,Tue Feb 25 02:54:28 +0000 2014,Welcome home!!! http://t.co/aoWgHz9Shg
437979586971074560,Mon Feb 24 15:57:25 +0000 2014,You start a question, and it's like starting a stone. You sit quietly on the top of a hill, and away the stone goes, starting others.
436302220821540860,Thu Feb 20 00:52:10 +0000 2014,@estoesguerra_tv siii, a donde sea que vayan, los verdaderos fans seguiran con ellos; si los quisimos en combate, tambien en esto es guerra
436301092818014200,Thu Feb 20 00:47:41 +0000 2014,@mario_hart @AleBaigorria1 combate , esto es guerra, whatever. Igual los amo! Aprovechen su momento y sigan adelante
436278873689686000,Wed Feb 19 23:19:23 +0000 2014,@Nickelback http://t.co/xowf1VX8Sp
436237668377428000,Wed Feb 19 20:35:39 +0000 2014,@thescript aw lovely , hi from perú!!!!
435987041353232400,Wed Feb 19 03:59:45 +0000 2014,RT @mario_hart: Feliz san valentin para todas mis #hartlovers , los #Hartbrothers y todos mis seguidores de twiter!! http://t.co/d8NnMqSgqr
435986838311141400,Wed Feb 19 03:58:57 +0000 2014,Siempre verde y siempre un leon @mario_hart #ElMejorCapitan
434419376595300350,Fri Feb 14 20:10:25 +0000 2014,Chill http://t.co/MkQ1aJznof
434355490999369700,Fri Feb 14 15:56:33 +0000 2014,Pues toma pa que te enamore #ValentinesDay #SanValentín
432955706304520200,Mon Feb 10 19:14:18 +0000 2014,@TheScript_Danny I wanted words but all I heard was nothing #followme xoxo
432953746377556000,Mon Feb 10 19:06:31 +0000 2014,Beach http://t.co/mruUNpLlsA
432949497245622300,Mon Feb 10 18:49:38 +0000 2014,chongo o que wa? @mario_hart @AleBaigorria1 http://t.co/Fu0dyXs707
432691643943092200,Mon Feb 10 01:45:01 +0000 2014,Punta negraaaaaaaaa
432187823026749440,Sat Feb 08 16:23:01 +0000 2014,Santa Maria!!!! #beach
431622086856286200,Fri Feb 07 02:54:59 +0000 2014,@TheScript_Danny do you have ig????
431577218028802050,Thu Feb 06 23:56:41 +0000 2014,How can I move on when I'm still in love with you? @TheScript_Danny @thescript
430861705925505000,Wed Feb 05 00:33:30 +0000 2014,ENOUGH MICHELLE!!! Ya paralaa.. @estoesguerra_tv
430404679193722900,Mon Feb 03 18:17:26 +0000 2014,Te amo!!!!! @TheScript_Danny
430252408531189760,Mon Feb 03 08:12:22 +0000 2014,Snapchat: antonellaalvino
430252006306226200,Mon Feb 03 08:10:46 +0000 2014,3:00 am listening @Nickelback &lt;3 #HowYouRemindMe
430019529498841100,Sun Feb 02 16:46:59 +0000 2014,#tb palmeras beach, drunk http://t.co/GzaIfgz7F1
429818358096474100,Sun Feb 02 03:27:36 +0000 2014,@Nashgrier yep
429817892176424960,Sun Feb 02 03:25:45 +0000 2014,Future boyfriend @TheScript_Danny http://t.co/xHCJrpIEqB
428746615474507800,Thu Jan 30 04:28:53 +0000 2014,to be a true player, you have to know how to play #ItWasntMe
428652452741533700,Wed Jan 29 22:14:43 +0000 2014,Una aventura es mas divertida si huele a peligro
428023367439220740,Tue Jan 28 04:34:57 +0000 2014,My friend? Nah. My sistah http://t.co/B37rYxyOIx
427826931321417700,Mon Jan 27 15:34:23 +0000 2014,Final Exam #hateEnglish
427775518327324700,Mon Jan 27 12:10:05 +0000 2014,Back to the normal life
426552004224118800,Fri Jan 24 03:08:17 +0000 2014,@mario_hart ta q te amo &lt;3
426156257011986400,Thu Jan 23 00:55:43 +0000 2014,@NicolaPorcella brother te amo!!!!
425755215933874200,Tue Jan 21 22:22:08 +0000 2014,#TheVow a beautiful movie &lt;3 #netflix @channingtatum
425353085980905500,Mon Jan 20 19:44:13 +0000 2014,You don't gotta be a prisioner in your mind. If you fall, dust it off. You can live your life
425001613736955900,Sun Jan 19 20:27:35 +0000 2014,Beach time
424952517198245900,Sun Jan 19 17:12:29 +0000 2014,@JasmineMeakin follow me too!!!! you're my idol #danceislife
424951100169404400,Sun Jan 19 17:06:52 +0000 2014,@TheCarlosPena Nos vemos pronto* :) without "s" hehe love you
424949820860559360,Sun Jan 19 17:01:47 +0000 2014,@TheCarlosPena aww lindo tu español!!! Soy de perú , follow meeeeeeee
424760839451586560,Sun Jan 19 04:30:50 +0000 2014,@Nashgrier hey!! follow mee &lt;3 love you, you're the best viner  xoxo #FromPeru
424745188053889000,Sun Jan 19 03:28:38 +0000 2014,Parrillitaaa!! #puntanegrabeach
424612956043624450,Sat Jan 18 18:43:12 +0000 2014,"@MTVNews: ICYMI, pretty sure Johnny Depp broke a lot of hearts yesterday: http://t.co/J1AaXpRulb" he's mine
424612694721691650,Sat Jan 18 18:42:10 +0000 2014,@mario_hart gorditoo &lt;3
424609763381350400,Sat Jan 18 18:30:31 +0000 2014,@TheKaranBrar you're such a baby &lt;3
424607247574908900,Sat Jan 18 18:20:31 +0000 2014,RT @charliesheen: open your wallets! RT @stuartdee1 @charliesheen Please RT &amp; support my trip 2 Africa 2 help build a home 4 a family. http…
424580088206606340,Sat Jan 18 16:32:36 +0000 2014,comming soon... http://t.co/TX9U0f6cTC
423559705680572400,Wed Jan 15 20:57:57 +0000 2014,Evenprooo park!!!!!!!!!!
422948951101169660,Tue Jan 14 04:31:02 +0000 2014,I was solo, living yolo
422538688283688960,Mon Jan 13 01:20:48 +0000 2014,@MTVNews #GoldenGlobes
422518888832589800,Mon Jan 13 00:02:07 +0000 2014,#GoldenGlobes pre-show!!
421421960632238100,Thu Jan 09 23:23:19 +0000 2014,I nominate @Nashgrier for a Shorty Award in #vineographer because... he's my idol, and I love his eyes &lt;3 he's a baby http://t.co/iabpV5xuhz
421420657050927100,Thu Jan 09 23:18:08 +0000 2014,I nominate @GLEEonFOX for a Shorty Award in #tvshow because.. IT'S MY FAVORITE TV SHOW, I'M A GLEEK &lt;3 AND I LOVE IT! http://t.co/h59ipv3nkp
421420406088929300,Thu Jan 09 23:17:09 +0000 2014,I nominate @ddlovato for a Shorty Award in #singer because... her voice is amazing http://t.co/iYSpXQZzqF
421420199704006660,Thu Jan 09 23:16:19 +0000 2014,I nominate @ddlovato for a Shorty Award in #music because... I love her lyrics http://t.co/7ndOoEPgW9
421419195457622000,Thu Jan 09 23:12:20 +0000 2014,I nominate @selenagomez for a Shorty Award in #actress because... she's my twin http://t.co/5MZX0g8r3x
421418903538266100,Thu Jan 09 23:11:10 +0000 2014,I nominate @bigtimerush for a Shorty Award in #band because... I LOVE THEM SO MUCH, AND I WANT THAT THEY COME TO PERU http://t.co/9sPz0SbDlT
421418492064448500,Thu Jan 09 23:09:32 +0000 2014,I nominate @AshBenzo for a Shorty Award in #actress because... she deserve it ans she's amazing!!!! #PLL http://t.co/oERnonYV7f
421417772032462850,Thu Jan 09 23:06:41 +0000 2014,I nominate @chriscolfer for a Shorty Award in #author because... he taugh me to love me just the way I am #gleek4ever http://t.co/bdSCLNknCc
421416684420100100,Thu Jan 09 23:02:21 +0000 2014,I nominate @marcusjohns for a Shorty Award in #vineographer because he always make me laugh, and well.. he's hot &lt;3 http://t.co/Pr5Q2zCMDY
421023376191545340,Wed Jan 08 20:59:29 +0000 2014,RT @ABCFpll: RT if you watched last night's AmAzing #PrettyLittleLiars! #AlisonIsAlive
420743172885467140,Wed Jan 08 02:26:04 +0000 2014,http://t.co/kGaEUqkeLD here is my favorite singer &lt;3 @msleamichele #LOUDER
420617586192027650,Tue Jan 07 18:07:01 +0000 2014,TONIGHT!!!!!!!!!!!!!!!!!!!!!!!!!!!!!!!!!!!!!!!!!!!!!!!!!!!!!!! @ABCFpll #PLLmarathon I'VE BEEN WAITING FOR THIS DAY SO MUCH
420617318427676700,Tue Jan 07 18:05:58 +0000 2014,you sound good to me @lucyhale , amazing song
420355503697326100,Tue Jan 07 00:45:36 +0000 2014,Necesito dormir!!!!!!!!!
420213551731462140,Mon Jan 06 15:21:32 +0000 2014,@Nashgrier follow me please!! I'm a huge fan, love you so much &lt;3
420211405464162300,Mon Jan 06 15:13:00 +0000 2014,@marcusjohns follow me please!!!!!!!!!!! or follow me on ig @antonellaalvino , love you!!!!!!!!!!! xoxo
420152872052211700,Mon Jan 06 11:20:25 +0000 2014,@Nashgrier but you are perfect
420151717662302200,Mon Jan 06 11:15:50 +0000 2014,Awake since 11:00 pm #cantsleep #its6am #bored #blackandwhite #nobodyisawake #rip #need #sleep #pijama… http://t.co/xLkJT6d51E
420087687203139600,Mon Jan 06 07:01:24 +0000 2014,@McQueeninchains follow me!!!!!!! Love u so much, I'm from peru, kisses
420076964364697600,Mon Jan 06 06:18:47 +0000 2014,More than midnight, and I CAN'T sleep #fucklife
420075896695816200,Mon Jan 06 06:14:33 +0000 2014,YOU'RE MY FAVORITE VINERS!! Thank for make me laugh everyday @marcusjohns @BrittanyFurlan @KingBach @Nashgrier
419703685963194400,Sun Jan 05 05:35:31 +0000 2014,Amar no es un delito, porque hasta Dios amo
419188565428281340,Fri Jan 03 19:28:36 +0000 2014,FEW MORE DAYS TO @ABCFpll !!!!!!!!!!!!!!!!!!!!!!!!! I CAN'T WAIT ANYMORE @AshBenzo @shaymitch @lucyhale @SleepintheGardn @KeeganAllen -A
418939885634875400,Fri Jan 03 03:00:26 +0000 2014,Rip James Avery , rest in peace
418542411787153400,Thu Jan 02 00:41:01 +0000 2014,Ancon beach #chill http://t.co/CaihPV0a6U
418415707974414340,Wed Jan 01 16:17:33 +0000 2014,HAPPY NEW YEAR!!!!!!!!!!!
418415025858953200,Wed Jan 01 16:14:50 +0000 2014,RT @ABCFpll: Did you get a midnight kiss? Here's one from me. XO – A
417010495372001300,Sat Dec 28 19:13:44 +0000 2013,2014.... comming soon
416759071627149300,Sat Dec 28 02:34:40 +0000 2013,ancooooooooooon!!!!!! juergaa #añonuevo #newyear #holadosmilcatorce
414806852187086850,Sun Dec 22 17:17:14 +0000 2013,Miniooooons &lt;3!!! http://t.co/HXyFsDwbAV
414230918375567360,Sat Dec 21 03:08:41 +0000 2013,catolica de mierda
414179957170905100,Fri Dec 20 23:46:11 +0000 2013,Final combate!!!!! @COMBATE_ATV
413865803981652000,Fri Dec 20 02:57:51 +0000 2013,Un mes mas y chau catoo :'(
413458583095754750,Wed Dec 18 23:59:42 +0000 2013,@AshBenzo HAPPY BIRTHDAY!!! LOVE YOU &lt;3 , blessings
410847042089398300,Wed Dec 11 19:02:22 +0000 2013,2 days and bye school
410380769912041500,Tue Dec 10 12:09:34 +0000 2013,Exams :'(
407336463588937700,Mon Dec 02 02:32:35 +0000 2013,@RealPaulWalker #PaulWalker rest in peace
407334754162573300,Mon Dec 02 02:25:47 +0000 2013,RT @RealPaulWalker: The boys are back. Will you be ready? - #TeamPW #FastFridays (Photo Credit: http://t.co/kkce2shzvM) http://t.co/RDnrDBG…
407333089627873300,Mon Dec 02 02:19:11 +0000 2013,@gianmarcomusica @LucianaVignolo QUEEEEE????!! tu sueño hecho realidad, ahora muere en paz jiji tamooo
407018133589721100,Sun Dec 01 05:27:39 +0000 2013,@TNTLA rapidos y furiosos :'( :'( dedicado a  #PaulWalker , rest in peace
407007738078572540,Sun Dec 01 04:46:21 +0000 2013,#prayforPaulWalker
406972323304972300,Sun Dec 01 02:25:37 +0000 2013,#SaveTheLastDance &lt;3!
406897223856050200,Sat Nov 30 21:27:12 +0000 2013,Hermanito graduado!! http://t.co/4XTVBywVtN
406846801895911400,Sat Nov 30 18:06:51 +0000 2013,Graduation of my brother !!!! #ULima
404796501051719700,Mon Nov 25 02:19:41 +0000 2013,Movie's night!!! #Camino #DearJohn #OneMissedCall
401993558577524740,Sun Nov 17 08:41:47 +0000 2013,#beforeparty http://t.co/wjZ7FIemtT
401807679812669440,Sat Nov 16 20:23:10 +0000 2013,Hooy pre!!!!!!!!!!!!!!!!!!!!!!!!!!!!
399622252729094140,Sun Nov 10 19:39:04 +0000 2013,@NIKO_USTAVDICH    LA GENTE CHEVERE EN PIURA http://t.co/iwLdoUCNJY
399619448660688900,Sun Nov 10 19:27:55 +0000 2013,@estoesguerra_tv #MicheleSoifer :o rumboo a limaa! http://t.co/3Wb7ExG9FH
399593896075730940,Sun Nov 10 17:46:23 +0000 2013,@RioRomamx @JoseLuis_Roma @Raul_Roma RIO ROMA EN PIURA &lt;3&lt;3 JUERGAAAAAA http://t.co/MpOUGbgMzP
399022043720454140,Sat Nov 09 03:54:03 +0000 2013,PIURAAAAAAA!!! #RIOROMA D'FIORE
396016649674833900,Thu Oct 31 20:51:41 +0000 2013,Happy halloween!!! #Halloween
394952565973975040,Mon Oct 28 22:23:24 +0000 2013,@JorgeBlancoG FALTA POCO PARA EL CONCIERTO EN PERU!!! &lt;3 PERO NO ESTARE :'( :'( :'(
394952434444820500,Mon Oct 28 22:22:52 +0000 2013,JANUARY PLEASE COME FAST!!! @ABCFpll @SleepintheGardn @lucyhale @AshBenzo @shaymitch
394614622524690400,Mon Oct 28 00:00:32 +0000 2013,PLL!!!! @ABCFpll @lucyhale @AshBenzo @shaymitch @IANMHARDING @KeeganAllen @tylerjblackburn @SleepintheGardn http://t.co/94XlMFYNHS
394502080674545660,Sun Oct 27 16:33:20 +0000 2013,Cory Monteith / Finn Hudson forever in our hearts http://t.co/TvnSljhnEk
394155182067441660,Sat Oct 26 17:34:53 +0000 2013,#prayforjapan
394147675085369340,Sat Oct 26 17:05:03 +0000 2013,CONFIRMADA!!!!!!!!!
393948772293558300,Sat Oct 26 03:54:41 +0000 2013,Cory Monteith - Finn Hudson &lt;3
393819571645198340,Fri Oct 25 19:21:17 +0000 2013,The show must go...all over the place...or something @GLEEonFOX
392500247542628350,Tue Oct 22 03:58:45 +0000 2013,Castigada.... Pero valio la pena jaja
391060316907261950,Fri Oct 18 04:36:59 +0000 2013,@JorgeBlancoG TE AMOO &lt;3!!! ERES MI CRUSH &lt;3&lt;3&lt;3 #peru
391059894956072960,Fri Oct 18 04:35:19 +0000 2013,@TiniStoessel CAMBIAA LA FECHAA DEL CONCIERTO DE PERU :'( !!!!!!!!!!!!!!
389104207501860860,Sat Oct 12 19:04:06 +0000 2013,That episode of Cory was amazing, I cried all the 44 minutes @gleeks @GLEEonFOX @CoryMonteith
388721741016473600,Fri Oct 11 17:44:19 +0000 2013,'The show must go...all over the place...or something'  http://t.co/plenxskLDD #RememberingCory  http://t.co/1eYJ5gWtq7
387709599802867700,Tue Oct 08 22:42:26 +0000 2013,Maraton de Friends!
387205986617790460,Mon Oct 07 13:21:15 +0000 2013,i love you klaus &lt;3 #VampireDiaries
386848210456956900,Sun Oct 06 13:39:35 +0000 2013,Tireeeeeeed
386501637633634300,Sat Oct 05 14:42:25 +0000 2013,Examen de confirmaaaaa :'(
386240042647040000,Fri Oct 04 21:22:56 +0000 2013,Live your life 24/7
385194470896967700,Wed Oct 02 00:08:13 +0000 2013,@ABCFpll &lt;3 @AshBenzo @shaymitch #LucyHale #TroianBellisario http://t.co/KbU0YDkrlc
384845878378262500,Tue Oct 01 01:03:02 +0000 2013,Historia.... #aburrido
384786553962123260,Mon Sep 30 21:07:18 +0000 2013,Pain's more trouble than love is worth
384500821179645950,Mon Sep 30 02:11:54 +0000 2013,goodnight and goodbye
384342574170775550,Sun Sep 29 15:43:05 +0000 2013,#GreysAnatomy http://t.co/LmXtJX3TfC
384303886489505800,Sun Sep 29 13:09:21 +0000 2013,RT @channingtatum: And so it begins... http://t.co/spsOe8Qyck #22JumpStreet #Day1
384102266384302100,Sat Sep 28 23:48:11 +0000 2013,#StepUp!! @channingtatum &lt;3&lt;3
383648187434561540,Fri Sep 27 17:43:50 +0000 2013,@NayaRivera follow me!!!!!!!!!! Love you &lt;3 #imagleek
383073909014163460,Thu Sep 26 03:41:51 +0000 2013,I don’t wanna be like Cinderella, sitting in a dark, cold, dusty cellar, waiting for somebody to come and set me free -TCG
382244231441432600,Mon Sep 23 20:45:01 +0000 2013,No hagas que enamorarse se convierta en una rutina
381953177538404350,Mon Sep 23 01:28:28 +0000 2013,Cory Monteith &lt;3 #emmys
380698200694603800,Thu Sep 19 14:21:38 +0000 2013,@mario_hart quieres ir a la pre conmigo &lt;3?
377986796912525300,Thu Sep 12 02:47:29 +0000 2013,Cuando se trata de sentimientos, no hay nada como ser directo &lt;3
377230824862912500,Tue Sep 10 00:43:31 +0000 2013,@McQueeninchains TE AMO!!! I LOVE YOU!!! JE T'AIME!!!
377229975113306100,Tue Sep 10 00:40:09 +0000 2013,I want to see #WhiteHouseDown again!!!! It's my favorite movie after #PiratesOfTheCaribbean &lt;3 @channingtatum @iamjamiefoxx
376540243769716740,Sun Sep 08 02:59:24 +0000 2013,RT @channingtatum: You can share this one... RT @futuremrs_cern: Wish i could retweet an IG @channingtatum  #bostonstrong http://t.co/QQLNX…
376539755535953900,Sun Sep 08 02:57:28 +0000 2013,#WhiteHouseDown BEST MOVIE EVER!!!! THANK YOU GUYS, THIS IS BETTER THAN #OlympusHasFallen @channingtatum @iamjamiefoxx
374996587178885100,Tue Sep 03 20:45:28 +0000 2013,be the best or nothing at all
373877171892551700,Sat Aug 31 18:37:18 +0000 2013,#alcohol #vodka #rum #food #cake #ladies #GNO #party #fun #chillin #instafood #night #friends… http://t.co/ZmMrAI76hN
373555623012479000,Fri Aug 30 21:19:35 +0000 2013,@KatiaaChavez @Coronel1Ale iiiiiii &lt;3 a q hora voy a tu jaah
373549931094888450,Fri Aug 30 20:56:58 +0000 2013,@Coronel1Ale @mario_hart yo tengo con marito &lt;3
373536810908917760,Fri Aug 30 20:04:50 +0000 2013,@Coronel1Ale @mario_hart calla malditaa, envidiaa pq no tienes foto con israa :p
373536151811792900,Fri Aug 30 20:02:13 +0000 2013,@mario_hart te amooooo &lt;3!! Jijiijij
372769093461348350,Wed Aug 28 17:14:12 +0000 2013,Write injuries in sand, kindnesses in marble  @ddlovato
372552056172580860,Wed Aug 28 02:51:46 +0000 2013,@iansomerhalder @iansomerhalder boone and dr. shepard &lt;3!!!!!!! #Lost :'( http://t.co/Yo7mKwmHrU
372551857370980350,Wed Aug 28 02:50:59 +0000 2013,Last episode!! #Lost @iansomerhalder &lt;3!!! Lovee youu http://t.co/x0W7kUYTHV
372543322318831600,Wed Aug 28 02:17:04 +0000 2013,LAST EPISODE OF #LOST !!!!!!!!!!!!!! GONNA CRY  :'(
371772834608996350,Sun Aug 25 23:15:25 +0000 2013,Let me be the one who love you more
370648760042278900,Thu Aug 22 20:48:45 +0000 2013,“You know you're in love when you can't fall asleep because reality is finally better than your dreams.”  - Dr. Seuss
369972448491368450,Wed Aug 21 00:01:20 +0000 2013,Tqq &lt;3!! http://t.co/zo2Q4uJFrI
369278661280555000,Mon Aug 19 02:04:28 +0000 2013,Life is too short to be unhappy
368817188854960100,Sat Aug 17 19:30:44 +0000 2013,Cheetah Girls &lt;3 &lt;3 !! http://t.co/aJLe4eLjSj
368293671520567300,Fri Aug 16 08:50:28 +0000 2013,It's almost 4:00 am , and I'm still doing homework -.- , school sucks!!!!!!!!
366735753541206000,Mon Aug 12 01:39:52 +0000 2013,#TEENCHOICEAWARDS @iansomerhalder you are so hot !!! &lt;3 love youuuuuuuuuu #vampirediaries http://t.co/9IkKW23wPD
366725034930212860,Mon Aug 12 00:57:16 +0000 2013,@GLEEonFOX best comedy &lt;3 #RIPcorymonteith
366719148073566200,Mon Aug 12 00:33:52 +0000 2013,CONGRAAATS @selenagomez !!!! &lt;3 #TEENCHOICEAWARDS
365682126156341250,Fri Aug 09 03:53:07 +0000 2013,TE AMOOO BOYFRIEND &lt;3 #TCA http://t.co/5LQdpfugDU
365654499894898700,Fri Aug 09 02:03:20 +0000 2013,@mario_hart @AleBaigorria1 @DianaSanchez_04 @Pantera_Zegarra @IsraDreyfus @Yiddaeslavap SON LOS MEJORES! LOS AMOO &lt;3 SE LO MERECIAAN ENSERIO
365654222122909700,Fri Aug 09 02:02:14 +0000 2013,@COMBATE_ATV VERDEE CAMPEON!!!!!
365651573419946000,Fri Aug 09 01:51:43 +0000 2013,@COMBATE_ATV estoy muriendoo!!!!!! queremos saber quien gano ghjive
364958739779969000,Wed Aug 07 03:58:38 +0000 2013,@iansomerhalder Lost season 6!!!!!!! Lovee you Boone &lt;3 and.. Damon, also http://t.co/idEvabpK9b
364561815734202400,Tue Aug 06 01:41:24 +0000 2013,http://t.co/I0QbIr7Ykg  #me #girl #latina #my #birthday #sweetsixteen #sixteen… http://t.co/YqgMFqUudB
364519319842983940,Mon Aug 05 22:52:32 +0000 2013,My birthday and I'm in english lessons.... #bored
364516286329397250,Mon Aug 05 22:40:29 +0000 2013,@Coronel1Ale love you moreee bf &lt;3
364444477391249400,Mon Aug 05 17:55:09 +0000 2013,@selenagomez love you twin &lt;3
364432361821179900,Mon Aug 05 17:07:00 +0000 2013,@iansomerhalder @McQueeninchains loveee you guys &lt;3&lt;3 today is my birthday :o!
364252083949535200,Mon Aug 05 05:10:38 +0000 2013,Sweet sixteen &lt;3!!!!!!!!!!!!!!!!!!!!!!!!
364244097722101760,Mon Aug 05 04:38:54 +0000 2013,20 minutes!! Almost my birthday &lt;3
364111081267937300,Sun Aug 04 19:50:21 +0000 2013,Tomorrow is my birthday people !!! ;)
363680019748356100,Sat Aug 03 15:17:28 +0000 2013,VAAAMOS PERU!!!!!!!!!!!!!!!!!
363535800484380700,Sat Aug 03 05:44:23 +0000 2013,@iansomerhalder @paulwesley @ninadobrev @McQueeninchains @CandiceAccola @Michael_Trevino @zach_roerig  Season3! http://t.co/GL9CeKajYo
363347765067128800,Fri Aug 02 17:17:12 +0000 2013,#Lost &lt;3 season 5!!!!!!!!!!!!!!!!!!!!!
363196157737971700,Fri Aug 02 07:14:46 +0000 2013,Reuuu prooom &lt;3
363002181005213700,Thu Aug 01 18:23:58 +0000 2013,Forget the haters 'cause somebody loves yaa @MileyCyrus
362372435934318600,Wed Jul 31 00:41:35 +0000 2013,Having an amazing time with my bfs &lt;3 at #starbucks
362004470093201400,Tue Jul 30 00:19:26 +0000 2013,@msleamichele we love you so much!!
362004247245619200,Tue Jul 30 00:18:32 +0000 2013,RT @msleamichele: Thank you all for helping me through this time with your enormous love &amp; support. Cory will forever be in my heart. http:…
361969047073603600,Mon Jul 29 21:58:40 +0000 2013,@AdriiRamireeez perra
361962247704174600,Mon Jul 29 21:31:39 +0000 2013,Peru &lt;3  … http://t.co/TkT2JHgp1I http://t.co/TvvWOxnQsf
361880243436392450,Mon Jul 29 16:05:48 +0000 2013,@WorldWarZMovie is an awesome movie!! I like it so much #BradPitt
361879660247793660,Mon Jul 29 16:03:29 +0000 2013,@NayaRivera I love you Santana &lt;3 follow me!!!!
361664176894128100,Mon Jul 29 01:47:13 +0000 2013,Haters gonna hate #latina #peruvian #girl #me #bored #vintage #sunday #instagram #instalike #likeback… http://t.co/W8lxHiQH5g
361663629583609860,Mon Jul 29 01:45:03 +0000 2013,Haters gonna hate http://t.co/miM7gPc7Vb
361629263092396000,Sun Jul 28 23:28:29 +0000 2013,Te amo Peru &lt;3 #happyindependenceday
361581077481013250,Sun Jul 28 20:17:01 +0000 2013,So coooold !!!! :'(
360939644394815500,Sat Jul 27 01:48:11 +0000 2013,@paulwesley @iansomerhalder @ninadobrev
360763644465786900,Fri Jul 26 14:08:50 +0000 2013,#VampireDiaries - http://t.co/Dgd3zzqRfu
360758579650756600,Fri Jul 26 13:48:42 +0000 2013,@CodySimpson heeey, I love you &lt;3 follow meeee
360142816833323000,Wed Jul 24 21:01:53 +0000 2013,@McQueeninchains @iansomerhalder love you guys &lt;3 you are so hot!
359793858390921200,Tue Jul 23 21:55:15 +0000 2013,Watching #VampireDiaries &lt;3 season 2 is awesome! @iansomerhalder @paulwesley @ninadobrev @McQueeninchains love you guys, you are the best &lt;3
359370333515546600,Mon Jul 22 17:52:18 +0000 2013,HAPPY BIRTHDAY @KeeganAllen ! YOU ARE THE BEST, LOVE YOU SO MUCH AND ENJOY THIS SPECIAL DAY WITH YOUR FAMILY AND FRIENDS &lt;3  btw follow me!
359318768473735200,Mon Jul 22 14:27:24 +0000 2013,@McQueeninchains good morning &lt;3! I'm voting for you in TCA, you are going to win!! Love you &lt;3&lt;3
359310055541190660,Mon Jul 22 13:52:47 +0000 2013,#HappyBirthdaySelenaGomez
359309885441183740,Mon Jul 22 13:52:07 +0000 2013,@selenagomez HAPPY BIRTHDAY TWIN &lt;3 YOU ARE AWESOME, ENJOY YOUR DAY WITH YOUR FAMILY AND FRIENDS, LOVE YOU SO MUCH XOXO  Lima-Peru
359033418689962000,Sun Jul 21 19:33:32 +0000 2013,Don't you wanna live in a place where you are not afraid of the dark? -Paige @ABCFpll http://t.co/lyzNDOisQT
358578982565842940,Sat Jul 20 13:27:46 +0000 2013,@McQueeninchains I voted for you like 25 times on TCA, you have to win! I'm your fan and I love you &lt;3! +18
358410508820422660,Sat Jul 20 02:18:18 +0000 2013,I've been watching #VampireDiaries since 1:00 pm. I CAN'T STOP WATCHING, season 2 is amazing!! @paulwesley @iansomerhalder @ninadobrev
358040268404039700,Fri Jul 19 01:47:06 +0000 2013,@mario_hart que churroooo!!!!! &lt;3
358039709617893400,Fri Jul 19 01:44:53 +0000 2013,@McQueeninchains I dreamed with you the last night &lt;3 was awesome!!!!
358030256789135360,Fri Jul 19 01:07:19 +0000 2013,VAMPIRE DIARIES!!!! first season!! damon &lt;3&lt;3 @iansomerhalder @paulwesley @ninadobrev http://t.co/XMMFq9KTum
357134497860431900,Tue Jul 16 13:47:54 +0000 2013,RT @CoryMonteith: oh. IT'S A SHARK TORNADO.
356967454213292000,Tue Jul 16 02:44:07 +0000 2013,Just one day since you left us @CoryMonteith #prayforLea #RIPCoryMonteith  @msleamichele
356876886464405500,Mon Jul 15 20:44:14 +0000 2013,RT @ChefBoyarrde: A lil Cory Monteith for the soul tho http://t.co/dvlPDhZjAU
356622741593522200,Mon Jul 15 03:54:21 +0000 2013,@CoryMonteith your last tweet :(
356622271709839360,Mon Jul 15 03:52:29 +0000 2013,@msleamichele always be strong, glee taught me that
356543329648930800,Sun Jul 14 22:38:48 +0000 2013,Finchel &lt;3 finn hudson never gonna die, he still in our hearts http://t.co/j7iYP334FF
356530594613698560,Sun Jul 14 21:48:12 +0000 2013,#gleekstogether &lt;3 finn hudson always in our hearts
356483925721358340,Sun Jul 14 18:42:45 +0000 2013,@CoryMonteith you were an idol for me, you taught  how to be myself and the most important how important and cool is to be a LOSER
356443176812290050,Sun Jul 14 16:00:50 +0000 2013,@gonchi1996 29872265
356442506466037760,Sun Jul 14 15:58:10 +0000 2013,@gonchi1996 agregameee
356441201391583200,Sun Jul 14 15:52:59 +0000 2013,@gonchi1996 el viernes estupidooo!!!!!
356439913404706800,Sun Jul 14 15:47:52 +0000 2013,@gonchi1996 te agregue a bbm!!! Y no me aceptaste estupido
356435997543772160,Sun Jul 14 15:32:18 +0000 2013,Be a loser, tha's cool @CoryMonteith #AllFandomsAreHereToSupportGleeks #RipCoryMonteith #prayforCoryMonteith #prayforLea
356434709867266050,Sun Jul 14 15:27:11 +0000 2013,I'll stand by you &lt;3 http://t.co/X5NYtJxnrX
356323407735959550,Sun Jul 14 08:04:55 +0000 2013,Rest in peace @CoryMonteith . You taught me that be different and BE A LOSER is the best thing that can happen to you in your life
356314262966255600,Sun Jul 14 07:28:34 +0000 2013,RT @GLEEonFOX: We are deeply saddened by this tragic news. Cory was an exceptional talent and an even more exceptional person.
356314251650420740,Sun Jul 14 07:28:32 +0000 2013,RT @GLEEonFOX: He was a true joy to work with and we will all miss him tremendously. Our thoughts and prayers are with his family and loved…
356313249957945340,Sun Jul 14 07:24:33 +0000 2013,#prayforLea
356308528656424960,Sun Jul 14 07:05:47 +0000 2013,RIP -  en @weheartit - http://t.co/ofz2Utb1c6
356302987020349440,Sun Jul 14 06:43:46 +0000 2013,@CoryMonteith te amo, gleek por siempre &lt;3
356301761973207040,Sun Jul 14 06:38:54 +0000 2013,RT @CoryMonteith: comic con!!!!! http://t.co/ZSWLELcL
356301523241803800,Sun Jul 14 06:37:57 +0000 2013,#prayforCoryMonteith #RipCoryMonteith I CAN'T BELIEVE THAT! GLEEK FOREVER &lt;3 we are going to miss you A LOT! @CoryMonteith
356300252829061100,Sun Jul 14 06:32:54 +0000 2013,RT @THR: BREAKING: #Glee's Cory Monteith found dead in Vancouver hotel, The Hollywood Reporter has confirmed. http://t.co/qLoEGUxMDc
356063941912301600,Sat Jul 13 14:53:53 +0000 2013,Having a breakfast time in #starbucks with my mom and my bf &lt;3
355822753611395100,Fri Jul 12 22:55:30 +0000 2013,#PrettyLittleLiars @ABCFpll 4x05 !!!!!! Awesome
355822576737595400,Fri Jul 12 22:54:47 +0000 2013,@1LoganHenderson COME TO PERU &lt;3!! HERE ARE A LOT OF RUSHERS TOO!
355718049942339600,Fri Jul 12 15:59:26 +0000 2013,Voy a jalar computooo :'(
354289714834063360,Mon Jul 08 17:23:45 +0000 2013,Omg!! I just already finish the first cd of #vampirediaries , and it's so cool !!!!! I love it
353978898612109300,Sun Jul 07 20:48:40 +0000 2013,Con cada lagrima que ayer llore, hoy respiro tu aire que me llena de libertad &lt;3
353916369777070100,Sun Jul 07 16:40:12 +0000 2013,#SuerteEnLaChutanaMarioHart
353325850093027300,Sat Jul 06 01:33:41 +0000 2013,#12HorasParaVivir
353296325212770300,Fri Jul 05 23:36:22 +0000 2013,This is our house, this our rules @MileyCyrus
353156138738520060,Fri Jul 05 14:19:19 +0000 2013,Men don't grew up, they just change their toys - Mercedes Benz
352921875258683400,Thu Jul 04 22:48:26 +0000 2013,Happy independence day !!!!!! #4thofJuly
351917609828118500,Tue Jul 02 04:17:51 +0000 2013,Six flags http://t.co/ZVzfHweSlR
351755128258314240,Mon Jul 01 17:32:12 +0000 2013,@CodySimpson what happened????? Follow me &lt;3&lt;3
351557465118240800,Mon Jul 01 04:26:46 +0000 2013,TIME SQUARE!!! &lt;3 #newyork http://t.co/UZrOK5tG2z
351553022272352260,Mon Jul 01 04:09:06 +0000 2013,&lt;3 perfects @bigtimerush @TheCarlosPena @jamesmaslow @HeffronDrive @1LoganHenderson http://t.co/21MJXPk5gw
351395300222578700,Sun Jun 30 17:42:22 +0000 2013,Bonjour  - http://t.co/wKWB9OHXQ8
351386827652997100,Sun Jun 30 17:08:42 +0000 2013,@KeeganAllen i love youuuuu!!!
351133247750676500,Sun Jun 30 00:21:04 +0000 2013,#bf #friends #friendship #fun  #lol #love #chillin #me #bored #instagram #instalove #liking #like4likes http://t.co/M4Q4GczdCn
350874413341745150,Sat Jun 29 07:12:33 +0000 2013,Paaarty http://t.co/saxtQcCpZO
350517275289321500,Fri Jun 28 07:33:25 +0000 2013,Sleepover !!!!!!!!!!!!!!!!!! @MariuCastillo &lt;3
350385709561024500,Thu Jun 27 22:50:37 +0000 2013,I already finish the season 4 of @GLEEonFOX
350319833642053600,Thu Jun 27 18:28:51 +0000 2013,http://t.co/JRMqEkWPas I WANT THIS DRESS FOR MY PROM &lt;3 @NayaRivera @GLEEonFOX
350010801391800300,Wed Jun 26 22:00:52 +0000 2013,@GLEEonFOX 4x13, amazing &lt;3
350006801342799900,Wed Jun 26 21:44:58 +0000 2013,@Coronel1Ale unaa vez al mees chinita &lt;3
350000495877828600,Wed Jun 26 21:19:55 +0000 2013,@Coronel1Ale  SAAAABES!!!!!
349999340187688960,Wed Jun 26 21:15:20 +0000 2013,http://t.co/qJ3DDNkiTa @bigtimerush @jamesmaslow @HeffronDrive @1LoganHenderson @TheCarlosPena YOU ARE MY INSPIRATION FROM EVERYDAY, I&lt;3YOU
349895051230453760,Wed Jun 26 14:20:55 +0000 2013,NO SCHOOL TODAY ... Just for me :D
349663512907350000,Tue Jun 25 23:00:52 +0000 2013,FINAL EXAM!!!!!! :(
349373941921493000,Tue Jun 25 03:50:13 +0000 2013,Hazle caso a marisol y compra nastilsol #resfriada #sick
348928375982800900,Sun Jun 23 22:19:42 +0000 2013,&lt;3!!!!!!!!!!!!!!!!!!!!!! !1 http://t.co/MIGqmayXQH
348907458934218750,Sun Jun 23 20:56:35 +0000 2013,@jamesmaslow @HeffronDrive @TheCarlosPena @1LoganHenderson @bigtimerush when I saw you for the first time I was paralyzed &lt;3&lt;3&lt;3
348906466301861900,Sun Jun 23 20:52:38 +0000 2013,@mario_hart pq erees tan churro ?????????'
348906197014958100,Sun Jun 23 20:51:34 +0000 2013,@Disn3y_Fans @TheCameronBoyce AND JOHNNY DEPP ?!?!?!?!!?!?!??!?! &lt;333333333333
348905152310300700,Sun Jun 23 20:47:25 +0000 2013,ALIANZAA CON FE &lt;3
348837510048272400,Sun Jun 23 16:18:38 +0000 2013,La vida es la realidad, el miedo es una opción
348543789872324600,Sat Jun 22 20:51:29 +0000 2013,Thats right http://t.co/ovTT1LBubf
348270487245320200,Sat Jun 22 02:45:29 +0000 2013,watching @GLEEonFOX &lt;3&lt;3 I have a lot to see this night
347536826262765600,Thu Jun 20 02:10:10 +0000 2013,@itsmmbenoist @jacobartist I LOVEEE YOU GUYS&lt;3!!!!!!!!!!!!!!!!!!!!!!!!!!!! YOU ARE THE BEST
347535155486924800,Thu Jun 20 02:03:32 +0000 2013,http://t.co/M3UNgqSmRe WHAT HAPPENED TO YOU @MileyCyrus ?? YOU DISAPPOINTED ME AT ALL, I MISS THE OLD HANNAH MONTANA
347078028150571000,Tue Jun 18 19:47:04 +0000 2013,Waiting to 3:00 pm to go to my house!!
347024057390202900,Tue Jun 18 16:12:37 +0000 2013,&lt;3 *
347023899864739840,Tue Jun 18 16:11:59 +0000 2013,11:11 &lt;2
346810281000828900,Tue Jun 18 02:03:09 +0000 2013,Gorditooo hart dont worry be happy &lt;3 @mario_hart #FuerzaHart #FuerzaAleyMario
346772675793940500,Mon Jun 17 23:33:43 +0000 2013,@JonasBrothers I return to my house at 7:30 !!! :( can you do other videochat???? Please! I love you guys
346617321663631360,Mon Jun 17 13:16:24 +0000 2013,Hii , I'm Selena Gomez @selenagomez &lt;3 http://t.co/m4c6SpSqkU
345173575646461950,Thu Jun 13 13:39:28 +0000 2013,Tomaaa mierdaaa http://t.co/ZwU8aTUmfZ
345036851796643840,Thu Jun 13 04:36:10 +0000 2013,@ABCFpll OMG THE SEASON 4 IS ALREADY IN CUEVANAAA! I CAN'T WAIT TO SEE THE FIRST EPISODE &lt;3
345001715692605440,Thu Jun 13 02:16:33 +0000 2013,I have to do a lot of letters!!! I hate thaat :(
344309529095315460,Tue Jun 11 04:26:03 +0000 2013,a lot of homework !!! I hate that.. #nosleep
344299671973404700,Tue Jun 11 03:46:53 +0000 2013,@HeffronDrive @TheCarlosPena @1LoganHenderson @jamesmaslow @bigtimerush #24seven IT ISN'T HEREE!!! IN PERU :(
344196998452371460,Mon Jun 10 20:58:53 +0000 2013,@selenagomez  I LOVEE YOU &lt;3 YOU ARE MY IDOL !!!!!!!! COMEE TO PERUU
343852559754207200,Sun Jun 09 22:10:13 +0000 2013,Foto de infinity_depp http://t.co/TBz9XgdTOt
343844020079964160,Sun Jun 09 21:36:17 +0000 2013,HB BOYFRIEND &lt;3!! johnchristopherdepp_ johnny_depp_forever johnnychrisdepp63 johnnydepppictures… http://t.co/2KEqRykxgo
343838184167309300,Sun Jun 09 21:13:06 +0000 2013,Fuck what? FUCK LOVE http://t.co/nfPy64srN0
343838007360618500,Sun Jun 09 21:12:23 +0000 2013,Forever young http://t.co/xdgBB4x5bY
343829753599508500,Sun Jun 09 20:39:35 +0000 2013,HB BOYFRIEND!! &lt;3 - http://t.co/dWEBv6jKCo
343767100210421760,Sun Jun 09 16:30:38 +0000 2013,HAPPY BIRTHDAY BOYFRIEND AND FUTURE HUSBAND&lt;3 #JOHNNYDEPP #JohnnyDeppelganger
343766687834832900,Sun Jun 09 16:28:59 +0000 2013,OMG!!!! TODAY IS JOHNNY DEPP'S BIRTHDAY !!!!! &lt;3&lt;3&lt;3 I LOVEE HIM SO MUCH
343766473262653440,Sun Jun 09 16:28:08 +0000 2013,@kenjeong hiiiiiiiii &lt;3
343536380535767040,Sun Jun 09 01:13:50 +0000 2013,Just chillin #amazingtime
343017596385370100,Fri Jun 07 14:52:22 +0000 2013,School sucks......
342124723506929660,Wed Jun 05 03:44:25 +0000 2013,homework !!!!!!!!!!!!!!!!!
342104298861232100,Wed Jun 05 02:23:15 +0000 2013,@Coronel1Ale quisawa!!!!!!!!!!!!!!!!
342099561155792900,Wed Jun 05 02:04:25 +0000 2013,@HeffronDrive PTA TE AMOOO!
342028272038727700,Tue Jun 04 21:21:09 +0000 2013,well.... i lost 6 followers on the week, i can't believe that!!!
341984179753459700,Tue Jun 04 18:25:56 +0000 2013,@Coronel1Ale. Eres la mejor de todas mejor amigaaa te amooo , eres mi razon de vivir &lt;3 &lt;3
340687829367672800,Sat Jun 01 04:34:42 +0000 2013,Why are yo so sexy??????? #BradelyCooper http://t.co/7zPOYuja7R
340637870358421500,Sat Jun 01 01:16:11 +0000 2013,#ThePerksOfBeingAWallflower @EmWatson amazing movie!
340476677039730700,Fri May 31 14:35:40 +0000 2013,@edhelms @galifianakisz #BradleyCooper #JustinBartha WOLFPACK &lt;3
340329638045827100,Fri May 31 04:51:23 +0000 2013,I'M GOING TO MISS YOU WOLFPACK :'( BEST MOVIE EVER&lt;3 @kenjeong @galifianakisz @TheHangover @edhelms #BradleyCooper #JustinBartha
340317423221747700,Fri May 31 04:02:51 +0000 2013,@edhelms
340263761984241660,Fri May 31 00:29:37 +0000 2013,SO EXCITED!!!!!!!!!!!!!!!!!!!! @TheHangover @kenjeong
340263430944604160,Fri May 31 00:28:18 +0000 2013,JUST WAITING TO @Hangover3UK @TheHangover @kenjeong @galifianakisz #BradleyCooper #TheHangover  #TheHangoverPartIII http://t.co/Jk7w8TNfrG
340250952701472800,Thu May 30 23:38:43 +0000 2013,WAITING TO SEE @TheHangover @Hangover3UK @kenjeong @galifianakisz #BradleyCooper #TheHangover Part III #TheHangoverPartIII SO EXCITED &lt;3
339935374300311550,Thu May 30 02:44:43 +0000 2013,@ddlovato idol &lt;3333 te amooooo
339874628644253700,Wed May 29 22:43:20 +0000 2013,@Coronel1Ale OBVIOOOOOOOOOO!!! TIENEE FRASES DMS BONITAAS
339870042395119600,Wed May 29 22:25:07 +0000 2013,http://t.co/gpOojGRM8I @jamesmaslow &lt;3&lt;3&lt;3
339715557597249540,Wed May 29 12:11:15 +0000 2013,TOMORROW!!!!!!!!! @TheHangover @Hangover3UK @galifianakisz @kenjeong #BradleyCooper #TheHangover PART III #TheHangoverPartIII JUST ONE DAY!!
339540359958888450,Wed May 29 00:35:04 +0000 2013,ALREADY FINISH!
339517907946074100,Tue May 28 23:05:51 +0000 2013,FINAL EXAM!!!!!!!!!!!! #idiomascatolica
339504265544486900,Tue May 28 22:11:39 +0000 2013,@jamesmaslow @LATFUSA sexy &lt;3
339504230677221400,Tue May 28 22:11:30 +0000 2013,RT @jamesmaslow: Just waiting for my helicopter with @LATFUSA on the roof. Look out for the June cover!  http://t.co/OkxTQ3m7De
339388780723187700,Tue May 28 14:32:45 +0000 2013,@galifianakisz @kenjeong @Hangover3UK @TheHangover #TheHangoverPartIII 2 DAYS!!!!!!!! #peru
339231930962821100,Tue May 28 04:09:29 +0000 2013,2 DAYS!!!!! @kenjeong @galifianakisz @TheHangover @Hangover3UK @Hangover3UK #BradleyCooper #TheHangoverPartIII #peru http://t.co/K7MLYtd2Ut
339189903923478500,Tue May 28 01:22:29 +0000 2013,just give me a reason
339187733442478100,Tue May 28 01:13:52 +0000 2013,@MariuCastillo  y @bigtimerush !!!!!!!!!
339186982334902300,Tue May 28 01:10:53 +0000 2013,@MariuCastillo estabaa de mal humor por mi hermanooo! jiiji estamos llenando twitter de nuestra vida :o
339178315761983500,Tue May 28 00:36:26 +0000 2013,@MariuCastillo jajjajajajajaj es una loca menospausica
339177302523011100,Tue May 28 00:32:25 +0000 2013,@MariuCastillo pta nosee! Me llegaa
339175541112455200,Tue May 28 00:25:25 +0000 2013,@MariuCastillo JAJA la fea va a repetir je, esperoo!!!!!!!!!!!!!!!!!! Y y me da penaa yuri :(
339173925357502460,Tue May 28 00:19:00 +0000 2013,@MariuCastillo toca maderaa para no repetir jiji
339172199913111550,Tue May 28 00:12:08 +0000 2013,@MariuCastillo somos intermedio 9 webonaa
339172159161266200,Tue May 28 00:11:58 +0000 2013,@MariuCastillo somos intermedio 9 webonaaa
339167180828577800,Mon May 27 23:52:11 +0000 2013,@MariuCastillo JAJAJAJA tablets rocks jiji tengo tocheeee!!!!!!!!!!!!!!! #followmetoo I'm fucking awesome
339165867214516200,Mon May 27 23:46:58 +0000 2013,@MariuCastillo idiot detected!
339165581506912260,Mon May 27 23:45:50 +0000 2013,El hombre que vive sueña lo que es hasta despertar- la vida es sueño
339159322997186560,Mon May 27 23:20:58 +0000 2013,Furthering task!!!!! #nervous @MariuCastillo
339023139717668860,Mon May 27 14:19:49 +0000 2013,School sucks #bored
338884555979227140,Mon May 27 05:09:08 +0000 2013,3 DAYS OMG!! @TheHangover @Hangover3UK @kenjeong  @galifianakisz #BradleyCooper #TheHangoverPartIII #TheHangoverPart3 #TheHangover Part III
338804464267952100,Sun May 26 23:50:53 +0000 2013,HOMEWORK !!!!!
338776502327971840,Sun May 26 21:59:46 +0000 2013,@TheCarlosPena @bigtimerush
338776137431937000,Sun May 26 21:58:19 +0000 2013,Loveee you guys !!!! I want to meet you @jamesmaslow @1adzraa therealcarlospena @heffrondrive  #rusher… http://t.co/RVaAa9I8Sl
338729394849861600,Sun May 26 18:52:35 +0000 2013,@kenjeong
338700849087926300,Sun May 26 16:59:09 +0000 2013,4 DAYS!!!!!!!!!!!!! @TheHangover @Hangover3UK #TheHangover PART III #TheHangoverPart3
338362948286292000,Sat May 25 18:36:28 +0000 2013,Final champions league!!!
338030675385016300,Fri May 24 20:36:07 +0000 2013,alejandra_coronel #chillin #bf #noschool #badgirlsclub #girls #latinas #peruvian #fun #bitches #hot… http://t.co/u9soq5SOaA
337743078708346900,Fri May 24 01:33:19 +0000 2013,RT @COMBATE_ATV: El Chino abandona la competencia, gracias por todo!
337683570699169800,Thu May 23 21:36:51 +0000 2013,Gotta keep my faith alive 'till love is found
337320653415931900,Wed May 22 21:34:45 +0000 2013,And now my baby is dancing, but she is dancing with another man
336964417503772700,Tue May 21 21:59:12 +0000 2013,http://t.co/ciobARZYG4
336688350842994700,Tue May 21 03:42:12 +0000 2013,#me #sun #sunglasses #beauty #beautiful #hot #latina #flowers #brown #hair #idol #peru #hollyweek… http://t.co/xsujAx3l4a
336687084104470500,Tue May 21 03:37:10 +0000 2013,@jamesmaslow LAST TWEET.. FOLLOW ME!!!!!!M OR ANSWER MY TWEETS, I LOVE YOU SO MUCH &lt;3 YOU'RE MY IDOL! AND PLEASE COME TO PERU!!
336686541088907260,Tue May 21 03:35:01 +0000 2013,@jamesmaslow FOLLOW ME !!!! IT'S MY DREAAAM PLEASE!!! &lt;3 I LOVE YOU, RUSHER FOREVER
336686261022621700,Tue May 21 03:33:54 +0000 2013,@jamesmaslow PLEASE FOLLOW ME and come to peruuu!!!! Again &lt;3
336685893719031800,Tue May 21 03:32:27 +0000 2013,@TheHangover fuck, you are so sexy! #BradleyCooper
336685586268168200,Tue May 21 03:31:13 +0000 2013,@TheHangover @galifianakisz OMG IM COUNTING THE DAYS FOR #TheHangover Part III
336657688563961860,Tue May 21 01:40:22 +0000 2013,How can the devil be pulling you toward someone who looks so much like an angel when he smiles at you?
336278365273219100,Mon May 20 00:33:04 +0000 2013,Someday.. #dreams #someday #wishes #hollywood #mercedes #benz #liking #instagram #InstapicFrames http://t.co/vsCr68BxKH
336230267255664640,Sun May 19 21:21:57 +0000 2013,@AntonellaAlvino @bigtimerush @1LoganHenderson @HeffronDrive @TheCarlosPena @jamesmaslow
336229703230836740,Sun May 19 21:19:42 +0000 2013,My dream &lt;3 - http://t.co/stS9N1pHDW
335622952437559300,Sat May 18 05:08:42 +0000 2013,It's not always rainbows and butterflies
335620029796204540,Sat May 18 04:57:05 +0000 2013,So tired !
335243529376895000,Fri May 17 04:01:00 +0000 2013,@lauramarano your dress is so beautiful !!
335239074191388700,Fri May 17 03:43:18 +0000 2013,@mario_hart eres el mejooor!!!! Te amoooo
335238926933565440,Fri May 17 03:42:43 +0000 2013,@Coronel1Ale @mario_hart calla china pava, no lo mires jeje
335208541650571260,Fri May 17 01:41:58 +0000 2013,@COMBATE_ATV @LeslyeLlamas calla pavaaasaa
335057530139074560,Thu May 16 15:41:54 +0000 2013,@ZacEfron you are so fucking sexy!
334856427912982500,Thu May 16 02:22:48 +0000 2013,viendo #TheHangover @TheHangover , muy buena película &lt;3!
334851450142335000,Thu May 16 02:03:01 +0000 2013,RT @WBPicturesCan: .@kenjeong at tonight's red carpet advance screening of #TheHangover Part III in #Toronto! #CHOWinTO http://t.co/1Sa1ukG…
334752243343573000,Wed May 15 19:28:48 +0000 2013,RT @ABCFpll: RT if Team Spoby is your fave couple! You can't deny Spencer's &amp; Toby's chemistry! And make sure to order #PLLS3DVD http://t.c…
334424647854612500,Tue May 14 21:47:04 +0000 2013,16 DIAAS PARA HANGOVER PART III !!!!! @kenjeong @galifianakisz @Hangover3UK @TheHangover #TheHangoverPartIII #perú
334055749082816500,Mon May 13 21:21:11 +0000 2013,ladies night tonight !&lt;3
334009344419057660,Mon May 13 18:16:47 +0000 2013,@mario_hart eres perfecto alucina!
334008992957337600,Mon May 13 18:15:24 +0000 2013,@mario_hart muuy buenoo!!! y obvioooo &lt;3
334001728976461800,Mon May 13 17:46:32 +0000 2013,@TheDebbyRyan happy birthday !!! you are awesome &lt;3
333981176916226050,Mon May 13 16:24:52 +0000 2013,17 DIAAS PARA HANGOVER PART III #TheHangoverPartIII #perú @TheHangover
333977720939745300,Mon May 13 16:11:08 +0000 2013,MAKE A WISH! &lt;3
333757767510798340,Mon May 13 01:37:07 +0000 2013,Countdown to Married to Jonas !!!! very excited &lt;3! @kevinjonas
332642865568174100,Thu May 09 23:46:54 +0000 2013,@bellathorne @tristanklier89 best*
332630598491467800,Thu May 09 22:58:09 +0000 2013,mate... ew
331876634586128400,Tue May 07 21:02:10 +0000 2013,fuck finals ...
331586585055350800,Tue May 07 01:49:37 +0000 2013,http://t.co/EptXV9B2pC I CAN'T WAIT TO SEE THIS MOVIE! @galifianakisz
331583891733360640,Tue May 07 01:38:54 +0000 2013,@bellathorne you are really beautiful and I like how you dance &lt;3 #BlendedMovie is going to be awesome!! good luck
331522914140708860,Mon May 06 21:36:36 +0000 2013,@PanteraZegarra1 me sigueeeees??? jeje erees el mejooor!! &lt;3
331522343291723800,Mon May 06 21:34:20 +0000 2013,@PanteraZegarra1 pooooooorfavoor followeameee &lt;3 te amooooo!!!!!!!!!!!! jiji chuurrrooo
331520245577707500,Mon May 06 21:26:00 +0000 2013,watching shake it up @Zendaya @bellathorne you're beautiful !!!!!!!!!!!!!!
331062529080041500,Sun May 05 15:07:12 +0000 2013,#ThingsICantLiveWithout BIG TIME RUSH &amp; JOHNNY DEPP &lt;3 @bigtimerush @1LoganHenderson @TheCarlosPena @HeffronDrive @jamesmaslow
330551345046237200,Sat May 04 05:15:56 +0000 2013,@ABCFpll 3x22 thats REALLY exciting
330510541493792800,Sat May 04 02:33:48 +0000 2013,@carlyraejepsen so follow me, maybe ?
330066156687876100,Thu May 02 21:07:58 +0000 2013,@galifianakisz I CANT WAIT TO #HANGOVERPARTIII
330062701701238800,Thu May 02 20:54:15 +0000 2013,@1LoganHenderson @TheCarlosPena you are my idols &lt;3 love you so much guys pleaaase answer my tweets !! ITS MY DREAM dcfvghyju FOREVER RUSHER
329811103448199200,Thu May 02 04:14:29 +0000 2013,Ser único no te garantiza que puedas ser útil
329810233021042700,Thu May 02 04:11:01 +0000 2013,11:11 MAKE A WISH &lt;3
329752539962683400,Thu May 02 00:21:46 +0000 2013,@bellathorne pleaseee follow meee!!!!!!!!
329752373255868400,Thu May 02 00:21:06 +0000 2013,@bellathorne you are my idol !! &lt;3
329649314462834700,Wed May 01 17:31:35 +0000 2013,@TheCameronBoyce do you have instagram?
329645056006955000,Wed May 01 17:14:40 +0000 2013,@Coronel1Ale amaamee !!!!!! Aun no lo creoooo manyaaaaa
329642405181661200,Wed May 01 17:04:08 +0000 2013,@Coronel1Ale MOOORI cnbvjhcjhvkhvkjvjkv SUEÑO CUMPLIDOOOOO &lt;3 http://t.co/m7UnseD4Cj
329642011210682400,Wed May 01 17:02:34 +0000 2013,@MiguelArce_  regresaaa a combate!! :'(
329635676540792800,Wed May 01 16:37:24 +0000 2013,#DeMiguelArceAprendi que siempre hay que hablar con respeto y no ser hipocrita, te amoo migueee @MiguelArce_
329495973875314700,Wed May 01 07:22:16 +0000 2013,Please be awesome - http://t.co/iKW6pLi3UA
329373668243304450,Tue Apr 30 23:16:16 +0000 2013,stay STRONG #sweet #instalike #liking #latina #likes4likes #instapic #hollyweek #ica #instagood #smile… http://t.co/jAzYUhPmF3
328327256873254900,Sun Apr 28 01:58:12 +0000 2013,@alessia_villaran  #latinas #bff #fun #smile #bitches #beautiful #peru #chilin #fashion #hot http://t.co/WLU4jGUp6f
328230625716875260,Sat Apr 27 19:34:14 +0000 2013,Just chillin
327644136746385400,Fri Apr 26 04:43:44 +0000 2013,La peor tarea de toda mi vida!!  #hateschool
327627914243874800,Fri Apr 26 03:39:16 +0000 2013,RT @CombateNoticia: RT si tu tambien lo extrañaras! #GraciasPorTodoMiguel &lt;3 By: @AleAlvarez_14 http://t.co/ZsLyOIvyDd
327613408084115460,Fri Apr 26 02:41:37 +0000 2013,@MiguelArce_ @COMBATE_ATV TE AMOOOO !! :'(
327606416321949700,Fri Apr 26 02:13:50 +0000 2013,RT @mario_hart: Que feo dia! Se va de combate un excelente ser humano, te vamos a extrañar mucho causita, como te dije eres un tipaso! @Mig…
327588996198830100,Fri Apr 26 01:04:37 +0000 2013,@COMBATE_ATV URGENTEEEEEEEEE!!
327588964330528800,Fri Apr 26 01:04:30 +0000 2013,@COMBATE_ATV  QUIEEEN FUE ELIMINADO!?!?!?!?!?!?
327525612782768100,Thu Apr 25 20:52:45 +0000 2013,watching super 8 !!! @Joel_Courtney
327232572121837600,Thu Apr 25 01:28:19 +0000 2013,@HeffronDrive  TE AMOO &lt;3
327230440949809150,Thu Apr 25 01:19:51 +0000 2013,#FelizCumpleanosMarioIrivarren pasalaa super lindoo !! te lo mereeceeees &lt;3 @mario9911
327229297377026050,Thu Apr 25 01:15:18 +0000 2013,RT @ABCFpll: The @LoneRanger hits theaters July 3! RT if you're excited to see it! http://t.co/Z25OAWNPGH
327187453901422600,Wed Apr 24 22:29:02 +0000 2013,#NameAnAmazingBand BIG TIME RUSH! @bigtimerush @jamesmaslow @1LoganHenderson @HeffronDrive @TheCarlosPena
327170730468970500,Wed Apr 24 21:22:35 +0000 2013,RT @CodySimpson: happy birthday to my lil sister @allisimpson - you're such a rad chick, and a beautiful soul. everyone send their wishes #…
326550419503476740,Tue Apr 23 04:17:41 +0000 2013,@MariuCastillo daleeeee
326549185958658050,Tue Apr 23 04:12:47 +0000 2013,@MariuCastillo hablando de...
326548959814357000,Tue Apr 23 04:11:53 +0000 2013,@MariuCastillo es por si mi gordito me responde :( y oe jodete... Tu pones casa webadaa jiji
326544703770206200,Tue Apr 23 03:54:58 +0000 2013,GOOOOODBYE EVERYBODY &lt;3
325747892633616400,Sat Apr 20 23:08:44 +0000 2013,We have a lot of concepts of BEAUTY, but the most important is how you see yourself not how the others see you. http://t.co/wlxSbhOaDk
325739430319112200,Sat Apr 20 22:35:06 +0000 2013,#EresUnicoHartEstamosContigo
325716345960419300,Sat Apr 20 21:03:23 +0000 2013,@Real_Liam_Payne you are soo cuteee, answer my tweet &lt;33  im frooom PERUUUU, you must to come here
325712130026385400,Sat Apr 20 20:46:37 +0000 2013,just a tip.. don't trust so much on a friend, he/she probably has 2 faces ..just a tip
325709692473049100,Sat Apr 20 20:36:56 +0000 2013,@1LoganHenderson te amoooooo !!! you are so cuteeee and hot &lt;3333333
325704452696862700,Sat Apr 20 20:16:07 +0000 2013,@jamesmaslow @HeffronDrive @1LoganHenderson wooow that looks amazing !!!!!! lovee you guuys
325442156565250050,Sat Apr 20 02:53:51 +0000 2013,jooooshua vuelve a combatee !!!!! &lt;3 eres el mejooor (@BlueDayPro live on http://t.co/nfF5MtZv7v)
325430125107744800,Sat Apr 20 02:06:02 +0000 2013,Watching @ABCFpll !!!!!&lt;3 THIS REALLY FREAK ME OUT!
325423221052686340,Sat Apr 20 01:38:36 +0000 2013,RT @charliesheen: Bravo..! RT @Boston_Police CAPTURED!!! The hunt is over. The search is done. The terror is over. And justice has won. Sus…
325120593273958400,Fri Apr 19 05:36:04 +0000 2013,@Coronel1Ale jajajajajajjajajajaja fans de combate dices?
324723787478204400,Thu Apr 18 03:19:18 +0000 2013,@mario_hart pq erees tan churrooooooooooo ?!??!!?
324723697749479400,Thu Apr 18 03:18:57 +0000 2013,@Coronel1Ale  holaa chinita!
324719174331031550,Thu Apr 18 03:00:58 +0000 2013,Fashion is my kriptonite
324709706595700740,Thu Apr 18 02:23:21 +0000 2013,@jamesmaslow hiii i'm your biggest fan &lt;3 , follow meee please, it's my dream that one of @bigtimerush follow me
324635047116279800,Wed Apr 17 21:26:41 +0000 2013,@JonasBrothers @MTVNews #AskJonas #AskJoBros Nick, would you date a fan !?!?!? Im from Peru &lt;3
324632414011920400,Wed Apr 17 21:16:13 +0000 2013,@JonasBrothers @MTVNews #AskJonas #AskJoBros Nick, would you date a fan ? Im from Peru &lt;3
324631995646898200,Wed Apr 17 21:14:33 +0000 2013,@JonasBrothers @MTVNews #AskJonas Nick, would you date a fan ? Im from Peru and I'm watching you right now!!!!!!!!!!!
324631595631915000,Wed Apr 17 21:12:58 +0000 2013,@JonasBrothers @MTVNews #AskJonas would you date a fan ? Im from Peru &lt;3
324630769148497900,Wed Apr 17 21:09:41 +0000 2013,Jonas Brothers: Live From MTV http://t.co/no6CjyxPR1 vía @MTV
324629612959256600,Wed Apr 17 21:05:05 +0000 2013,@MTVNews @JonasBrothers #AskJonas would you date a fan ? Im from Peru &lt;3
324629506302296060,Wed Apr 17 21:04:40 +0000 2013,@JonasBrothers @MTVNews #AskJonas would you date a fan ? Im from Peru &lt;3
324608826261258240,Wed Apr 17 19:42:29 +0000 2013,@TheCarlosPena heeeeeeeey please follow me, te amoooo &lt;3 sooy de peru
324605175430004740,Wed Apr 17 19:27:59 +0000 2013,@CodySimpson You must to come to Peru, that would be amazing! and.... FOLLOW MEE! &lt;3
324593589755727900,Wed Apr 17 18:41:57 +0000 2013,@bradley_s_perry you are soo cutieeeeee &lt;3 loveee you
324593229351759900,Wed Apr 17 18:40:31 +0000 2013,RT @MTVNews: Tweet your last minute @JonasBrothers questions to us with #AskJonas. Interview starts in 3 HOURS!
324592027834658800,Wed Apr 17 18:35:44 +0000 2013,@MTVNews @JonasBrothers #AskJonas Would you date a fan?
324574419433431040,Wed Apr 17 17:25:46 +0000 2013,@mario_hart obvioooooooooooooooooo!!!!!!! &lt;3
324556903361413100,Wed Apr 17 16:16:10 +0000 2013,Do, or do not. There is no 'try'.
324555783943626750,Wed Apr 17 16:11:43 +0000 2013,@bridgitmendler I love the acoustic version!!!!!  I'm hearing hurricane right now!&lt;3
324553139724382200,Wed Apr 17 16:01:13 +0000 2013,@HeffronDrive @jamesmaslow @aolmusic I can't wait for that &lt;3
324551692869857300,Wed Apr 17 15:55:28 +0000 2013,@jamesmaslow @HeffronDrive @aolmusic I can't wait for the song!! This will be amazing &lt;3 love you so much guys!
324008993263583200,Tue Apr 16 03:58:58 +0000 2013,@HeffronDrive Pleaaaase follow me! im your biggest fan &lt;3 RUSHER FOREVER
324004859399524350,Tue Apr 16 03:42:32 +0000 2013,#BienvenidoAlMundoAntoñito
323976565950140400,Tue Apr 16 01:50:07 +0000 2013,Aprenderás que no tenemos que cambiar de amigos, sí estamos dispuestos a aceptar que los amigos cambian...   -  William Shakespeare
323912343916519400,Mon Apr 15 21:34:55 +0000 2013,@Coronel1Ale  jajajajajajajajaj callatee &lt;3
323911293004304400,Mon Apr 15 21:30:44 +0000 2013,#prayforboston
323907332700528640,Mon Apr 15 21:15:00 +0000 2013,#FelizCumpleañosMarioHart @mario_hart
323905244310409200,Mon Apr 15 21:06:42 +0000 2013,@mario_hart MAAAAAAARITOOOO FELIZ DIAAA!!!!!!!!!!!!!!!!!!!!! EREES EL MEJOOOOR IDOLOOOO &lt;3
323904265523453950,Mon Apr 15 21:02:49 +0000 2013,RT @Sheyla_rori: #BienvenidoAlMundoAntoñito
323466665855692800,Sun Apr 14 16:03:57 +0000 2013,Amazing night!!! #hangover
323219922706645000,Sat Apr 13 23:43:29 +0000 2013,LADIES NIGHT!!!!!!!!!!
322917271372718100,Sat Apr 13 03:40:51 +0000 2013,Mañanaaa confirmaa!!!!!!! &lt;3
322917166624165900,Sat Apr 13 03:40:26 +0000 2013,@COMBATE_ATV  sabeeen con los nuevos competidorees!!
321826172965105660,Wed Apr 10 03:25:13 +0000 2013,RT @COMBATE_ATV: El equipo verde se lleva el día gracias a La Chata
321650111480492000,Tue Apr 09 15:45:37 +0000 2013,@JonasBrothers best band eveeeeeeeeeeeeeer!!!  #pompoms &lt;3
321645512224825340,Tue Apr 09 15:27:20 +0000 2013,sabeeeeeeeeeeeeeeeeeees ! http://t.co/wmD8zxYSS5
321644328151830500,Tue Apr 09 15:22:38 +0000 2013,@MariuCastillo que flojeraaa, tengo que hacer tareas !!!!!!! ... e ir al dentista
321643071693520900,Tue Apr 09 15:17:38 +0000 2013,@MariuCastillo :o  recien me doy cuenta de estoooo
321470102195277800,Tue Apr 09 03:50:19 +0000 2013,jueeeeeeeeeergaaa !!!!!! http://t.co/WkelZqOotg
321469400697958400,Tue Apr 09 03:47:32 +0000 2013,@Isrdreyfus followeamee &lt;3!!!!!!!!!!!!!!!
321030598204465150,Sun Apr 07 22:43:53 +0000 2013,@MariuCastillo jajajajajajajajaja pavasaaa chau
320942717821673500,Sun Apr 07 16:54:41 +0000 2013,RT @PanteraZegarra1: Quieren Foto Pla Foto Pla
320942019172261900,Sun Apr 07 16:51:54 +0000 2013,@MariuCastillo cheveree... No salgo, jiji re amoo bfff, hay que volver a ir!!! Y tomarnos fotooos con pipi y pantera je
320932545871085600,Sun Apr 07 16:14:16 +0000 2013,@AntonellaAlvino @mario_hart
320929822035562500,Sun Apr 07 16:03:26 +0000 2013,#latina #summer #hot #ancon #beach #tagsforlikes  #instapic #2013 #dress #smile  Be.YOU.tiful http://t.co/5hxmGZwgqj
320929737323188200,Sun Apr 07 16:03:06 +0000 2013,mariohart1 churrooooo&lt;3 #chutana #peru #eres #mi #idolo #2012 #car #racing http://t.co/zmFMdFLv5v
320929499657154560,Sun Apr 07 16:02:09 +0000 2013,@mario_hart @AleBaigorria1 @mario9911 pasenlaaa lindoooo, diviertanse mucho! Se les extraña en combateee &lt;3
319618753455349760,Thu Apr 04 01:13:43 +0000 2013,RT @MundoDeLaRisa: - Etapas de Twitter: 1. Creas la cuenta. 2. No entiendes. 3. No entras por unos meses. 4. Vuelves a entrar. 5. Te vue ...
319618259647361000,Thu Apr 04 01:11:45 +0000 2013,RT @MundoDeLaRisa: Cuando te sientas muy mal, recuerda que hay gente que tiene un tatuaje con el nombre de su ex.
318934566079438850,Tue Apr 02 03:55:00 +0000 2013,@VaniiaBlludau hola soy la mejor amigaa de antonella, nos llevas a combate jiji pofavoo pofavo ???
318933591981711360,Tue Apr 02 03:51:08 +0000 2013,@MariuCastillo yaya duerme te amo bf &lt;3
318933491377123300,Tue Apr 02 03:50:44 +0000 2013,@MariuCastillo @COMBATE_ATV yo tmb quierooooooooooooooooooooooooooooooooooooo!!!!!!!!!!!! :'( :'( pofavooooo
318933142478135300,Tue Apr 02 03:49:21 +0000 2013,@MariuCastillo  porsiacaso...
318930916934316000,Tue Apr 02 03:40:30 +0000 2013,@MariuCastillo @COMBATE_ATV QUIEROOO IR A COMBATEEEEE!!!! :'( :'( , TE JURO QUE AHORITA LLORO PENDEX, QUIEROO VER A MI GORDITO HART &lt;3 :'(
318524975382421500,Mon Apr 01 00:47:26 +0000 2013,Fuck homework .l.
318212385812914200,Sun Mar 31 04:05:19 +0000 2013,#fucking #true #tumblr Trueeeee http://t.co/j5CtgDEdji
318212342003417100,Sun Mar 31 04:05:09 +0000 2013,#instalike #instagood #instapic #tagsforlikes #like4like #likeback #hot #ica #beauty #2013 http://t.co/QkP8l2NRyw
318192009078792200,Sun Mar 31 02:44:21 +0000 2013,@DianaSanchez_04 eres mi idolaaaaaa alucina jeje &lt;3
318190997936951300,Sun Mar 31 02:40:20 +0000 2013,Remind yourself that it's okay not to be perfect
318190720282415100,Sun Mar 31 02:39:14 +0000 2013,@mario_hart holaaaaa&lt;3
318187396770447360,Sun Mar 31 02:26:01 +0000 2013,Icaa rules !! http://t.co/4NVE7RD2N5
317752962128699400,Fri Mar 29 21:39:44 +0000 2013,Here we goooooo! #dunas #ica #peru
317471545033379840,Fri Mar 29 03:01:29 +0000 2013,#ica #friendship #hollyweek #trip #hotel #latinas http://t.co/yC4MdsiMLV
317470730839265300,Fri Mar 29 02:58:15 +0000 2013,Holly week!!! #ica #peru
316007086406381600,Mon Mar 25 02:02:15 +0000 2013,#hangoverII with my family &lt;3 and happy birthday mom love you so much!!!!!!!!!
314935419735261200,Fri Mar 22 03:03:49 +0000 2013,Good night !!!!
314487396655824900,Wed Mar 20 21:23:32 +0000 2013,@MariuCastillo jajajaja fracaso con 1 follower
313802869415501800,Tue Mar 19 00:03:28 +0000 2013,Btw.. Follow her @MariuCastillo
313802777484726300,Tue Mar 19 00:03:06 +0000 2013,English lessons with my bf @MariuCastillo , fuck english
313799859385810940,Mon Mar 18 23:51:31 +0000 2013,Follow her @MariuCastillo she doesn't has followers :'( , please help her
313799220249362400,Mon Mar 18 23:48:58 +0000 2013,@MariuCastillo I know I know, I'm your idol &lt;3
313798860780748800,Mon Mar 18 23:47:33 +0000 2013,@MariuCastillo hehe thaaaaanks
313699769832837100,Mon Mar 18 17:13:48 +0000 2013,@KatiaaChavez te amo
313697310209085440,Mon Mar 18 17:04:01 +0000 2013,@1LoganHenderson @bigtimerush come tu peruuu!!!!!!!!!!!!&lt;3 #rushers #latinas
313487718996910100,Mon Mar 18 03:11:11 +0000 2013,@KatiaaChavez esta dificil noo joo
313480670431301600,Mon Mar 18 02:43:10 +0000 2013,@KatiaaChavez jajjajaja ya quisieras
313480516898795500,Mon Mar 18 02:42:34 +0000 2013,Family time &lt;3 #amazing
313425923829555200,Sun Mar 17 23:05:38 +0000 2013,Watching #toystory http://t.co/LI7W80eMod
313414070143418400,Sun Mar 17 22:18:31 +0000 2013,@KatiaaChavez jajaja hay peorees ah
313169961529008100,Sun Mar 17 06:08:32 +0000 2013,@KatiaaChavez #skype   &lt;3 http://t.co/OaZxOweddE
313155385328537600,Sun Mar 17 05:10:36 +0000 2013,Hahaha yeaaaah - http://t.co/tOPdujQTzb
313152887909920800,Sun Mar 17 05:00:41 +0000 2013,RT @NiallOfficial: I love louis
312011400669184000,Thu Mar 14 01:24:49 +0000 2013,@KatiaaChavez that's amazing!!!!!!!!!!! will pass faster than you think &lt;3
309784833322803200,Thu Mar 07 21:57:14 +0000 2013,@KatiaaChavez misss you bf &lt;3
296990657438953500,Thu Jan 31 14:37:45 +0000 2013,@TheCarlosPena whats the namee?!?!
296771227966648300,Thu Jan 31 00:05:49 +0000 2013,@Real_Liam_Payne come to peru!!
296755994673938400,Wed Jan 30 23:05:17 +0000 2013,How can the devil be pulling you towards someone who looks so much like an angel when he smiles at you? @taylorswift13 , i love this &lt;333
296707951480172540,Wed Jan 30 19:54:22 +0000 2013,@TheCarlosPena please follow me!!!
295457802581835800,Sun Jan 27 09:06:44 +0000 2013,@1LoganHenderson @HeffronDrive @jamesmaslow @TheCarlosPena @bigtimerush loove you guuys &lt;3 http://t.co/ARmBufSA
295453325766320100,Sun Jan 27 08:48:56 +0000 2013,http://t.co/v2TMSWDq
295019935460098050,Sat Jan 26 04:06:48 +0000 2013,@KatiaaChavez ahhahahah te amoo &lt;3
295003915680882700,Sat Jan 26 03:03:09 +0000 2013,@KatiaaChavez nosotras muchisimooo maaaas
295002375234670600,Sat Jan 26 02:57:01 +0000 2013,@KatiaaChavez jaja nono HAHA jijiji nono HIHI eew siuahuierhuiheruihguirehg no hay money
295001873985978400,Sat Jan 26 02:55:02 +0000 2013,@KatiaaChavez a chupaaaar!!!!
295001745304743940,Sat Jan 26 02:54:31 +0000 2013,@KatiaaChavez @bigtimerush  suck it
295001630657609700,Sat Jan 26 02:54:04 +0000 2013,@KatiaaChavez pagame 600 $ y la hago mas que ri
294999382397444100,Sat Jan 26 02:45:08 +0000 2013,@KatiaaChavez @bigtimerush i'm a rusheeer!!!! Woo hooo
294999226520305660,Sat Jan 26 02:44:31 +0000 2013,@KatiaaChavez cuatrixer
294998968356716540,Sat Jan 26 02:43:29 +0000 2013,@KatiaaChavez huiewvjiweiuvhuiwviudhwovhweutihvuietwhviehtvui
294998742141116400,Sat Jan 26 02:42:35 +0000 2013,@KatiaaChavez &lt;3 &lt;3
294998447013122050,Sat Jan 26 02:41:25 +0000 2013,@KatiaaChavez i hate people like i hate put
294998288023842800,Sat Jan 26 02:40:47 +0000 2013,@KatiaaChavez ola
294998092921589760,Sat Jan 26 02:40:00 +0000 2013,@KatiaaChavez jejejejejejjejeejejejje este es el baile de peter la anguila peter la anguila peter la anguila
294997609637093400,Sat Jan 26 02:38:05 +0000 2013,@KatiaaChavez put
294997373707513860,Sat Jan 26 02:37:09 +0000 2013,@jamesmaslow hii follow meeeeee!!!!!!
294997196091318300,Sat Jan 26 02:36:26 +0000 2013,@KatiaaChavez amo a @bigtimerush jij alucinaaaa &lt;3 ola k ase
294996831958609900,Sat Jan 26 02:35:00 +0000 2013,@KatiaaChavez yo aqui en twitter o k ase
294996375190528000,Sat Jan 26 02:33:11 +0000 2013,@KatiaaChavez ew
294996267325616100,Sat Jan 26 02:32:45 +0000 2013,@KatiaaChavez ola k ase
294996149864103940,Sat Jan 26 02:32:17 +0000 2013,@bigtimerush please come to peru &lt;3
294996046516465660,Sat Jan 26 02:31:52 +0000 2013,@TheCarlosPena te amoooooo
294995362618421250,Sat Jan 26 02:29:09 +0000 2013,@KatiaaChavez miss yooouuuuuuuuuuuu !!!!
294995218078527500,Sat Jan 26 02:28:35 +0000 2013,@HeffronDrive  folloooooow me pleaseee!!!!!!!!!!  Lovee you so much &lt;3
294978323900153860,Sat Jan 26 01:21:27 +0000 2013,@TheCarlosPena pleease follow me!!!!! Love yoooou &lt;3
292295485388095500,Fri Jan 18 15:40:48 +0000 2013,Sigan a @mariajose_c95 es dms lindaaaa!!! Con follow backk incluido muakssss!! ♥
291050627776253950,Tue Jan 15 05:14:11 +0000 2013,RT @Real_Liam_Payne: Simple tweet hi peru
204595674824716300,Mon May 21 15:33:04 +0000 2012,Amaando cada dia mas a @ValeLandavere. Jejjee y lo publico porque #YOLO
194875756822802430,Tue Apr 24 19:49:35 +0000 2012,#yolo
194875107892674560,Tue Apr 24 19:47:00 +0000 2012,@NiallOfficial
194874477174202370,Tue Apr 24 19:44:30 +0000 2012,He is sexy and hot, and sexy and sexy sexy
194874409444581380,Tue Apr 24 19:44:14 +0000 2012,I love harry styles
194874237230661630,Tue Apr 24 19:43:33 +0000 2012,Heey everyonee!! I love my friend @ValeLandavere she is the best person i could ever met!!!!!! Follow her!!
