id,created_at,text
1247898342882807800,Wed Apr 08 14:45:24 +0000 2020,What a beautiful thought @narendramodi @PMOIndia https://t.co/DYXSHTLhAy
1013192115243790300,Sat Jun 30 22:46:39 +0000 2018,@AbyyLay Beautiful
807806981100699600,Sun Dec 11 04:39:27 +0000 2016,RT @thepeopleandco: Calling all the Gorgeous Ladies to The People &amp; Co. Every Wednesday for a night  to remember. Reservations: +91 124 414…
774696112204775400,Sat Sep 10 19:48:40 +0000 2016,RT @TheDailyTattoos: Life's too short to worry  Life's too long to wait http://t.co/d94UQiU7tb
774695220353073200,Sat Sep 10 19:45:08 +0000 2016,😊 https://t.co/8n7PJcZTo1
719164457323069400,Sun Apr 10 14:05:42 +0000 2016,RT @deckedupjewels: Please follow my page for #fashionaccessories#fashionjewelry Do visit #deckedupjewels on Facebook &amp; Instagram https://t…
719124960124358700,Sun Apr 10 11:28:45 +0000 2016,@deckedupjewels please msg
719120353809707000,Sun Apr 10 11:10:27 +0000 2016,@deckedupjewels how much?
714034694543712300,Sun Mar 27 10:21:51 +0000 2016,RT @canvaslaughclub: We'll drop 3 hints each day but the winners will be announced on the last day i.e Tuesday 6pm. Keep em tweets coming! …
714034613744574500,Sun Mar 27 10:21:32 +0000 2016,RT @canvaslaughclub: #Hint The comedian is  24 year old and has been doing Stand up comedy from last 5 years #GuessTheFool
714034597416161300,Sun Mar 27 10:21:28 +0000 2016,RT @canvaslaughclub: Remember, you have to RT each tweet, follow us and use #GuessTheFool with your reply. Invite 3 friends and up your cha…
714034534711341000,Sun Mar 27 10:21:13 +0000 2016,RT @canvaslaughclub: #Hint 2- His set is mostly based on angry rants! #GuessTheFool
714034356868620300,Sun Mar 27 10:20:31 +0000 2016,RT @canvaslaughclub: You guys are the best! Such an overwhelming response this is, keep on doing it people. 3 more hours to go for u to sen…
697367638285152300,Wed Feb 10 10:32:56 +0000 2016,RT @canvaslaughclub: #ContestAlert We are starting with another #ValentinesDay contest at 5:30pm today which will be on till 13th Feb, 12:0…
697313309695959000,Wed Feb 10 06:57:03 +0000 2016,RT @TrendsMumbai: #worstpickupline is now trending in #Mumbai https://t.co/SGugy0q7ao
696216074103029800,Sun Feb 07 06:17:01 +0000 2016,RT @canvaslaughclub: Hello everyone! We are starting with our #ValentinesDay contest again at 12pm. Are u guys ready #WorstPickUpLine ? htt…
690231179090374700,Thu Jan 21 17:55:11 +0000 2016,RT @canvaslaughclub: #PicOfTheWeek #ContestAlert https://t.co/yfJwhSlSWX
688584506069012500,Sun Jan 17 04:51:54 +0000 2016,RT @TheComedyHumor: I take the "L" and "R" on my headphones way too seriously
688583014935232500,Sun Jan 17 04:45:58 +0000 2016,RT @Superneha83: 🙄 https://t.co/QaKM0eVW1o
684991174398971900,Thu Jan 07 06:53:17 +0000 2016,RT @canvaslaughclub: Still searching for a job that pays you well and entertains you as well? Apply NOW at Careers@spaindia.com https://t.c…
684991009130852400,Thu Jan 07 06:52:37 +0000 2016,RT @canvaslaughclub: Want to know about the #Contest then give us 50 RT's and we will update you with the guidelines. https://t.co/j8UIAc8a…
678469613164695600,Sun Dec 20 06:58:55 +0000 2015,RT @timesofindia: #NASA has released this unbelievable new image of the #Earth rising over the #Moon.  Stunning, isn't it? https://t.co/iIV…
670110014749605900,Fri Nov 27 05:20:52 +0000 2015,Hahaha  https://t.co/F0yLt8sPXn
665595339861135400,Sat Nov 14 18:21:09 +0000 2015,#MiraclesFromHeaven #belief  https://t.co/zLoqokpPG3
665503041261404200,Sat Nov 14 12:14:24 +0000 2015,Indeed... #foodforthought #deepmeaning #proverb https://t.co/Y22MNEDgzA
665477002141438000,Sat Nov 14 10:30:55 +0000 2015,#Prayers4Paris  https://t.co/XcPIlFHSSa
660118852701843500,Fri Oct 30 15:39:33 +0000 2015,RT @canvaslaughclub: The second half is about start @PubStriker https://t.co/NS3TYnGMMG
658299964406169600,Sun Oct 25 15:11:56 +0000 2015,RT @SoDamnFlirty: this is what the gates of heaven opening look like https://t.co/Xj3DiZLGwB
658149293149130800,Sun Oct 25 05:13:13 +0000 2015,For next year, restaurants should have card payment option to make it more organised #grubfest #ambilawn
658149025313521700,Sun Oct 25 05:12:10 +0000 2015,#grubfest at #ambilawn was bigger than last year fest held at #nehrupark with more participating restaurants and more DUST.
656172316892598300,Mon Oct 19 18:17:26 +0000 2015,@PKP2Official loved the movie... better than 1st one
592397113507467300,Sun Apr 26 18:37:32 +0000 2015,Give hope to the people of Nepal. Your donations can help save the lives of millions. For more info📞+91 124 6790 300 http://t.co/stIxZu2RKI
364115202003841000,Sun Aug 04 20:06:43 +0000 2013,RT @TheGoogleFactz: Walt Disney World is larger than 20 countries.
293956183667126300,Wed Jan 23 05:39:50 +0000 2013,RT @kingjulienquote: you see, Julienuary is all about the joy of giving... to me!
293956082919952400,Wed Jan 23 05:39:26 +0000 2013,RT @kingjulienquote: Because what is a party without cake? I guess it would still be a party, but it would feel like something is missin ...
293955922609455100,Wed Jan 23 05:38:48 +0000 2013,RT @kingjulienquote: what? no! you can't take me off the naughty list! I *am* the naughty list! ..what's the naughty list?
291976837834342400,Thu Jan 17 18:34:37 +0000 2013,RT @neverknownfacts: Difficulty falling asleep during the night may indicate that you're awake in someone's dream - Psychological Fact
284183630035681280,Thu Dec 27 06:27:11 +0000 2012,@BeingSalmanKhan Happyyyyyyyy Birthdayyyyyyyy ☺♥
267929205096988670,Mon Nov 12 09:57:55 +0000 2012,"@ohteenquotes: We have three types of friends in life: friends for a reason, friends for a season, and friends for a lifetime."
264875868080443400,Sat Nov 03 23:45:02 +0000 2012,RT @paulocoelho: I understand that everything is connected, that all roads meet, and that all rivers flow into the same sea #goodnight
260238544335953920,Mon Oct 22 04:37:58 +0000 2012,@enrique305 u r da real rockstar. Delhi concert was mindblowing. Delhi loves you ♥ x raised to da par of infinity ★★★★★ http://t.co/Zo6A6TL6
255565056396365820,Tue Oct 09 07:07:12 +0000 2012,@enrique305 can't wait for 19th Oct.....
221279983652454400,Fri Jul 06 16:30:33 +0000 2012,@Raghu_Dixit ♬Ambar pe milte hain kadmon ke nishan tere hi har shaam.. Khidki pe likhe koi os ki boondon se tera hi naam♬best song eva★★★★★
207430703837745150,Tue May 29 11:18:28 +0000 2012,RT @ayushmannk: No man ever hates a woman for being in love with him, but many a man hate a woman for being just a friend to him.
205345195540226050,Wed May 23 17:11:24 +0000 2012,"@ohteenquotes: I hope someday you'll find all my quotes, all my words, and read them all. I hope you'll know that they're about you."
203420060168106000,Fri May 18 09:41:36 +0000 2012,"@ohteenquotes: Remember happiness is a way of travel, not a destination."
199791272930705400,Tue May 08 09:22:06 +0000 2012,@enrique305 happppyyyy birthdayyyyyyyy ☺♥♬★
195876061618241540,Fri Apr 27 14:04:26 +0000 2012,RT @DiariesOfGirls: I know everything happens for a reason, but sometimes I wish I knew what the reason was.
195735201861730300,Fri Apr 27 04:44:43 +0000 2012,@TheLifeDiaries Done
172545418733948930,Thu Feb 23 04:56:48 +0000 2012,@MeghnaDave yaaaaaaa nostalgic
168676953140891650,Sun Feb 12 12:44:54 +0000 2012,@DjShamirC lol... Hw u doing?
168671688228220930,Sun Feb 12 12:23:58 +0000 2012,@DjShamirC yup :)
157180437746298880,Wed Jan 11 19:21:51 +0000 2012,@kjohar25 one word ~ ADDICTIVE
155541851036856320,Sat Jan 07 06:50:41 +0000 2012,@bipsluvurself happy birthday :)
145754597758210050,Sun Dec 11 06:39:38 +0000 2011,@MeghnaDave same hereeeee
141710551163224060,Wed Nov 30 02:50:02 +0000 2011,RT @iSpeakComedy: Some things just aren't meant to be put on Facebook, which is why we all have Twitter.
94690658983489540,Sat Jul 23 08:49:47 +0000 2011,@FarOutAkhtar http://theback-benchers.com/farhan-akhtar-shayari-in-zindagi-na-milegi-dobara-movie/
79974876789751800,Sun Jun 12 18:14:31 +0000 2011,@DjShamirC hahahahaha killa
78562565554323460,Wed Jun 08 20:42:29 +0000 2011,RT @ChuckiesLife: i like when babies hold my finger with their whole hand.. makes me smile :]
77362198405595140,Sun Jun 05 13:12:40 +0000 2011,RT @SeX0X0: If loving the wrong one could feel that good, imagine how great it will be once the RIGHT one finds you!
77122694646210560,Sat Jun 04 21:20:57 +0000 2011,@NormanDoray give me everything 2nyt
74172397422522370,Fri May 27 17:57:32 +0000 2011,The Hangover 2 is killerrrrrrrrr ♥ it
58237858397425660,Wed Apr 13 18:39:22 +0000 2011,RT @SrBachchan: T 340 -The language of mankind is such that every spoken sentence can have two opposite meanings ..blessed are they that ...
53981202423619580,Sat Apr 02 00:44:56 +0000 2011,@abhishekjosh1 ohoooooo luk whoz here.... How u doing????????
51372849436430340,Fri Mar 25 20:00:16 +0000 2011,RT @NeilNMukesh: " Be good enough to forgive someone. But not stupid enough to trust them again "
47796128514703360,Tue Mar 15 23:07:39 +0000 2011,RT @DjShamirC: "Truly Affectionate People Never Go Out From Our Life Easily.. If It Happens They Will Comeback At Right Time Without Exp ...
47747328194527230,Tue Mar 15 19:53:44 +0000 2011,¯\_(ツ)_/¯
46294978162462720,Fri Mar 11 19:42:37 +0000 2011,♬ Le jaa tu mujhe... Khuley aasman mein
46290694817583100,Fri Mar 11 19:25:36 +0000 2011,@itsaadee happppppyyyyyy birthdayyyyyyyyyyyyyy hope u have super year ahead.... ★★★
45678903850835970,Thu Mar 10 02:54:34 +0000 2011,@Timbaland007 H̳̿ξy̳̿ happy bday... Have a rockn year ahead....
42923994550247420,Wed Mar 02 12:27:32 +0000 2011,Tanu weds manu ☺
42923798697230340,Wed Mar 02 12:26:45 +0000 2011,Madhavan
40235463981666300,Wed Feb 23 02:24:16 +0000 2011,Touchdown Mumbai...
40202788189384700,Wed Feb 23 00:14:26 +0000 2011,Off to Mumbai.... ☀
39391724010881020,Sun Feb 20 18:31:33 +0000 2011,@itsaadee le ja tu mujhe... Thumbs up
37365203695837180,Tue Feb 15 04:18:53 +0000 2011,Delhi...  I ♥ U
36850523474759680,Sun Feb 13 18:13:44 +0000 2011,RT @funnyoneliners: Twitter: For when the illusion of having friends is all you really need.  RT @Hindsight5050
36801876053729280,Sun Feb 13 15:00:25 +0000 2011,@akshaykumar jus finished watching PH... Very sweet n simple movie wid a Strong message... Al bout "living ya dreams.".♥ ya work in it...
36653085384380420,Sun Feb 13 05:09:11 +0000 2011,@BeingSalmanKhan he's my nephew... Was his bday yest... Bday theme was Dabangg... ;)
36652615576059900,Sun Feb 13 05:07:19 +0000 2011,@BeingSalmanKhan Robin Hood Pandey- Aardipt ☺ http://yfrog.com/gy1tinkj
36652184502415360,Sun Feb 13 05:05:36 +0000 2011,@BeingSalmanKhan meet 3 years old Chulbul Pandey... http://yfrog.com/h7kxenij
36464006898130940,Sat Feb 12 16:37:51 +0000 2011,http://yfrog.com/h2kv7mxj
36050515070550020,Fri Feb 11 13:14:47 +0000 2011,@itsaadee superb... Send the link...
35772773276057600,Thu Feb 10 18:51:08 +0000 2011,I ♥ memories that you randomly remember and then can't stop smiling ☺
34697364472070144,Mon Feb 07 19:37:50 +0000 2011,"@funnyoneliners: Vuja De; The feeling you've never been here before."
34695919417040896,Mon Feb 07 19:32:06 +0000 2011,RT @funnyoneliners: Vuja De; The feeling you've never been here before.
34695226304114690,Mon Feb 07 19:29:21 +0000 2011,@Akon superlike ya tweet ☺
34642753862246400,Mon Feb 07 16:00:50 +0000 2011,Rainnnnnnnnn ☂♥
34159978579238910,Sun Feb 06 08:02:28 +0000 2011,@DjShamirC yup yup :).... Bt regret missn @NormanDoray.... So wanted to goooooo.....
34154651859419136,Sun Feb 06 07:41:18 +0000 2011,@DjShamirC yes I did... Instead wenty to Turquoise cottage :)....
34142533714051070,Sun Feb 06 06:53:09 +0000 2011,@DjShamirC :)....
34115547817836544,Sun Feb 06 05:05:55 +0000 2011,Day starts wid Sunday Church ☀
34099767113940990,Sun Feb 06 04:03:12 +0000 2011,@jaysean put up a pic of u wid enrique.... ♥
33786334896340990,Sat Feb 05 07:17:44 +0000 2011,@NormanDoray yayieeeeeeeee.................
33786259558240256,Sat Feb 05 07:17:26 +0000 2011,@juniorbachchan hey happy birthday,. :)
32655786970714110,Wed Feb 02 04:25:20 +0000 2011,Luv da sun ☀
31933978017529856,Mon Jan 31 04:37:08 +0000 2011,Nice bright sunny morning ☀.... Bt y is it still cold ☹
31810323505741824,Sun Jan 30 20:25:46 +0000 2011,Tripping over sadi gali... Superb track... ★★★★★
31276629984546816,Sat Jan 29 09:05:04 +0000 2011,@itsaadee what u doin der???? Concert???
30933954244644864,Fri Jan 28 10:23:24 +0000 2011,Sleeepy boring day.. Tired of bed rest
30578228720570370,Thu Jan 27 10:49:52 +0000 2011,Nah keepin well... sad scene... Arrrggghhhh ☹
30341689767886850,Wed Jan 26 19:09:57 +0000 2011,RT @SrBachchan: T 259 -GEETA 5 letter word, BIBLE 5 letter, QURAN 5 letter ..MANDIR 6 letter, CHURCH 6 letter, MASJID 6 letter .. all te ...
30130694986399744,Wed Jan 26 05:11:32 +0000 2011,Happy Republic Day.... Jai Hind http://yfrog.com/h0q7lybj
30130479248179200,Wed Jan 26 05:10:40 +0000 2011,Happy Republic Day... ☺☀
29988292917202944,Tue Jan 25 19:45:40 +0000 2011,Darrrrrrrling.. Aankhon se aankhein chaar karne do.. Ahahahahahah ♥ it...
29617383689691136,Mon Jan 24 19:11:49 +0000 2011,@itsaadee H̳̿ξy̳̿ at last I gt to tweet da real atif aslam.. ‎​Ђank◦°◦◦°◦ýoù to verified a/c..  Ne plans of cumin to india to perform?
29613406428340224,Mon Jan 24 18:56:00 +0000 2011,@abhishekjosh1 helloooo wassup? Long tym huh..
16907313440882688,Mon Dec 20 17:26:32 +0000 2010,@5onam me tooooooooo :)
12562678132248576,Wed Dec 08 17:42:30 +0000 2010,i've had time of mah lyf......
22249021176,Fri Aug 27 07:54:57 +0000 2010,I want to run away from dis bad weather.... Hatn it
21689534376,Fri Aug 20 19:35:31 +0000 2010,Man lafanga bada
20991183643,Thu Aug 12 17:09:44 +0000 2010,@tiesto visit montjuic at around 10ish at nyt.... Its da most beautiful place in barcelona.. ♥
20634245881,Sun Aug 08 15:03:16 +0000 2010,At  Rahat fateh ali khan saab's concert... Undoubtedly he is a legend.... Awesuuummm
20315736660,Wed Aug 04 16:17:18 +0000 2010,Aftr very long... Going partyyyyyyn...
19630346309,Tue Jul 27 04:34:47 +0000 2010,@5onam yup yup... ALWAYS :p
19629111713,Tue Jul 27 04:14:35 +0000 2010,@5onam how we wish.... Bt afsoos... Yeh galat jawab... Hahaahha
19628734303,Tue Jul 27 04:08:38 +0000 2010,Beautiful weather... M I really in Delhi???? ☁☂
18184885490,Sat Jul 10 08:52:36 +0000 2010,@eeniemeeidy hey am gud.How u doin? Its very hot here in India. We badly need rain at da moment. Btw where r u from??? N wts ya real name :)
18184533252,Sat Jul 10 08:43:21 +0000 2010,Give me no Sunshine ☀... Give me only RAIN ☂
17960823195,Wed Jul 07 16:20:03 +0000 2010,@tiesto hahahhahahaha lmao..
17936692362,Wed Jul 07 09:31:00 +0000 2010,@tiesto wts da crappy news of u being dead.........
17928175668,Wed Jul 07 06:06:32 +0000 2010,@bipsluvurself ♥ rain... ne1 who says sunshine brings happiness has neva danced in da rain... Wt say???? ♥ ☺
17805877951,Mon Jul 05 17:34:42 +0000 2010,@shagun000 I wish :p.....
17733334512,Sun Jul 04 17:13:50 +0000 2010,@5onam @shagun000 @1mrankhan hahhahahaha try try n u succeed gals ;)
17730883995,Sun Jul 04 16:30:19 +0000 2010,@bipsluvurself plsssssssssssssssssssss do soooooo.... Thank u....... U r da hottest ★
17729736451,Sun Jul 04 16:10:34 +0000 2010,@SeemaWD @shagun000 ranbir is hottie... No doubt.. Bt dis one is jus sooooooooooooooooooo cute.... Esp in da song ihls...
17729453064,Sun Jul 04 16:05:45 +0000 2010,@shagun000 he's really cute... :p
17721245069,Sun Jul 04 13:48:44 +0000 2010,@5onam I luvd it... Esp 1st half.... Its awwwwwwww
17718882589,Sun Jul 04 13:02:46 +0000 2010,@kjohar25 ♥IHLS♥
17718823413,Sun Jul 04 13:01:35 +0000 2010,@sonamakapoor IHLS rox... Luvd ya dresses da most.... ☺
17718735286,Sun Jul 04 12:59:59 +0000 2010,@punitdmalhotra I luvd IHLS... Its sooooooooo cute..... ♥♥♥
17718678011,Sun Jul 04 12:58:45 +0000 2010,@bipsluvurself hey wassup????? Luvd ya dvd....  One big qs...... IS JOHN ON TWITTER???? Or any social networking site?????? I ♥ em
17472479601,Thu Jul 01 05:53:20 +0000 2010,jus anoder day ..........
17156196756,Sun Jun 27 10:36:55 +0000 2010,@R_Khanna hahahahahh so sweet
17100333660,Sat Jun 26 15:54:25 +0000 2010,@ayushmannk hahhahahahahahahha u r crazeeeeee
17092502117,Sat Jun 26 13:56:47 +0000 2010,Shopn like mad.... Hahaha all ethnic for 2 days... :p
17072807883,Sat Jun 26 06:01:01 +0000 2010,In pink city... :) :) :)
16557680193,Sat Jun 19 16:35:57 +0000 2010,@SeemaWD @shagun000 :(... Hahahahahahahhahahahahahah
16533008443,Sat Jun 19 08:48:04 +0000 2010,@shagun000 @AtifAslam_1 @SeemaWD whaaaaaaaaaatttttttt????????
16325599612,Wed Jun 16 18:16:43 +0000 2010,You'll always be in my life... Even if I'm not in your life... Because you're in my memory..
16240924574,Tue Jun 15 17:29:23 +0000 2010,@sonamakapoor me toooooo :D
15768298033,Wed Jun 09 08:36:38 +0000 2010,@5onam pls find 2 generous ones......
15628699108,Mon Jun 07 13:22:44 +0000 2010,jab mila tu.... ru tu ru tu......
15606927545,Mon Jun 07 04:44:34 +0000 2010,Love da weather...... Waiting for it to rain...... :) &lt;3
15605613845,Mon Jun 07 04:17:29 +0000 2010,@iamsrk this is soooooo sweet....
15554169871,Sun Jun 06 13:01:30 +0000 2010,I want it to rain in delhiiiiiiiii....
15543988612,Sun Jun 06 08:34:16 +0000 2010,@ayushmannk same here..... N I wuder if I eva cross ya mind.... For me it happens al da tym...... KILLER
15543875874,Sun Jun 06 08:31:08 +0000 2010,@crave_for_rave ahhahahahaahahahahhahh :p
15505217330,Sat Jun 05 18:51:27 +0000 2010,T.I.P.S.Y....
15491187374,Sat Jun 05 14:46:09 +0000 2010,Rain+party+dancing+wine=killer nyt 2nyt.... Yayieeeeeeee
15481001417,Sat Jun 05 11:09:44 +0000 2010,@udai_singh hahahahahh
15474857738,Sat Jun 05 08:06:52 +0000 2010,@eeniemeeidy heyyyyy how doin?? well enjoi da movie.....
15474074563,Sat Jun 05 07:44:36 +0000 2010,weather is nicey.... cant believe its Delhi..... :)
15431894806,Fri Jun 04 17:41:48 +0000 2010,@5onam gt ya holiday homework?
15397106706,Fri Jun 04 06:16:08 +0000 2010,luv watermelon......
15342422261,Thu Jun 03 18:07:34 +0000 2010,Super fun day ends here... :)
15331796023,Thu Jun 03 15:16:00 +0000 2010,Dinnet at haveli...
15326565203,Thu Jun 03 13:55:48 +0000 2010,@SeemaWD hahahahah plz do da needful..... Dun disturb me....
15326267311,Thu Jun 03 13:51:07 +0000 2010,On da way bac.... Atif aslam tracks non stop... Luvn it....
15304819452,Thu Jun 03 05:23:29 +0000 2010,@SrBachchan happy wedding anniversary.....:)
15304794684,Thu Jun 03 05:22:55 +0000 2010,@juniorbachchan hey happy wedding anniversary 2 dem..... God bless :)
15300931430,Thu Jun 03 04:05:11 +0000 2010,on da way to chandigarh.... Jus hogged awesum parathas wid more of makhan than da filling in paratha... Loved it
15300834788,Thu Jun 03 04:03:27 +0000 2010,@5onam hahahah ok nw gt it... Cutie pie he is....
15300773500,Thu Jun 03 04:02:21 +0000 2010,@5onam huh? Dint gt ya....
15270316958,Wed Jun 02 18:51:26 +0000 2010,@ericprydz hey... Bb is better
15267582598,Wed Jun 02 17:57:42 +0000 2010,@RanbirKapoorRK bad* boi
15265265933,Wed Jun 02 17:13:59 +0000 2010,@shahidkapoor hey wassup??? How was ya day???? Wha shoot today???
15242915914,Wed Jun 02 10:42:50 +0000 2010,@AtifAslam_1 when will u b online????????????????????????? wen is da next album releasing?
15118121982,Mon May 31 16:28:08 +0000 2010,@5onam nah much... once in 3-4 mnths... Go der for shop visits...
15107337558,Mon May 31 13:28:37 +0000 2010,@5onam yaya shrewsberry..... i love dem..... i always pick dem up on mah visit der.... :)
15103075818,Mon May 31 12:04:40 +0000 2010,@5onam which cookies are in conversation? pune bakery?
15092426974,Mon May 31 07:19:09 +0000 2010,@SrBachchan what does t12-t14 stand for.... its a prefix for all ya tweets......
15088343618,Mon May 31 05:32:17 +0000 2010,coping with monday morning blues....greens....yellows.....ufffffffffffffffff
15056695753,Sun May 30 18:11:21 +0000 2010,@kapoorkkunal oops get well soon.... Wen is ya nxt release....
15040795558,Sun May 30 13:24:32 +0000 2010,Coz shawty z a eenie meenie miney mo lova....
14973217749,Sat May 29 13:03:14 +0000 2010,Itz qtr aftr 1, m al alone n I need u nw Said I wudnt call bt I've lost al cntrl n I need u nw n I dun knw hw I cn do widout i jst need u nw
14970770461,Sat May 29 12:05:04 +0000 2010,@AtifAslam_1 der u r....  http://twitpic.com/1s482y
14970453217,Sat May 29 11:57:14 +0000 2010,@AtifAslam_1 hereeeeeee :) http://twitpic.com/1s45sd
14967106055,Sat May 29 10:18:12 +0000 2010,:) :) :)
14819862304,Thu May 27 07:36:51 +0000 2010,@EdwardMaya can't wait for u to play in Delhi....
14784431380,Wed May 26 19:48:06 +0000 2010,@juniorbachchan ya luv is mah drug- kesha
14784392224,Wed May 26 19:47:17 +0000 2010,@juniorbachchan telephone- beyonce vs lady gaga
14784362593,Wed May 26 19:46:40 +0000 2010,@juniorbachchan baby- justin beiber
14784347144,Wed May 26 19:46:21 +0000 2010,@juniorbachchan need you now by lady antebellum....
14568490986,Sun May 23 17:19:26 +0000 2010,@kjohar25 can't wait for its launch... Trailors are jus soooooo temptn.....
14555634886,Sun May 23 13:11:15 +0000 2010,@shagun000 rofl
14554809517,Sun May 23 12:52:35 +0000 2010,@shagun000 yup bt I dint meet em... Took a snap of da snap
14549495716,Sun May 23 10:27:49 +0000 2010,@shagun000 hahahh I dun need enemies if I ve frens like u who wish I die
14546398090,Sun May 23 08:50:45 +0000 2010,@5onam hahah no I dint meet em... Dis pic was der framed... I tuk it esp for u :)
14543184230,Sun May 23 07:14:58 +0000 2010,@5onamSK at bluO :D  http://twitpic.com/1q9r36
14512095195,Sat May 22 19:27:15 +0000 2010,@meidyliem yes I am his fan since 2001 wen he debuted in Kaho na pyaar hai.Check out my pic wid em http://twitpic.com/1q3p2w
14510852849,Sat May 22 19:00:20 +0000 2010,@meidyliem I am from india... The line hrithik taught barbara instead of I love u was main uloo ki pathi hun.... Hahahhahah
14510414440,Sat May 22 18:50:53 +0000 2010,@meidyliem dunnu wts stupid in hindi bt ya can say ....main pagal ladki hun.... Which means I am a mad gal....
14510132293,Sat May 22 18:45:03 +0000 2010,@meidyliem lol y do u wanna know dis?????
14509505316,Sat May 22 18:31:58 +0000 2010,@iHrithik hey da only thing nice bout da movie was YOU.... Nuffin else....
14088167351,Sun May 16 08:51:55 +0000 2010,@iamsrk dude is so gay... Hahahah
13669018330,Sun May 09 14:04:19 +0000 2010,Is john abraham on tweeter?????????
13594204742,Sat May 08 06:18:43 +0000 2010,@iamsrk delhiites cravn for same.... Rain rain.... Pour again... Rofl
13562042737,Fri May 07 18:10:13 +0000 2010,@sonamakapoor lukin fwd to I hate luv storys :)....
13303573262,Mon May 03 12:50:50 +0000 2010,http://twitpic.com/1kmzzd
13296648586,Mon May 03 09:36:57 +0000 2010,@5onam hehehehhehhhe so curious
13257521129,Sun May 02 17:45:54 +0000 2010,@SeemaWD meet shagun... Da bolly news guru....
13257056198,Sun May 02 17:35:12 +0000 2010,@shagun000 ohhhhhhh....
13255681171,Sun May 02 17:04:27 +0000 2010,@BeingSalmanKhan whose dis guy??????
13204885275,Sat May 01 19:34:51 +0000 2010,@ayushmannk delhi weather aint bad too :)
13203583695,Sat May 01 19:02:28 +0000 2010,@BeingSalmanKhan oyeeeee congrats.... Itne din kahan thi ye????
13202095269,Sat May 01 18:26:09 +0000 2010,@priyankachopra hey priyanka... Jus a quick one... Is john abraham on twitter????
13143611016,Fri Apr 30 18:24:47 +0000 2010,@shagun000 ohhhh k.... Plz explan me too :p
13142978606,Fri Apr 30 18:10:41 +0000 2010,@shagun000 lol join me
13138699699,Fri Apr 30 16:42:10 +0000 2010,Off to da launch of ultimate luxury coffee table book.... :)
13116566169,Fri Apr 30 07:29:06 +0000 2010,Coffee neva knew how gud it cud taste, b4 it met sugar, water & milk. We frnds r jus da same..we are Gud, but when we meet,we become Best
12951762602,Tue Apr 27 15:53:39 +0000 2010,@R_Khanna dis is gorgeous
12898151451,Mon Apr 26 18:42:01 +0000 2010,@shagun000 yaaaaaaa its soooo yummy
12897672405,Mon Apr 26 18:30:56 +0000 2010,@shagun000 hehheeheheh let's nah even gt der
12897322131,Mon Apr 26 18:22:53 +0000 2010,@BeingSalmanKhan heheehhheh how insane is dat hehhehe
12810032788,Sun Apr 25 07:30:10 +0000 2010,Dun lyk surprises esp wen dey turn out to be a shockkkkkk :S
12756108262,Sat Apr 24 10:20:56 +0000 2010,@5onam perfect... Sunday works well for me.... :)
12753126372,Sat Apr 24 08:33:34 +0000 2010,@5onam thnk u madam... Wen r v meeting????
12752954149,Sat Apr 24 08:27:41 +0000 2010,Lyk saturdays wen off... Jus woke up.... Now planning da day... Have so many frens to catch up wid.... Yayieeeee
12637341808,Thu Apr 22 13:01:26 +0000 2010,@R_Khanna sum ppl have all da tym in lyf... Lucky u.. :)
12581436408,Wed Apr 21 15:08:24 +0000 2010,@shagun000 seriously... Jus can't heheh
12578594529,Wed Apr 21 14:15:33 +0000 2010,Can't tolerate ppl hu ve verbal diarrhea....
12513985461,Tue Apr 20 12:45:26 +0000 2010,@BeingSalmanKhan after monday and Tuesday even da week says WTF!!
12495981934,Tue Apr 20 03:59:31 +0000 2010,A vry long day ahead... Shoot of mah lovely spiritual porcelain figurines lined up... Will be fun.,
12470822031,Mon Apr 19 19:03:13 +0000 2010,@Nivvs lol its damn confusin
12465358162,Mon Apr 19 16:54:22 +0000 2010,@FarOutAkhtar shit happens
12464356323,Mon Apr 19 16:32:40 +0000 2010,&lt;3 that's my name.... Da most sexiest track eva.....
12458430076,Mon Apr 19 14:28:16 +0000 2010,@5onam wow... My boss cumin bac 2nyt... Can u see my frown?
12456903666,Mon Apr 19 13:56:56 +0000 2010,@patilashish heheehehh killer
12434889696,Mon Apr 19 03:15:33 +0000 2010,Start of anoder long week.... Phew!!!
12403802484,Sun Apr 18 15:50:14 +0000 2010,Lovn every moment of sunday..... Dun want it to end
12391292756,Sun Apr 18 10:25:38 +0000 2010,@sidsaraf isn't it hot in jaipur???
12390540945,Sun Apr 18 09:58:10 +0000 2010,@5onam lol.... Its on display jus 4 u :p
12384777003,Sun Apr 18 06:40:34 +0000 2010,Will be meeting my class 5 class mates after decades.... Nostalgic already
12351160639,Sat Apr 17 17:00:44 +0000 2010,Watchn DID.... Way to go DID.... Yayieeee
12346871570,Sat Apr 17 15:33:22 +0000 2010,i prefer fb ova twitter anytym
9432334412,Sun Feb 21 15:16:05 +0000 2010,weekend was fun... hope da week ahead goes by well too :)
