id,created_at,text
1230145262993072000,Wed Feb 19 15:01:00 +0000 2020,RT @CoreyGAMBLE: a mix of favor and Je ne sais quoi ........ CG
1195042881653727200,Thu Nov 14 18:16:40 +0000 2019,RT @jermainedupri: Let’s get active! @isaachayes3 @BlackOwnedCBone @colliparkletsgo @Kandi @MajorGirlMama @KawanPrather @2chainz @DALLASAUS…
1046178812025696300,Sat Sep 29 23:24:00 +0000 2018,RT @IAmSteveHarvey: About to see Night School with my boys @CoreyGAMBLE and @juniorshms. Support @KevinHart4real and @TiffanyHaddish ya'll.…
881239386980995100,Sat Jul 01 19:53:37 +0000 2017,RT @StephenEspinoza: Happy 51st birthday to the man with impetuous style &amp; impregnable defense: the one &amp; only @MikeTyson.  https://t.co/gb…
865427440713121800,Fri May 19 04:42:35 +0000 2017,@CheetoSantino Shitted I told u man 5 years ago that u was going To make people laugh from a main stage.glad to see this happen for u dog.
865320031004934100,Thu May 18 21:35:46 +0000 2017,@CheetoSantino @Showtime  congrats man.
852364747550982100,Thu Apr 13 03:36:06 +0000 2017,RT @Travon: Rest well Charlie Murphy. Thanks for one of the greatest comedy sketches in the history of time and space. https://t.co/KHz1MqG…
846402372700057600,Mon Mar 27 16:43:45 +0000 2017,Thanx for all the love sent....   right back at all of y'all !!
826604928940466200,Wed Feb 01 01:35:47 +0000 2017,RT @kourtneykardash: Don’t have time to work out? Watch my warm-up routine NOW: https://t.co/qLQCLMjXCm (@CoreyGAMBLE makes an appearance i…
818584540637560800,Mon Jan 09 22:25:37 +0000 2017,@KathyHilton my buddy
817516885814054900,Fri Jan 06 23:43:08 +0000 2017,RT @dallascowboys: How much weight can one man carry?  In @Dak's story, he shares how he draws the strength to #FinishThisFight https://t.c…
776844756219342800,Fri Sep 16 18:06:37 +0000 2016,RT @OfficialALT: krisjenner @kendalljenner @coreygamble  at the studio at the end of Will I Am's Spring Street… https://t.co/dKPI5akJrB
727854703959105500,Wed May 04 13:37:38 +0000 2016,RT @kourtneykardash: What a good guy @CoreyGAMBLE for hanging with us and listening to these conversations. If only you knew what else we w…
703986117754785800,Sun Feb 28 16:52:24 +0000 2016,Add value to the janitor........Add value to the CEO..........&amp;with No title needed.  Fix it or Just make shit happen. -the ghost.    Sunday
635843129791352800,Mon Aug 24 15:56:30 +0000 2015,RT @48tweetsofpower: Infection: avoid the unhappy and unlucky.
618530250578772000,Tue Jul 07 21:21:18 +0000 2015,RT @KrisJenner: Love this view while we are eating dinner! @CoreyGAMBLE #thelouvre #kindofamazing #lelouvrepyramid… https://t.co/OQ4Trjx8uf
615698834388160500,Tue Jun 30 01:50:15 +0000 2015,RT @Balmain: .@CoreyGAMBLE, @KrisJenner and @ORousteing after the #BalmainHOMME Spring/Summer 2016 show http://t.co/TLEz7jf0ox
592766579391275000,Mon Apr 27 19:05:40 +0000 2015,RT @tishcyrus: Stuart House Benefit @joycevarvatos @johnvarvatos @CoreyGAMBLE @glenn_hughes susiechambers… https://t.co/dH1NsN5mHf
592766579152179200,Mon Apr 27 19:05:40 +0000 2015,RT @tishcyrus: @CoreyGAMBLE @johnvarvatos billyraycyrus. Good Times for a GREAT cause!  #stuarthousebenefit https://t.co/2YLRyGVM34
592766324209745900,Mon Apr 27 19:04:39 +0000 2015,RT @glenn_hughes: @tishcyrus @Joycevarvatos @johnvarvatos @CoreyGAMBLE hi Tish .. Lovely meeting you today .. G🌴
591693510417391600,Fri Apr 24 20:01:40 +0000 2015,RT @tishcyrus: Double Date....  #lovethem #friends #casavega  krisjenner @CoreyGAMBLE billyraycyrus https://t.co/xWsWufN6Yt
591693421925900300,Fri Apr 24 20:01:19 +0000 2015,RT @KrisJenner: Great night with great friends tishcyrus billyraycyrus @CoreyGAMBLE #casavega #friendship #taconight https://t.co/dHFjWbLPMg
583687677964202000,Thu Apr 02 17:49:21 +0000 2015,Build self ..... Then build others.
552872633293746200,Wed Jan 07 17:01:22 +0000 2015,Win win.  .... 2015
497129241981354000,Wed Aug 06 21:17:02 +0000 2014,Always know that the show must go on.  Keep calm and carrying on......
492182090847240200,Thu Jul 24 05:38:49 +0000 2014,Shoutout to @kharmasrevenge.   Check out the movement.
488797469438799900,Mon Jul 14 21:29:32 +0000 2014,@priyankachopra  u r amazing.....  Happy for u my friend.
478014253828288500,Sun Jun 15 03:20:53 +0000 2014,RT @scooterbraun: Drinks with @thatrygood @CoreyGAMBLE and friends and asked why are we so happy. Response "because we are living lives we …
476221389242773500,Tue Jun 10 04:36:41 +0000 2014,@realshaunking yo yo done.  Let me know when
470108199778258940,Sat May 24 07:45:03 +0000 2014,Class....wrapped in Dolce &amp; Gabbana neck to toe.     #amfARCannes  #france2014    Uncle nephew @justinbieber http://t.co/eNymOZmUMf
465391476805877760,Sun May 11 07:22:29 +0000 2014,Shoutout to Mr Tull    Thanx for letting us see Godzilla. Congrats !!   #Ledgendaryfilms
464970828430340100,Sat May 10 03:30:58 +0000 2014,RT @justinbieber: @CoreyGAMBLE everyone follow uncle Corey :)
464716811137597440,Fri May 09 10:41:36 +0000 2014,RT @scooterbraun: Dudes out here grindin, entertaining folks in camps bay. @CoreyGAMBLE is impressed! "in between cars on concrete. That's …
462916626233294850,Sun May 04 11:28:18 +0000 2014,@justinbieber  late on the reply nephew but all our days will be blessed.....
462915786198102000,Sun May 04 11:24:58 +0000 2014,RT @justinbieber: @CoreyGAMBLE blessed day uncle Corey
461024310451527700,Tue Apr 29 06:08:55 +0000 2014,RT @justinbieber: @scooterbraun @AllisonKaye @CoreyGAMBLE big day with uncle corey
456572999429132300,Wed Apr 16 23:21:00 +0000 2014,RT @scooterbraun: @justinbieber @KennyHamilton @CoreyGAMBLE love u guys
456572360393375740,Wed Apr 16 23:18:28 +0000 2014,@scooterbraun @justinbieber @KennyHamilton   Back at u u Fam ....
447940492819312640,Mon Mar 24 03:38:30 +0000 2014,RT @justinbieber: Uncle Corey!!!! #selfie http://t.co/5zrrtBKuhH http://t.co/69RUgH4bHn
447936054645903360,Mon Mar 24 03:20:52 +0000 2014,Good work  @adambraun    Go support this great book http://t.co/zs7pMeT7bt http://t.co/uZGcHtsPeT
445580565740142600,Mon Mar 17 15:21:00 +0000 2014,@willpowerpacker yo that shit woke me  up out of my dream....   And I'm a Georgia boy so I feel u.
445557889826947100,Mon Mar 17 13:50:53 +0000 2014,@traciebeer to a plane now!!!!
445557657672237060,Mon Mar 17 13:49:58 +0000 2014,That was the best wake up alarm for a lot of people....    #earthquakeLA
445554271228932100,Mon Mar 17 13:36:30 +0000 2014,What the hell LA !!!!!!!!     Wow.   That was a dam real Shake down.
444896776588247040,Sat Mar 15 18:03:51 +0000 2014,@hoogs @scooterbraun lol I have to stay ready for when to right girl walks up....
444692790736203800,Sat Mar 15 04:33:17 +0000 2014,RT @scooterbraun: ladies and gentlemen...the great @CoreyGAMBLE has entered my office. it now smells great in here. this guy always smells …
444690793387683840,Sat Mar 15 04:25:21 +0000 2014,RT @CrazyKhalil: Me &amp; @justinbieber on FaceTime with @ScooterBraun &amp; @CoreyGAMBLE they rockin with that Bands Up. It's… http://t.co/4zYJ4EL…
440540769288347650,Mon Mar 03 17:34:38 +0000 2014,Great Oscar night. http://t.co/j7QinDu1cn
440540497715544060,Mon Mar 03 17:33:34 +0000 2014,Oscars 2014 http://t.co/17WzMnoOyO
440312966777274400,Mon Mar 03 02:29:26 +0000 2014,@TheEllenShow your pass funny buddy.....    Great Work
439986908764975100,Sun Mar 02 04:53:48 +0000 2014,Oscar fun........
438759661978652700,Wed Feb 26 19:37:09 +0000 2014,Watch my dog @CheetoSantino  new show Mixology 2nite at 9:30/8:30c after Modern Family on ABC  If not,  it's all gravy!!!  He will Win. Lol
435501176805539840,Mon Feb 17 19:49:06 +0000 2014,@MileyCyrus let it growww !!
434409183048261600,Fri Feb 14 19:29:54 +0000 2014,@jamieblakesher lol lol.
433668544589357060,Wed Feb 12 18:26:52 +0000 2014,Life is a everyday Hunt - cG
428331975876022300,Wed Jan 29 01:01:15 +0000 2014,@Tommieharris90  Not.......
424262833270824960,Fri Jan 17 19:31:56 +0000 2014,if your ass is out there walking hold your thumb up @willpowerpacker is letting everybody #RideAlong  all weekend!!!!   Go see it.   #1 2014
422805717129515000,Mon Jan 13 19:01:52 +0000 2014,Last night was pretty fun.    #GoldenGIobes  2014 http://t.co/sMiO3uTZJB
421713632934625300,Fri Jan 10 18:42:19 +0000 2014,@donjuannc yo yo what up dog
420185402377400300,Mon Jan 06 13:29:41 +0000 2014,My book has long chapters..... I need more pages!!   #LIFE
418160387142344700,Tue Dec 31 23:22:59 +0000 2013,I've been living in 2014 for 3hrs and 23mins.   Happy New Years where ever u are......It's great here in the future! http://t.co/xRHRiNjeUj
409433353792663550,Sat Dec 07 21:24:53 +0000 2013,@hoogs u doing the right thing.....  Cheer on.!!  O U.
409223043324461060,Sat Dec 07 07:29:11 +0000 2013,@BIGSHIZ  my brother no words needed we already spoke this up lonngggg time ago...   Proud of my dog....   Keep it going.
407698016703762400,Tue Dec 03 02:29:16 +0000 2013,If u stay ready... U never have to get ready.-CG
400341800830783500,Tue Nov 12 19:18:17 +0000 2013,@willpowerpacker lol lol that was a good one.... I can't even reply to that....
400133339333414900,Tue Nov 12 05:29:56 +0000 2013,@willpowerpacker Mannn u still cheering for those little Buc's..smh... I mean we had a bad Sunday but u know it's all about Americas team.
399595844778729500,Sun Nov 10 17:54:08 +0000 2013,RT @scooterbraun: Happy birthday weekend to my guys @jonmchu and @CoreyGAMBLE
399425302381621250,Sun Nov 10 06:36:27 +0000 2013,I made it !!!!!!! Another November 10 is here... I'm a year wiser &amp; thank GOD for this great life... Blessed &amp; happy with Me...   BDay#32
394887012815499260,Mon Oct 28 18:02:55 +0000 2013,It's all about being Your own Happy.. -CG
392510811391787000,Tue Oct 22 04:40:44 +0000 2013,A wise man never looks back.....y??.... Cause he doesn't have too!!
392501664088723460,Tue Oct 22 04:04:23 +0000 2013,Everyone fails but your never a failure until you start pointing the fingers at others.....   #Wisewords
392472642030030850,Tue Oct 22 02:09:04 +0000 2013,Never let someone who has done nothing tell you how to do anything....
388704635495538700,Fri Oct 11 16:36:21 +0000 2013,Be a mystery to others and true to yourself most people fall because they become true to others and a mystery to themselves..... - CG
387729148606967800,Wed Oct 09 00:00:07 +0000 2013,RT @justinbieber: Late night in Korea with @psy_oppa @IBGDRGN @scooterbraun @AlfredoFlores @CoreyGAMBLE and the crew. #funtimes
382056469962563600,Mon Sep 23 08:18:55 +0000 2013,@scooterbraun it's about that time....
380259302373478400,Wed Sep 18 09:17:37 +0000 2013,RT @TrendsDanmark: CoreyGAMBLE, @coreygamble is now trending in Denmark http://t.co/B4DT8f6Qbv
380229980807917600,Wed Sep 18 07:21:06 +0000 2013,RT @justinbieber: @scooterbraun heard about the talk in Canada from @CoreyGAMBLE. Good stuff. Tell that mom I'm gonna be ok just growing an…
376177116997763100,Sat Sep 07 02:56:28 +0000 2013,check out http://t.co/eqWVcRKZwR @Starshell
372017708268658700,Mon Aug 26 15:28:28 +0000 2013,RT @scooterbraun: Hello!? @justinbieber @CoreyGAMBLE http://t.co/I6iB2xwda5
370523812473102340,Thu Aug 22 12:32:15 +0000 2013,Love vs Hate.     Love always Win......
366871208119115800,Mon Aug 12 10:38:06 +0000 2013,@EmLuvsKanter @ericashnaider no prob.
366844461986230300,Mon Aug 12 08:51:50 +0000 2013,@EricaShnaider no problem kiddo...
366516313037881340,Sun Aug 11 11:07:53 +0000 2013,RT @scooterbraun: My guys in ATL tonight! Papa @CoreyGAMBLE , ludacris http://t.co/TjUSDQW1W0
363093570955538400,Fri Aug 02 00:27:07 +0000 2013,@fancy  no doubt.  Great day man.   Thanx again.
363091277828878340,Fri Aug 02 00:18:01 +0000 2013,RT @fancy: Great to see you @CoreyGAMBLE thanks for the inspiration
361018018345660400,Sat Jul 27 06:59:37 +0000 2013,RT @yael: Seriously, @CoreyGAMBLE gives great hugs. Great.
361017672185552900,Sat Jul 27 06:58:15 +0000 2013,@yael that's because I love u girl.... And u brought a bright light to my brothers life.  Your the Best !   He tooo lucky
357351102477369340,Wed Jul 17 04:08:36 +0000 2013,It's a New Day......   #newBlessings #newrules
357283750293405700,Tue Jul 16 23:40:58 +0000 2013,@TimNewfang yo yo I know man.  Ill be glad to see my people....
355337984226230300,Thu Jul 11 14:49:11 +0000 2013,RT @justinbieber: Just hit 2 half court shots for Erv!! And @CoreyGAMBLE is dressed like a coach! #indy #BelieveTour
354332617195266050,Mon Jul 08 20:14:13 +0000 2013,Check out my people @kharmasrevenge on twitter and Instagram...  they doing positive things.
351611353477296100,Mon Jul 01 08:00:53 +0000 2013,Walk the right walk.... -CG
351610811032150000,Mon Jul 01 07:58:44 +0000 2013,Thankful in the Biggest way....  #favor
350125785811664900,Thu Jun 27 05:37:47 +0000 2013,RT @Beats4thestars: Congrats to my team @philthekeys @jdbutlermixing @CoreyGAMBLE  and T.A We have are first #1 Gosple hit… http://t.co/d4D…
348002564966596600,Fri Jun 21 09:00:51 +0000 2013,RT @justinbieber: #game7 with the fellas @thatrygood @carllentzNYC @DJTayJames @MAEJORALI @CoreyGAMBLE #blessed
346169219685167100,Sun Jun 16 07:35:48 +0000 2013,In life it's not about What u do..... It's about How u do it ....and who u doing it with ...........    -CG
341609832983441400,Mon Jun 03 17:38:25 +0000 2013,Spread the word about @BdayGirlWorld!! &gt;http://t.co/LXC0C323Ep &gt;http://t.co/NP9rSpDE1f
336912795155185660,Tue May 21 18:34:04 +0000 2013,Go check out my girl @Starshell's new BIRTHDAY GIRL clothing line http://t.co/LXC0C323Ep  #BirthdayGirl
333349707982180350,Sat May 11 22:35:38 +0000 2013,The best day and journey..spending a day in one of the largest townships n Africa was a life changing experience... http://t.co/4dSl2xCfu1
332521051131093000,Thu May 09 15:42:51 +0000 2013,@scooterbraun crazy!  That crew brought the Las Vegas show "O" to the streets of Cape Town. http://t.co/MiBfFuCsax
331218187066691600,Mon May 06 01:25:44 +0000 2013,It's not what u do..... It's how u do it...
325224876615016450,Fri Apr 19 12:30:27 +0000 2013,RT @Quincy: Check out #TheFirstThingVideo -- http://t.co/uTKJDjoASf  ! Hope u love it!!!
322152742778961900,Thu Apr 11 01:02:53 +0000 2013,@billyraycyrus very proud of u my great friend.....  The book and new music is going to do great.....
318581760092942340,Mon Apr 01 04:33:05 +0000 2013,Reaching high.....&amp; Grabbing my goals..
314864714234621950,Thu Mar 21 22:22:52 +0000 2013,What long asss day !!!!    a night spa &amp; steam to close this thang out 💪...✌
314863545143681000,Thu Mar 21 22:18:13 +0000 2013,Swiss Alps is the best skiing in the World !!! http://t.co/ACycCHsLnx
314467693392691200,Wed Mar 20 20:05:15 +0000 2013,I miss the amc tv show "the walking Dead"...
308577663965093900,Mon Mar 04 14:00:22 +0000 2013,The time is now .... Take your life to the next level.    Be great or get as close as u can to greatness- CG
306884788000813060,Wed Feb 27 21:53:29 +0000 2013,Watch the lovely @Starshell Tonight!!!! on Law &amp; Order SVU 9pm on NBC!!!!!  Don't miss her.....
306883702460403700,Wed Feb 27 21:49:10 +0000 2013,RT @Starshell: Tonight! Watch me on Law &amp; Order SVU 9pm on NBC! Let me know what ya think 😁 😉 #repost via iamdido… http://t.co/oryHU ...
306686860820881400,Wed Feb 27 08:47:00 +0000 2013,Working hard..... Working smart.....
303748576847224800,Tue Feb 19 06:11:18 +0000 2013,RT @Quincy: Ladies make sure to listen to this before you go to bed. #TheFirstThing - http://t.co/tqvf37e7
302588125337755650,Sat Feb 16 01:20:05 +0000 2013,RT @AlfredoFlores: Everyone who didn't get a chance to listen to @Quincy's new song #TheFirstThing make sure you download it… http://t.c ...
301267582521069600,Tue Feb 12 09:52:43 +0000 2013,a Solid crew.....   @scooterbraun @jsmanson @octobergonz @tonygonzalez88 @kennyhamilton @davidappleton
301011223435161600,Mon Feb 11 16:54:02 +0000 2013,Great energy during hard work with a great team = success
299836173537378300,Fri Feb 08 11:04:49 +0000 2013,Up thinking about the great journey ahead.....
298954755387043840,Wed Feb 06 00:42:22 +0000 2013,@Tommieharris90 that was a hacker ....
298949324065341440,Wed Feb 06 00:20:47 +0000 2013,all my tweets from today was falsely done by a hacker......
298727616423268350,Tue Feb 05 09:39:48 +0000 2013,This will be the 1st night in 11 days that ill get to sleep atleast 6hrs.... I hope 🙏
298091942552682500,Sun Feb 03 15:33:52 +0000 2013,Making it count.....   #thegrind
297480834653495300,Fri Feb 01 23:05:32 +0000 2013,Everything we do is for Longevity.....  Middle finger to the 15mins!!! -CG.         #thegrind
297431684901662700,Fri Feb 01 19:50:14 +0000 2013,I run up these trails hard... preparing for every adventure life is about to throw at me... -CG
297312846457499650,Fri Feb 01 11:58:01 +0000 2013,Blessed &amp; equipped ......   Lets work!
297162084565807100,Fri Feb 01 01:58:56 +0000 2013,with patience and faith your chance to step up and deliver is right around the corner.....#makeitcount. http://t.co/abKV9kKT
296849031374716900,Thu Jan 31 05:14:58 +0000 2013,Patience Patience Patience........  "Deeeep breath"!!!!     Ok.    Lets Go!   #LA
296843968321314800,Thu Jan 31 04:54:51 +0000 2013,@hoogs  family
296843785483214850,Thu Jan 31 04:54:08 +0000 2013,RT @hoogs: @scooterbraun @CoreyGAMBLE @justinbieber @ToriKelly two of my favorite people and two of my favorite artists. that's good stuff
296682433858904060,Wed Jan 30 18:12:58 +0000 2013,Teamwork is Key.
296563945802723300,Wed Jan 30 10:22:09 +0000 2013,In this Game when your name is called..... You must step up &amp; execute. -CG.     #focused
296545186832584700,Wed Jan 30 09:07:36 +0000 2013,In Life sometimes your goals can be achieved by helping others achieve theirs...
296245461097013250,Tue Jan 29 13:16:36 +0000 2013,Thanks for my Gift in Life.....    #favor http://t.co/zS63R1D2
296065251152109600,Tue Jan 29 01:20:31 +0000 2013,RT @scooterbraun: me and @CoreyGAMBLE are sitting here listening to both #BELIEVEacoustic by @justinbieber and #HandMadeSongs by @ToriKe ...
296063987345412100,Tue Jan 29 01:15:29 +0000 2013,@scooterbraun @justinbieber this new #BELIEVEacoustic  album is amazing.
296063104289239040,Tue Jan 29 01:11:59 +0000 2013,Wow @torikelly is going to be HUGE .... Beautiful music.
295703045143142400,Mon Jan 28 01:21:14 +0000 2013,RT @scooterbraun: With @CoreyGAMBLE @brandoncauff in Miami. Friends for years. #silverspoonent haha http://t.co/FZ9ZjeAH
295263887719284740,Sat Jan 26 20:16:11 +0000 2013,Patience Patience Patience..... "Deeeeep breath".    Ok.....  Lets go!!  #miami
293754922879549440,Tue Jan 22 16:20:05 +0000 2013,I have to take my ass to sleep b4 4am to make a 7am workout...
293281061633409000,Mon Jan 21 08:57:08 +0000 2013,Great week ahead.....
293070823118487550,Sun Jan 20 19:01:43 +0000 2013,@AngelaSimmons noooooot !!!   Ravens vs ATL Superbowl....
292721951586283500,Sat Jan 19 19:55:26 +0000 2013,Everybody lets make this a perfect Saturday.....
292569086536339460,Sat Jan 19 09:48:00 +0000 2013,Late night heated salt water swim......   Feeling good feeling great....how r u?
292140710814167040,Fri Jan 18 05:25:47 +0000 2013,Think Big..... do Big..... &amp; love everyone....
290525802997624800,Sun Jan 13 18:28:43 +0000 2013,@MahdiWoodard my dog
287993873949659140,Sun Jan 06 18:47:44 +0000 2013,The LA grind is back in full effect....   2013....   I'm going harder than I ever have.   Completing all my goals.
286701050918993920,Thu Jan 03 05:10:31 +0000 2013,@TimNewfang @PaulKhoury  yooo same to y'all....   Much fun ahead.
285913226330386430,Tue Jan 01 00:59:59 +0000 2013,2013 is near....!!!!!
283390229434474500,Tue Dec 25 01:54:30 +0000 2012,@RogerBonds1 @cirocmiami .... Same to u Fam ..... Have a great one.
281602780160991230,Thu Dec 20 03:31:49 +0000 2012,@GidgetDoesATL @bryan_m_cox  that's my dog......  Happy B day boy
280499203795451900,Mon Dec 17 02:26:36 +0000 2012,@TimNewfang @PaulKhoury  how bout dem COWBOYS !!!
279908557560893440,Sat Dec 15 11:19:35 +0000 2012,@TimNewfang yo yo not much.  Just got back in the hood......
276144729329135600,Wed Dec 05 02:03:28 +0000 2012,@CheyneThomas that brand your rocking is called Invisible Bully
276131808159076350,Wed Dec 05 01:12:08 +0000 2012,@CheyneThomas aight bet...  &amp; LOL @MileyCyrus ....   Cor'or !!!!    Classic
276128959593345020,Wed Dec 05 01:00:48 +0000 2012,@CheyneThomas lol.   All good fam.
274456436271095800,Fri Nov 30 10:14:48 +0000 2012,Love urself &amp; carry on.....
274067134395580400,Thu Nov 29 08:27:51 +0000 2012,@CheyneThomas @vij_photo @mileycyrus @realdenikab   LOL.  Tell her to call me.....
272498607024906240,Sun Nov 25 00:35:05 +0000 2012,@MileyCyrus &amp; a great night it was..... with some good people.  Many laughs !!
271376602858934270,Wed Nov 21 22:16:38 +0000 2012,@cory yooo where in H town are u?
271374572903882750,Wed Nov 21 22:08:34 +0000 2012,Sam Houston Tollway to the 59.... SugarLand where the food at???
267459112693026800,Sun Nov 11 02:49:56 +0000 2012,Thanx for all the Birthday love..... Today has been great.
267454434454413300,Sun Nov 11 02:31:20 +0000 2012,@AlfredoFlores thannnxx nephew ....bsafe out on that road... I know u &amp; ur twin @Quincy had a ball in NY....lol #Vsecrets
267453742155178000,Sun Nov 11 02:28:35 +0000 2012,RT @AlfredoFlores: @CoreyGAMBLE HAPPPY BIRTHDAY BOIIII!!!!!
267453699083866100,Sun Nov 11 02:28:25 +0000 2012,@Quincy Thanx nephew ....  Love u boy.  U mean the world to me kid!!   Keep working hard.... Proud of u.
267453392580919300,Sun Nov 11 02:27:12 +0000 2012,RT @Quincy: Happy Birthday to my unc @CoreyGamble! Love u mane! Everyone send em sum bday love!!
267210334916444160,Sat Nov 10 10:21:23 +0000 2012,Funnnnn start to my Born day....
266027594221228030,Wed Nov 07 04:01:35 +0000 2012,That's Obama right there........&amp; we ain't got no Worries..!!!   Look me in my face.................. I don't got NO worries!!   #Obama2012
265023170854137860,Sun Nov 04 09:30:22 +0000 2012,Sorry officer for running that red light..... But I see u following me. I'm also sorry  to be riding thru Beverly Hills this dam Good!!! Lol
264786310177382400,Sat Nov 03 17:49:10 +0000 2012,@BlueCafeBooks what up fam.  Soon
264724836465643520,Sat Nov 03 13:44:54 +0000 2012,Got big plans......     Good night.......    Dream Big.
264682186094043140,Sat Nov 03 10:55:25 +0000 2012,A new style of ART is about to make a grand entrance .....
263727416114024450,Wed Oct 31 19:41:30 +0000 2012,The Future of the @LPGA is @ShePlaysGolf .....   http://t.co/KmU1GEf3
262402221461893120,Sun Oct 28 03:55:39 +0000 2012,@qflava anytime my dog
261650420286492670,Fri Oct 26 02:08:16 +0000 2012,@RedEyeInc @AdamBraun @AlfredoFlores all good with me.
261390318862229500,Thu Oct 25 08:54:43 +0000 2012,In this life.... if u study long u study wrong ..... Go with ur gut the 1st time.
261064880080183300,Wed Oct 24 11:21:32 +0000 2012,U snooze u loose....
260606414047834100,Tue Oct 23 04:59:45 +0000 2012,http://t.co/gymNr3CE
260606084300042240,Tue Oct 23 04:58:26 +0000 2012,One Malibu night #PCH #speed http://t.co/WXRHM15Z #PCH #speed
260601160350724100,Tue Oct 23 04:38:53 +0000 2012,Cine: cinemagr.am http://t.co/lwriLEx3
260271923907416060,Mon Oct 22 06:50:36 +0000 2012,Being nice is sometimes "worst" than being mean to people.....
259523752935714800,Sat Oct 20 05:17:39 +0000 2012,Off to Black tie event #BH http://t.co/VsHaJbDg
257023710022737920,Sat Oct 13 07:43:22 +0000 2012,It's time to double down....
255939702081859600,Wed Oct 10 07:55:54 +0000 2012,RT @scooterbraun: Never forget those that helped u along the way
254756971700420600,Sun Oct 07 01:36:09 +0000 2012,"The Person who does things that count,     doesn't usually stop to count them."  -CG
254754055308578800,Sun Oct 07 01:24:34 +0000 2012,The Power of Love vs The Love of Power..........
254708135376347140,Sat Oct 06 22:22:06 +0000 2012,Focused on execution....   #Maldives #Crete
253920776586158080,Thu Oct 04 18:13:25 +0000 2012,Love all..... Trust a couple......Do wrong to none....
253286756215054340,Wed Oct 03 00:14:03 +0000 2012,hey y'all download my homie @Ashanti new joint ft Rkelly http://t.co/pnTPVSJ2 on itunes NOW! Produced by @Beats4thestars
253042518286028800,Tue Oct 02 08:03:32 +0000 2012,Looking for the right wave......
252842106647896060,Mon Oct 01 18:47:10 +0000 2012,RT @Ludacris: "If u don't design your own life plan, chances are you'll fall into some1 else's plan &amp; guess what they have planned f ...
252013377935769600,Sat Sep 29 11:54:06 +0000 2012,U have to pay attention to the signs early...People always show u who they are...We just have to believe them the 1st time....-CG    #signs
249946342502330370,Sun Sep 23 19:00:26 +0000 2012,@willpowerpacker I hope your cell phone gone be able to take all the shit I'm about to talk in about 2 quarters !!  #DallasCowboys
247149197067964400,Sun Sep 16 01:45:35 +0000 2012,Having a very simple southern fun Saturday college football &amp; horses with my long time friend @TraceAyala &amp; family ...#southernhospitality
246463761085526000,Fri Sep 14 04:21:54 +0000 2012,a mind does not age ..... It just grows. -CG
246193965739700220,Thu Sep 13 10:29:50 +0000 2012,Say less...... Do more...
246104524698288130,Thu Sep 13 04:34:25 +0000 2012,Favor + Je ne sais quoi .......
245205378294480900,Mon Sep 10 17:01:32 +0000 2012,Great Business start as a thought....followed by an action... done by a TEAM.... -CG
245178610359619600,Mon Sep 10 15:15:10 +0000 2012,a mix of favor and Je ne sais quoi ....  I'm going to use it wisely.. - CG
245171278321950720,Mon Sep 10 14:46:02 +0000 2012,This exciting Monday has started...!
245022582166917120,Mon Sep 10 04:55:10 +0000 2012,Fresh out the shower.... my gear right... but didn't think twice when my good friend needed my help &amp; I had to break a sweat....#aRealfriend
244917809832923140,Sun Sep 09 21:58:50 +0000 2012,@realshaunking @willpowerpacker ....lol  mannnn see that St.Petersburg crap make fam turn on fam...
244915651402137600,Sun Sep 09 21:50:16 +0000 2012,@willpowerpacker yeah I figured u would bring up the pass!!!  Lol.  but Y'all gone Learn today......
244677511299084300,Sun Sep 09 06:03:59 +0000 2012,Great things start as a thought....followed by an action.
244268783382958080,Sat Sep 08 02:59:50 +0000 2012,Being a student... so I can Master the Art of timing....
244121232717533200,Fri Sep 07 17:13:32 +0000 2012,RT @billyraycyrus: @CoreyGamble @TheEllenShow. Aint gonna #ChangeMyMind.You are both wonderful and inspiring.So glad we shared yesterday ...
244108909999161340,Fri Sep 07 16:24:34 +0000 2012,Nothing but great energy when in a room with @billyraycyrus &amp; @TheEllenShow at the same time #NBC  #ChangeMyMind
243946943896776700,Fri Sep 07 05:40:58 +0000 2012,Life is nothing but a Poker game.....&amp;  I  love being myself ... I love this game &amp; the players in it !!!
243667236710133760,Thu Sep 06 11:09:31 +0000 2012,Just because u look out &amp; care for others ...  Doesn't mean others will look out or care for U...  but don't stop the love..... Let it flow.
243443406733471740,Wed Sep 05 20:20:05 +0000 2012,RT @Ludacris: I want everybody to be inspired by the Forbes article!!! Hard work &amp; believing in your dreams pays off:--&gt; http://t ...
243386599835050000,Wed Sep 05 16:34:21 +0000 2012,Patience, Persistence &amp; Passion
243290357494861820,Wed Sep 05 10:11:56 +0000 2012,Ive been a fan of only 2 artist when it comes to dance videos MJ and @MCHammer &amp;now it's a 3rd. Psy Gangnam Style @psy_oppa Does his thang!!
243287930712502270,Wed Sep 05 10:02:17 +0000 2012,RT @BIGSHIZ: Some people are just fools, they are so caught up in what they think, that they convince themselves that Wrong is Right &am ...
243119766129213440,Tue Sep 04 22:54:03 +0000 2012,a mix of favor and Je ne sais quoi ........ CG
243116249578622980,Tue Sep 04 22:40:05 +0000 2012,Sunday I witness a great friend doing great business...   &amp; when your doing great business only old age will take u out of this game...
242834247172382720,Tue Sep 04 03:59:30 +0000 2012,When u least expect it god will add a beautiful piece to your life...  Sometimes it comes in the form of a new person with great energy.
242762872806076400,Mon Sep 03 23:15:53 +0000 2012,@qflava not much bro just..... Open gangnam style!!!
242744031568875520,Mon Sep 03 22:01:01 +0000 2012,@ShePlaysGolf  lol.   I hear u
242738613710897150,Mon Sep 03 21:39:30 +0000 2012,@ShePlaysGolf what up Aka...
242587771716382720,Mon Sep 03 11:40:06 +0000 2012,@qflava yeah man it was kinda cool....
242584959313932300,Mon Sep 03 11:28:55 +0000 2012,RT @KennyHamilton: Watching think like a man @scooterbraun's crib with @maxthewanted @JayTheWanted @NathanTheWanted and @CoreyGAMBLE #Meechy
241643432559382530,Fri Aug 31 21:07:38 +0000 2012,@sirdavidD good job kid
241299157548167170,Thu Aug 30 22:19:36 +0000 2012,RT @itsgabrielleu: I love u. I appreciate u. I'm grateful for your help. I'm sorry. I need help. We don't say these things enough. Love  ...
241266601477943300,Thu Aug 30 20:10:14 +0000 2012,Shout out to Yung 12 out in OKC grinding... ://youtu.be/8mB7pqtiGbE?hd=1
240976313161224200,Thu Aug 30 00:56:44 +0000 2012,RT @montanatucker: Thank you all so much for the support on my leaked song "Boys Like You"! If you haven't heard it yet, here it is:   h ...
240167685768486900,Mon Aug 27 19:23:33 +0000 2012,RT @RedEyeInc: Don't confuse YOUR PATH with YOUR DESTINATION.   #purpose
240155319903350800,Mon Aug 27 18:34:24 +0000 2012,@RogerBonds1 always respect fam...
238079030635663360,Wed Aug 22 01:03:58 +0000 2012,RT @The_All_Starz: Hey AllStarz! Remember that you can follow @Starshell on @Tumblr at http://t.co/72pqomIY!!!
237810110469132300,Tue Aug 21 07:15:23 +0000 2012,@iamtheavery @cristyquinones yo what up... all good man ....   It's done.
237723073971888130,Tue Aug 21 01:29:32 +0000 2012,@qflava absolutely... your 200% correct..
237369941974728700,Mon Aug 20 02:06:18 +0000 2012,@Dylanzworld u got what it takes kid.... &amp; do that workout we talked about everyday boy.
236996929001775100,Sun Aug 19 01:24:05 +0000 2012,@Dylanzworld what up lil bro.... Aka the next Superstar !!!
236962128622415870,Sat Aug 18 23:05:48 +0000 2012,LA is a town where u can do or be anything your mind desires......   Great Saturday...
236347121421406200,Fri Aug 17 06:21:59 +0000 2012,Spread love ..... Receive love ... Nobody can stop u but You !
236345267073466370,Fri Aug 17 06:14:37 +0000 2012,RT @Starshell: Thank u L.A.!!!! So live tonite! I feel so blessed 2 share a stage with JLo &amp; Enrique!! ❤🙏🎉  http://t.co/Rz1FVCew
236345130397872130,Fri Aug 17 06:14:04 +0000 2012,RT @Starshell: Wow!!!! First time ever playing at the Staples Center!!! BIG NITE!! ❤ #jlodanceagaintour #birthdaygirlpartyt http://t.co/ ...
236277281142763520,Fri Aug 17 01:44:28 +0000 2012,Always happy to help @RedEyeInc @adambraun keep doing all the great things for people like u guys do...
235955790773616640,Thu Aug 16 04:26:59 +0000 2012,When it seems like life is tough... Just send more Love out to the universe &amp; Good will boomerang back.... -CG
235866851429715970,Wed Aug 15 22:33:34 +0000 2012,2 paths to Greatness can be found by making 2 others Greater... - CG #facto
235129827156443140,Mon Aug 13 21:44:53 +0000 2012,Think positive .... Walk positive and great things happen.
235109326979751940,Mon Aug 13 20:23:26 +0000 2012,The abundance in your life is magnified by every other person through whom you let it flow......
235108967636934660,Mon Aug 13 20:22:00 +0000 2012,You have to let God deal with the people...   &amp; just continue to Work hard/smart &amp; Love/ bless the ones u can..- CG
234596399461851140,Sun Aug 12 10:25:14 +0000 2012,Very happy and proud of allll my friends doing great out here in this World..&amp; the ones that haven't reached their goals no worries U WILL !
234593894602510340,Sun Aug 12 10:15:17 +0000 2012,Fun night....Throw back fun!!! Me and @scooterbraun busting  moves like we did back in "02".classic.I guess it was #Meechy ... Lol   #facto
234591116199079940,Sun Aug 12 10:04:15 +0000 2012,RT @scooterbraun: Great bday dinner @asherroth @DavidAppleton @CoreyGAMBLE with money mike and raz mataz. #insidejoke
234076060902359040,Fri Aug 10 23:57:36 +0000 2012,RT @ralphmarston: The abundance in your life is magnified by every other person through whom you let it flow.
233855349285875700,Fri Aug 10 09:20:34 +0000 2012,Loving life.    Coldplay plays in my car everyday.   Especially right now on this  late night ride home ....
233812434631143420,Fri Aug 10 06:30:03 +0000 2012,truth be told ... I don't do nothing but connect big Dots and love everybody...  Hate me or Love me... In the end Love always Wins..  #fact
233706404173713400,Thu Aug 09 23:28:43 +0000 2012,@MrsPerfect_XD u are noticed.... Just keep loving @justinbieber  he loves u back.   Believe it.
233579229445496830,Thu Aug 09 15:03:22 +0000 2012,8am LA.  Something great is happening to me today and I will make something great happen for someone.   #fact
233500758270689280,Thu Aug 09 09:51:33 +0000 2012,I just wanna spread some love and help someone achieve Greatness as I do the same....  That's all.    No energy is greater than love.
233494993476657150,Thu Aug 09 09:28:39 +0000 2012,@justinbieber @scooterbraun  Im glad and thankful to be apart of that classic album...  @RodneyJerkins did his thing. #iBelieved
233437242083909630,Thu Aug 09 05:39:10 +0000 2012,RT @justinbieber: Just heard #AsLongAsYouLoveMe on the radio. Shoutout to @RodneyJerkins and @coreygamble
233297784353194000,Wed Aug 08 20:25:00 +0000 2012,2 the 10k + that's following me...  Tell me what do u feel is needed in your life in order for you to get to the next level of Greatness??
233293925023105020,Wed Aug 08 20:09:40 +0000 2012,Use ur words as bricks 2 build others UP not as buldozers to tear them down!.. Discredit or block others from making something Great happen.
233289246478323700,Wed Aug 08 19:51:05 +0000 2012,@BlameTheBlasian the world will know u soon.   Keep the funny going my friend.
233285771459715070,Wed Aug 08 19:37:16 +0000 2012,@BlameTheBlasian I'm in here homie...
232635562694156300,Tue Aug 07 00:33:34 +0000 2012,I wanna send Love out to everyone.. Even the ones that don't love me..  I love u..  #abundance
230608703584358400,Wed Aug 01 10:19:34 +0000 2012,Shout out to my dog @AlfredoFlores capturing major life through a Lens....  Don't vaca to hard.  Lol
229421456558264320,Sun Jul 29 03:41:52 +0000 2012,A VERY valuable lesson learned  today &amp;... my Vision just got clearer.
218946675203510270,Sat Jun 30 05:58:49 +0000 2012,Congrats to @Beats4thestars on that ASCAP award 2nite ""OUT OF MY HEAD" by Lupe Fiasco Featuring Trey Songz     Good work
218839489047560200,Fri Jun 29 22:52:54 +0000 2012,@ariellereitsma what happen??
218604079369306100,Fri Jun 29 07:17:28 +0000 2012,RT @RedEyeInc: Let your dreams take flighttttt... Even if those around you are all grounded!! #perspective
217738930269851650,Tue Jun 26 21:59:41 +0000 2012,RT @Beats4thestars: There is no elevator to success. You have to take the stairs.
217006572730195970,Sun Jun 24 21:29:33 +0000 2012,@RogerBonds1. 200%
216336038132592640,Sat Jun 23 01:05:05 +0000 2012,RT @RogerBonds1: Cirocboyz stand up! @hitmansteviej @BadBoyHenRoc @iamdiddy @CoreyGAMBLE @Quincy @RAULTS @BADBOYCIROC @Rube1
216335909937889280,Sat Jun 23 01:04:34 +0000 2012,RT @RogerBonds1: @CoreyGAMBLE @Quincy @JDior_ @SPIFFTvFilms @TheOfficialShaq @FrencHMonTanA @BadBoyHenRoc Quincy we there mon 106 park
216212291757146100,Fri Jun 22 16:53:22 +0000 2012,RT @BIGSHIZ: “@JoyceMeyer: God's light shines greater through “cracked pots” than it does through those who have it all together.”
216208911672418300,Fri Jun 22 16:39:56 +0000 2012,Use ur words as bricks 2 build others UP not as buldozers to tear them down!.. Discredit or block others from making something Great happen.
216190369275199500,Fri Jun 22 15:26:15 +0000 2012,RT @realshaunking: Use your words as bricks to build others up not as buldozers to tear them down!
215914953683636220,Thu Jun 21 21:11:51 +0000 2012,When u have a vision of making something good happen... Don't let Nothing block u from making it happen.... Anything is possible.  #justTry
215910879772950530,Thu Jun 21 20:55:39 +0000 2012,http://t.co/8zbHUwdY Check out @montanatucker dancing to @justinbieber "As Long as You Love Me".Choreo by @sparks5678
215533723666481150,Wed Jun 20 19:56:59 +0000 2012,Life and it's paths.....I know "my path" &amp;some will hate in silence but I always choose to Love out loud...#Positive http://t.co/pzlE392w
215529596651712500,Wed Jun 20 19:40:34 +0000 2012,I value my people&amp;friendships more than the grind- "my path" Do right by people &amp;u will become the Grind and Wealth will follow- "my Path"🙏
214881395363954700,Tue Jun 19 00:44:51 +0000 2012,RT @RodneyJerkins: Wow! Another life changing session happening on friday, thanks to @CoreyGAMBLE  #THETAKEOVER
214766145448841200,Mon Jun 18 17:06:53 +0000 2012,Still dangerous 2 say.. But @justinbieber Believe album will impact the world like Thriller did when MJ blessed us..HappyBDay @scooterbraun
213051138633773060,Wed Jun 13 23:32:04 +0000 2012,RT @Quincy: #7 today on @106andpark !!!! Love it love it love it!!!!!!!!!!! Thank u fam!!!
211287707371044860,Sat Jun 09 02:44:50 +0000 2012,Life &amp; it's moments....... http://t.co/vqOHdoTD
210170172940632060,Wed Jun 06 00:44:08 +0000 2012,Everyone go to http://t.co/g5CZOJgH and go to Hotel Madness. VOTE for W South Beach hotel...  W is up against Acqualina....  W must Win!!!
208671115613175800,Fri Jun 01 21:27:25 +0000 2012,If you was absent during my Struggle... Don't expect to be present during my success... - CG, ws
207854932798341120,Wed May 30 15:24:12 +0000 2012,It's ok if u didn't see Me...... I saw Myself....   Love Yourself &amp; the rest will follow...- CG ✌
207773975500177400,Wed May 30 10:02:30 +0000 2012,Be Kind but never Weak.... Love &amp; never hate.... Fly off to Wealth &amp; never Land..keep God 1st...with No fear. - CG    ✌
207751463500386300,Wed May 30 08:33:03 +0000 2012,GO in..... GO hard.... or Go your azz Home!!!!!      No room 4 Weakness...
207750673478074370,Wed May 30 08:29:55 +0000 2012,Can't Nobody hold u back or Hold u down..... but YOU...!!!!  No Excuses.... Just...   #Believe
207689822188474370,Wed May 30 04:28:06 +0000 2012,RT @RodneyJerkins: Thanks to @scooterbraun @justinbieber and @CoreyGAMBLE for making the  possibility of greatness actually become possi ...
207664120898650100,Wed May 30 02:45:59 +0000 2012,2 paths to Greatness can be found by making 2 others Greater... - CG
207611448652861440,Tue May 29 23:16:41 +0000 2012,@RodneyJerkins @scooterbraun @justinbieber Billboards are calling/begging for #DieInYouArms ......  Scott go on and put wings on it!!!  Lol
207605167124787200,Tue May 29 22:51:43 +0000 2012,RT @Beats4thestars: Check out sign my name by @KingJHoliday Produced by @Beats4thestars http://t.co/MVnNx2cw
206928793317814270,Mon May 28 02:04:03 +0000 2012,U should never Hate thee..... Just be Happy for....... - CG #positiveEnergyAlways
206785383365738500,Sun May 27 16:34:11 +0000 2012,RT @itsgabrielleu: If ppl dont like what u offer,  bring 2 the table or they plain don't like U, that's OK...more room on the dancefloor ...
206557988394246140,Sun May 27 01:30:36 +0000 2012,1 path to Greatness is by making someone else Greater... - CG
206243338427445250,Sat May 26 04:40:18 +0000 2012,@justinbieber IT'S Going #1....    PLS Believe !!!!   @scooterbraun  Tell'em... "Die in your Arms"....  #1!!! Across the board.
206241844835778560,Sat May 26 04:34:22 +0000 2012,RT @justinbieber: maybe if #DieInYourArms goes #1 on itunes we should drop another song from #BELIEVE the following week too. ;)
206061373686431740,Fri May 25 16:37:14 +0000 2012,RT @RealJayWilliams: Be daring, be different, be impractical, be anything that will assert integrity of purpose and imaginative vision a ...
205470178950123520,Thu May 24 01:28:02 +0000 2012,"A place where Deals come to a close".... Soho House Bev Hills ... Gotta love it...
205019422820270080,Tue May 22 19:36:54 +0000 2012,Follow the talented @MadisonElleBeer ..the world will 4sure know her voice soon!! Great Job guiding her to her Dream @traciebeer.
204794380366790660,Tue May 22 04:42:39 +0000 2012,In youth we Learn.... With age we Understand....
204500300072108030,Mon May 21 09:14:05 +0000 2012,RT @justinbieber: FORBES COVER STORY - http://t.co/iKz3wOPf
204451076005576700,Mon May 21 05:58:29 +0000 2012,LOVE overRules hate......  #Believe
204372458638295040,Mon May 21 00:46:05 +0000 2012,@traciebeer it's 4sure going to be a great one....
204184639672303600,Sun May 20 12:19:46 +0000 2012,It's ok to slow down to change lanes.... Then mash the peddle to the floor &amp; pass all the BS that was in the way.... ✌ #Life
204182446458150900,Sun May 20 12:11:03 +0000 2012,If u preach it... then Practice it too....  U can't preach truth and Live false....
204032455559221250,Sun May 20 02:15:02 +0000 2012,RT @scooterbraun: Take time 2 speak with people. Share ur knowledge and draw from theirs. What is the pt of collecting it all if u have  ...
204032440396816400,Sun May 20 02:14:59 +0000 2012,RT @scooterbraun: If you don't treat the people who for u as if they work with u how can u ever expect to lead. Leadership doest come fr ...
200874636563582980,Fri May 11 09:07:00 +0000 2012,Believe Believe Believe...... I do....  It's happing
200849278791450620,Fri May 11 07:26:15 +0000 2012,Anything Victoria Secret is good... http://t.co/mTlta6TK
200707133367517200,Thu May 10 22:01:24 +0000 2012,Check out my boy Yung 12. He at 78k views   He works hard .....  Oklahoma's Best    http://t.co/SXLl2DiX
200395888277991420,Thu May 10 01:24:37 +0000 2012,Receive them and Pass them NEVER Block them.....#Blesssings
199931616796213250,Tue May 08 18:39:46 +0000 2012,RT @Quincy: Please vote and Text 'QUI' to 79922 to get my video 'Stay Awhile' on the BET countdown!! Thanks!
199341577892659200,Mon May 07 03:35:10 +0000 2012,RT @Quincy: RT Please VOTE for 'Stay Awhile' to make the 106 &amp; Park countdown. Vote now! http://t.co/SchXx1K6
198303436868034560,Fri May 04 06:49:58 +0000 2012,I'm playing with a full deck of cards.... #godsmyACE.    ConnecttheDots....lalala....
198141971905253380,Thu May 03 20:08:22 +0000 2012,RT @Quincy: Check me out today on @106andPark @ 6pm EST 3pm PST as i premiere my video  "Stay Awhile!" http://t.co/IrIxwOxC
197518330779807740,Wed May 02 02:50:14 +0000 2012,RT @Quincy: Premiering my video "Stay Awhile" on 106&amp;Park Thursday! Check the sneak peak!  -  http://t.co/OiY74HeZ
197235985942192130,Tue May 01 08:08:18 +0000 2012,#ConnecttheDots in full effect.....
197235607154589700,Tue May 01 08:06:47 +0000 2012,One Life .... One Chance.... Make it Count.....   #theGreatlife
192171937491980300,Tue Apr 17 08:45:34 +0000 2012,Can't hate on Happy mixed with Love !!!  Know that
192171519072407550,Tue Apr 17 08:43:55 +0000 2012,Can't hate on Happy !!!!  Remember that....
192171153517854720,Tue Apr 17 08:42:28 +0000 2012,Live...Pray....Love.....Life......
189927269182091260,Wed Apr 11 04:06:05 +0000 2012,@Ludacris  they still cra !! http://t.co/y7X3vfZX
189426899116769280,Mon Apr 09 18:57:46 +0000 2012,@kevin congrats man.  Smoothie King on me bro.... Lol.  I'll be back to San Fran soon we gotta go back to that same Bar..
189074867222626300,Sun Apr 08 19:38:55 +0000 2012,RT @Quincy: Get your movie tix now for @WeThePartyMovie w/ @SnoopDogg @YG dir by@MarioVanPeeble --&gt; http://t.co/DCY1oc5i #WeTheParty
186206027400753150,Sat Mar 31 21:39:11 +0000 2012,It can be Done.... Even when others say it can't !!!    #Believe
183433614707539970,Sat Mar 24 06:02:36 +0000 2012,My Boys ...SWEETISH House Mafia !!  True Spinners.....
181700432584908800,Mon Mar 19 11:15:33 +0000 2012,RT @Starshell: Yooooo LIV is poppin. I just got off stage. Damn... So humbled!! @philthemayor1 @iamTlaw @CLuxeNYC @CoreyGAMBLE @Marquis_ ...
180922537151184900,Sat Mar 17 07:44:28 +0000 2012,I'm back to my 2nd home..... MIA .....
179414677388922880,Tue Mar 13 03:52:47 +0000 2012,@DannyVola ur going places kid just keep working hard....
177876340995915780,Thu Mar 08 21:59:59 +0000 2012,@realshaunking lol I'm working hard
177835561720090620,Thu Mar 08 19:17:56 +0000 2012,@realshaunking what up big homie...im just working hard man
177828546742452220,Thu Mar 08 18:50:04 +0000 2012,I'd like the thank #God for his Infinite Wisdom and for the greatest Creation of All ... W-O-M-A-N !!!!
177826133247668220,Thu Mar 08 18:40:28 +0000 2012,RT @Starshell: Every1 listen to the HEAT on Sirius radio this wkend they playin my song!!!! And request it!!!  Yayy!!!! #Birthdaygirl
176436903296507900,Sun Mar 04 22:40:11 +0000 2012,Or is it the Heat show??? http://t.co/s7X5cALr
176431967628304400,Sun Mar 04 22:20:34 +0000 2012,Live at the Lake show... http://t.co/yubUZY9d
176019347788148740,Sat Mar 03 19:00:57 +0000 2012,Thanx @ErnieRamos32 @kingjames for closing out one great night for @justeinbieber and @scooterbraun
175080928949977100,Thu Mar 01 04:52:00 +0000 2012,Never sale your soul for change......#wise.
174584303366324220,Tue Feb 28 19:58:36 +0000 2012,RT @sakonja: @CoreyGamble Plz *RT* EVERYBODY VOTE FOR @AMarcellusAI11 TONIGHT ON #AMERICANIDOL!!!!!
174399053449281540,Tue Feb 28 07:42:29 +0000 2012,@KateUpton is one Real cookie.... #GOODPeople
174241631254487040,Mon Feb 27 21:16:56 +0000 2012,RT @Starshell: @CoreyGAMBLE http://t.co/fhtNIHlH
174241470889472000,Mon Feb 27 21:16:18 +0000 2012,RT @Starshell: thank u @iamdiddy @maryjblige 2 of my biggest idols 4 sharing my music!! dreams do come tru! & hard ass work pays off! #B ...
174059214556237820,Mon Feb 27 09:12:05 +0000 2012,The Oscar is one heavy peace of Gold.... http://t.co/C5dta8wT
173468170064109570,Sat Feb 25 18:03:29 +0000 2012,@Starshell it's funny how the stars line up.....  CHINA.  Well We r well connected there.  BDG by Starshell coming soon!!!!!!!!!!!!
173465660788178940,Sat Feb 25 17:53:31 +0000 2012,RT @Starshell: Just got an offer to perform in China!!! Xcited!!!! #Birthdaygirlworldwide Woop Woop!!!
173351243975106560,Sat Feb 25 10:18:51 +0000 2012,RT @maryjblige: Retweet this and I'll retweet you. #BIRTHDAYGIRL follow @Starshell  Buy. http://t.co/SVTvu6sI #iTunes”
173351075804487680,Sat Feb 25 10:18:11 +0000 2012,RT @maryjblige: Let's go. @Starshell. #BIRTHDAYGIRL  http://t.co/SVTvu6sI #iTunes”  It's the 2012 and beyond anthem for a women. 6 to 96 ...
173350906635624450,Sat Feb 25 10:17:31 +0000 2012,RT @maryjblige: Follow my artist @Starshell every1. Seriously. We are dropping a song on her that will b the anthem 4 yrs 2 come. Follow ...
172583192426065920,Thu Feb 23 07:26:54 +0000 2012,RT @maryjblige: “@DJMIKAnyc: @maryjblie's new artist Starshell listening party:) http://t.co/dwiF24Y6”
172583039745003520,Thu Feb 23 07:26:17 +0000 2012,RT @Starshell: RT @jonmoore: Word on the street is that @Starshell @Interscope deejay meet & greet in NYC this evening was bananas...
172265370974035970,Wed Feb 22 10:23:59 +0000 2012,Thanks to my bro @scooterbraun im apart of the next chapter of History #Believe
172252753031208960,Wed Feb 22 09:33:51 +0000 2012,And I'm in the studio listening 1st hand so that's y I #Believe
172252389888360450,Wed Feb 22 09:32:24 +0000 2012,"I feel" & I know this is dangerous But @justinbieber Believe album will impact the world the same as Thriller did when MJ blessed us.#watch
172130128296558600,Wed Feb 22 01:26:35 +0000 2012,RT @maryjblige: Check out the 5 must hear pop songs according to @MTV. Number 5 is my favorite. Lol.   http://t.co/b0AkSYHS  #BIRTHDAYGI ...
168133798930817020,Sat Feb 11 00:46:36 +0000 2012,@cory yeah man...!! Keep doing great things....  I'll be to San Fran real soon
167938950340689920,Fri Feb 10 11:52:20 +0000 2012,@willpowerpacker Great night Fam..  respect
167102556219248640,Wed Feb 08 04:28:49 +0000 2012,Calling All females!!! 2 Celebrate with my artist StarShell  NEW anthem "Birthday Girl" ... Go get it on iTunes NOW !! http://t.co/O3yWtjVi
167097882397257730,Wed Feb 08 04:10:14 +0000 2012,If you love great music stop what your doing and go on iTunes type in Starshell "Birthday Girl" and purchase!!! http://t.co/ebJuH8eb
167091529264021500,Wed Feb 08 03:44:59 +0000 2012,RT @Starshell: #Birthdaygirl go buy it on iTunes and rock out!!!!!!!!!!!!!!!!!!!! RT RT RT RT
166413068031631360,Mon Feb 06 06:49:02 +0000 2012,Best trip...   SuperBowl 2012 was a success ! http://t.co/vZh2WghD
166089759393972220,Sun Feb 05 09:24:19 +0000 2012,Ok Indy .... Not bad at all!!!!   Super Bowl 2012. Not bad at all....
164897670027161600,Thu Feb 02 02:27:22 +0000 2012,My Game face on Tight...   Let's go IGA and UMG...
164878739266732030,Thu Feb 02 01:12:09 +0000 2012,RT @Starshell: Check out my #Birthdaygirl photoshoot on @theboombox http://t.co/CyvOFIiM fun fun fun!!!!!!
164027903833669630,Mon Jan 30 16:51:14 +0000 2012,@maryjblige I'm at the Track now...  Waiting on u..
163700831881924600,Sun Jan 29 19:11:34 +0000 2012,@Starshell we will continue to work hard !!!  and add a smile and a new celebration anthem to everyone's Life...  #blessed #BirthdayGirl
163694580745768960,Sun Jan 29 18:46:44 +0000 2012,@Starshell The World will Love our new Video!!!!!   #BirthdayGirl  by Starshell Team Matriarch , Streamline -interscope
163688853138448400,Sun Jan 29 18:23:58 +0000 2012,@maryjblige Yo wait for me!
163555178707030000,Sun Jan 29 09:32:47 +0000 2012,U really get out .... What u put into this Game..
163471350059638800,Sun Jan 29 03:59:41 +0000 2012,RT @Starshell: Me and my cousins #Ciroc + #Birthdaygirlz = #Cirocbirthdaygirlz
162952574025220100,Fri Jan 27 17:38:15 +0000 2012,DON'T be a Blessing Blocker..... If u don't want your blessings Blocked..        -Corey Gamble
162412663241052160,Thu Jan 26 05:52:51 +0000 2012,@cory this is what Master minds do !!!
161920986260848640,Tue Jan 24 21:19:06 +0000 2012,Manifesting opportunities with positive thinking.....
161545494206750720,Mon Jan 23 20:27:01 +0000 2012,RT @Starshell: Another round of Ciroc~ it's ok... We all came in here to CELEBRATE! #Birthdaygirl
161369124809875460,Mon Jan 23 08:46:12 +0000 2012,Faith, Love, Health and Wealth
161348583428325380,Mon Jan 23 07:24:34 +0000 2012,So nice I had to post it Twice!  Best dam Award in Show biz http://t.co/r4xpwKqh
160903134510727170,Sun Jan 22 01:54:31 +0000 2012,RT @Starshell: So many #Birthdaygirl 's !!!!! Can't wait to give u something to parttttty to!!! #Ciroc #BIRTHDAYGIRLMOVEMENT
160124099920801800,Thu Jan 19 22:18:55 +0000 2012,@TreadotReed yo wud my bro. I'm just on the same0 grind.
160123552757059600,Thu Jan 19 22:16:44 +0000 2012,RT @scooterbraun: the same people you see 2day realize u will see them 6 months down the line. Do right by people even when they dont ex ...
158337941654093820,Sun Jan 15 00:01:21 +0000 2012,@ShaunieONeal what's up old friend
157362708172378100,Thu Jan 12 07:26:08 +0000 2012,It's go time...!!!!   2012 http://t.co/daYX7BPi
154007260002136060,Tue Jan 03 01:12:46 +0000 2012,2012 the year of the champion......
152686097523159040,Fri Dec 30 09:42:57 +0000 2011,@realshaunking My dog what's up bro. Man I lost my cell 2 nite but I'll get a new in the am.  We gotta catch up asap.
150392035482943500,Sat Dec 24 01:47:10 +0000 2011,I'm learning this istagram follow me at coreyg550sp
149070996790456320,Tue Dec 20 10:17:49 +0000 2011,@Starshell this is all very True.....
147990009474064400,Sat Dec 17 10:42:22 +0000 2011,Quitting while your ahead... Is not the same as quitting...
147879323108524030,Sat Dec 17 03:22:32 +0000 2011,RT @ONLY1DARKCHILD: Ok @CoreyGAMBLE shooting for 12! U know when I put my mind to something I get it done! 100,000,000 LETS GO!!!!
147879233769832450,Sat Dec 17 03:22:11 +0000 2011,@ONLY1DARKCHILD this is a shot at Glory...... I won't sleep... This will get done... #Twelve
146842704414912500,Wed Dec 14 06:43:23 +0000 2011,The Energy at the Staples was so nice ...had to check them twice..  #theThrone http://t.co/ReZo3tHL
146479421379981300,Tue Dec 13 06:39:50 +0000 2011,The Throne.... http://t.co/YJEFwx3T
146415765648715780,Tue Dec 13 02:26:53 +0000 2011,RT @caliFAWNia: I'm not bragging...that's what really happened...;)
146413192258666500,Tue Dec 13 02:16:39 +0000 2011,Don't be a Blessing Blocker....pass the Blessing without looking to receive 1 & they will come.
145748364288475140,Sun Dec 11 06:14:52 +0000 2011,If people left there Soul at home at everyday.. Could u still call them Blessed?
143060984725114880,Sat Dec 03 20:16:11 +0000 2011,I keep my Mind running laps so that I never get left behind....  #stayready4Life
142095316282384380,Thu Dec 01 04:18:58 +0000 2011,RT @12sworld: @CoreyGAMBLE it's here!!! http://t.co/0oAL444l
136714258787479550,Wed Nov 16 07:56:33 +0000 2011,Pay attention to a select few...  Study greatness and become greater...  Be a student of the Wealth game. - Corey Gamble
135586292711948290,Sun Nov 13 05:14:25 +0000 2011,I'm at this fight.  Great seats but Tv is better.
134594552530079740,Thu Nov 10 11:33:36 +0000 2011,Life.... Its happening... Who's mind will adapt to Time and how many minds will get left behind??   #Thinkaboutit
134592049465917440,Thu Nov 10 11:23:39 +0000 2011,@cory thanx man.... Ill be up there very soon
134591350686490620,Thu Nov 10 11:20:53 +0000 2011,@cory make big things happen over there at ONE.
134361902666100740,Wed Nov 09 20:09:08 +0000 2011,Happy moments, praise God.  Difficult moments, seek God.  Quiet moments, worship.  God Painful moments, trust.  God Every moment, thank God
133236686325944320,Sun Nov 06 17:37:56 +0000 2011,Listened to the good words of TD Jakes.  Now about to take this good ride over to the best place of peace #theDreamCenter..  2 free my Mind.
133234992238170110,Sun Nov 06 17:31:12 +0000 2011,RT @ONLY1DARKCHILD: The world is going through alot of havoc right now but know your attitude can change your altitude. Life just got be ...
132849583360442370,Sat Nov 05 15:59:43 +0000 2011,"Champions are the Ones that reacted to Failure the quickest...Never be afraid of Failure.. It's no success without Failure." -Corey Gamble
132849098108837890,Sat Nov 05 15:57:47 +0000 2011,"God is a need....Money is a Fact, Life is a science, Love is a Art..... and Patience is a must..."  -Corey Gamble
132746174854729730,Sat Nov 05 09:08:49 +0000 2011,Champions are the Ones that reacted to Failure the quickest....   Never be afraid of Failure.. It's no success without Failure.
131994887594844160,Thu Nov 03 07:23:28 +0000 2011,RT @sparker: Between the conception and the creation, between the emotion and the response, falls the Shadow.
131977305387040770,Thu Nov 03 06:13:36 +0000 2011,@mh what's up big guy I may be back there next week.
131852720062742530,Wed Nov 02 21:58:32 +0000 2011,@cory  We will be leaving a impact on this Universe.. #One
131584390038962180,Wed Nov 02 04:12:17 +0000 2011,God is a need....Money is a Fact, Life is a science, Love is a Art..... and Patience is a must...
131580370532581380,Wed Nov 02 03:56:19 +0000 2011,Pray hard, Work hard, Play Hard
131081556549845000,Mon Oct 31 18:54:13 +0000 2011,Always know that People run the Town... Money just runs through it....  In the end Relationships is the Power that runs the World... #Wisdom
131078894978740220,Mon Oct 31 18:43:38 +0000 2011,The true masters of success kept and keep smarter people around them.. So if ur the smartest person on ur team then ur really not that SMART
131077756904681470,Mon Oct 31 18:39:07 +0000 2011,U can't truly achieve The level of Greatness without bringing other people with you.....
128555307990401020,Mon Oct 24 19:35:48 +0000 2011,@INSEPARABLE16 my dog what up.
126027244274589700,Mon Oct 17 20:10:11 +0000 2011,RT @ONLY1DARKCHILD: Only associate yourself with those who can make u better or who wanna go where u wanna go.
124722780859138050,Fri Oct 14 05:46:42 +0000 2011,RT @sparker: Ok people tonight I'm gonna be totally honest with all of you and admit to the fact that I have a horrible addition.....to  ...
123209734173097980,Mon Oct 10 01:34:24 +0000 2011,@cory @nextgenconf yeah man likewise hope all is great  let me know about all of your events.
122354575171780600,Fri Oct 07 16:56:18 +0000 2011,I will make today better than yesterday and I will make 2morrow better than the Rest !!
122192510473863170,Fri Oct 07 06:12:19 +0000 2011,Small people take everything they possibly can...... Great people try to help others get what they need....
120820765850480640,Mon Oct 03 11:21:29 +0000 2011,@aceprimo had too Lil bro.  Arenas and stadiums next !!!  Be ready
119089984014794750,Wed Sep 28 16:43:59 +0000 2011,@selenagomez  great luck my Friend !!   U will get the part.
118972693163933700,Wed Sep 28 08:57:55 +0000 2011,Duran Duran live.   Say no more.... Simon thanks for the great night mate.....   S/O to Neon Trees.
118913438733963260,Wed Sep 28 05:02:27 +0000 2011,#duranlive is great I'm liking this concert.
117229776120459260,Fri Sep 23 13:32:11 +0000 2011,In this life u get one chance to be Great!!  One chance to be you...&  Never  have fear of Failing... Always Try!!   Have a great day...   1
117132162439987200,Fri Sep 23 07:04:18 +0000 2011,@ONLY1DARKCHILD yessir God is Great.  It's on !!!!!
116273925725499400,Tue Sep 20 22:13:58 +0000 2011,What's  up people..... how's your day going?  Do Tell good or bad...  #icare
116029128628633600,Tue Sep 20 06:01:14 +0000 2011,@selenagomez thanx for sharing that good tasting Egg Roll !!
116028182783737860,Tue Sep 20 05:57:29 +0000 2011,RT @selenagomez: Everyone follow @coreygamble !! In the studio :)
114602434734718980,Fri Sep 16 07:32:04 +0000 2011,Any man can love a million women... But it takes a real man to love ONE woman a Million ways...
113903504879390720,Wed Sep 14 09:14:46 +0000 2011,I'm working on being able to access & use another 13% of my brain.  #powerfulThoughts.
113901731745763330,Wed Sep 14 09:07:43 +0000 2011,My 3 mile workout just ended but my mind is still running a mental marathon..
113741814464397310,Tue Sep 13 22:32:16 +0000 2011,@HoneyChildTracy great people know great people...
113727740594757630,Tue Sep 13 21:36:20 +0000 2011,@brandoncauff @honeychildtracy  look at   2 great people I know.
113161275726508030,Mon Sep 12 08:05:25 +0000 2011,What's your best definition of Creativity ??
112339424859271170,Sat Sep 10 01:39:40 +0000 2011,RT @Ludacris: Follow Friday. follow the homies  @TommyH32 & @CoreyGAMBLE
111588637333917700,Wed Sep 07 23:56:19 +0000 2011,Well DONE means alot more than Well said......   #actionspeakslouderthanWORDS
106661971134390270,Thu Aug 25 09:39:30 +0000 2011,Love Life Health Wealth.....
106289527550775300,Wed Aug 24 08:59:32 +0000 2011,@RedEyeInc @divinelifetara @sirdavidd @justinbiel @lastephan @gbk_tina it was a good night with great people.
105898626290683900,Tue Aug 23 07:06:14 +0000 2011,Who can give the best definition of LOVE?   Does it come from your mind or heart??
105383977573023740,Sun Aug 21 21:01:12 +0000 2011,@KekePalmer yep I agree. Carpe Diem!!!!
105380318361554940,Sun Aug 21 20:46:40 +0000 2011,Y tip toe through life with fear..... Just to arrive at death safely..?!!  #uliveonceliveLoveLife2theFullest
104966770271600640,Sat Aug 20 17:23:22 +0000 2011,RT @scooterbraun: prob one of the funniest convos of my life with @CoreyGAMBLE - all im gonna say is SMOOTHIE KING. hahaha
104966536791465980,Sat Aug 20 17:22:27 +0000 2011,RT @justinbieber: @Coreygamble  strawberry hulk is my jam
104811205662740480,Sat Aug 20 07:05:13 +0000 2011,I like love.  I love life...   Life is great.  God is the Greatest!!!!!!!!
104757501714632700,Sat Aug 20 03:31:49 +0000 2011,RT @TrendsBA: CoreyGamble, @coreygamble es ahora una tendencia en #BuenosAires http://t.co/NhxIhrC
104654955465543680,Fri Aug 19 20:44:20 +0000 2011,@justinbieber yes indeed lil bro and @scooterbraun don't say I didn't tell you 1st.  Lol.
102927016688488450,Mon Aug 15 02:18:07 +0000 2011,On ur journey to WEALTH its Wise to keep Happy Godly Love and positive energy around U 24/7 so that when u arrive u can stay & not visit....
101576286111141890,Thu Aug 11 08:50:48 +0000 2011,People really have to understand that you can write your future with the ink of your own thoughts and dreams..... #Believeinyourself
97760204120277000,Sun Jul 31 20:07:03 +0000 2011,RT @scooterbraun: smoothie king....strawberry hulk smoothie....classic
97603755436027900,Sun Jul 31 09:45:23 +0000 2011,@scooterbraun ur Rt and being at dinner with the 1st and 2nd smartest minds on earth was a learning experience. #oncenalifetime opportunity
97462073071636480,Sun Jul 31 00:22:23 +0000 2011,Palo Atto, Silicon Valley or San Fran.  U can Watch or Join....  It's alot of LIFE here.  Say it with me OPPORTUNITY....!!!! It's happing!!!
77578411261968380,Mon Jun 06 03:31:49 +0000 2011,LA a place where Dreams can come true in 1 day !!!!   John Doe today.. then Mr. Doe the King 2mrrw....
66627964414083070,Fri May 06 22:18:39 +0000 2011,RT @OfficialJoy: RT @ONLY1DARKCHILD: The Favor of God is the greatest asset to have in life!
63351414595911680,Wed Apr 27 21:18:48 +0000 2011,RT @WondaMusic: :::EVENING JAM::: @Lupefiasco "Out of My Head" featuring @TreySongz produced by @princewonda @arkeyz @msnoddy @Beats4the ...
62363583098527740,Mon Apr 25 03:53:31 +0000 2011,RT @ONLY1DARKCHILD: Me, @THErealAGANEE @Travesty86 @MrCoreyG550sp and @BigShiz at my crib going in on @OfficialJoy 's Easter Thanksgivin ...
57900109089869820,Tue Apr 12 20:17:16 +0000 2011,RT @ralphmarston: Success doesn't bring happiness. Happiness brings success.
56126069228568580,Thu Apr 07 22:47:52 +0000 2011,Goals are paths that only your heart can follow......
54728712637263870,Mon Apr 04 02:15:16 +0000 2011,Who ever you love.... Call and tell them right now...  Because 2mrrw is no promise.....    Real Talk.....
21831959378403330,Mon Jan 03 07:35:19 +0000 2011,RT @alleyinsider: Goldman Sachs Invests $450 Million In Facebook At $50 Billion Valuation by @fromedome http://read.bi/emSZrF
13777965426933760,Sun Dec 12 02:11:37 +0000 2010,And like I said the Heisman Trophy is on the way back to the SWAT's.... Congrats.   Westlake High School..we the Biz!!!National Champs next!
13222864333307904,Fri Dec 10 13:25:51 +0000 2010,That Heisman coming Home SWAT's baby..!!!! Believe and GOD will allow anything!!
29565110713,Wed Nov 03 12:13:48 +0000 2010,@OfficialJoy lol u read my mind!!! When I get to LA I'll be calling RJ and Tiff next week. The kids r beautiful. They have Great parents.
29530266588,Wed Nov 03 02:05:30 +0000 2010,The Best business city in the world. Had to ask the pilots to do a fly over....... Thanx Dave and Richard http://yfrog.com/n6brolqj
29359762664,Mon Nov 01 10:35:15 +0000 2010,Thanx Hydie Klum great NYC Halloween party.  Now Teterboro next the SKY!! Global Express time. Safe Flight http://yfrog.com/5tihmvj
27743708767,Mon Oct 18 15:15:00 +0000 2010,RT @ralphmarston: There is someone who would truly appreciate your help. Take some time to offer it and give it.
26466712602,Tue Oct 05 15:31:15 +0000 2010,another great day!! People need to understand its a BIG difference in having POWER and/or just having money.. Balance is key.. u need both!!
24994585418,Mon Sep 20 03:45:59 +0000 2010,Good Dinner http://yfrog.com/nfcpej
24993292636,Mon Sep 20 03:26:48 +0000 2010,Great night at Mr Chows http://yfrog.com/n43i7fj
24801667234,Fri Sep 17 23:41:33 +0000 2010,RT @Tyrese: If you serious about doing movies, Acting in movies, or producing movies or doing movies follow my dude @CoreyGamble
24799859245,Fri Sep 17 23:14:01 +0000 2010,HUGE day!!!!!!  It looks like I just paved another Avenue in my future...!!!  Blessed   Thanks GOD.  Love u
18572171797,Thu Jul 15 03:30:45 +0000 2010,RT @AngelaSimmons: This is my main man right here...@CoreyGAMBLE ... :)
18567298325,Thu Jul 15 02:16:42 +0000 2010,RT @AngelaSimmons: This is my main man right here...@CoreyGAMBLE ... :)
16370614390,Thu Jun 17 07:12:42 +0000 2010,@RealDeal91 my dog what's good bro.
16359588943,Thu Jun 17 03:33:04 +0000 2010,RT @12sworld: @coreygamble i told u.... download http://www.datpiff.com/DJ_MLK_12_The_Cosign.m128488.html
16123926814,Mon Jun 14 04:49:16 +0000 2010,I have to much Jet setting to do this week.  Getting my in flight menu together rt now.
12684801058,Fri Apr 23 05:09:20 +0000 2010,Thunder first home playoff game vs Lakers..... and my feet are resting well on the court. But Ima Mavs fan tho  http://yfrog.com/jq6v8zj
12684695237,Fri Apr 23 05:06:21 +0000 2010,Lakers game always big http://yfrog.com/2rs07hj
11075637380,Fri Mar 26 05:48:30 +0000 2010,@MissKeriBaby let lilRonnie give u a hit record......  Hope ur doing good too
10532541067,Mon Mar 15 19:58:47 +0000 2010,Quincy New Mixtape! #NothingSpecial is here!! Download at www.InternationalQuincy.com ! #NothingSpecial #NothingSpecial #NothingSpecial
10532480225,Mon Mar 15 19:57:08 +0000 2010,Quincy. @thisismyiq Mixtape! #NothingSpecial is here!! Download at www.InternationalQuincy.com ! #NothingSpecial (cont) http://tl.gd/gts6g
9027310021,Fri Feb 12 21:51:59 +0000 2010,@mcuban mark long time give me a shout I'm n Dallas... I have your old cell#
6206232976,Mon Nov 30 16:44:37 +0000 2009,It's time to get a couple of checks with 2 commas b4 xmas.  Another Grind hard Monday.
5433132378,Wed Nov 04 22:59:56 +0000 2009,She is a WB check writer!  Lol.  Movie biz is the real Biz http://twitpic.com/oaj9p
5432945270,Wed Nov 04 22:52:24 +0000 2009,A WB movie set will make u sleepy
4855298179,Wed Oct 14 05:11:09 +0000 2009,@BIRDMAN5STAR we gotta get to that  BILLIONAIRE chair.... Asap.. If u get there 1st save me a seat...
4522629087,Thu Oct 01 11:42:38 +0000 2009,This will be a Huge day...  Rt now I'm waiting on this big breakfast to get done!!!  The mind needs Food....
4408377949,Sun Sep 27 02:51:32 +0000 2009,@bowwow614 man I gotta see u in that Maddan online.  I don't think u can fool wit me playboi.
4021972685,Wed Sep 16 03:54:50 +0000 2009,Finally get to lay back & chill..  Been n the air alot the last few days...
3880398584,Thu Sep 10 03:59:56 +0000 2009,Eyes wide shut.... Ima get back on my tweet game asap!!!
3348299681,Sun Aug 16 19:16:45 +0000 2009,@fabuloustoccara wud up buddy.
3306486114,Fri Aug 14 12:22:57 +0000 2009,Everybody make sumthing big happen today!!!!!!!!   Anything
3300506696,Fri Aug 14 03:23:28 +0000 2009,That new movie Gamer is a must see...
3120121416,Tue Aug 04 06:33:59 +0000 2009,@maryjblige hey hey hit me up... We ready to get back in the studio...I.CAN'T HELP BUT STARE!!!!!  Is a # 1....
1999592941,Tue Jun 02 03:29:20 +0000 2009,O yeah .....fried Oreo's. From Prime 112. N Miami.....  Too dam good... Thanx to the Ludaplex I'm on! http://twitpic.com/6g1g7
1984770552,Sun May 31 22:46:29 +0000 2009,Rainy ass southbeach Miami ... Been here a day ... Do to ugly weather I'll shoot west til it pass over...  http://twitpic.com/6d7y4
1955952900,Fri May 29 03:54:57 +0000 2009,@shanell_SnL she is the next best Artist/Songwriter  in the game!! http://twitpic.com/65wa5
1955902148,Fri May 29 03:49:30 +0000 2009,Now do she really look like she being stalked???  Come on people put her in check for me!!!  LOL  http://twitpic.com/65vwx
1955657414,Fri May 29 03:25:03 +0000 2009,@Datboyie I'm on it bro... U gone jump off!
1955583518,Fri May 29 03:18:12 +0000 2009,This is how u watch the game!!! http://twitpic.com/65tqw
1930750072,Wed May 27 01:46:25 +0000 2009,@Gabrielle_Union I see that night at dinner u got talked in this tweet world.. LOL
1926360235,Tue May 26 18:27:32 +0000 2009,@princessJOJA I'm back
1707215572,Tue May 05 15:59:06 +0000 2009,Fresh out the bed....lookin down frm the crib... southbeach baby!!  Twit pic http://twitpic.com/4ls31
1707126898,Tue May 05 15:49:19 +0000 2009,@mrskutcher see ya when u get to ATL ...
1707122224,Tue May 05 15:48:48 +0000 2009,@mrskutcher hi friend.. I see ur the queen of twiiter and u have the king.. LOL
1687870265,Sun May 03 16:47:34 +0000 2009,At theWest palm beach at the PGA resort .. I'm up on my strokes rt now ... Twitt pix on deck..   http://twitpic.com/4hiyf
1654391222,Thu Apr 30 00:33:41 +0000 2009,At the crib gettin my dog  Ben Gordon Twitter account setup...Had to make him a believer. He focusd on Boston Tho! http://twitpic.com/48u6b
1648669039,Wed Apr 29 13:20:40 +0000 2009,About to get at this big Chicago breakfast.... Walker Bros the shit
1645854902,Wed Apr 29 03:46:21 +0000 2009,tryin to choose help me!!? stay in Chicago 2 more days and b courtside at the Bulls game 6 thurs nite? or  hit Miami 2mrrw night??
1643361781,Tue Apr 28 22:37:36 +0000 2009,The future... My play newphew Tyson Chicago baby! http://twitpic.com/46j1p
1635446349,Tue Apr 28 02:49:26 +0000 2009,jus got to The very bad weather very bad in Chicago.... I need the sun asap... In 24hrs from now Miami here I come..  Meet me at Signature!
1623003693,Sun Apr 26 20:22:46 +0000 2009,My dog Ben Gordon about to win this game for the Bulls  in 2nd OT...
1617683476,Sun Apr 26 02:33:43 +0000 2009,@SweetCigars lakers but I'm for the bulls
1617534522,Sun Apr 26 02:10:09 +0000 2009,What y'all doin?? I'm eatin good lobster watchin the game at Justin's ... Solo
1611205232,Sat Apr 25 06:41:54 +0000 2009,Now I like the ride home after a good classy party....  http://twitpic.com/3y6wr
1608895664,Sat Apr 25 00:16:36 +0000 2009,@princessJOJA thanx ms
1598739412,Thu Apr 23 23:19:29 +0000 2009,How many kids can one have b4 it's considerd to many to Date them and their a great person?? Male or Female be real!!
1595389270,Thu Apr 23 16:19:41 +0000 2009,wake up people!!! who dont wonna walk the halls of greatest....
1595379342,Thu Apr 23 16:18:30 +0000 2009,Wake up people!!! what a day to b great.. who dont wonna walk to halls of greatest....
1588910530,Wed Apr 22 22:38:37 +0000 2009,@ChuckBone get at me
1588821430,Wed Apr 22 22:26:53 +0000 2009,Yo some how BIll Gates nephews got me stuck here on Left for Dead XBOX 360.. Cool lil dudes!
1577864144,Tue Apr 21 19:45:26 +0000 2009,@LamborghiniMoss I'm tryin to learn this twitt....
1577560650,Tue Apr 21 19:08:39 +0000 2009,@THE_REAL_SHAQ what's the deal BIG long time u good family?
1577546142,Tue Apr 21 19:06:53 +0000 2009,Wud up to all let's make this a big day!!!
1499299165,Sat Apr 11 21:44:51 +0000 2009,@ludajuice good shit
1499162271,Sat Apr 11 21:17:58 +0000 2009,my shit aint workin
1498851734,Sat Apr 11 20:16:37 +0000 2009,Jus landed in miami.....
