id,created_at,text
1260567231639048200,Wed May 13 13:47:02 +0000 2020,RT @adam_stanley: Golf courses will be allowed to open in Ontario this weekend, I'm told. The announcement will be part of Premier Doug For…
1251650203867848700,Sat Apr 18 23:13:57 +0000 2020,@markscheig @FoegDaddy96 @ErieOtters Thread the needle eh @crawldiddy14 ?
1232051324897939500,Mon Feb 24 21:15:00 +0000 2020,RT @spittinchiclets: Little #ChicletsBump in the House of Commons https://t.co/XtiDeGxNe6
1199674193991929900,Wed Nov 27 12:59:51 +0000 2019,@dane_fox @stromer19 @cmcdavid97 Rough memories for @stromer19
1121434251063255000,Thu Apr 25 15:22:15 +0000 2019,@WolfPackAHL 🤦🏼‍♂️
1076332348357128200,Sat Dec 22 04:23:23 +0000 2018,RT @emdavie99: @DarrenRaddysh can you please RT ?  Thank you for always being so kind to me  and the stick the other day. https://t.co/r3re…
1048776411648065500,Sun Oct 07 03:25:56 +0000 2018,RT @SyracuseCrunch: A night to remember. 🚨  Congratulations, @Raddy1998! https://t.co/eLEdTLbV7g
998700270044569600,Mon May 21 23:01:13 +0000 2018,Honoured to sign my first NHL contract with @NHLBlackhawks thank you to everyone who got me here and all the suppor… https://t.co/SS3367S4aZ
949484185617498100,Sat Jan 06 03:34:05 +0000 2018,Congrats @Raddy1998 and @HC_WJC on winning gold! Can’t wait to see @ErkanGustafsson where that Canada jersey next practice!🏅🏅
910991142849826800,Thu Sep 21 22:16:28 +0000 2017,Good luck to @ErieOtters tonight in the season opener! #back2back?
882385056924401700,Tue Jul 04 23:46:06 +0000 2017,RT @OHLHockey: Heroics in #OHLPlayoffs goes to @acirelli22, but @KMaksi9 is @ErieOtters sewer ball star. The boys agree.   WATCH: https://t…
872479880969154600,Wed Jun 07 15:46:28 +0000 2017,RT @NHLFlyers: The #Flyers have named Kris Knoblauch as Assistant Coach → https://t.co/2O0RSu8qAr https://t.co/pssaNx3uTK
870286720423661600,Thu Jun 01 14:31:37 +0000 2017,Couldn't of asked for a better 5 years! Thank you to the @erieotters… https://t.co/Gz3aMMit6n
864198462379872300,Mon May 15 19:19:04 +0000 2017,RT @TBLightning: Making it official! We've signed 2016 pick Taylor Raddysh (@Raddy1998) to a three-year, entry-level contract.  📝: https://…
857317338986709000,Wed Apr 26 19:35:56 +0000 2017,Good luck to @JRARAIDERHOCKEY in game 7 tonight! Bring it home boys @ArranMacdonald @JackJacome26
851558584898945000,Mon Apr 10 22:12:42 +0000 2017,@ErieOtters @Raddy1998 @nauimatt last one
851552137352032300,Mon Apr 10 21:47:05 +0000 2017,@ErieOtters @Raddy1998 you couldn't of picked any other picture?
842825297674358800,Fri Mar 17 19:49:44 +0000 2017,RT @StoolFrederic: Josh Donaldson hitting bombs in minor league spring training games and not running the bases is awesome. So Show https:/…
840418986596679700,Sat Mar 11 04:27:55 +0000 2017,Congrats @kylepettit15 for hitting the 300 game mark! Step aside @betz_12 he's number 2 #299
835700262727737300,Sun Feb 26 03:57:23 +0000 2017,Congrats @JackJacome26 maybe one day you'll be as good at golf as you are at hockey 😋
834119408633135100,Tue Feb 21 19:15:38 +0000 2017,@ErieOtters @odis12wings nick Betz?
831218640787759100,Mon Feb 13 19:09:01 +0000 2017,RT @leafkyle: @clairetrevena I need ur help. Don't let them move my Dad. @VanIslandHealth wants to move my Dad to another facility. He has…
824287369901867000,Wed Jan 25 16:06:38 +0000 2017,#BellLetsTalk
814667476059488300,Fri Dec 30 03:00:36 +0000 2016,@13APetric 100%
795097132474757100,Sun Nov 06 02:55:03 +0000 2016,@ArranMacdonald @JRARAIDERHOCKEY boys are hot!
794015519879950300,Thu Nov 03 03:17:06 +0000 2016,@MikeVitron you'll be eating those words for a long time
788143747775291400,Mon Oct 17 22:24:47 +0000 2016,@I’m fighting with @SickKids to combat childhood #Cancer. What’s your VS? #SickKidsVS https://t.co/r3KInj3krI
783525780802371600,Wed Oct 05 04:34:38 +0000 2016,RT @strome18: What a BOMB! Walk off! Bring on Texas! #Jays #OurMoment
775816948185784300,Tue Sep 13 22:02:29 +0000 2016,RT @SwimmingCanada: MEDAL ALERT @TessRoutliffe takes #rio2016 #silver in W SM7 200IM @CDNParalympics RECORD (3:02.05) by a second! https://…
747849477147467800,Tue Jun 28 17:49:44 +0000 2016,Welcome @gerapoddubnyi19 to the @ErieOtters
701920794994147300,Tue Feb 23 00:05:33 +0000 2016,@CommonWhiteGrls @betz_12
696492126453026800,Mon Feb 08 00:33:57 +0000 2016,@ZacEfron @ShaunBily24
696277368227438600,Sun Feb 07 10:20:35 +0000 2016,#KeepPounding! I’m taking the Panthers to win Super Bowl 50. #SBVote @SportsCenter https://t.co/6HuFECg6SP
692367273370198000,Wed Jan 27 15:23:16 +0000 2016,#BeIILetsTalk
654446771859402800,Thu Oct 15 00:00:44 +0000 2015,Unreal!! #ComeTogether
650726014163812400,Sun Oct 04 17:35:46 +0000 2015,Having a blast at peak and peak! #peakotters http://t.co/7ebHVGWRz4
646040698991603700,Mon Sep 21 19:18:00 +0000 2015,RT @EHClothing: P.K Subbans impression of Don Cherry. This is amazing. http://t.co/PckJjaE5wC
636982835836878800,Thu Aug 27 19:25:17 +0000 2015,@betz_12 good luck this year! Your my favourite player!!
621791497072025600,Thu Jul 16 21:20:19 +0000 2015,@QuentinMak taxes
621791184307028000,Thu Jul 16 21:19:05 +0000 2015,@QuentinMak 287?
612779834058633200,Mon Jun 22 00:31:11 +0000 2015,Happy Fathers Day!! http://t.co/0W3dlaMepR
611274319449206800,Wed Jun 17 20:48:49 +0000 2015,Happy Birthday @patfellows 🎊🎉
608059562499928000,Mon Jun 08 23:54:31 +0000 2015,@Spencer5Abraham I spy a bird cage
607988121599230000,Mon Jun 08 19:10:38 +0000 2015,Happy Birthday @Drew_Glassford 🎉🎊 http://t.co/ImJm9HUtgm
606127694753996800,Wed Jun 03 15:57:58 +0000 2015,@MikeVitron everyone in the place needs to watch out!
606125691818508300,Wed Jun 03 15:50:00 +0000 2015,@MikeVitron chipotle
601545831192330200,Fri May 22 00:31:16 +0000 2015,@ArranMacDonald @matrobson1 and carrots
600069266574938100,Sun May 17 22:43:56 +0000 2015,Would like to thank my teammates &amp; @ErieOtters for another unforgettable season, best of luck to @corygenovese @TroyDonnay @MacDerm23
589110765182922800,Fri Apr 17 16:58:46 +0000 2015,@ArranMacDonald you mean left and right
581175861367443500,Thu Mar 26 19:28:17 +0000 2015,Happy Birthday @matrobson1 miss yeah tons, enjoy the day!!
580183074547343400,Tue Mar 24 01:43:18 +0000 2015,Congrats to the @99Marlboros and @Mstrome16 on winning the OHL Cup
579792348802125800,Sun Mar 22 23:50:42 +0000 2015,Congrats @stromer19 and @Brinksy97 on reaching milestones🎉🎊
579464585729601500,Sun Mar 22 02:08:17 +0000 2015,RT @99Marlboros: Marlies win !!!  Off to the OHL Cup Finals !!!! Fantastic !!
573841002370318340,Fri Mar 06 13:42:11 +0000 2015,Happy Birthday yeah scholar @ArranMacDonald 🎊🎉 #tigers
562054715513770000,Mon Feb 02 01:07:41 +0000 2015,Seattle's got this!!! #SBXLIX
560480025926197250,Wed Jan 28 16:50:26 +0000 2015,#BellLetsLalk
548338026926342140,Fri Dec 26 04:42:27 +0000 2014,Merry Christmas to all and to all a goodnight 🎅🎄😴
546040505449349100,Fri Dec 19 20:32:56 +0000 2014,RT @NickBaptiste: @doefstrong @NeilDoef_19 stay strong Neil. From the @ErieOtters #DoefStrong http://t.co/VB9FeCt3A8
545428044186677250,Thu Dec 18 03:59:13 +0000 2014,RT @ErieOtters: . @TroyDonnay and @DarrenRaddysh dropped by Waterford Elementary to eat pizza and play hangman with the second grade. http:…
540348224553635840,Thu Dec 04 03:33:50 +0000 2014,RT @OHLHockey: #OHL Defenceman of the Month for November is @DarrenRaddysh of the @ErieOtters who led all D with 17PTS (5G 12A) +4 in 13GP
539212161961443300,Mon Dec 01 00:19:32 +0000 2014,Happy Birthday @ellemair enjoy it🎊🎉
536923293962756100,Mon Nov 24 16:44:23 +0000 2014,Rest in Peace Pat Quinn
536596355561840640,Sun Nov 23 19:05:15 +0000 2014,@Cassluluu enjoy it
532209949544558600,Tue Nov 11 16:35:14 +0000 2014,@PugsleyOttersEM sorry
526578042450477060,Mon Oct 27 03:36:03 +0000 2014,RT @TheHockeyVines: Don't mess with Dustin Byfuglien in the corner 😱😱👊 https://t.co/ELYDVZnbuY
519995877419913200,Wed Oct 08 23:40:52 +0000 2014,RT @Sportsnet: Check out this @thehipdotcom fan's jersey. #NHLFaceOff #PuckDrop http://t.co/VpJm1jPv3d
518949913758302200,Mon Oct 06 02:24:35 +0000 2014,@BleacherReport @stromer19 ?
518592810522378240,Sun Oct 05 02:45:35 +0000 2014,@ErieHiLiteReel @ErieOtters classic mix up it's @Raddy1998 not me
518056066484301800,Fri Oct 03 15:12:45 +0000 2014,@ArranMacDonald yeah okay whatever
517777705178525700,Thu Oct 02 20:46:39 +0000 2014,Congrats @Raddy1998 we'll deserved! 🍁
517405582907944960,Wed Oct 01 20:07:58 +0000 2014,And the winner is @Rjuice23 with the head slide! Thanks to everyone for playing and enjoy the @ErieOtters game Rich
517330478995898400,Wed Oct 01 15:09:32 +0000 2014,Hey @ErieOtters Fans I'm Giving Away Two Free tickets to the home opener, who can guess my favorite goal celebration?
516422220122710000,Mon Sep 29 03:00:26 +0000 2014,RT @nshaver13: Overtime goal celebration by @DarrenRaddysh. #erieotters http://t.co/FlD7WlfGYJ
516272770133803000,Sun Sep 28 17:06:34 +0000 2014,Great weekend by the boys!! #3for3 #nevergiveup
514739855138758660,Wed Sep 24 11:35:19 +0000 2014,Congrats to @ArranMacDonald and @MattyMackenzie_ for completing there first 5k of the season #milkbags 🏁🏆
514200787145486340,Mon Sep 22 23:53:15 +0000 2014,Happy Birthday@vaalvitale 🎊🎉
511888996536832000,Tue Sep 16 14:47:01 +0000 2014,@Aaron_Cooney you tell her McLovin
510185034074972160,Thu Sep 11 21:56:05 +0000 2014,Happy Birthday @livharriss 🎉🎊
509315006144741400,Tue Sep 09 12:18:54 +0000 2014,LA Today 👑☀️🌴
508302480003063800,Sat Sep 06 17:15:29 +0000 2014,Happy Birthday @courtneydubss have an amazing day🎊🎉
503524431931928600,Sun Aug 24 12:49:14 +0000 2014,Off to Erie Pa 🇺🇸
501434566394282000,Mon Aug 18 18:24:51 +0000 2014,RT @ConnerMorro: If you have participated or are going to participate in the #ALSIceBucketChallenge please watch this: http://t.co/W9BCukyI…
501176826556063740,Mon Aug 18 01:20:41 +0000 2014,@betz_12 fun things
501171949406781440,Mon Aug 18 01:01:18 +0000 2014,One more week until things get going 💥
501086280420438000,Sun Aug 17 19:20:53 +0000 2014,Happy Birthday @TBarron89 🎉🎊
500414112846065660,Fri Aug 15 22:49:56 +0000 2014,Thanks @tbarron89 and @mitchellkorb for the nominate. I would like to nominate dylstrome19… http://t.co/1eLPUE5OIK
497181316501471200,Thu Aug 07 00:43:57 +0000 2014,@ArranMacDonald @Raddy1998 77
497181183399444500,Thu Aug 07 00:43:25 +0000 2014,@ArranMacDonald @Raddy1998 T wins
496839023235989500,Wed Aug 06 02:03:48 +0000 2014,Congrats Dylan @stromer19
495361657657622500,Sat Aug 02 00:13:17 +0000 2014,RT @HC_WU17: No minor hockey team has more players at the #U17Camp than the @TorontoMarlboro. READ: http://t.co/rNWjrazO5S http://t.co/7MMm…
495244833481834500,Fri Aug 01 16:29:04 +0000 2014,Little bingo action with @MattyMackenzie_ and the mothers #win #fun
490274997194080260,Fri Jul 18 23:20:42 +0000 2014,Happy Birthday @betz_12 🎉🎊
488109904536674300,Sat Jul 12 23:57:24 +0000 2014,Wow only been a few years @matrobson1 http://t.co/OZj2tuxtae
487826698277507100,Sat Jul 12 05:12:02 +0000 2014,Have an amazing time in LA, thank you to @LAKings for the great experience!!
485765373975748600,Sun Jul 06 12:41:04 +0000 2014,Off to LA 👑 #developmentcamp
485430274709524500,Sat Jul 05 14:29:31 +0000 2014,RT @CDNOlympicTeam: @geniebouchard Congratulations on a tremendous run. We're proud to be #GenieArmy. http://t.co/6Rdzhhuiow
485024243638214660,Fri Jul 04 11:36:05 +0000 2014,Happy Birthday @Cassluluu hope you have an amazing day, enjoy it! 🎉🎊
484836578057928700,Thu Jul 03 23:10:22 +0000 2014,Happy Birthday to the king of DM's @MattyMackenzie_ 🎊🎉
481598829611855900,Wed Jun 25 00:44:43 +0000 2014,Prom 2014🎉🎊 http://t.co/PwbjdM6V8U
481191620302221300,Mon Jun 23 21:46:37 +0000 2014,@evandenley why you watching it?
479656089256865800,Thu Jun 19 16:04:57 +0000 2014,RT @theScore: The Toronto Maple Leafs are considering moving Jake Gardiner to forward. http://t.co/N0w6OVenWP http://t.co/36K1ob5FtO
479014652769095700,Tue Jun 17 21:36:07 +0000 2014,Good bye mayfield thanks for a great two and a half years of high school #movinon
476440388463779840,Tue Jun 10 19:06:55 +0000 2014,RT @VinceLaise: Congrats to our @ErieOtters fwd @Raddy1998 on being selected to attend the U17 camp in calgary.
475788829497241600,Sun Jun 08 23:57:51 +0000 2014,Happy Birthday @Drew_Glassford hope it was awesome🎉🎊
473113504551927800,Sun Jun 01 14:47:04 +0000 2014,Nice early morning run to start the day! 👟🏃
472813295469334500,Sat May 31 18:54:08 +0000 2014,@mitchellkorb yeah baud
472804138993324000,Sat May 31 18:17:45 +0000 2014,Happy Birthday to a Long time friend @justinhuggins88 🎊🎉 #enjoyit
472803783555047400,Sat May 31 18:16:20 +0000 2014,Thanks for the ride @vaalvitale #beaut
471307868252405760,Tue May 27 15:12:06 +0000 2014,@B_Molella_37 @ConnerMorro someone is trying to get more playing time
470912731584155650,Mon May 26 13:01:59 +0000 2014,@ArranMacDonald it would be if you went! #tryingnewthings
470759691577217000,Mon May 26 02:53:51 +0000 2014,Subban / Nash
469248086653800450,Wed May 21 22:47:16 +0000 2014,@sofia_isgro can you make me one?
468395795910520800,Mon May 19 14:20:34 +0000 2014,Happy Birthday @garrettpevans hope it's a good one🎊🎉
465482989221449700,Sun May 11 13:26:07 +0000 2014,Happy Mothers Day to the best mom in the world #loveyou
464596333618540540,Fri May 09 02:42:52 +0000 2014,Finally!
464481641768177660,Thu May 08 19:07:07 +0000 2014,@OscarDansk congrats oscar!
464414921489653760,Thu May 08 14:42:00 +0000 2014,"Do you like ice cream?"
463686410357469200,Tue May 06 14:27:09 +0000 2014,@VDeBartolo no problem always here to help
463686232695140350,Tue May 06 14:26:27 +0000 2014,@VDeBartolo nope
463380036620267500,Mon May 05 18:09:44 +0000 2014,@courtneydubss congrats 🎊🎉
460566312562216960,Sun Apr 27 23:49:00 +0000 2014,Happy Birthday @TayBarronn hope is great!! 🎉🎊
460081616224665600,Sat Apr 26 15:42:59 +0000 2014,Want to thank the @ErieOtters for everything they did this year, all the best to 3 great teammates @dane_fox @Spencer5Abraham @Mcurt9107
458591509705547800,Tue Apr 22 13:01:50 +0000 2014,Happy Birthday @TravKennedy hope you enjoy it! 🎉🎊
456992336833040400,Fri Apr 18 03:07:18 +0000 2014,RT @swimcinders: @DarrenRaddysh @dane_fox @Travis_Dermott  Good Luck Boys!!!  I am cheering you on all the way from South Africa!!!!
455156174888120300,Sun Apr 13 01:31:03 +0000 2014,RT @cmcdavid97: A nice first round on the links with @DarrenRaddysh @Travis_Dermott and the guy who's wallet is looking very thin @stromer1…
453183454906040300,Mon Apr 07 14:52:10 +0000 2014,Happy Birthday @sofia_isgro have a good day!
452460312898183200,Sat Apr 05 14:58:39 +0000 2014,Welcome @JLawr29 #mayfieldpride
452445244806549500,Sat Apr 05 13:58:47 +0000 2014,Congrats to @Raddy1998 on joining the squad!
452443633258487800,Sat Apr 05 13:52:22 +0000 2014,Congrarts @TBarron89 very proud!
449586509952204800,Fri Mar 28 16:39:11 +0000 2014,Round 2 Here We Come! @ErieOtters
448512854589595650,Tue Mar 25 17:32:52 +0000 2014,Happy Birthday to @BrendanGaunce16 and @MacDerm23
445250118036385800,Sun Mar 16 17:27:55 +0000 2014,RT @GTHLHockey: The tournament's leading scorer, Taylor Raddysh, with his 5th of the #OHLCup. Unassisted.
445238211951210500,Sun Mar 16 16:40:36 +0000 2014,Goodluck to my brother @Raddy1998 and the @TorontoMarlboro in the OHL CUP!
444879609742385150,Sat Mar 15 16:55:39 +0000 2014,RT @dane_fox: @Breeze2Greeze &amp; @DarrenRaddysh $20 my @CKcyclones98 beat your @TorontoMarlboro in the semis? #SmallTownValues #CYCS goodluck…
443740880475021300,Wed Mar 12 13:30:44 +0000 2014,Happy Birthday @kevinboyd44 have a good one 🎉🎊
443552459869274100,Wed Mar 12 01:02:01 +0000 2014,RIP Terry Trafford
442154237988847600,Sat Mar 08 04:25:59 +0000 2014,Happy Birthday to the biggest schmelt in the O, @stromer19 http://t.co/D2YINioDbz
435792928208715800,Tue Feb 18 15:08:25 +0000 2014,Happy Birthday to my little bro @Raddy1998 enjoy it!
435118138892353540,Sun Feb 16 18:27:03 +0000 2014,RT @ErieHiLiteReel: Okay, @DarrenRaddysh. we need to have a talk. You got to stop bullying these other players. hahahahhaha http://t.co/Yzd…
434090941486362600,Thu Feb 13 22:25:20 +0000 2014,@MattyMackenzie_ @ZacBullied @Mcveigh_96 nice neck guard!
432360924381335550,Sun Feb 09 03:50:51 +0000 2014,Get better @TBarron89 #warrior #bigthingstocome
431850869902938100,Fri Feb 07 18:04:05 +0000 2014,#askanotter is it true you are the worst ping pong/ sting pong player on the team! @stromer19
431249700352978940,Thu Feb 06 02:15:15 +0000 2014,Congrats to @apalermoo on committing #proudofya
430465939868381200,Mon Feb 03 22:20:52 +0000 2014,@ArranMacDonald make em good, want a true role this summer
428211154620387300,Tue Jan 28 17:01:09 +0000 2014,#BellLetsTalk
426716075435110400,Fri Jan 24 14:00:15 +0000 2014,Happy Birthday @VDeBartolo
424149350587969540,Fri Jan 17 12:01:00 +0000 2014,Happy Birthday @RachelSwainson hope you have a great day #missya
423248157422927900,Wed Jan 15 00:19:58 +0000 2014,Happy Birthday @Breeze2Greeze
422599052631355400,Mon Jan 13 05:20:40 +0000 2014,Happy Birthday to a long time friend and teammate @cmcdavid97
422493590632149000,Sun Jan 12 22:21:36 +0000 2014,Congrats to @dane_fox on reaching 50 rips #roomielove
418463290608861200,Wed Jan 01 19:26:37 +0000 2014,http://t.co/FeZxwe2R3O @hodgson96  this is it
416737083978285060,Sat Dec 28 01:07:18 +0000 2013,RT @TH2NSTATSGUY: John Scott scores his 2nd career NHL goal.....the last time he scored a goal, it was assisted by Owen Nolan.
415832003872051200,Wed Dec 25 13:10:50 +0000 2013,RT @swimcinders: @DarrenRaddysh Santa was listening !!! http://t.co/zE2yPungV2
415613958998204400,Tue Dec 24 22:44:24 +0000 2013,@Drew_Glassford me
414624124477390850,Sun Dec 22 05:11:09 +0000 2013,Happy Birthday to a great pal and a better teammate who finally turned 17 @Travis_Dermott
413041693395796000,Tue Dec 17 20:23:08 +0000 2013,Just going for a rip #arentyeahbud http://t.co/4rfEDeUeYo
412071670111686660,Sun Dec 15 04:08:36 +0000 2013,Huge win by the boys tonight #rollin
412070987111223300,Sun Dec 15 04:05:53 +0000 2013,RT @kw_hiya: Have to say that @Travis_Dermott and @DarrenRaddysh had a helluva game!!!  #congratsboys
412064237364600800,Sun Dec 15 03:39:04 +0000 2013,RT @fatpanda007: @dane_fox congrats on your star!
411693133475225600,Sat Dec 14 03:04:26 +0000 2013,RT @ENTPA55: Great dinner w/ the @erieotters @hodgson96 @Kingwillz95 @jakeevans95 @betz_12 @Breeze2Greeze @dane_fox http://t.co/iF6V6qwm0v
410607155554050050,Wed Dec 11 03:09:09 +0000 2013,Should be a good hour #VS
407369397557555200,Mon Dec 02 04:43:27 +0000 2013,RT @ErieHiLiteReel: Dude got ridiculous with this hit! @DarrenRaddysh put dude down on the ice at the @Ottershockey game. https://t.co/PkLl…
407227419842465800,Sun Dec 01 19:19:17 +0000 2013,When I can't watch netflix because my wifi is down &lt;
406826102011592700,Sat Nov 30 16:44:35 +0000 2013,Happy Birthday @ellemair
403323536581738500,Thu Nov 21 00:46:39 +0000 2013,@RachelSwainson thanks
402258171735322600,Mon Nov 18 02:13:16 +0000 2013,@ayo_its_Deao sure
401957220809580540,Sun Nov 17 06:17:24 +0000 2013,RT @ErieOtters: Yup. #WhosNext  http://t.co/XRJSw3tYXA
401917783153598460,Sun Nov 17 03:40:41 +0000 2013,Wow #speechless
399918596094459900,Mon Nov 11 15:16:38 +0000 2013,RT @corygenovese: Remembering and thanking all who have shown and still show the bravery and courage to protect us all #LestWeForget
394950548572872700,Mon Oct 28 22:15:23 +0000 2013,@ConnerMorro #4thlineplug
394950129490595840,Mon Oct 28 22:13:43 +0000 2013,@TayBarronn @ConnerMorro you don't know which way to hold the stick
393691240505434100,Fri Oct 25 10:51:20 +0000 2013,Happy Birthday @ChelseaaDubross hope it's amazing! #missya
389470230940246000,Sun Oct 13 19:18:33 +0000 2013,Happy Birthday to a great roomy @dane_fox, hope it's amazing #roomylove
387265213185007600,Mon Oct 07 17:16:36 +0000 2013,Happy birthday @apalermoo
385355071732473860,Wed Oct 02 10:46:23 +0000 2013,RT @TheOfficialQSL: @DarrenRaddysh congratulations! Way to be Triple Atomic Tough! #EatHeat
384384957365252100,Sun Sep 29 18:31:30 +0000 2013,Add xbox live:  raddy24
381075433389031400,Fri Sep 20 15:20:38 +0000 2013,Today's the day #newera
379731672482455550,Mon Sep 16 22:21:00 +0000 2013,#newera
379426697042346000,Mon Sep 16 02:09:08 +0000 2013,RT @ChelseaaDubross: So excited to see @DarrenRaddysh on the ice today😁🙊
379204781497397250,Sun Sep 15 11:27:19 +0000 2013,Home Town Game Today for the last Pre Season game!
377754010738237440,Wed Sep 11 11:22:29 +0000 2013,#NeverForget
377573489445974000,Tue Sep 10 23:25:09 +0000 2013,@Travis_Dermott you miss me just admit it
377572162397540350,Tue Sep 10 23:19:53 +0000 2013,@Travis_Dermott your alive?
375069739015766000,Wed Sep 04 01:36:08 +0000 2013,Best of luck to @connorcrisp23 and @jmcdee6 I'm Sudbury
374711927546863600,Tue Sep 03 01:54:20 +0000 2013,Can't believe School starts tomorrow! #erie #mcdowell
374343874552299500,Mon Sep 02 01:31:49 +0000 2013,New night with new people and a new year can't wait!  @dane_fox
373649738509201400,Sat Aug 31 03:33:34 +0000 2013,@miahh__ I had fun too
373286630335189000,Fri Aug 30 03:30:42 +0000 2013,@TayBarronn ou good one Tay
373285718254424060,Fri Aug 30 03:27:05 +0000 2013,@TayBarronn you just don't even know it
373285388112367600,Fri Aug 30 03:25:46 +0000 2013,@TayBarronn I have a feeling that stuff has already changed
372914615480778750,Thu Aug 29 02:52:27 +0000 2013,@jaccqwaters I could make a better cake
371692592229912600,Sun Aug 25 17:56:34 +0000 2013,@sawatsky38 thanks
370723380640903200,Fri Aug 23 01:45:16 +0000 2013,When your parents use "lol and lmao" in a sentence&lt;&lt;&lt;
370614379957723140,Thu Aug 22 18:32:08 +0000 2013,@connorcrisp23 @dane_fox @Breeze2Greeze @jmcdee6 @Spencer5Abraham @kylepettit15 @Labardo13 sure thing :)
370610902623871000,Thu Aug 22 18:18:19 +0000 2013,@dane_fox @Breeze2Greeze @jmcdee6 @Spencer5Abraham @kylepettit15 @Labardo13 on its way!
370609040076062700,Thu Aug 22 18:10:55 +0000 2013,@jmcdee6 @Spencer5Abraham anyone else need one, I'm grabbing it
370608447802593300,Thu Aug 22 18:08:34 +0000 2013,@Spencer5Abraham ask @jmcdee6 if I'm allowed!
370607441878466560,Thu Aug 22 18:04:34 +0000 2013,Much appreciated @Spencer5Abraham http://t.co/y8yAUaNUkc
370604699550224400,Thu Aug 22 17:53:40 +0000 2013,RT @GoErieHockey: OTTERS UPDATE: Andre Burahovsky has committed to play for the @ErieOtters. More to come... #erielive
370604699550224400,Thu Aug 22 17:53:40 +0000 2013,RT @GoErieHockey: OTTERS UPDATE: Andre Burahovsky has committed to play for the @ErieOtters. More to come... #erielive
369479727129440260,Mon Aug 19 15:23:26 +0000 2013,Last week at home! #erie
369114672189808640,Sun Aug 18 15:12:50 +0000 2013,@3jwalsh @LilCramberry11 I do!
368593622586773500,Sat Aug 17 04:42:22 +0000 2013,Happy Birthday to my second brother http://t.co/Ag71JkT1iR
368591448171487200,Sat Aug 17 04:33:44 +0000 2013,When people get the wrong number&lt;
367483194092040200,Wed Aug 14 03:09:55 +0000 2013,Watching Malkins goal against Tampa reminds me of a great night! @jmcdee6 @Labardo13
367021574119260160,Mon Aug 12 20:35:36 +0000 2013,Sad news Today #JB17
366597342310318100,Sun Aug 11 16:29:52 +0000 2013,Happy Birthday to my friend and brother @RRymmer21 hope it's good! 🎊🎉🎁
366327558637240300,Sat Aug 10 22:37:50 +0000 2013,@ArranMacDonald @mitchellkorb count me in
365296948779028500,Thu Aug 08 02:22:34 +0000 2013,42 is one of the best movies of all time #jackierobinson
365220982631313400,Wed Aug 07 21:20:42 +0000 2013,RT @jcieszynski: Congratulations to Robbie Ftorek on his new job with the Abbotsford Heat of the @TheAHL
364926517799034900,Wed Aug 07 01:50:36 +0000 2013,RT @clairemuurphy: Snuffy the seal kills me #SharkWeek
364769054671638500,Tue Aug 06 15:24:54 +0000 2013,Can't believe I'm doing this but Happy Birthday @drakerymsha
363386135373815800,Fri Aug 02 19:49:40 +0000 2013,#59watch
362920255435194400,Thu Aug 01 12:58:26 +0000 2013,25 more days until I get to see the boys #otters #playoffrun
362707751551512600,Wed Jul 31 22:54:01 +0000 2013,Congrats @TroyDonnay on signing with the @NYRangers
360068187016015900,Wed Jul 24 16:05:20 +0000 2013,Happy Birthday @miahh__  hope it's excellent!
360029912050053100,Wed Jul 24 13:33:14 +0000 2013,@AshBenzo omg thank you so much
359740780698542100,Tue Jul 23 18:24:20 +0000 2013,@jesspetric wish her a happy birthday from us!
357631459932114940,Wed Jul 17 22:42:39 +0000 2013,@dietajb no one like him
357630718114926600,Wed Jul 17 22:39:42 +0000 2013,@dietajb I'm okay
357628793520787460,Wed Jul 17 22:32:03 +0000 2013,@dietajb nope at the cotty🏊🎣🚣
357627882559901700,Wed Jul 17 22:28:26 +0000 2013,@dietajb yeah you know your double ab days are tough!
356935299772842000,Tue Jul 16 00:36:21 +0000 2013,@MatthewThornee straight from the heart!
356608127350743040,Mon Jul 15 02:56:17 +0000 2013,@candaaceroberts ☺😊
356607751415283700,Mon Jul 15 02:54:48 +0000 2013,@candaaceroberts just say it
355372034735349760,Thu Jul 11 17:04:30 +0000 2013,RT @NYIslanders: Happy 20th birthday to Ryan Strome (@strome18)! #Isles
355351741618855940,Thu Jul 11 15:43:51 +0000 2013,One more week!😃😀😊
355350613418184700,Thu Jul 11 15:39:22 +0000 2013,@Jessesaban3 🍧🍨🍦
355151344602058750,Thu Jul 11 02:27:33 +0000 2013,Everyday I study English...... See you tomorrow✌
354793879851106300,Wed Jul 10 02:47:07 +0000 2013,@ChelseaaDubross you'll be fine
354270096161636350,Mon Jul 08 16:05:47 +0000 2013,@Jessesaban3 anything for a kid from Lindsay
354267560193171460,Mon Jul 08 15:55:42 +0000 2013,@Jessesaban3 great observation
353745672664662000,Sun Jul 07 05:21:55 +0000 2013,@jaccqwaters so than that ones okay
353745307911200800,Sun Jul 07 05:20:28 +0000 2013,@jaccqwaters do you want me to put the other one up #probablynot
353742747036950500,Sun Jul 07 05:10:17 +0000 2013,Just a Saturday at the Perehiniak's House @jaccqwaters http://t.co/TyB7N8JJv1
353567231180939260,Sat Jul 06 17:32:51 +0000 2013,RT @connorcrisp23: It's official! http://t.co/j38Xf2Na8v
352932595559972860,Thu Jul 04 23:31:02 +0000 2013,RT @itsWillyFerrell: Retweet this with your nose. (NO cheating!)
352912204665860100,Thu Jul 04 22:10:01 +0000 2013,RT @ConnerMorro: Thanks for that video Team Snapchat #Merica
352791444689399800,Thu Jul 04 14:10:09 +0000 2013,RT @wheelingprobs: TSN just isn't the same anymore.. http://t.co/YYtPy3yTTi
352224074287677440,Wed Jul 03 00:35:38 +0000 2013,RT @OHLHockey: #OHL announces 49-game Exhibition Schedule for 2013-14 beginning August 30 to September 15, see it here: http://t.co/1Sqjbat…
351889988704669700,Tue Jul 02 02:28:05 +0000 2013,RT @ErieOtters: Congratulations to @connorcrisp23 on his selection by the @CanadiensMTL
351853751587455000,Tue Jul 02 00:04:06 +0000 2013,Congrats to @connorcrisp23 on getting drafted the @CanadiensMTL
348859039825932300,Sun Jun 23 17:44:11 +0000 2013,RT @Sportsnet: #Leafs acquire Jonathan Bernier from the #Kings in exchange for Matt Frattin, Ben Scrivens and a 2nd round pick.http://t.co/…
348261869234049000,Sat Jun 22 02:11:14 +0000 2013,Ill take a 93 on an exam anyday!
348212539219378200,Fri Jun 21 22:55:13 +0000 2013,@RRymmer21 love yeah too
348212085051764740,Fri Jun 21 22:53:25 +0000 2013,@RRymmer21 thanks
348211727625752600,Fri Jun 21 22:51:59 +0000 2013,@RRymmer21 miss yeah too Riv
348130324569546750,Fri Jun 21 17:28:31 +0000 2013,That exam was easier than her unit tests #harshman #summertime #free
347851846087479300,Thu Jun 20 23:01:57 +0000 2013,@QuentinMak k
347849056330084350,Thu Jun 20 22:50:52 +0000 2013,@QuentinMak tough guy eh!
347143061211578400,Wed Jun 19 00:05:30 +0000 2013,Omg!
347142820735361000,Wed Jun 19 00:04:32 +0000 2013,@jmcdee6 that's a legit fear
346349472512610300,Sun Jun 16 19:32:03 +0000 2013,RT @HDbrownie2000: Hey @ErieOtters fans things at Erie Insurance Arena are looking real good #classy http://t.co/xNLkFEV4yh
346104418011344900,Sun Jun 16 03:18:18 +0000 2013,Holy shaw!
345529216118439940,Fri Jun 14 13:12:39 +0000 2013,Already hating this day!
345501050767302660,Fri Jun 14 11:20:44 +0000 2013,Last day in the prison! #nomore #thankgod
345500406807400450,Fri Jun 14 11:18:10 +0000 2013,@candaaceroberts I'm not scared of you!
344871451997909000,Wed Jun 12 17:38:56 +0000 2013,@miahh__  is the best
344619308279808000,Wed Jun 12 00:57:00 +0000 2013,@jmcdee6 gotta find my big boy pants, might of left them behind
344618543180050400,Wed Jun 12 00:53:58 +0000 2013,Need @jmcdee6 kinda scared watching this right now!
344270490698907650,Tue Jun 11 01:50:55 +0000 2013,@candaaceroberts can't believe I'm watching that right now!
344231252351651840,Mon Jun 10 23:15:00 +0000 2013,RT @ABCFpll: 1 day! 24 hours! 1440 minutes! #PrettyLittleLiars #LiarsUnite
343493313917227000,Sat Jun 08 22:22:42 +0000 2013,Happy Birthday @Drew_Glassford
343003862438907900,Fri Jun 07 13:57:48 +0000 2013,@ChelseaaDubross what will you do?
342650138533171200,Thu Jun 06 14:32:13 +0000 2013,RT @hodgson96: Please tell me I can't do something, because in the end it's only going to motivate me even more
342494700202254340,Thu Jun 06 04:14:34 +0000 2013,After that this is the way it ends! #wow
342475602344947700,Thu Jun 06 02:58:41 +0000 2013,Letang/Horton
341730922095337500,Tue Jun 04 01:39:35 +0000 2013,@dietajb yeah😳
341694723767013400,Mon Jun 03 23:15:45 +0000 2013,@dietajb I have no one to keep track of my workouts
341640606780645400,Mon Jun 03 19:40:42 +0000 2013,@dietajb where ya working?
341375586876407800,Mon Jun 03 02:07:37 +0000 2013,@QuentinMak nails!
341014742242050050,Sun Jun 02 02:13:45 +0000 2013,RT @Labardo13: THIS IS PLAYOFF HOCKEY!!
340597728742633500,Fri May 31 22:36:41 +0000 2013,@ChelseaaDubross #BeFitMotivation
340467702932070400,Fri May 31 14:00:00 +0000 2013,Happy Birthday @justinhuggins88
339744029895966700,Wed May 29 14:04:23 +0000 2013,RT @hodgson96: Am I the only one that looks at this all class?? RT if you're consistently checking to see when class is done #grind http://…
339568390429618200,Wed May 29 02:26:27 +0000 2013,RT @masongower7: @TayBarronn has really good aim when it comes to dodge ball........................
339343298835664900,Tue May 28 11:32:01 +0000 2013,@matrobson1 your coach runs ropssaa lax
339335715869577200,Tue May 28 11:01:53 +0000 2013,@matrobson1 you guys shouldn't be there
337908241994498050,Fri May 24 12:29:37 +0000 2013,Shout out to @LilCramberry11 for finally turning 17, happy birthday bud
337762715651162100,Fri May 24 02:51:21 +0000 2013,@MikeyHildyEM congrats Mikey
337381486435119100,Thu May 23 01:36:29 +0000 2013,RT @RyanThompson311: I love criminal minds 😍
336976071138365440,Tue May 21 22:45:30 +0000 2013,@MikeyHildyEM you said you give it to me! 😔
336658165515051000,Tue May 21 01:42:16 +0000 2013,Omg that was just nasty #domi
335525242065797100,Fri May 17 22:40:26 +0000 2013,Happy Birthday to a good buddy and a long time teammate @3jwalsh #missya
335473622233784300,Fri May 17 19:15:18 +0000 2013,Going up to the cottage tonight&gt; going up tomorrow
334989807505772540,Thu May 16 11:12:48 +0000 2013,First time in 8 years playing against @matrobson1 we have always been teammates #brothas4life
334131339500584960,Tue May 14 02:21:33 +0000 2013,@NateKwiecinski4 @RRymmer21 thank you Nate
334090211757789200,Mon May 13 23:38:08 +0000 2013,@RRymmer21 but your 3 hours away! #haha
333719279381917700,Sun May 12 23:04:11 +0000 2013,Knowing that I still have two more days off this weekend makes me so happy
333230400342200300,Sat May 11 14:41:33 +0000 2013,RT @MapleLeafs: Retweet this Tweet and you're entered to win 1 of 2 pairs of Game 6 #Leafs Playoff Tickets. #BeLeaf #TMLtalk
333003786173947900,Fri May 10 23:41:04 +0000 2013,I could of done that #Leafs #grabovski
332954937224990700,Fri May 10 20:26:57 +0000 2013,@MattMackenzie_ @mitchellkorb we still on for tomorrow at 2
332642204482957300,Thu May 09 23:44:16 +0000 2013,@Labardo13 only an old man would know that!
332634931043905540,Thu May 09 23:15:22 +0000 2013,RT @clairemuurphy: Course nothing can ever go good for me
332548925837934600,Thu May 09 17:33:37 +0000 2013,😔
332320908150714400,Thu May 09 02:27:33 +0000 2013,Of course its phaneuf to loose the game for the leafs #dion #leafsnation
332312508788518900,Thu May 09 01:54:10 +0000 2013,RT @hodgson96: Fraser blocking a biscuit with his noggin.... THE GUYS NAILLLSSS #playoffhockey
332274912087646200,Wed May 08 23:24:47 +0000 2013,@QuentinMak your so awesome
332273604702138400,Wed May 08 23:19:35 +0000 2013,@hunterhateskatz I don't want to deal with you right now
332273493154623500,Wed May 08 23:19:08 +0000 2013,@QuentinMak @TayBarronn @courtneydubss your just a beauty #brrrp
332273199784026100,Wed May 08 23:17:58 +0000 2013,@TayBarronn @QuentinMak @courtneydubss ya you are lame Q
331405750423392260,Mon May 06 13:51:02 +0000 2013,RT @MapleLeafs: Retweet this Tweet and ur entered to win 1 of 2 pairs of Game 4 #Leafs Playoff Tickets. Happy #BlueAndWhiteDay #TMLtalk
331206696175280100,Mon May 06 00:40:04 +0000 2013,Great to see all the guys this weekend!
331067611192377340,Sun May 05 15:27:24 +0000 2013,RT @HDbrownie2000: Morning run for the boys and @ErieOtters mascot shooter participates in the beep test #ifshootercandoit #devo http://t.c…
331066513098412000,Sun May 05 15:23:02 +0000 2013,RT @ErieOtters: 2013 Otters Development camp ended today with the beep test at Presque Isle.  Nice to see the boys back in town! http://t.c…
329946977926250500,Thu May 02 13:14:24 +0000 2013,Excited for this weekend
329649077006516200,Wed May 01 17:30:39 +0000 2013,@ZacBullied is a lier!!!
329601204227301400,Wed May 01 14:20:25 +0000 2013,@RRymmer21 won't happen for a while
329600956654305300,Wed May 01 14:19:26 +0000 2013,@RRymmer21 ill take yeah
329600445460922400,Wed May 01 14:17:24 +0000 2013,@RRymmer21 I believe you, I know your a die hard leaf fan #leafnation
329600141185151000,Wed May 01 14:16:11 +0000 2013,@RRymmer21 I'm only joking with you
329599640028725250,Wed May 01 14:14:12 +0000 2013,@RRymmer21 no you didn't stop jumping on the bandwagon
329590277746618400,Wed May 01 13:37:00 +0000 2013,Who would of thought that the leafs were gunna be here at the beginning of the year #Playoffs2013 #Leafs #notme
329405014487466000,Wed May 01 01:20:50 +0000 2013,Should really get on that license thing @jmcdee6 we don't have @Labardo13 to drive us around anymore
329269939863158800,Tue Apr 30 16:24:05 +0000 2013,About to throw up from the rock climbing, never doing again
329206703818170400,Tue Apr 30 12:12:49 +0000 2013,@hunterhateskatz you lonely? http://t.co/dc3iFoKiQR
329028994164985860,Tue Apr 30 00:26:39 +0000 2013,That guy was cheesed
329023278788272100,Tue Apr 30 00:03:57 +0000 2013,Rock climbing makes me feel like a little kid again, climbing chairs and couches
328705364235272200,Mon Apr 29 03:00:40 +0000 2013,Gym advice from @jmcdee6 &lt;&lt;&lt;&lt;@labardo13
328704137770434560,Mon Apr 29 02:55:48 +0000 2013,Talks with @jmcdee6 &gt;&gt;&gt; where's  to join in @Labardo13
328644927280013300,Sun Apr 28 23:00:31 +0000 2013,5 days, can't wait to see @jmcdee6
328625036942532600,Sun Apr 28 21:41:29 +0000 2013,@courtneydubss I know I'm not normal
328621719399067650,Sun Apr 28 21:28:18 +0000 2013,@QuentinMak much appreciated
328620947907158000,Sun Apr 28 21:25:14 +0000 2013,@courtneydubss already been rockin them for two weeks
328181786515492860,Sat Apr 27 16:20:09 +0000 2013,Happy Birthday @TayBarronn
327828101029572600,Fri Apr 26 16:54:44 +0000 2013,@sadierob do you ever go to school
327415982136107000,Thu Apr 25 13:37:07 +0000 2013,Ya it's your birthday we get @jesspetric
327240703098892300,Thu Apr 25 02:00:38 +0000 2013,#duckdynasty
326514714291097600,Tue Apr 23 01:55:48 +0000 2013,Follow me on snap chat @raddy96
326492551068651500,Tue Apr 23 00:27:44 +0000 2013,#TweetANameThatYouAlmostGot  Horish Raddysh
325820448648622100,Sun Apr 21 03:57:03 +0000 2013,Are you serious!
325788785910628350,Sun Apr 21 01:51:14 +0000 2013,RT @jcore93: @babybournee thanks for the playoff spot buddy!
325411405077561340,Sat Apr 20 00:51:39 +0000 2013,RT @GlobeMetro: BREAKING NEWS: Boston Marathon terror bombing suspect has been arrested.
325401926281855000,Sat Apr 20 00:13:59 +0000 2013,@hunterhateskatz coming from you
325401548907745300,Sat Apr 20 00:12:29 +0000 2013,RT @brendanjacome: @DarrenRaddysh we are both bug nerds
325401080441733100,Sat Apr 20 00:10:37 +0000 2013,Making honour role for the first time makes me so happy!
324928124888432640,Thu Apr 18 16:51:16 +0000 2013,RT @ShooterMcGavin_: If you show up to class late *slide in door* *single pistol teacher* *walk to desk/single pistol hottest girl in cl ...
324680686919352300,Thu Apr 18 00:28:02 +0000 2013,Waking up from a nap and thinking its the next day&lt;
324548643229143040,Wed Apr 17 15:43:21 +0000 2013,When people say they have money and they don't &lt;&lt;
324276471965290500,Tue Apr 16 21:41:50 +0000 2013,@TayBarronn @cassluluu did you get a picture
323897717455732740,Mon Apr 15 20:36:48 +0000 2013,#prayforboston
323581133759586300,Sun Apr 14 23:38:48 +0000 2013,Yessssss
323570864643776500,Sun Apr 14 22:58:00 +0000 2013,RT @Stephens2727: What a shot... R u kidding me #clutch
323563996240289800,Sun Apr 14 22:30:42 +0000 2013,@ArranMacDonald tiger had a great round today, you should be happy #cameupshort #not
323506169618513900,Sun Apr 14 18:40:55 +0000 2013,Everyone rooting for tiger, lets go Scott
323220891729285100,Sat Apr 13 23:47:20 +0000 2013,Someone come get me, really bored!
322177032840691700,Thu Apr 11 02:39:25 +0000 2013,Netflix just isn't the same without @Labardo13 and @jmcdee6
321460057961291800,Tue Apr 09 03:10:24 +0000 2013,@chris_towe it's to much
321458371159003140,Tue Apr 09 03:03:42 +0000 2013,I can always count on the snap chat from @chris_towe at this time of night! #samething #newnight
321362140080504800,Mon Apr 08 20:41:19 +0000 2013,Can't wait for my date with @Labardo13
321358894557446140,Mon Apr 08 20:28:25 +0000 2013,Happy Birthday Crispy @connorcrisp23
321066725472886800,Mon Apr 08 01:07:27 +0000 2013,@SFaion you got your wish were coming out!
320665832701194240,Sat Apr 06 22:34:26 +0000 2013,Get me out of here!
320557454574374900,Sat Apr 06 15:23:47 +0000 2013,Congrats to @dstrome16 going 2nd overall to @ErieOtters and to @Stephens2727 going 8th to @SpiritHockey #Marlies
320344747979972600,Sat Apr 06 01:18:34 +0000 2013,RT @miilkkk: this was my life http://t.co/gUN01ygvMr
320329711991541760,Sat Apr 06 00:18:49 +0000 2013,Good luck to all the 97's tomorrow in the OHL Draft especially @dstrome16 @Stephens2727
320266280231919600,Fri Apr 05 20:06:46 +0000 2013,Well that was a huge waste of time #stupideyes
319851245395378200,Thu Apr 04 16:37:34 +0000 2013,Congrats to @cmcdavid97 Rookie of the Year!
319492001533919200,Wed Apr 03 16:50:03 +0000 2013,RT @hodgson96: Well if you're not watching TSN #TradeCentre today you're not missing much! Only one trade and a couple bags of pucks hav ...
319064570989772800,Tue Apr 02 12:31:36 +0000 2013,Today's the day! @BlueJays
319064363589849100,Tue Apr 02 12:30:46 +0000 2013,RT @BlueJays: The Day is finally here! @BlueJays #HondaOpeningNight!  RT if you are excited!! #LoveThisTeam
318944754614276100,Tue Apr 02 04:35:29 +0000 2013,Good to talk to @RRymmer21 again, missed those chats #beenawhile
318002295910592500,Sat Mar 30 14:10:30 +0000 2013,Happy birthday to the biggest loser @QuentinMak
317830894754881540,Sat Mar 30 02:49:24 +0000 2013,RT @TheComedyJokes: Spongebob | ( • )( • ) |   Patrick / ( • )( • ) \   Squidward ( (•)(•) )   Plankton | (•) |   Mr. Krabs |•||•|   RT  ...
317825724864159740,Sat Mar 30 02:28:52 +0000 2013,😔
317822688154509300,Sat Mar 30 02:16:48 +0000 2013,RT @LeahKenn: Praying for the Boyd family today
317506079057641500,Fri Mar 29 05:18:42 +0000 2013,People these days😳😁
317257145559167000,Thu Mar 28 12:49:32 +0000 2013,RT @penguins: So, who's REALLY happy to be awake right now?
317256718126039040,Thu Mar 28 12:47:50 +0000 2013,Hey @VDeBartolo http://t.co/FMv5352QdG
316970466541723650,Wed Mar 27 17:50:22 +0000 2013,@RRymmer21 yes sir
316970104929804300,Wed Mar 27 17:48:56 +0000 2013,@RRymmer21 yes I am?
316965561575813100,Wed Mar 27 17:30:53 +0000 2013,@RRymmer21 thanks bro
316965114148429800,Wed Mar 27 17:29:06 +0000 2013,@RRymmer21 good luck tonight Bautista, hit a homer for me
316527196242067460,Tue Mar 26 12:28:59 +0000 2013,Happy Birthday to @matrobson1 the bestest bud of all time. Don't know what I would do with out you, love you bro #fromtheheart
316365774824546300,Tue Mar 26 01:47:33 +0000 2013,RT @jakeevans95: Kadri is discusting
316194176557518850,Mon Mar 25 14:25:40 +0000 2013,Happy birthday @stavy_10
315490160865325060,Sat Mar 23 15:48:10 +0000 2013,Also good bye to coach Sid and @MikeyHildyEM you guys were the best
315485818410131460,Sat Mar 23 15:30:55 +0000 2013,All the best to the best play by play announcer @Paul_Roper
315484334746386400,Sat Mar 23 15:25:01 +0000 2013,Happy Birthday @znaczko88 hope you have a good day
315088658405404700,Fri Mar 22 13:12:44 +0000 2013,A little late but thanks to the @ErieOtters for everything and to the fans for supporting the team
314563089104252900,Thu Mar 21 02:24:19 +0000 2013,@Cassluluu @justinhuggins88 I wil
314464599833444350,Wed Mar 20 19:52:57 +0000 2013,Snap chat me raddy96
314454897821114400,Wed Mar 20 19:14:24 +0000 2013,I apologize @VDeBartolo @TayBarronn
314360763835899900,Wed Mar 20 13:00:21 +0000 2013,Amazing race on my first day back! #cantcomplain
314352774466908160,Wed Mar 20 12:28:36 +0000 2013,@MatthewThornee look to your right
314170469102264300,Wed Mar 20 00:24:11 +0000 2013,Its weird watching PLL without the roomies @jmcdee6 @Labardo13 need you guys here #lonely
314166270788530200,Wed Mar 20 00:07:30 +0000 2013,RT @PLLfans: And now, the season finale of #PrettyLittleLiars.
314088822709313540,Tue Mar 19 18:59:45 +0000 2013,Why am I so confused after I talk to @jakeevans95 #weirdstuff
313652531437908000,Mon Mar 18 14:06:05 +0000 2013,@Spencer5Abraham happy birthday
313443934049280000,Mon Mar 18 00:17:12 +0000 2013,Congrats to @Labardo13 for scoring in his first game with Fort Wayne! #goingplaces
313403457312784400,Sun Mar 17 21:36:21 +0000 2013,Home sweet home
313290043101962240,Sun Mar 17 14:05:41 +0000 2013,@OttersEquipguy thanks Mikey
313181355364196350,Sun Mar 17 06:53:48 +0000 2013,I couldn't of asked for a better roomie than @Labardo13 great guy and a great father #loveyou  #DAD
313152193412866050,Sun Mar 17 04:57:55 +0000 2013,Hey @mitchellkorb http://t.co/PrZyAlDf7R
312398567614607360,Fri Mar 15 03:03:17 +0000 2013,RT @SeannDunne: Let me show you how country feels
312022680087973900,Thu Mar 14 02:09:38 +0000 2013,Love you Papa! #RIP❤❤
312022680087973900,Thu Mar 14 02:09:38 +0000 2013,Love you Papa! #RIP❤❤
311680599775649800,Wed Mar 13 03:30:20 +0000 2013,@matrobson1 that's a start
311676393501102100,Wed Mar 13 03:13:37 +0000 2013,@matrobson1 survived his first OHL warm up, congrats kid #badknees
310890204284203000,Sun Mar 10 23:09:35 +0000 2013,How do yeah do chap? http://t.co/XNXB1j66Nu
309874366496243700,Fri Mar 08 03:53:00 +0000 2013,RT @RachelGarv: Criminal minds 😍😍
309683064563441660,Thu Mar 07 15:12:50 +0000 2013,Nothing like a nice roady to Owen Sound for the Weekend #6hours
308783023581708300,Tue Mar 05 03:36:24 +0000 2013,Pens game http://t.co/WUl69ZXGa8
308677807918170100,Mon Mar 04 20:38:19 +0000 2013,RT @NotCommonFacts: If you RT this you will yawn. 100% Fact. (Try it now)
308100802436800500,Sun Mar 03 06:25:30 +0000 2013,RT @Labardo13: Rock me momma like a wagon wheel #awinFTBs
308064513645760500,Sun Mar 03 04:01:18 +0000 2013,@TayBarronn @connermorro tays an excellent skater?
308063967425744900,Sun Mar 03 03:59:08 +0000 2013,Great win boys #theboys
307861421323063300,Sat Mar 02 14:34:17 +0000 2013,Happy Birthday @hodgson96
307218412663349250,Thu Feb 28 19:59:12 +0000 2013,Thanks for all the birthday wishes!
306994645878054900,Thu Feb 28 05:10:01 +0000 2013,RT @Labardo13: Happy birthday to the biggest shmelt in the OHL @DarrenRaddysh... I'd like 2 gato's delivered to me before i fall asleep  ...
306992704175349760,Thu Feb 28 05:02:18 +0000 2013,Happy Birthday @OscarDansk
306991564532629500,Thu Feb 28 04:57:47 +0000 2013,@LDellaMattia @rashadhurry I do see this even though I'm not there you know
306954691496009700,Thu Feb 28 02:31:16 +0000 2013,Two and a half Hours!
306953431850041340,Thu Feb 28 02:26:15 +0000 2013,RT @Labardo13: Babysitting @DarrenRaddysh with @jmcdee6. Someone get this kid a soother.
306635902288019460,Wed Feb 27 05:24:30 +0000 2013,Great nap now how am I getting to sleep #ohno #notgood
305549353609744400,Sun Feb 24 05:26:57 +0000 2013,Happy Birthday to the best OA in the league, and a great roomie   @Labardo13 #wordclass
305495868000317440,Sun Feb 24 01:54:25 +0000 2013,@courtneydubss thanks
305495437450817540,Sun Feb 24 01:52:43 +0000 2013,? http://t.co/5EHaM37BKQ
305487797362495500,Sun Feb 24 01:22:21 +0000 2013,@courtneydubss even I got that and I'm not the brightest
305484989355667460,Sun Feb 24 01:11:11 +0000 2013,@courtneydubss really Courtney!
305467810694459400,Sun Feb 24 00:02:56 +0000 2013,@ashcapobianco cause your a beauty
304967235036909600,Fri Feb 22 14:53:49 +0000 2013,@TayBarronn miss you too
304961540036128800,Fri Feb 22 14:31:11 +0000 2013,@TayBarronn 😄
304449448858226700,Thu Feb 21 04:36:19 +0000 2013,RT @OscarDansk: @jmcdee6 @labardo13 @darrenraddysh  So you guys deep fried Raddy finally huh? Tasty? Bring some for the road
304442676160372740,Thu Feb 21 04:09:25 +0000 2013,Thank you sir @Labardo13 http://t.co/ZV5YRdTkaq
303949856723050500,Tue Feb 19 19:31:07 +0000 2013,So much school work!
302231617798287360,Fri Feb 15 01:43:27 +0000 2013,The amount of pretty little liers in the passed days is ridiculous! #loveit #cantstop
302215781280796700,Fri Feb 15 00:40:32 +0000 2013,He's on tv everyone @cmcdavid97 http://t.co/PAssXjWf
301332151117422600,Tue Feb 12 14:09:17 +0000 2013,#BellLetsTalk
301037531854667800,Mon Feb 11 18:38:35 +0000 2013,RT @Labardo13: Nothing better than a little sushi and a movie with the roomies @jmcdee6 @darrenraddysh on a day off. Back to work tomorrow
299368724148928500,Thu Feb 07 04:07:20 +0000 2013,@cmcdavid97 I don't know
299363261718077440,Thu Feb 07 03:45:38 +0000 2013,Netflix is becoming my life. Can't control myself #gottastop
298256946811789300,Mon Feb 04 02:29:32 +0000 2013,RT @LayTheBo: Ray Lewis put the lights out cause he's nails
297928991346667500,Sun Feb 03 04:46:21 +0000 2013,Congrats @LilCramberry11 for your first goal
297189012748242940,Fri Feb 01 03:45:56 +0000 2013,Big night tonight for the little kid @Raddy1998 #beauty
295850424316067840,Mon Jan 28 11:06:52 +0000 2013,Are you serious!
294515411020562400,Thu Jan 24 18:42:00 +0000 2013,RT @JordAddesi88: I am fed up with the app bike race, it is causing me unnecessary anger
293927794482749440,Wed Jan 23 03:47:01 +0000 2013,Wow 6-1 Sharks! #blowout
293566636793921540,Tue Jan 22 03:51:55 +0000 2013,@sarah_frazberry that's a very good question
292884863663611900,Sun Jan 20 06:42:47 +0000 2013,@sarah_frazberry I'm down
292732284870725600,Sat Jan 19 20:36:30 +0000 2013,@Raddy1998 your sick bud
292077546705674240,Fri Jan 18 01:14:48 +0000 2013,The kid thinks he is sick! #didnt #even #score http://t.co/Es3ntn1S
292059752018616300,Fri Jan 18 00:04:05 +0000 2013,RT @OttersShooter: @DarrenRaddysh &amp; @dane_fox at St. Gregory's http://t.co/EFCPQbJx
292059724709511200,Fri Jan 18 00:03:59 +0000 2013,RT @OttersShooter: @DarrenRaddysh &amp; @dane_fox playing floor hockey with some of the students at St. Gregory's. http://t.co/18mLomHq
292059699157823500,Fri Jan 18 00:03:53 +0000 2013,RT @OttersShooter: @DarrenRaddysh &amp; @dane_fox reading to a preschool class at St. Gregory's. http://t.co/mYjDXwxW
291797198549684200,Thu Jan 17 06:40:48 +0000 2013,Can't fall asleep has to be the worst! #wannasleep
291733872264237060,Thu Jan 17 02:29:09 +0000 2013,Menchies is to good
291318969321812000,Tue Jan 15 23:00:29 +0000 2013,No ones answering there phones!
291233690460229600,Tue Jan 15 17:21:37 +0000 2013,@OttersEquipguy nope I got my other ones for today gunna use those tomorrow
290684912598663200,Mon Jan 14 05:00:58 +0000 2013,@Breeze2Greeze happy birthday, have a good one!
290610081303773200,Mon Jan 14 00:03:37 +0000 2013,RT @TedOfficialPage: That moment when you close your eyes to apply shampoo and get paranoid that someone will kill you in the shower.
289739867326394400,Fri Jan 11 14:25:42 +0000 2013,@JLindo22 Happy birthday kid, have a good one
289105074146394100,Wed Jan 09 20:23:15 +0000 2013,@3jwalsh congrats buddy!
289066551104135200,Wed Jan 09 17:50:11 +0000 2013,RT @TSNBobMcKenzie: Toronto Maple Leafs have apparently fired Brian Burke as general manager. Working on official confirmations.
288842293685915650,Wed Jan 09 02:59:03 +0000 2013,@ChelseaaDubross @TayBarronn @courtneydubss FaceTime I need to talk to you three
288715447543685100,Tue Jan 08 18:35:01 +0000 2013,@AustinBrownn12 congrats allstar! #bigdeal #topprospect
288495568106446850,Tue Jan 08 04:01:18 +0000 2013,@OttersEquipguy not looking good
288457477912133600,Tue Jan 08 01:29:56 +0000 2013,RT @cmcdavid97: @OttersEquipguy #GoBamaGo!!!
288367370366504960,Mon Jan 07 19:31:53 +0000 2013,Who has the most phantoms in the league, @QuentinMak @mc_laugh26 @muckndgrind.    @burry88 ?
286978740012072960,Thu Jan 03 23:33:58 +0000 2013,@Emilyskilling9 text me
285307284043747330,Sun Dec 30 08:52:11 +0000 2012,@mc_laugh26 hey kid
283785891166711800,Wed Dec 26 04:06:43 +0000 2012,Good luck to the Toronto Marlboro boys @cmcdavid97 @66jhosang @McKeown20 @dannysousa27 Sam Bennett and Jaeden Lindo
283753675963371520,Wed Dec 26 01:58:42 +0000 2012,RT @HDbrownie2000: Good luck to @ErieOtters,  @OscarDansk and Team Sweden and to @cmcdavid97 and Team Ontario on their quest for Gold #g ...
283643737219932160,Tue Dec 25 18:41:51 +0000 2012,Merry Christmas to all, have a happy holiday!
283625603972878340,Tue Dec 25 17:29:48 +0000 2012,RT @HockeyCanada: Canada will start Malcolm Subban in goal for the Canada vs. Germany game on Dec. 26 at the #2013WJC in Ufa.
283563358089797630,Tue Dec 25 13:22:27 +0000 2012,#teamiphone
283563272765054980,Tue Dec 25 13:22:07 +0000 2012,RT @ErieOtters: Merry Christmas from the Erie Otters! Best wishes to everyone during the holiday season!
282320157647458300,Sat Dec 22 03:02:25 +0000 2012,@Breeze2Greeze can I get a ride down with you
282276414441533440,Sat Dec 22 00:08:36 +0000 2012,@TayBarronn nice
282275164773814270,Sat Dec 22 00:03:38 +0000 2012,@TayBarronn where?
281975244531572740,Fri Dec 21 04:11:51 +0000 2012,ISP Essay = No more, never again
280848092813725700,Tue Dec 18 01:32:57 +0000 2012,@mc_laugh26 @QuentinMak @muckndgrind I here your tearing it up!
278592890140254200,Tue Dec 11 20:11:35 +0000 2012,See ya later T.O
278592822834237440,Tue Dec 11 20:11:19 +0000 2012,@cmcdavid97 got any bunkbeds down there #Erie
269518350131019780,Fri Nov 16 19:12:36 +0000 2012,@3jwalsh not anymore, to sick to play
269259446696423420,Fri Nov 16 02:03:49 +0000 2012,@3jwalsh be ready for tomorrow, raddys playing!
265641209224106000,Tue Nov 06 02:26:14 +0000 2012,@muckndgrind you a beauty eh!
263098845913808900,Tue Oct 30 02:03:47 +0000 2012,@bigspearzy16 @CollegeHockeyEx couldnt help myself
263098081686482940,Tue Oct 30 02:00:45 +0000 2012,@AustinBrownn12 send me the picture of my stick
263069746436644860,Tue Oct 30 00:08:09 +0000 2012,Whos this Sandy chick everyones tweeting about! #confused
260864200992231420,Tue Oct 23 22:04:06 +0000 2012,@CollegeHockeyEx no follow back!
256955593384931330,Sat Oct 13 03:12:42 +0000 2012,When @TayBarronn falls randomly when watching hockey &gt;&gt;
255151761235509250,Mon Oct 08 03:44:55 +0000 2012,#DuckDynasty Marathon #AllNighter
254608951738511360,Sat Oct 06 15:47:59 +0000 2012,RT @matrobson1: Missin the #TM96 boys these days
253657497460678660,Thu Oct 04 00:47:14 +0000 2012,@AustinBrownn12 keep your head up next pracy, I'm gunnin for yeah!
253657036213075970,Thu Oct 04 00:45:24 +0000 2012,@AustinBrownn12 can I punch you?
251127144783159300,Thu Sep 27 01:12:31 +0000 2012,RT @ChelseaaDubross: ❤Rip Patti #fuckyoucancer
250436866908753920,Tue Sep 25 03:29:36 +0000 2012,@Stephens2727 yeah got a couple points, need some work on the d-zone abit
250077573718106100,Mon Sep 24 03:41:54 +0000 2012,#IfYouHadYourMomsLastName  Darren Emerson
248924985064820740,Thu Sep 20 23:21:55 +0000 2012,@QuentinMak okay bud
248506638166786050,Wed Sep 19 19:39:34 +0000 2012,@hunterhateskatz     K?
238086715405893630,Wed Aug 22 01:34:31 +0000 2012,RT @matrobson1: Dont even know where im going to school yet #couldbeanywhere
235924585911046140,Thu Aug 16 02:22:59 +0000 2012,RT @miilkkk: FIRST DAY OF SCHOOL: 30 pencils, 64 crayons, 20 pens, 12 rulers, 10 notebooks.. MIDDLE OF MARCH: 1 pencil you found on the  ...
230890735149412350,Thu Aug 02 05:00:15 +0000 2012,Follow me on instagram: darrenraddysh
230389859074854900,Tue Jul 31 19:49:57 +0000 2012,@dietajb I'm just leaving now, wait until I get there so you can personally give me my phone
227504248265523200,Mon Jul 23 20:43:34 +0000 2012,RT @ErieOtters: The Otters organization extends our deepest condolences to Head Coach Robbie Ftorek &amp; his family on the passing of h ...
225410931348353020,Wed Jul 18 02:05:28 +0000 2012,@chrismorro you leaving? Yes!
222479882419048450,Mon Jul 09 23:58:32 +0000 2012,Walking by @chrismorro and calling his name and remebering he is digging holes all day #getabbetterjob
221441033161027600,Sat Jul 07 03:10:31 +0000 2012,@chrismorro whhhhy
220642275871559680,Wed Jul 04 22:16:32 +0000 2012,RT @mnwild: BREAKING: WE GOT 'EM! Zach Parise and Ryan Suter are coming to the #mnwild! More to come. After you exhale, RT to #WelcomeZa ...
220565507441557500,Wed Jul 04 17:11:29 +0000 2012,Happy Birthday @cassluimes
218473639778066430,Thu Jun 28 22:39:09 +0000 2012,@ashcapobianco theres school tomorrow?
218361382054273020,Thu Jun 28 15:13:05 +0000 2012,Congrats to my boy @matrobson1
217418689866235900,Tue Jun 26 00:47:09 +0000 2012,you got it @cmcdavid97
217417319012503550,Tue Jun 26 00:41:42 +0000 2012,finally got the follow from @cmcdavid97
217067765276741630,Mon Jun 25 01:32:42 +0000 2012,RT @cmcdavid97: Come home to @_Happy_Gilmore on TV #mademynight
217051533362204670,Mon Jun 25 00:28:12 +0000 2012,@crams91 you ve been working out I see!
215934723392933900,Thu Jun 21 22:30:24 +0000 2012,@ashcapobianco someones getting angry
215510592566468600,Wed Jun 20 18:25:03 +0000 2012,RT @Mcveigh_96: Why did I just suddenly forget everything I learned in math all semester
215447263936380930,Wed Jun 20 14:13:25 +0000 2012,@hunterhateskatz why aren't you
212741583462871040,Wed Jun 13 03:02:00 +0000 2012,@hunterhateskatz I know I thought it was going to be easy!
212734570800492540,Wed Jun 13 02:34:08 +0000 2012,When do you have to write an essay in gym class?
212687227099160580,Tue Jun 12 23:26:01 +0000 2012,RT @FunnyFacts: You drive in a parkway and park in a driveway. Mind=Blown
212387412154920960,Tue Jun 12 03:34:39 +0000 2012,RT @cmcdavid97: Is it just me or does every other kid get jealous wen the stanley cup is awarded. Congrats to the LA Kings #dreams
209325758202650620,Sun Jun 03 16:48:44 +0000 2012,@cmcdavid97 are you coming tonight?
207189592431009800,Mon May 28 19:20:22 +0000 2012,@RachelGarv see you there
206599365119315970,Sun May 27 04:15:01 +0000 2012,@ArranMacDonald @darrenraddysh cant have to much homework, monday after school instead
206233481611722750,Sat May 26 04:01:08 +0000 2012,A good 5 hours on my ISP essay and im done! #Overwithit
206208875026858000,Sat May 26 02:23:21 +0000 2012,ISP Essay &lt;&lt;&lt;&lt;&lt;&lt;
205743032472051700,Thu May 24 19:32:16 +0000 2012,Happy Birthday To My Boy @crams91
202574062000685060,Wed May 16 01:39:54 +0000 2012,RT @SwampPeople: Only 48 hours until an all new #SwampPeople. RT if you plan on watching.
198219537416601600,Fri May 04 01:16:35 +0000 2012,@RachelGarv it sucked, you sat around doing nothing #useless
198216596567756800,Fri May 04 01:04:53 +0000 2012,@RachelGarv @BaterSauce44 She did nothing today, she made a sign that wasnt even good when I was there!
197114031696388100,Tue May 01 00:03:42 +0000 2012,@cmcdavid97  My brother says your soft!
196749318919692300,Sun Apr 29 23:54:27 +0000 2012,Great weekend, had fun in Erie #rookiecamp
195686879461515260,Fri Apr 27 01:32:42 +0000 2012,@cmcdavid97 when you getting here?
195683842282106880,Fri Apr 27 01:20:38 +0000 2012,RT @cmcdavid97: Can't wait to hit the ice in erie! #finally #nomoretalk
194969969128259600,Wed Apr 25 02:03:57 +0000 2012,@leafkyle sorry, cannot forget you!
194932780201807870,Tue Apr 24 23:36:11 +0000 2012,@cmcdavid97 true
194915345411215360,Tue Apr 24 22:26:54 +0000 2012,@cmcdavid97 @crams91 @znaczko88 @Cchristanson54 Miss you too Mcdavid
192779761188220930,Thu Apr 19 01:00:51 +0000 2012,Flows Gone!
192725487045455870,Wed Apr 18 21:25:11 +0000 2012,@QuentinMak no
192723420352491520,Wed Apr 18 21:16:58 +0000 2012,are you going tonight @matrobson1
191156459415932930,Sat Apr 14 13:30:26 +0000 2012,Bye @TayBarronn
191156283225804800,Sat Apr 14 13:29:44 +0000 2012,@cmcdavid97 great interview on CP 24
190599079548555260,Fri Apr 13 00:35:36 +0000 2012,@ashcapobianco go study for your test tomorrow
190598797989134340,Fri Apr 13 00:34:29 +0000 2012,@ashcapobianco I'm not like that
190598535954173950,Fri Apr 13 00:33:26 +0000 2012,@ashcapobianco not nice
190598238804525060,Fri Apr 13 00:32:15 +0000 2012,@ashcapobianco sorry
190255378724954100,Thu Apr 12 01:49:51 +0000 2012,RT @Cramberry19: When I pull out a bent spoon... My first guess is that @crams91 tried scooping ice cream with it #meathead
188814954403610620,Sun Apr 08 02:26:07 +0000 2012,thanks @courtneydubss your the best
188795889593233400,Sun Apr 08 01:10:22 +0000 2012,What A Day! @ErieOtters #OhlDraft
188768700445372400,Sat Apr 07 23:22:19 +0000 2012,RT @leafkyle: Congratulations to all my Marlie boys on the OHL draft. SO proud of you all!!!  Enjoy this special time.
188768504273571840,Sat Apr 07 23:21:33 +0000 2012,RT @amandaaviveiros: @DarrenRaddysh actually so proud of youuuu #WhattaGuy
188713055956385800,Sat Apr 07 19:41:13 +0000 2012,Very Happy To Be Part Of The@ErieOtters #GunnaBeFun
188258278403354620,Fri Apr 06 13:34:05 +0000 2012,RT @crams91: #OHLDraft a day away, goodluck to all my #TM96 teammates
185684850127290370,Fri Mar 30 11:08:12 +0000 2012,@courtneydubss day 2
183221165450465280,Fri Mar 23 15:58:24 +0000 2012,RT @crams91: OHL Combine today #abouttime
182293833005015040,Wed Mar 21 02:33:31 +0000 2012,@ashcapobianco your going to need to know qoutes too&lt; just want to let you know
182292593210695680,Wed Mar 21 02:28:35 +0000 2012,@ashcapobianco have you started studying yet?
181509999787393020,Sun Mar 18 22:38:50 +0000 2012,@crams91 your also and honour to play with, love you and everyone else on #TM96
181509369043759100,Sun Mar 18 22:36:20 +0000 2012,To bad boys, love you all! #tm96
181094240514867200,Sat Mar 17 19:06:46 +0000 2012,Boys back at my place in between games!
180112784363753470,Thu Mar 15 02:06:48 +0000 2012,Here we go, #swamppeople
179746799962177540,Wed Mar 14 01:52:31 +0000 2012,Happy Birthday To My Cousin @Kyle_Nils
179677426429866000,Tue Mar 13 21:16:51 +0000 2012,Game 1 tn, OHL CUP #TM96
179055396319793150,Mon Mar 12 04:05:07 +0000 2012,OHL CUP here we go!
176490668837969920,Mon Mar 05 02:13:49 +0000 2012,Cheesed
176165700547772400,Sun Mar 04 04:42:30 +0000 2012,New Twig!
176163930652160000,Sun Mar 04 04:35:28 +0000 2012,Need Another Big Game #TM96
175715607478665200,Fri Mar 02 22:54:00 +0000 2012,Game 3 #KeepRgoing
175707549310521340,Fri Mar 02 22:21:58 +0000 2012,@cmcdavid97 why would that be? #sorry
175382005071097860,Fri Mar 02 00:48:23 +0000 2012,follow @crams91 biggest beaut
175292030841389060,Thu Mar 01 18:50:51 +0000 2012,RT @EastCoastWheel: After going bar down, skate by the tendy and tell him it sounded like the doorbell at his mom's place #DaddyWasntHom ...
175241221386674180,Thu Mar 01 15:28:57 +0000 2012,@Raddy1998 Follow the little bro
175189203951435780,Thu Mar 01 12:02:15 +0000 2012,RT @ChelseaaDubross: FUCK YEAHHH #ilovesnowdays
175046512181657600,Thu Mar 01 02:35:15 +0000 2012,RT @garrettpevans: March break is so close yet so far #tease
175043581160071170,Thu Mar 01 02:23:36 +0000 2012,@ashcapobianco you happy now
175043581160071170,Thu Mar 01 02:23:36 +0000 2012,@ashcapobianco you happy now
