id,created_at,text
1257426637429379000,Mon May 04 21:47:26 +0000 2020,#TheCloneWars https://t.co/9Sq8SjMRvh
1256303546036715500,Fri May 01 19:24:41 +0000 2020,#TheCloneWars #Order66 https://t.co/koeeAEYvcm
1253764420091564000,Fri Apr 24 19:15:06 +0000 2020,#TheCloneWars https://t.co/BsSfTXfoJq
1251238539213168600,Fri Apr 17 19:58:09 +0000 2020,#TheCloneWars https://t.co/BqqA8Lv1uU
1238194379916886000,Thu Mar 12 20:05:19 +0000 2020,We are all in this together, may the Force be with you! Your friends at Lucasfilm and the Galaxy far, far, away.... https://t.co/FxG3vpuqwr
1220005920769396700,Wed Jan 22 15:30:52 +0000 2020,RT @starwars: Witness the end of the groundbreaking series. The final season of Star Wars: #TheCloneWars starts streaming Feb. 21 on #Disne…
1209935123639984000,Wed Dec 25 20:33:07 +0000 2019,Was thinking of all of you this fine morning, Happy Holidays!  - Dave https://t.co/WpD0kKMbfk
1177709233439232000,Fri Sep 27 22:18:56 +0000 2019,https://t.co/r8PSwIDK72 Congratulations Deb!! I had a great time working with her on the Mandalorian and I’m so exc… https://t.co/zaxs82zvNg
1172748525412552700,Sat Sep 14 05:46:51 +0000 2019,Congratulations @Jon_Favreau on another well deserved honor at the @SaturnAwards. The Force is strong with you. https://t.co/hDAwMzxbLv
1172744335357431800,Sat Sep 14 05:30:12 +0000 2019,https://t.co/eP9Zuu2OlV
1158807536645968000,Tue Aug 06 18:30:20 +0000 2019,https://t.co/VqCgJY4VIR
1152283415787343900,Fri Jul 19 18:25:49 +0000 2019,One year ago we announced the return of #TheCloneWars. I can’t wait for you all to see what I see. #CloneWarsSaved https://t.co/Xppilcq5qz
1148388930175115300,Tue Jul 09 00:30:31 +0000 2019,I wanted to thank Lauren McKenna for this great custom vinyl of a 332nd clonetrooper. Number 66? Uh oh... https://t.co/WqMuV08zOS
1137105971631624200,Fri Jun 07 21:16:04 +0000 2019,https://t.co/3p7FGNgQlE
1128442558953058300,Tue May 14 23:30:46 +0000 2019,Happy Birthday Master! https://t.co/2rV0vrG1JZ
1103112187973754900,Wed Mar 06 01:56:55 +0000 2019,#RebelsRemembered https://t.co/lp367sU4NT
1077613666164326400,Tue Dec 25 17:14:53 +0000 2018,Still round the corner there may wait A new road or a secret gate And thought I oft have passed them by A day will… https://t.co/bSweEGp59r
1029040358779510800,Mon Aug 13 16:21:54 +0000 2018,Kevin Kiner’s music is the soul of Rebels. He honors the legacy of John Williams, yet establishes his own realm wit… https://t.co/EIUhUL7X5Y
1020036818652225500,Thu Jul 19 20:05:03 +0000 2018,#CloneWarsSaved https://t.co/sV2KC7JfUo
1011663269403115500,Tue Jun 26 17:31:33 +0000 2018,Happy 10th Anniversary! The Clones are headed back to Comic-Con, and so am I. #SDCC2018 https://t.co/ITfdMu5v9d https://t.co/GcN1iD9EvV
988481905736781800,Mon Apr 23 18:17:06 +0000 2018,Thank you #StarWarsRebels fans; you make it possible for us to tell our stories. https://t.co/hVDOmeZn8z
980221464182906900,Sat Mar 31 23:13:03 +0000 2018,Great job!!! Let me know if you find Ezra. #StarWarsRebels https://t.co/B6OvDxKJEo
977337408319451100,Sat Mar 24 00:12:50 +0000 2018,Catching up with Ahsoka and Sabine post-Rebels! #StarWarsRebels https://t.co/K2jzjd1oq1
975909905214316500,Tue Mar 20 01:40:27 +0000 2018,The Force is strong with the @WBSPenguins. Love teaming up with them to design their #StarWars Night jerseys. Let's… https://t.co/fn3UmvegS3
970855088112615400,Tue Mar 06 02:54:25 +0000 2018,This is some of the crew that worked on #StarWarsRebels over the years. We wanted to thank you for all the support… https://t.co/Wrw9Bby7Fx
969412050001674200,Fri Mar 02 03:20:18 +0000 2018,#ECCC 2018 has the limited @OriginalFunko #Ahsoka plush this weekend... https://t.co/vyV2up8B14
969349728319111200,Thu Mar 01 23:12:39 +0000 2018,https://t.co/xEP94iudrJ Always fun to design a jersey for the @WBSPenguins. Now let’s hope we shoot more accurately… https://t.co/ru3CUlVb1c
965693356058685400,Mon Feb 19 21:03:32 +0000 2018,Skywalker Ranch - A piece of the galaxy far, far away that's so, so, close. #FollowTheWhiteLothcat https://t.co/j3T2Qbt1Dd
959232175194308600,Fri Feb 02 01:09:06 +0000 2018,#StarWarsRebels https://t.co/XUX1ZnvUaA
957066144485072900,Sat Jan 27 01:42:04 +0000 2018,The final sound mix for #StarWarsRebels is complete. The music, the sound design; it’s everything I hoped it would… https://t.co/blGMoKZ13z
954429394801471500,Fri Jan 19 19:04:34 +0000 2018,RT @starwars: The end begins when #StarWarsRebels returns for its final episodes Monday, February 19 at 9pm EDT on @DisneyXD. https://t.co/…
952637558206300200,Sun Jan 14 20:24:27 +0000 2018,Don’t worry, my friends. It will all be over soon. #StarWarsRebels https://t.co/bs5BwhFP0g
949775406449573900,Sat Jan 06 22:51:17 +0000 2018,The final music for #StarWarsRebels. Thank you, Kevin Kiner. #FollowTheWhiteLothcat https://t.co/LvLoATexJf
945389589832745000,Mon Dec 25 20:23:37 +0000 2017,Happy Holidays!! #FollowTheWhiteLothcat https://t.co/mayAbnLLJa
945369460398944300,Mon Dec 25 19:03:38 +0000 2017,Merry Christmas! https://t.co/nJBoXB6FtD
944405219781124100,Sat Dec 23 03:12:05 +0000 2017,Though here at journey's end I lie  In darkness buried deep,  Beyond all towers strong and high,  Beyond all mounta… https://t.co/ZhjGMbQNfr
942825111320633300,Mon Dec 18 18:33:18 +0000 2017,Had a fun skate last night wearing my @WBSPenguins Holiday Jersey. Let’s Go Pens! @penguins https://t.co/lLyR1fRAD5
941513830970024000,Fri Dec 15 03:42:44 +0000 2017,@rianjohnson #TheLastJedi https://t.co/8IdaNmIUtt
938935064838078500,Fri Dec 08 00:55:38 +0000 2017,@penguins #LetsGoPens https://t.co/QZHcgoZYYD
930515887513157600,Tue Nov 14 19:20:50 +0000 2017,Rebel  #StarWarsRebels https://t.co/fotbX9DaT0
928361808804560900,Wed Nov 08 20:41:18 +0000 2017,Kanan's Current Mood #StarWarsRebels https://t.co/8XXE101A0g
927708423931621400,Tue Nov 07 01:24:58 +0000 2017,#StarWarsRebels https://t.co/avG5sqXuDh
925118875171033100,Mon Oct 30 21:55:02 +0000 2017,“The Force is what gives a Jedi his power. It's an energy field created by all living things." https://t.co/N6KaJbUB4B
922635773823684600,Tue Oct 24 01:28:04 +0000 2017,#MonMothma #StarWarsRebels https://t.co/aUxDnGWbW6
922587878760226800,Mon Oct 23 22:17:45 +0000 2017,#SawGerrera @ForestWhitaker https://t.co/ZP4VjaK4uL
921541306391740400,Sat Oct 21 00:59:03 +0000 2017,I don't get it. https://t.co/OJgoqdz5z7
920079153457537000,Tue Oct 17 00:08:59 +0000 2017,When You Wish Upon A Star https://t.co/zan3mhhnXV
916442465527197700,Fri Oct 06 23:18:05 +0000 2017,Space Family   #StarWarsRebels https://t.co/uzbXC0cGI7
912469342607990800,Tue Sep 26 00:10:18 +0000 2017,#FollowTheWhiteLothcat https://t.co/mDWSoidi9w
911633757001588700,Sat Sep 23 16:49:59 +0000 2017,Lothcat visits Kaiju Sakaba! #FollowTheWhiteLothcat https://t.co/3W1FPRxSWV
911419624830283800,Sat Sep 23 02:39:06 +0000 2017,RT @diegoluna_: Mexico needs you! Help those who need it more. https://t.co/N2m9efngfi https://t.co/a9TeOCNyYl
911374297616203800,Fri Sep 22 23:38:59 +0000 2017,White Lothcat with his friends at CGCG animation studio, Taipei. CGCG worked on both Clone Wars and Rebels.… https://t.co/c7jL59nAfx
911243435150942200,Fri Sep 22 14:58:59 +0000 2017,White Lothcat on a plane. #FollowTheWhiteLothcat https://t.co/X456huvzZK
911095379151667200,Fri Sep 22 05:10:40 +0000 2017,Where is the white Lothcat off to? #FollowTheWhiteLothcat https://t.co/8Xi9unviUR
904436635139498000,Sun Sep 03 20:11:12 +0000 2017,Do you see what I see? #FollowTheWhiteLothcat https://t.co/9Lwf34oiaX
904136711638310900,Sun Sep 03 00:19:24 +0000 2017,#FollowTheWhiteLothcat https://t.co/Rw2lREmZSj
904093101685342200,Sat Sep 02 21:26:07 +0000 2017,#FollowTheWhiteLothcat https://t.co/5Ru6TaMla9
904076754482024400,Sat Sep 02 20:21:09 +0000 2017,#FollowTheWhiteLothcat https://t.co/SSI0JxW9lg
904029796140585000,Sat Sep 02 17:14:34 +0000 2017,RT @starwars: All paths come together when #StarWarsRebels returns for its fourth and final season. Premieres Monday, October 16 on @Disney…
903740031776448500,Fri Sep 01 22:03:08 +0000 2017,#FollowTheWhiteLothcat https://t.co/vIV468raAR
903634846106492900,Fri Sep 01 15:05:10 +0000 2017,#FollowTheWhiteLothcat https://t.co/TOVYXh2rSe
903357085580177400,Thu Aug 31 20:41:27 +0000 2017,#FollowTheWhiteLothcat https://t.co/0J1bTXDCYG
903346075947466800,Thu Aug 31 19:57:42 +0000 2017,#FollowTheWhiteLothcat https://t.co/6973pImgj6
903308535437676500,Thu Aug 31 17:28:32 +0000 2017,#FollowTheWhiteLothcat https://t.co/ILqGTUvMW3
903299666774822900,Thu Aug 31 16:53:17 +0000 2017,#FollowTheWhiteLothcat https://t.co/QjrBdK76OU
894759575684907000,Tue Aug 08 03:18:01 +0000 2017,#godzilla https://t.co/JiwVifTvFA
893532217380454400,Fri Aug 04 18:00:56 +0000 2017,RT @FANEXPOCANADA: Come watch the #sneakpeek screening of Star Wars Rebels with @dave_filoni &amp; cast at #FXC17 on 9/2 at 11:30am in John Bas…
893526669234905100,Fri Aug 04 17:38:53 +0000 2017,...That's why I'm excited to tell you that I'll be bringing #StarWarsRebels to Toronto! Here are the details: (2/2)  https://t.co/qD4yuWC3eg
893523101463453700,Fri Aug 04 17:24:42 +0000 2017,Have you ever noticed how much the CN tower in Toronto looks like one of the towers on Lothal? I did. (1/2) https://t.co/lajWI5L0WT
888614246593871900,Sat Jul 22 04:18:40 +0000 2017,https://t.co/2M97P1FM4z
886017458422784000,Sat Jul 15 00:19:58 +0000 2017,https://t.co/CbnCZnXU4w
883124880157192200,Fri Jul 07 00:45:53 +0000 2017,https://t.co/pYBHCWq4pN
874315561085173800,Mon Jun 12 17:20:48 +0000 2017,Way to go Pens!!!! 2017 #StanleyCup Champions!!! @penguins https://t.co/U9RSFbiYJP
872631916775657500,Thu Jun 08 01:50:36 +0000 2017,It might be my Birthday, but here is a gift, and perhaps a clarification, for you.  May the Force be with you! - Da… https://t.co/KmHdkqjime
867076589506383900,Tue May 23 17:55:43 +0000 2017,Happy 50th @GOtransit! #GO50 https://t.co/ZddQRMPZW5
860339685100470300,Fri May 05 03:45:39 +0000 2017,Here at Lucasfilm, we take #MayThe4th seriously. https://t.co/u73H8PdjwQ
859169002744041500,Mon May 01 22:13:47 +0000 2017,Sometimes you come into work and find a member of the crew has made #Lothcat Cake Pops. Thanks Alia! https://t.co/RibaE0buzy
853884091690881000,Mon Apr 17 08:13:26 +0000 2017,#StarWars fans are the greatest fans. Thank you, Celebration! https://t.co/EACTcZx69s
853624547228233700,Sun Apr 16 15:02:06 +0000 2017,Ahsoka Lives? https://t.co/5vggOq4tfy
853302791389024300,Sat Apr 15 17:43:33 +0000 2017,RT @starwars: Destinies are revealed in the final season of #StarWarsRebels. This fall, on @DisneyXD. https://t.co/dpbECvEfJT
853256080918556700,Sat Apr 15 14:37:57 +0000 2017,Sabine and Ezra at #SWCO. https://t.co/jhS8f3bKp3
853253427161423900,Sat Apr 15 14:27:24 +0000 2017,Stopped by the @Hasbro booth with Tim Zahn and #Thrawn yesterday... https://t.co/QYp8lqJAB1
853251752124174300,Sat Apr 15 14:20:45 +0000 2017,Rebels spotted! #StarWarsRebels https://t.co/jyTqc7F6UJ
846514548215431200,Tue Mar 28 00:09:30 +0000 2017,Hey everyone. I hope you enjoyed #StarWarsRebels Season 3, &amp; if you want to get a look at what's to come... I'll se… https://t.co/E9vE1MP73t
839893666046976000,Thu Mar 09 17:40:29 +0000 2017,One day left on #TheCloneWars items up for auction! Thanks for your support in raising $$ for BCEF/AEF/MHASF. https://t.co/1LaDy5Clz5
839593360398536700,Wed Mar 08 21:47:10 +0000 2017,#StarWarsRebels https://t.co/5k5KKzZ6Sf
839276185032900600,Wed Mar 08 00:46:50 +0000 2017,Bid on #StarWars collectibles and benefit a great cause! New items up today. https://t.co/VwmBHFg7Vd
838887381973413900,Mon Mar 06 23:01:52 +0000 2017,A few #StarWarsRebels items are now live... https://t.co/VwmBHFg7Vd
837806216151642100,Fri Mar 03 23:25:42 +0000 2017,Very excited to announce Season 4 of #StarWarsRebels! Thank you fans for your support,&amp; crew for your hard work. Ti… https://t.co/PrEGDtrd4T
837751578316554200,Fri Mar 03 19:48:35 +0000 2017,We'll be auctioning off a few #TheCloneWars &amp; #StarWarsRebels items for charity in the coming days. Stay tuned: https://t.co/1LaDy5Clz5
827331617161044000,Fri Feb 03 01:43:23 +0000 2017,The crew loves these! @OriginalFunko #StarWarsRebels https://t.co/S4jMewhJ2o
825050157469216800,Fri Jan 27 18:37:40 +0000 2017,RT @Jon_Favreau: Glad the Darksaber ended up in good hands. RT @screenrant: Star Wars Rebels Preview: https://t.co/cbCC3OD1rZ https://t.co/…
822639150495055900,Sat Jan 21 02:57:12 +0000 2017,May the Force be with you @steelers! #HereWeGo https://t.co/xZRlQRTkGm
817189151111925800,Fri Jan 06 02:00:50 +0000 2017,Who's going to the @WBSPenguins #StarWars Night? The team will be wearing a special Darth Vader themed jersey that… https://t.co/rHWhX8AoYd
816729202011426800,Wed Jan 04 19:33:10 +0000 2017,RT @starwars: The moment you've been waiting for is almost here. #StarWarsRebels returns Jan 7 at 8:30pm ET/PT on @DisneyXD. https://t.co/D…
813893888876261400,Tue Dec 27 23:46:39 +0000 2016,https://t.co/n0sWVC8jDL
812816158034300900,Sun Dec 25 00:24:08 +0000 2016,Happy Holidays, everyone. See you in the New Year! https://t.co/NDWISEgt33 https://t.co/XfNLvclsDU
806615416332120000,Wed Dec 07 21:44:36 +0000 2016,'Tis the Season https://t.co/lqyUZzy9J5
789925831996911600,Sat Oct 22 20:26:09 +0000 2016,Be sure to tune in to #StarWarsRebels tonight! I added a few things to this week's episode just for our #TheCloneWars fans and crew.
760244343559118800,Mon Aug 01 22:42:30 +0000 2016,Rebels spotted at #SDCC2016! https://t.co/M1WMns61KO
759198690347069400,Sat Jul 30 01:27:27 +0000 2016,"The Force is strong with this one." https://t.co/RWxTdWhspZ
758758221062340600,Thu Jul 28 20:17:11 +0000 2016,Saw this great Ahsoka Steampunk cosplay by Poppy Appleton. Great cosplay for a great cause! https://t.co/8AGA04xbHv https://t.co/mTFOyl1BDD
757238438978474000,Sun Jul 24 15:38:07 +0000 2016,RT @starwars: New allies step forward. Old enemies return. And Legends come to life in the trailer for #StarWarsRebels Season 3. https://t.…
754673000553680900,Sun Jul 17 13:43:59 +0000 2016,The Rebellion is strong at #SWCE. https://t.co/DWZjlODcfl
754300405757177900,Sat Jul 16 13:03:25 +0000 2016,Someone finally brought me down to size. #SWCE https://t.co/Hchf5DqoKl
754269896083636200,Sat Jul 16 11:02:11 +0000 2016,Make sure to check out the #ILMxLAB experience, #TrialsOnTatooine, here at #SWCE! https://t.co/FkmFctTYao
754099085418823700,Fri Jul 15 23:43:27 +0000 2016,#SWCE Day One https://t.co/Zk4k3hEsws
753933864977006600,Fri Jul 15 12:46:55 +0000 2016,RT @ToppsDigital: Collect these amazing pieces of original art by @dave_filoni exclusively in the #StarWarsCardTrader app! https://t.co/fKb…
751532561839452200,Fri Jul 08 21:45:00 +0000 2016,Got my Ahsoka print by @Sakiko0art! Pick up your copy at @SW_Celebration. #SCWE https://t.co/KdlZTuXUMV
751283451702108200,Fri Jul 08 05:15:07 +0000 2016,Thanks @StudioFractal!
751283254133559300,Fri Jul 08 05:14:20 +0000 2016,RT @StudioFractal: @dave_filoni accepts the custom made sculpture at Lucasfilm/ILM, made by @StudioFractal https://t.co/12m7VZpPXw
745753190415601700,Wed Jun 22 22:59:50 +0000 2016,I SAW that coming! Congrats to the #RogueOne team! https://t.co/BwFjbBPB2S
742411163271495700,Mon Jun 13 17:39:49 +0000 2016,@penguins https://t.co/Ot09Uwcnsq
742201449141014500,Mon Jun 13 03:46:29 +0000 2016,Congratulations @penguins!! The 2016 Stanley Cup Champions. The Force was with you!!!
736385452920438800,Sat May 28 02:35:48 +0000 2016,I'm looking forward to seeing you all at #SWCE 2016! And remember, there's always a bit of truth in legends. https://t.co/auc6HDDAx1
736331008476389400,Fri May 27 22:59:27 +0000 2016,I'll bring the support for the @penguins in the Bay Area! Lets Go Pens!! The Force will be with us! https://t.co/RZ4ie06nzy
728037494684454900,Thu May 05 01:43:59 +0000 2016,May the 4th follow up: Rex in Season 3 looking like classic Clone Wars.  #MayThe4thBeWithYou https://t.co/R4XE6artEX
728001049416601600,Wed May 04 23:19:10 +0000 2016,Of course C-3PO loves Pittsburgh gold. https://t.co/e7nxH3g113
727972712237371400,Wed May 04 21:26:34 +0000 2016,#MayThe4thBeWithYou! What is this? You can see it, if you are willing… https://t.co/eKpPXbpuIy
722938942958374900,Thu Apr 21 00:04:10 +0000 2016,I couldn’t help myself! Great job, @Jon_Favreau!!! https://t.co/wKVvnygz4J
721165949592711200,Sat Apr 16 02:38:55 +0000 2016,Did I see you in Disneyland today? https://t.co/yromPHxG5y
720064849573752800,Wed Apr 13 01:43:32 +0000 2016,A big Thank You to the @WBSPenguins for the interview and hockey talk! Good luck in the Playoffs!!!!!! https://t.co/Xp6CS0WKdN
718186978307649500,Thu Apr 07 21:21:33 +0000 2016,https://t.co/yh0YGKnXKQ #RogueOne https://t.co/L6Kq7pweDr
718144522174210000,Thu Apr 07 18:32:51 +0000 2016,A big CONGRATULATIONS to Gareth Edwards and the entire #RogueOne team on the release of their first trailer! WAY TO GO, TEAM REBELS!!!
716411602140958700,Sat Apr 02 23:46:50 +0000 2016,@PghPensElite GOOD LUCK in the Quarter Finals Pens Elite U14 Girls!!!!
716355425466060800,Sat Apr 02 20:03:37 +0000 2016,The @WBSPenguins Star Wars Night is tonight! https://t.co/UMtSoCC0hB
715775128743895000,Fri Apr 01 05:37:43 +0000 2016,I want to wish the @PghPensElite good luck as they compete in the 2016 National Championships! You make our hockey-loving city very proud.
715644883214536700,Thu Mar 31 21:00:10 +0000 2016,We want to thank everyone for all the support and love for the Season Two Finale. The Force will be with you... Always.
715025847539916800,Wed Mar 30 04:00:21 +0000 2016,Thank you @Hasbro
714994082167316500,Wed Mar 30 01:54:07 +0000 2016,The latest addition to my collection: https://t.co/0ZhiguYqc4
714494736787112000,Mon Mar 28 16:49:54 +0000 2016,I didn't have time to finish the background, but can you guess which planet Ahsoka was visiting? https://t.co/APZktzUjCu
713535692391977000,Sat Mar 26 01:19:00 +0000 2016,This should lighten the mood. ;) https://t.co/jHEsE9tKKS
713467309512372200,Fri Mar 25 20:47:16 +0000 2016,We have a bonus item up for charity auction today! Signed REBELS Poster! Only 3 days to bid on this one: https://t.co/0tm5TGxM13
713446413359833100,Fri Mar 25 19:24:14 +0000 2016,Our long-awaited meeting has come at last... https://t.co/uhLaXgbDZb
712751883010617300,Wed Mar 23 21:24:25 +0000 2016,They sure grow up fast. https://t.co/sTZc1sZ0Wz
711337083097382900,Sat Mar 19 23:42:31 +0000 2016,Just a couple of days left to bid on these signed #StarWars items for charity! https://t.co/RpO78M78Fc
710590756096974800,Thu Mar 17 22:16:53 +0000 2016,One more signed fundraising item up for bid today, featuring  #AhsokaTano! Thanks everyone for your support .  https://t.co/VODJ3Wf50k?
710263772343091200,Thu Mar 17 00:37:34 +0000 2016,Signed Star Wars Republic Gunship up on eBay! All proceeds go to the AEF/BCEF. https://t.co/x0Ob7m6wmQ
710261214010613800,Thu Mar 17 00:27:24 +0000 2016,Auctioning off this signed Plo Koon figure for charity! https://t.co/Qwa98viKC3
710260428287385600,Thu Mar 17 00:24:16 +0000 2016,Bid and benefit a great cause! https://t.co/wiLa6PtdS5
704081243403452400,Sun Feb 28 23:10:24 +0000 2016,@Kinberg https://t.co/Qk6aYCAxB7
703080681870524400,Fri Feb 26 04:54:31 +0000 2016,https://t.co/qk8KxjOyxk
689989323299635200,Thu Jan 21 01:54:08 +0000 2016,Hey Star Wars fans. Just a reminder to tune in for the return of Star Wars Rebels TONIGHT on Disney XD. 9p/8c! https://t.co/kvDuRed1yZ
688064883212988400,Fri Jan 15 18:27:06 +0000 2016,https://t.co/f7gYEPWfUY
687789822036054000,Fri Jan 15 00:14:06 +0000 2016,https://t.co/U3vWB9PIrJ
687036690616062000,Tue Jan 12 22:21:26 +0000 2016,Thanks @WBSPenguins for the jersey! Be sure to check out their Star Wars Night on April 2nd. https://t.co/E7XzBlOexf
676577893921652700,Tue Dec 15 01:41:54 +0000 2015,@starwars @bad_robot From your family on Star Wars Rebels.... https://t.co/lDem4c2W0k
667782949606035500,Fri Nov 20 19:13:56 +0000 2015,Happy Friday everyone! This the Season for Star Wars!!!! https://t.co/CWFPOmuHwS
658082810951954400,Sun Oct 25 00:49:03 +0000 2015,RT @RanchoObiWan: .@dave_filoni with @OldCaptainRex &amp; Gregor! #ROWgala #StarWarsRebels https://t.co/0rB4WzuWsm
652518904342908900,Fri Oct 09 16:20:04 +0000 2015,There are questions, questions that need answers. #StarWarsRebels #NYCC http://t.co/UISFDu6rbQ
651805447108694000,Wed Oct 07 17:05:03 +0000 2015,Even Chopper's a @Pirates fan. http://t.co/BQUuA1Yt8M
648924450474188800,Tue Sep 29 18:17:00 +0000 2015,Let’s Go Bucs! http://t.co/9o3eMncdre
646769250183565300,Wed Sep 23 19:33:00 +0000 2015,Master and padawan together again. Thanks @HasbroNews! #StarWarsRebels http://t.co/nSJWqcjMXD
645047823860371500,Sat Sep 19 01:32:40 +0000 2015,Adding to the collection! #disneyinfinity http://t.co/2PXlxVCbYg
639986695471890400,Sat Sep 05 02:21:33 +0000 2015,Happy #ForceFriday! http://t.co/7JcXgyOgut
631139523506782200,Tue Aug 11 16:26:03 +0000 2015,Ashoka cosplay from #StarWarsRebels!!! Great work Caitlin thanks for sharing!!!!! http://t.co/p25rMjHEfG
619619602004377600,Fri Jul 10 21:29:59 +0000 2015,RT @ANOVOS: #StarWarsRebels @OldCaptainRex stopped by our #SDCC booth for #ForceForChange #UNICEFKidPower #StarWars http://t.co/htzwgAP3JY
619568846567927800,Fri Jul 10 18:08:18 +0000 2015,Wish I could be at #SDCC this weekend, but Ahsoka and I are on a mission up at Skywalker Ranch. http://t.co/JhfDQZmiFD
618105138746540000,Mon Jul 06 17:12:03 +0000 2015,Vote for Sabine &amp; we'll make sure you get the best live-action representation of her! http://t.co/er3Iw7djGB http://t.co/t3vZtjTtzI
616775441118990300,Fri Jul 03 01:08:18 +0000 2015,Celebrating wizard 10 years at Lucasfilm today! http://t.co/1Q9r9rhMhy
615571697987551200,Mon Jun 29 17:25:04 +0000 2015,Celebrating the final ensemble record for the second season of Rebels. http://t.co/KmwUyRLDTH
611711474508038100,Fri Jun 19 01:45:55 +0000 2015,@rianjohnson Maybe the dog has the lightsaber. http://t.co/xCUQvXXkMU
603255287701635100,Tue May 26 17:44:03 +0000 2015,Has anyone seen my hat? http://t.co/7FxolmyrM5
601864776491241500,Fri May 22 21:38:39 +0000 2015,Thanks @501SCG! http://t.co/HKdmJN88BY
601499103269298200,Thu May 21 21:25:36 +0000 2015,The fans always send me amazing stuff, this was a real surprise. Thanks Jon Postlethwaite for this Pilf Mukmuk! http://t.co/reU4Yp0hK6
598950557257183200,Thu May 14 20:38:35 +0000 2015,Look what I found!!! #TheCloneWars http://t.co/jDERPnwQII
595266742483427300,Mon May 04 16:40:25 +0000 2015,RT @steelers: #MayThe4thBeWithYou today #SteelersNation!  (Drawing by: @dave_filoni) http://t.co/nPQNFcwW4O
589466611670601700,Sat Apr 18 16:32:46 +0000 2015,Day two the Clones Attacked! The 501st was well represented at the Bad Batch Panel. See you soon! http://t.co/GcuwNXMWyl
588960343826702300,Fri Apr 17 07:01:02 +0000 2015,Day One of #SWCA was epic! Thank you Star Wars Fans, next up Clone Wars Screening digital stage hope to see you there http://t.co/dLWicacK08
588477804985114600,Wed Apr 15 23:03:36 +0000 2015,Pre-Star Wars Celebration bacta bath. http://t.co/LV9vIVAdSp
586716276354973700,Sat Apr 11 02:23:55 +0000 2015,Not sure what happens to Ahsoka if Pittsburgh loses Saturday.
580437140330426400,Tue Mar 24 18:32:52 +0000 2015,We had our #StarWarsRebels​ season one wrap party at @RanchoObiWan ​ last week, complete with Rebels Cupcakes. http://t.co/7gN3FJ5zne
578334869631053800,Wed Mar 18 23:19:12 +0000 2015,Congratulations to Ahsoka Tano &amp; her huge win over Luke Skywalker in #THISISMADNESS!!! The Lothcats are going crazy! http://t.co/146yygBemG
576425498303021060,Fri Mar 13 16:52:02 +0000 2015,If there are rebels at @SW_Celebration, Imperials will not be far behind. Here are the official colors of the Empire. http://t.co/uRwMfM0b6D
573540473161183200,Thu Mar 05 17:47:59 +0000 2015,One member the #StarWarsRebels team thought the pipe in the ceiling of the design room looked like an Ithorian... http://t.co/9BaUUuYaQF
573180149237092350,Wed Mar 04 17:56:11 +0000 2015,The crew of #StarWarsRebels and I are blown away by your response to the finale. Thank you! http://t.co/yXwfDeilpW http://t.co/FY9O72JqtE
572841868989497340,Tue Mar 03 19:31:59 +0000 2015,Draw #StarWarsRebels? We wish we had these on day one! http://t.co/pykbs0rDwR
567753283536973800,Tue Feb 17 18:31:45 +0000 2015,For those attempting to create a costume of a character from #StarWarsRebels, I wanted to offer some help: http://t.co/V8zRPGiH5v
566001787836977150,Thu Feb 12 22:31:56 +0000 2015,Bid on artwork from the Lucasfilm Animation team and benefit a wonderful cause! http://t.co/QOZ0EqEBtz http://t.co/a17BTAaZt7
565643862518288400,Wed Feb 11 22:49:40 +0000 2015,Everything you need for a rebel victory! #StarWarsRebels http://t.co/oL2WdtC33v
540614996678303740,Thu Dec 04 21:13:54 +0000 2014,These are the figures you've been looking for! http://t.co/5bXUWB8ixd
518640567644074000,Sun Oct 05 05:55:21 +0000 2014,RT @mandomercs: Our first #SabineWren from @BVCMercs making sure @pensacolapara runs smoothly. @starwarsrebels http://t.co/5HpdsapJIX
518247465859158000,Sat Oct 04 03:53:19 +0000 2014,The #StarWarsRebels team celebrated the premier with a toast today. Hope you're enjoying Spark of Rebellion! http://t.co/x5wvekKMFw
518057359050932200,Fri Oct 03 15:17:54 +0000 2014,RT @SalIMakeMusic: #RebelsSpotted with #DaveFiloni  #StarWarsRebels #EzraBridger #SabineWren #KananJarrus #Chopper @ Four… http://t.co/6ih5…
517885376631812100,Fri Oct 03 03:54:30 +0000 2014,RT @501stLegion: RT @CentralGarrison: #RebelsSpotted! #CGPicOfTheDay @501stLegion @starwars @starwarsrebels #OccupyLothal http://t.co/W7C4b…
517418721070313500,Wed Oct 01 21:00:10 +0000 2014,Kurt Zimmerman of the R2-D2 Builders Club in the Troy, Michigan area, checks in with their #StarWarsRebels Chopper!! http://t.co/WYW6ctMzjk
517418479516123140,Wed Oct 01 20:59:13 +0000 2014,RT @starwars: #StarWarsRebels red carpet security provided by the @501stLegion. Photo by @joelaron #RebelsSpotted http://t.co/TsVivKI9vH
517418456371953660,Wed Oct 01 20:59:07 +0000 2014,RT @chrisfbartlett: @itsJulieBowen from #ModernFamily meets C-3PO @StarWarsRebels premiere! #VeryPoliteYounglings #RebelsSpotted http://t.c…
516844611281494000,Tue Sep 30 06:58:52 +0000 2014,RT @TYSIMPKINSactor: #RebelsSpotted oh wait I'm a jawa http://t.co/4hcPq2onlE
516844296427683840,Tue Sep 30 06:57:37 +0000 2014,RT @thingsbsays: @dave_filoni Watched the premiere on #watchdisneyxd app. #RebelsSpotted http://t.co/ISrmnFJira
516318138636730400,Sun Sep 28 20:06:51 +0000 2014,RT @MaryLFL: No matter how shiny other Astromechs might be, Chopper remains unimpressed. Great pic Droid Builders! #RebelsSpotted http://t.…
516318067698466800,Sun Sep 28 20:06:34 +0000 2014,RT @2times_mum: #StarWarsRebels #RebelsSpotted #SparkofTheRebellion was heel leuk &amp; mooi in @Kinepolis Bxl! Txs @WaltDisneyBE 👍👏👌 http://t.…
516317951549788160,Sun Sep 28 20:06:07 +0000 2014,RT @Sompeetalay: #RebelsSpotted @Brussels ! http://t.co/09ECe1chUh
516093329021607940,Sun Sep 28 05:13:32 +0000 2014,RT @saint_san: Our romantic couple. Or something like that :).  #starwars #RebelsSpotted http://t.co/MzD5cSlCBF
516093179532435460,Sun Sep 28 05:12:57 +0000 2014,RT @geekchic9: A happy geekchic. Spark of Rebellion. @RebelsReport #RebelsSpotted http://t.co/1WOtXpTB6W
516093116856946700,Sun Sep 28 05:12:42 +0000 2014,RT @GarrisonCarida: #StarWarsRebels  in 1 week!  Who's #excited?  #imperial #RebelsSpotted  @501stLegion @501stBobbyLinn @GhostBaseRL http:…
516035994856857600,Sun Sep 28 01:25:43 +0000 2014,RT @mockingnerd: @starwars Lots of fun in Atlanta for #StarWarsRebels today! #RebelsSpotted http://t.co/j7ZJ5hfKPy
516035896928264200,Sun Sep 28 01:25:20 +0000 2014,RT @SalIMakeMusic: #RebelsSpotted #EzraBridger scored a new helmet for his collection. #ATDP #StarWarsRebels #Lothal… http://t.co/uQmNAjzWuU
515895088594292740,Sat Sep 27 16:05:48 +0000 2014,RT @themovielord: Star Wars Rebels BIG screen event #starwars #rebelsspotted #ezra @starwars, @starwarsrebels https://t.co/xdiWvr6VxG
515895045162274800,Sat Sep 27 16:05:38 +0000 2014,RT @RebelsReport: Imperial PSA: if you see suspicious Rebel activity do your duty, take a picture and tag it #RebelsSpotted #StarWarsRebels
515722920157802500,Sat Sep 27 04:41:40 +0000 2014,RT @LillianSkye_: My floor has a TV theme &amp; I took it to the next level. Even recruited an RA for the Empire..My take on #RebelsSpotted htt…
515621998178074600,Fri Sep 26 22:00:38 +0000 2014,RT @MadeInTitan: My Zeb in Prague. #RebelsSpotted http://t.co/uFfAA4V1IQ
515605147389415400,Fri Sep 26 20:53:41 +0000 2014,RT @saint_san: Meet our "family", because we're not just a crew ;). But we're here on this picture without Zeb :(. #RebelsSpotted http://t.…
515595026999410700,Fri Sep 26 20:13:28 +0000 2014,Here's a quick sketch from the Utapau arc of #TheCloneWars that was released yesterday: http://t.co/V8LLMGAp64 http://t.co/U7SHgWoU8z
515556514400985100,Fri Sep 26 17:40:26 +0000 2014,Keep posting your #StarWarsRebels pics and use the #RebelsSpotted hashtag! I just got this one from Budapest! http://t.co/dilzI5XAmJ
515327241366958100,Fri Sep 26 02:29:23 +0000 2014,RT @JediMike1128: I just found some REBELS!!! @starwars @ToysRUs @Tcann13 @dave_filoni @missingwords #StarWarsREBELS https://t.co/ZgBK0VMnA…
515255137871216640,Thu Sep 25 21:42:52 +0000 2014,Just got a little surprise from the The @501stLegion! http://t.co/frhZDPCXTM
514187991816749060,Mon Sep 22 23:02:25 +0000 2014,RT @501stHUG: @dave_filoni @MaryLFL @501stLegion  #501stHUG CO Esox Lucius in action as the #Inquisitor. More @501stHUG FB page. http://t.c…
514169861308563460,Mon Sep 22 21:50:22 +0000 2014,It may not be the Ghost but this bus seen in Rome is clearly harboring rebels. #StarWarsRebels http://t.co/hv7GbEubf6
514125630938824700,Mon Sep 22 18:54:37 +0000 2014,Back to back win! #StarWarsRebels screening in Pittsburgh on Saturday and Steeler win on Sunday. Kilian is not amused http://t.co/ocYVtLEees
513524317100187650,Sun Sep 21 03:05:12 +0000 2014,RT @Yodasnews: @dave_filoni @MaryLFL - plenty of love for @starwars #rebels at #TRU today http://t.co/0ExQqaX9Pt
513517489200705540,Sun Sep 21 02:38:04 +0000 2014,Who else has seen #StarWarsRebels in the world? Tweet me pics. RT @MaryLFL: Great job Gabor! @501stLegion Hungary. http://t.co/rkozQyxnBk
513420301082693600,Sat Sep 20 20:11:53 +0000 2014,@TheRealBeauYork I got my t-rex shot too. http://t.co/IBgPFUAjor
513159422181265400,Sat Sep 20 02:55:14 +0000 2014,Just landed in Pittsburgh for #StarWarsRebels screening on Sat. In case you were wondering, Franco caught the ball. http://t.co/hRkO6lombZ
504684346175782900,Wed Aug 27 17:38:19 +0000 2014,RT @starwars: Lucasfilm's Howard Roffman, Lynne Hale, &amp; Mike Vollman accept the ALS #IceBucketChallenge &amp; call out @dave_filoni. http://t.c…
504684283596795900,Wed Aug 27 17:38:04 +0000 2014,Just found some #StarWarsRebels action figures. http://t.co/vxEBAjGMy9
502167736546369540,Wed Aug 20 18:58:12 +0000 2014,#StarWarsRebels crew selfie! http://t.co/yzKSf6EarO
492160881577320450,Thu Jul 24 04:14:32 +0000 2014,Hera and Sabine ACTION FIGURES at #SDCC!!!! #StarWarsRebels http://t.co/jtgLgm6GvG
477576832946950140,Fri Jun 13 22:22:44 +0000 2014,Unfortunately, due to the needs of our production on Star Wars Rebels, I'll have to miss #SWW2014 this year. http://t.co/0B4Fitpkxh
463061725994962940,Sun May 04 21:04:53 +0000 2014,Happy #StarWarsDay! Time for another breakdown of a character from #StarWarsRebels: the much-anticipated Sabine! http://t.co/ktD1SaXkNL
456520754675187700,Wed Apr 16 19:53:24 +0000 2014,Just in time for Con Season, here a few tips for making a Hera costume from #StarWarsRebels. http://t.co/laczfU96VX
446105521070669800,Wed Mar 19 02:06:59 +0000 2014,Arrived at my office this morning &amp; found this, it matches my helmet perfectly. Thanks @CollectSideshow HOWL WOLFPACK http://t.co/Y67vVZcpkp
443082074451218400,Mon Mar 10 17:52:53 +0000 2014,A very special "thank you" to fans of #TheCloneWars: http://t.co/PQFWCN19Fq
421747523741417500,Fri Jan 10 20:57:00 +0000 2014,You may have seen the recent Clone Wars / @DarkHorseComics news, and I thought I would clarify things a bit: http://t.co/Nay9mzKAnM
388851196472987650,Sat Oct 12 02:18:44 +0000 2013,We've wrapped production on the remaining @TheCloneWars episodes. In early 2014 you'll see Yoda on a solo mission and more!
346472394787020800,Mon Jun 17 03:40:30 +0000 2013,These awards rep hard work of everyone who has worked on the TCW all 5 seasons. Fans, your support &amp; dedication helped champion our cause.
346471048730001400,Mon Jun 17 03:35:09 +0000 2013,RT @starwars: Congrats to the @TheCloneWars team for winning the Emmy for Outstanding Special Class Animation. #DaytimeEmmys
345795703332810750,Sat Jun 15 06:51:34 +0000 2013,RT @starwars: Congrats David Tennant for winning an #Emmy for Outstanding Performer in an Animated Series as Huyang in #CloneWars. http://t…
345318718773018600,Thu Jun 13 23:16:12 +0000 2013,Today I salute my good friend Darren Marshall, we worked together for the past 8 years on Clone Wars and now Rebels. http://t.co/k34nWClrWd
343465012276363260,Sat Jun 08 20:30:15 +0000 2013,Thanks for the birthday wishes yesterday. Usually one receives presents on their birthday but here's one for you: http://t.co/J3rTX96myZ
339452357811253250,Tue May 28 18:45:23 +0000 2013,Something to go with the TIE Fighter I drew... http://t.co/XCSkVAO5IF
334787600567124000,Wed May 15 21:49:18 +0000 2013,RT @starwars: This is research! https://t.co/B0y3wmjwV8
331560516336095200,Tue May 07 00:06:02 +0000 2013,Hard to believe that I've worked at LFL almost 8 yrs, &amp; this is the first time I have gotten to draw a TIE fighter. http://t.co/0H6Z9hS0lq
330803191979597800,Sat May 04 21:56:41 +0000 2013,Only 83 days until @SW_Celebration. I hope I have something to talk about by then!
330728018353979400,Sat May 04 16:57:58 +0000 2013,@missingwords Are you coming by animation too next week?
329310277600436200,Tue Apr 30 19:04:23 +0000 2013,A new clip from @TheCloneWars... and a clue to one of the mysteries of the War itself. http://t.co/AO1ixq06sa
299210561856622600,Wed Feb 06 17:38:51 +0000 2013,RT @TheCloneWars: Cheer on @dave_filoni and the cast of #CloneWars as they take on @nerdist &amp; friends on All Star Celebrity Bowling! ...
297765050947604500,Sat Feb 02 17:54:55 +0000 2013,RT @TheCloneWars: It's almost time for the 1st ever Star Wars Google Hangout w/ The Clone Wars cast. Tweet us ur questions now using #Cl ...
289804770099732500,Fri Jan 11 18:43:36 +0000 2013,RT @SW_Celebration: Welcome our first guest -- #CloneWars Director @dave_filoni to #StarWarsCelebration Europe! http://t.co/yyFM5dOX
280816054807166980,Mon Dec 17 23:25:39 +0000 2012,Congrats to Peter Jackson &amp; @TheHobbitMovie team. As your roads go ever, ever on, the Force will always be with you. http://t.co/kog9uMKq
266284162087006200,Wed Nov 07 21:01:06 +0000 2012,I’m sure you’ve all heard the news about Episode VII. I wrote a post about my experience with @Disney, check it out. http://t.co/H6pCwVHS
263010590514085900,Mon Oct 29 20:13:05 +0000 2012,What makes a good Monday https://t.co/vy7w3ynJ
253251786075414530,Tue Oct 02 21:55:05 +0000 2012,RT @HerUniverse: I'll be in Atlanta this Sat! "Publishers, Booksellers, Librarians Gear Up for Star Wars Reads Day http://t.co/MHaJ9IRv  ...
245613288031928320,Tue Sep 11 20:02:25 +0000 2012,A new Blog post is up! Check it out! http://t.co/JNI2qIxG
239782907823149060,Sun Aug 26 17:54:34 +0000 2012,RT @NerdistChannel: Watch @nerdist talk with @dave_filoni @MattLanter &amp; @deebradleybaker in the latest Transmission from #StarWarsCV ...
239763079284543500,Sun Aug 26 16:35:47 +0000 2012,RT @SW_Celebration: Sam Witwer: The Maul Within begins in 1 hour, 1:30 - 2pm on the Digital Stage (W415A) #StarWarsCVI http://t.co/rzuXJslw
239718255659466750,Sun Aug 26 13:37:40 +0000 2012,RT @SW_Celebration: Coming up is The Clone Wars with @dave_filoni &amp; @joelaron! 10:30 - 11:30 am on the Digital Stage (W415A)! #StarW ...
239523076667240450,Sun Aug 26 00:42:06 +0000 2012,@SethGreen I really hope they do that tomorrow! Really want to see it!
239521694199451650,Sun Aug 26 00:36:36 +0000 2012,@ThatDoctorChris it's hair. Can't wait to see it!
239414761249452030,Sat Aug 25 17:31:41 +0000 2012,RT @SW_Celebration: Calling All Kids! Come to an exclusive #StarWarsCVI screening from 2:30-4:15 pm in the Digital Stage! (W415 A) http: ...
239358707769700350,Sat Aug 25 13:48:57 +0000 2012,10:30 today back on the digital stage! With @joelaron you SHOULD GO
239107957651042300,Fri Aug 24 21:12:34 +0000 2012,Season 5 premiere theater is packed! http://t.co/lIS5GWs8
239021666162860030,Fri Aug 24 15:29:41 +0000 2012,Bumped into Bo Katan http://t.co/sOGXjzW5
238735587316744200,Thu Aug 23 20:32:54 +0000 2012,Next on deck: telling a Star Wars story in W300 at 5:30. Who's going?
238716625354883070,Thu Aug 23 19:17:34 +0000 2012,Dark Horse signing http://t.co/bDRI759Y
238709236157263870,Thu Aug 23 18:48:11 +0000 2012,About to sign at the dark horse booth.
238690672578789380,Thu Aug 23 17:34:25 +0000 2012,Doing a special meet and greet with the Jedi masters #celebrationVI #CloneWars
238650651498905600,Thu Aug 23 14:55:23 +0000 2012,#CloneWars panel at 11:30!! On the digital stage! #celebrationVI with I and @joelaron
228986826126417920,Fri Jul 27 22:54:48 +0000 2012,New blog post is up today #StarWars #CloneWars http://t.co/kWy4uSZC
226515729917280260,Sat Jul 21 03:15:33 +0000 2012,RT @HerUniverse: Just a reminder that I'll be doing a Her Universe signing tomorrow at DISNEYLAND!!!! Here's all the info! http://t.co/C ...
226371529980653570,Fri Jul 20 17:42:34 +0000 2012,recorded some Maul with @SamWitwer this morning. And check my facebook page for an update. http://t.co/sNaVLKbu
225697110765494270,Wed Jul 18 21:02:39 +0000 2012,New blog live! #SDCC follow up http://t.co/mbFoCcJP
224326398637113340,Sun Jul 15 02:15:56 +0000 2012,Embo! http://t.co/AArVsQff
223992789099225100,Sat Jul 14 04:10:17 +0000 2012,Check out my new blog here http://t.co/6AjiLLdX
220273186141511680,Tue Jul 03 21:49:54 +0000 2012,http://t.co/ZK8N8GCO the #StarWars blog is back. More info coming soon
211220282185224200,Fri Jun 08 22:16:54 +0000 2012,http://t.co/RUrRQY53 Designed a line of Disney Racers. Come check them out tomorrow
209808799073173500,Tue Jun 05 00:48:10 +0000 2012,http://t.co/xq9E0O6L come out this weekend!
207895436017672200,Wed May 30 18:05:09 +0000 2012,Tikkes! https://t.co/vy7w3ynJ
207605987056680960,Tue May 29 22:54:59 +0000 2012,@kyle_newman is here lobbying for his buddy Ben Q today... http://t.co/gQyG5d3A
206113271554641920,Fri May 25 20:03:27 +0000 2012,This weekend at #starwarsweekends Tom Kane is joining @HerUniverse and @JATactor . Tell them I said hello
202083749159116800,Mon May 14 17:11:34 +0000 2012,http://t.co/BNHQbsd6 Sneak peak from Season 5! #ILM #Avengers #Marvel Check it out!
195944352961413120,Fri Apr 27 18:35:48 +0000 2012,Almost at 5k followers?! How did that happen?!
180731866981212160,Fri Mar 16 19:06:51 +0000 2012,Tonight's the season finale with Darth Maul and Obi-Wan.  also here's a lil something from me http://t.co/gOG11NHT
178281616781754370,Sat Mar 10 00:50:24 +0000 2012,RT @EW: LIVE chat right now w/ @dave_filoni as we watch #CloneWars http://t.co/Uv8RTFCI
177125711985913860,Tue Mar 06 20:17:15 +0000 2012,Hey #CloneWars fans! Join me Friday night 8pm ET/ 5pm PT for a live chat for the first half of our Season 4 finale! http://t.co/LEDl1fEm
174945194351931400,Wed Feb 29 19:52:39 +0000 2012,I am really happy that @simonpegg beamed over to our show to voice the scruffy-looking Dengar on #CloneWars this Friday.
174922577377107970,Wed Feb 29 18:22:47 +0000 2012,#Dengar @simonpegg http://t.co/hBhvxpgB this Friday #CloneWars
172747206896533500,Thu Feb 23 18:18:38 +0000 2012,More #Maul for your Thursday! http://t.co/4cHPdyhJ
172383851925078000,Wed Feb 22 18:14:48 +0000 2012,First Fan Made Bo Katan helmet came in. Very cool! Thank you! http://t.co/rRgWtzC1
170602843588407300,Fri Feb 17 20:17:42 +0000 2012,@sketchcollector Poster looks great!
170573663207305200,Fri Feb 17 18:21:45 +0000 2012,http://t.co/1qq1pCwq HAPPY FRIDAY
169866395952230400,Wed Feb 15 19:31:20 +0000 2012,Says "to Dave #1 of Star Wars from the #1 goal keeper in the world Gigi Buffon #1 http://t.co/aHto07Mz
169866026958327800,Wed Feb 15 19:29:52 +0000 2012,So Awesome! http://t.co/1u32IwTA
169865846620028930,Wed Feb 15 19:29:09 +0000 2012,Got the best gift straight from Italy today! #Buffon http://t.co/uTetmJLB
168035075198423040,Fri Feb 10 18:14:18 +0000 2012,New #DarthMaul teaser up now! http://t.co/hBsMLrs5
167763816258605060,Fri Feb 10 00:16:26 +0000 2012,And now a picture.... http://t.co/Dk1iwO73
167740982689935360,Thu Feb 09 22:45:41 +0000 2012,This is happening right now @deebradleybaker @MattLanter @Stephen_Stanton Anna Graves and Corey Burton
165988284797943800,Sun Feb 05 02:41:06 +0000 2012,http://t.co/Ajqh1M48
165987984901017600,Sun Feb 05 02:39:54 +0000 2012,At the Annie's with Jason, Cary, Athena @joelaron @deebradleybaker
165259872185757700,Fri Feb 03 02:26:38 +0000 2012,RT @HerUniverse: Join me and @EW for a LIVE chat tomorrow night during @starwars The Clone Wars. Please join us starting at 8 EST/ 7 CST ...
165237664226877440,Fri Feb 03 00:58:24 +0000 2012,This is all @kyle_newman 's fault http://t.co/lP8PyEoJ
164475539766255600,Tue Jan 31 22:29:59 +0000 2012,questions answered... as many as possible. http://t.co/DI6ecNg7
163680250008580100,Sun Jan 29 17:49:47 +0000 2012,27 minutes left! http://t.co/4cyT1023 check it out for a great cause!
163063167935725570,Sat Jan 28 00:57:44 +0000 2012,Got to see @JimmyMacRadio at the Ranch today. http://t.co/fWWDqIwH
162954153503621120,Fri Jan 27 17:44:32 +0000 2012,Only 48 hours left! http://t.co/znkMnbYz
162656510009282560,Thu Jan 26 22:01:48 +0000 2012,http://t.co/Hva0zGcA
162633671432613900,Thu Jan 26 20:31:03 +0000 2012,RT @Daniel_Logan: Cool #CloneWars Bane/Boba rare poster up for charity auction singed by @dave_filoni, George Lucas, Corey Burton & me!  ...
162601299337150460,Thu Jan 26 18:22:25 +0000 2012,http://t.co/hoKGndF3 #StarWars
162600589589614600,Thu Jan 26 18:19:36 +0000 2012,Check here for the long awaited announcement! http://t.co/BNHQbsd6
162395161765232640,Thu Jan 26 04:43:18 +0000 2012,Hi! @MeaganFinnerty here. Small delay w/ announcement. Its my fault! Waiting on 1 last thing. Will post ASAP as soon as I get it! So sorry!
162257160540135420,Wed Jan 25 19:34:56 +0000 2012,Very cool announcement coming later today....
161959877726584830,Tue Jan 24 23:53:38 +0000 2012,If you would like a shot at having your #CloneWars question answered  have at posted here http://t.co/VdYlChjd by Wed 1/25
161945392290865150,Tue Jan 24 22:56:05 +0000 2012,Hat of the day http://t.co/iGZR09H7
110507333175611400,Mon Sep 05 00:19:36 +0000 2011,Check out Talking Steelers with ME! http://t.co/7oLUDub thank you #Steelers
109777043285213180,Fri Sep 02 23:57:41 +0000 2011,http://t.co/OCKnShp PensTV Check it out! That's me baby!
97009712314318850,Fri Jul 29 18:24:52 +0000 2011,#RedTails trailer is up! Check it out! http://t.co/VxzKz5j
94907434358943740,Sat Jul 23 23:11:10 +0000 2011,With @SethGreen and Tom Kane post panel  http://t.co/VizIxvm
94907364372783100,Sat Jul 23 23:10:53 +0000 2011,Photo from my office http://t.co/QTCeMik
94113123874775040,Thu Jul 21 18:34:51 +0000 2011,#sandiegocomiccon day 1! Panel At 4:45! Season 4 reveal. Be there
78231641755107330,Tue Jun 07 22:47:31 +0000 2011,Thank you for all the birthday wishes!
71541248044969980,Fri May 20 11:42:17 +0000 2011,Morning interviews. Looking forward to the main event
71526133719502850,Fri May 20 10:42:13 +0000 2011,I'm at the Star Tours reopening today AND I'm tweeting!
49652329892417540,Mon Mar 21 02:03:32 +0000 2011,Hope everyone is having a good weekend. Watching ROTJ on Spike
35855905538973696,Fri Feb 11 00:21:28 +0000 2011,Secret revealed on StarWars.com  http://starwars.com/theclonewars/look_whos_tarkin/index.html
24590952815394816,Mon Jan 10 22:18:34 +0000 2011,Sorry been quiet lately. Very busy at work. The nightsisters trilogy continues this friday!
1058435432972288,Sat Nov 06 23:48:45 +0000 2010,@GatorAndreea just wait.... It's coming big time
27280678343,Wed Oct 13 22:08:17 +0000 2010,I gotta say it's pretty cool! Now I just have to get @MeaganFinnerty to show me how to use it HA!
27277716699,Wed Oct 13 21:26:08 +0000 2010,Oooo look what I got today!  http://yfrog.com/b8c4yyj
25752688457,Tue Sep 28 03:40:39 +0000 2010,This week you know who's making an appearance?  Check it out on starwars.com
25752492443,Tue Sep 28 03:37:56 +0000 2010,@MasterKenobiWan I'm still around! Sorry production has been busy lately. Well that's not so different is it?
24773107902,Fri Sep 17 16:31:11 +0000 2010,Today's the day! Season three is here and I'm excited we can finally show you
20939493994,Thu Aug 12 02:45:49 +0000 2010,Last tour to endor party Saturday night! I'll be there! Will you?
19093342027,Wed Jul 21 17:38:02 +0000 2010,Only at CV and only from me... ;) http://bit.ly/d5O2Je
18138339895,Fri Jul 09 18:22:44 +0000 2010,The fans have voted us best animated show on tv.com! A big think you to everyone who voted!
15668698816,Tue Jun 08 00:52:31 +0000 2010,Thank you for all of the birthday wishes!
15528904732,Sun Jun 06 03:02:50 +0000 2010,Meags was inducted to the 501st tonight. Awesome!
15333155106,Thu Jun 03 15:36:26 +0000 2010,Star wars weekends! Here I come!
14713160570,Tue May 25 19:35:51 +0000 2010,Can there be some sort of star wars event in south africa during the world cup so I can go?
14437392912,Fri May 21 16:06:40 +0000 2010,@Rileah definitely!
13806655427,Tue May 11 20:03:53 +0000 2010,@RyanPom not sure. I think so
13805872932,Tue May 11 19:46:05 +0000 2010,Hey! I'm going to be on the #ForceCast tonight from 5-6pm
13407694848,Wed May 05 05:02:48 +0000 2010,May the 4th be with you! Happy sw day
13158470608,Sat May 01 00:13:47 +0000 2010,season 2 finale of clone wars tonight. Hope you enjoy it. have a great weekend
12975641028,Wed Apr 28 00:37:57 +0000 2010,Ashley Eckstein is on the Force Cast right now
12664315234,Thu Apr 22 22:17:58 +0000 2010,Oh and I got Gigi buffon's new world cup goalie jersey! SWEET!
12664262315,Thu Apr 22 22:16:49 +0000 2010,Hi folks! Just a reminder that the clone wars ace of cakes episode aires tonight. Cake was gooooood
12481577383,Mon Apr 19 23:14:06 +0000 2010,hey folks! The CW crew is going to be featured on Ace of cakes this Thursday http://www.foodnetwork.com/ace-of-cakes/clone-wars/index.html
11849622089,Thu Apr 08 23:30:13 +0000 2010,Hey! Here's an interview I did for comicvine http://www.comicvine.com/wondercon-2010-dave-filoni-the-clone-wars/112-836/
11563400205,Sun Apr 04 01:40:29 +0000 2010,I'm having lunch with Kyle quadrinaros on Monday
11561287620,Sun Apr 04 00:49:14 +0000 2010,Now onto press! Panel went really well. Go to starwars.com and you can see what we showed
11558428862,Sat Apr 03 23:36:22 +0000 2010,SW:CW panel starting now in 103! Thank you eveyone for coming out!
