id,created_at,text
1174506149975953400,Thu Sep 19 02:11:02 +0000 2019,Sustainable Attitudes to Adopt in Everyday Life https://t.co/Pkg6q6CTMY
1154857571611811800,Fri Jul 26 20:54:35 +0000 2019,Once you understand that the belief has to come first, then you’ll know what it is that you have to work on because… https://t.co/IJQ3ypatKl
1117827577438031900,Mon Apr 15 16:30:37 +0000 2019,RT @harpreetpandhe: You may not control all the events that's happen to you, but you can decide not to be reduced by them.
1117814686693519400,Mon Apr 15 15:39:23 +0000 2019,Breaking has always taught me to appreciate the beauty in rebuilding.
1117814023863464000,Mon Apr 15 15:36:45 +0000 2019,RT @JayShettyIW: https://t.co/HgbeOQaW53
1095987660282187800,Thu Feb 14 10:06:35 +0000 2019,Happy Love Day!❤️
928849221536698400,Fri Nov 10 04:58:06 +0000 2017,A Huge Congratulations to my friend Terry Dosanjh supplementkingsurrey for the opening of their… https://t.co/x1sVyWyuEA
862101293048844300,Wed May 10 00:25:39 +0000 2017,Healing can take time Goals can take time  Just keep putting your best out there, nothing happens instantly
862009861160058900,Tue May 09 18:22:20 +0000 2017,RT @harpreetpandhe: Embrace your goodbyes, because every “goodbye” you receive in life sets you up for an even better “hello.”
861817781334835200,Tue May 09 05:39:05 +0000 2017,Even the girl in the magazine doesn't look like the girl in the magazine. Body diversity! Embrace it!
861646812200882200,Mon May 08 18:19:43 +0000 2017,You may not control all the events that's happen to you, but you can decide not to be reduced by them.
778284656185659400,Tue Sep 20 17:28:16 +0000 2016,I hate seeing people say "I'm not good enough" NO. You're always good enough.  You're amazing!
761717385229328400,Sat Aug 06 00:15:51 +0000 2016,RT @TrainingDayCafe: Repost @harpreetpandhe ・・・ Remembering who you are will be courageously required😊💪💞 #mealprep… https://t.co/h1j5Iqkeav
761717312198021100,Sat Aug 06 00:15:33 +0000 2016,RT @_Thediamondman: #Repost @nutrabolics with repostapp ・・・ Wishing hometown hottie and #nutragirl @harpreetpandhe… https://t.co/7yXvGVTEq9
752544965759152100,Mon Jul 11 16:47:56 +0000 2016,RT @_Thediamondman: #Repost @nutrabolics with repostapp ・・・ Meet Team Nutrabolics @harpreetpandhe at the… https://t.co/pkWzbX03W6
752544955625680900,Mon Jul 11 16:47:53 +0000 2016,RT @Nutrabolics: Meet Team Nutrabolics @harpreetpandhe at the #VancouverProShow this weekend ! Come by booth 301… https://t.co/yUHxSJ2LlF
746375024739770400,Fri Jun 24 16:10:47 +0000 2016,Wake Pray Slay &amp; on Fridays we flex 😊💪💪💪 https://t.co/01FhKxAfju
746195326080426000,Fri Jun 24 04:16:44 +0000 2016,Ready to destroy legs after taking my Supernova &amp; BCAAs 6000 stack.💪 #fruitpunch https://t.co/WTolJbiRiS
746087965227524100,Thu Jun 23 21:10:07 +0000 2016,Never be defeated by your own circumstances❤️ #strength
746044196121903100,Thu Jun 23 18:16:11 +0000 2016,Discipline isn't always easy. But it's RIGHT, RESPECTED and REWARDING!💪 #tbt Los Cabos last year https://t.co/tGyz7PIWyi
746027043280851000,Thu Jun 23 17:08:02 +0000 2016,Whatever the present moment presents, accept it as if you have chosen it. Work with it, not… https://t.co/9IFp6EiZrg
745886746076921900,Thu Jun 23 07:50:32 +0000 2016,Goodmorning #IGFAM! Started my morning off with my absolute must have Nutra combo of Supernova… https://t.co/ZwpF7IXDTR
712807091916771300,Thu Mar 24 01:03:48 +0000 2016,RT @VancouverSunRun: #VanSunRun blogger @harpreetpandhe talks staying inspired &amp; motivated during training https://t.co/vSzQp4arUE https://…
704019591350128600,Sun Feb 28 19:05:25 +0000 2016,Night out ❤️ Victoria! Rock'n my new skinny #WR.UP pants @livifystore  3030 Granville Street… https://t.co/RMZe7jXiJg
700047861006766100,Wed Feb 17 20:03:10 +0000 2016,RT @VancouverSunRun: FLASH GIVEAWAY: RT to win pair of tix to @VanHomeShows! We'll pick the winner later today. #Vancouver #contest #free h…
699669410160619500,Tue Feb 16 18:59:21 +0000 2016,Amazing run with @VancouverSunRun training camp last night with Kerrisdale community! Rain, shine or pour we are there! @BoilingpointGrp
699668084378841100,Tue Feb 16 18:54:05 +0000 2016,RT @CloverdalePS: "Building on yourself,confidence..." Well said @simplyharpreet @She_Talks_ #defineourselves #strongwomen #shetalks https:…
699668042582589400,Tue Feb 16 18:53:55 +0000 2016,RT @She_Talks_: Powerful speech @simplyharpreet !  The truths about being judged.  Opinions and judgements won't keep her down.  #shetalks
699667971371708400,Tue Feb 16 18:53:38 +0000 2016,RT @hannemadsen7: @simplyharpreet @She_Talks turned to health abd fitness to heal herself #pushlimits #buildselfconfidence #breakculturalba…
699667874974007300,Tue Feb 16 18:53:15 +0000 2016,RT @Breezybh1979: @She_Talks_ @simplyharpreet such an inspiring woman. You are so #inspiring  Thank you for being here today. I needed to h…
699634985184067600,Tue Feb 16 16:42:33 +0000 2016,Embrace your goodbyes, because every “goodbye” you receive in life sets you up for an even better “hello.”
492298420984373250,Thu Jul 24 13:21:04 +0000 2014,Capricorn - You might bring important information out into the open, but the positive effects of what you say ca..  http://t.co/QI2AD2nmBk
492157632833404900,Thu Jul 24 04:01:38 +0000 2014,Commitment is staying loyal to what you said you were going to do, long after the mood you said it in has left you. #commitment #loyalty
492151721557119000,Thu Jul 24 03:38:08 +0000 2014,@kalikwest lol and I'm finally back on here!
492151403683393540,Thu Jul 24 03:36:53 +0000 2014,@jagchima1 @HarjapBhangal @NickOrton22 @petervirdee @ranjbespoke @kagedmuscle lol I'm behind on my tweets! Just got back on here
492151210938363900,Thu Jul 24 03:36:07 +0000 2014,RT @kagedmuscle: @jagchima1 @harjapbhangal @nickorton22 @simplyharpreet @petervirdee @ranjbespoke @gabarsgames U too. Can't wait to see ya …
492150933120233500,Thu Jul 24 03:35:00 +0000 2014,RT @kalikwest: Follow #fitness model #punjabi #WBFF pro #HarpreetPandher @simplyharpreet and welcome to #teamKalikwest
492150697530388500,Thu Jul 24 03:34:04 +0000 2014,RT @PublicMyth: The awesome abs of @simplyharpreet in her Bamboo Pocket Pants! #bamboo #ecofriendly #yogapants #fitfam #fitspo http://t.co/…
492150611052208100,Thu Jul 24 03:33:44 +0000 2014,RT @PublicMyth: @simplyharpreet  rocking her Dark Knight Crop leggings at the gym! @flexfriday #darkknight #happyfriday http://t.co/vu4M9e5…
492150537530245100,Thu Jul 24 03:33:26 +0000 2014,RT @33_lizzie: 🙏🙏 Stole this from @simplyharpreet. Thanx hon😃 she's so inspirational and posts so many wonderful… http://t.co/iQdGdTG90h
492150323406839800,Thu Jul 24 03:32:35 +0000 2014,RT @KiNGKAUR: I have sucha big girl crush on @simplyharpreet
492150044418523140,Thu Jul 24 03:31:28 +0000 2014,@PlayerProof lol I'm back
492148542430265340,Thu Jul 24 03:25:30 +0000 2014,She believed she can so she will✌️ #16weeksout #letsgo #bikini #figure #physique ??? #gotime  Have a… http://t.co/RMwbUa4oXD
492147755662331900,Thu Jul 24 03:22:23 +0000 2014,@Floridafit1 @MrOlympia08 thank you! #teamblade
492147619758489600,Thu Jul 24 03:21:50 +0000 2014,RT @Floridafit1: The beautiful @mrolympia08 athlete @simplyharpreet is passionate about showing her fellow women… http://t.co/TweyJ6brk2
424621737314377700,Sat Jan 18 19:18:05 +0000 2014,💕🙏🙌 :) learn to smile without a reason http://t.co/wFXtbQ0GRr
424317667609411600,Fri Jan 17 23:09:50 +0000 2014,It's about the both of you together👌🙌💕 #team http://t.co/VIMQ3CgrK2
410476622048141300,Tue Dec 10 18:30:27 +0000 2013,Anything can happen in one day... A miracle could save person fighting for their life, a couple… http://t.co/svD8TXsm8n
410226186795880450,Tue Dec 10 01:55:19 +0000 2013,Ya know you want to 👌🙈 #comment. Here's my paste: http://t.co/ZUzrxK3vTz the latest song I've been… http://t.co/EdPCxhav3z
397453432027889660,Mon Nov 04 20:00:57 +0000 2013,It was such a pleasure meeting all these athletes, individuals and companies at the Sheru Classic Expo. Had so... http://t.co/EUIaMq5R6B
397453424054501400,Mon Nov 04 20:00:55 +0000 2013,It was such a pleasure meeting all these athletes, individuals and companies at the Sheru Classic… http://t.co/gdo0mPm3UX
397395041355706400,Mon Nov 04 16:08:55 +0000 2013,Good morning #Beautiful  #repost http://t.co/YbhCHInYSZ
397395023094116350,Mon Nov 04 16:08:51 +0000 2013,Good morning #Beautiful 💕😘 #repost http://t.co/KNfVnJ4nuT
397345074042118140,Mon Nov 04 12:50:22 +0000 2013,Close your eyes and think with Your Soul Happy Monday loves:) http://t.co/jQLsnWTenN
397232261978161150,Mon Nov 04 05:22:06 +0000 2013,Celebrate this Festival of Lights with your family &amp; loved ones http://t.co/4zSrRhuBeU
397033036879253500,Sun Nov 03 16:10:27 +0000 2013,With the light of each Diya, May happiness and love fill your life  Happy Diwali everyone http://t.co/8gIHCv2cE1
397033031913181200,Sun Nov 03 16:10:25 +0000 2013,With the light of each Diya, May happiness and love fill your life 🙏💫🌟 Happy Diwali everyone💕 http://t.co/sl3uKoJJUs
396694875644907500,Sat Nov 02 17:46:43 +0000 2013,Flex Friday☺️ http://t.co/pVRzKxT1BT
393380272252944400,Thu Oct 24 14:15:40 +0000 2013,The Most Powerful Relationship YOU will ever have Is the Relationship  WITH YOURSELF http://t.co/amISUgZWVt
385850552024059900,Thu Oct 03 19:35:15 +0000 2013,and I Lift💪💁 http://t.co/OEXn7gIHRR
384723862472359940,Mon Sep 30 16:58:11 +0000 2013,"The longer I live, the more beautiful life gets" Happy Monday💕 http://t.co/ipmyzkGyU8
377449576506339300,Tue Sep 10 15:12:46 +0000 2013,Goodmorning:) You can achieve what you want. No matter how long it will take. Everyday is a step… http://t.co/GSm6gzLAN5
376884921601888260,Mon Sep 09 01:49:02 +0000 2013,My peace, clarity and unconditional love🙏 http://t.co/FIvbuQzxxM
376483476335501300,Sat Sep 07 23:13:50 +0000 2013,Little flexing action on my way to the gym💪☺👊 http://t.co/pjbtDB5zNJ
376445043911180300,Sat Sep 07 20:41:07 +0000 2013,Above all trust and believe in yourself . Happy Saturday:)🙌 http://t.co/mBhkl25fVJ
376390642542198800,Sat Sep 07 17:04:56 +0000 2013,@IGenius960 thank you 🙏
376390575290716160,Sat Sep 07 17:04:40 +0000 2013,@djmannymusic oh wow thank you for the kind words🙏😊
376390320834900000,Sat Sep 07 17:03:40 +0000 2013,@ShakespeareGF thanks doll! :) 😘
376009192185675800,Fri Sep 06 15:49:11 +0000 2013,Happy Friday ❤️ http://t.co/Yo5dYWe8MM
376001101210075140,Fri Sep 06 15:17:02 +0000 2013,Happy Friday :) Make it happen today, we all have choices to make. Make them count, no matter how small 🙌 http://t.co/ngakU4Eged
375897936196296700,Fri Sep 06 08:27:06 +0000 2013,Love this 💕💕💕 goodnight💫 http://t.co/EOtrU8ailz
284819486094286850,Sat Dec 29 00:33:51 +0000 2012,http://t.co/Cb41kLRZ
284782955367370750,Fri Dec 28 22:08:42 +0000 2012,http://t.co/Ul0hCvjD
284556839931232260,Fri Dec 28 07:10:12 +0000 2012,Hey everyone!! Sorry I haven't been on this page much and am actually on my personal Facebook page more so please... http://t.co/KWSSy3Tl
273514280777818100,Tue Nov 27 19:51:00 +0000 2012,http://t.co/zcatQfTL
273160052402176000,Mon Nov 26 20:23:26 +0000 2012,http://t.co/MHOTcvys
271690466104328200,Thu Nov 22 19:03:49 +0000 2012,http://t.co/eIUUDIeC
270523372008517630,Mon Nov 19 13:46:12 +0000 2012,Happy Monday:) http://t.co/cWW0FHAS
270256420035903500,Sun Nov 18 20:05:26 +0000 2012,Squats, Shredz, Sushi, Sunday!:)
268879325565186050,Thu Nov 15 00:53:21 +0000 2012,BeProud Foundation. Join the Movement. #EndHate http://t.co/04cPSfiS
268877625420816400,Thu Nov 15 00:46:36 +0000 2012,http://t.co/58uOtcD1
268243653259051000,Tue Nov 13 06:47:25 +0000 2012,Msg me what you would like me to post more about:) And feel free to ask questions!
268239298011226100,Tue Nov 13 06:30:06 +0000 2012,Wishing you all joy and prosperity. Hoping that the beauty of the festival of lights, brings joy, happiness and... http://t.co/87Xo1O54
267871976771698700,Mon Nov 12 06:10:30 +0000 2012,I've been drinking Yogi's Green tea with Kombucha lately and I feel great! It's great for the immune and digestive... http://t.co/rJma5ZGs
267871618267742200,Mon Nov 12 06:09:05 +0000 2012,I've been drinking Yogi's Green tea with Kombucha lately and I feel great! It's greta for the immune and... http://t.co/2HF8yQWB
267790640740438000,Mon Nov 12 00:47:18 +0000 2012,LOW FAT- HIGH FIBER BANANA BREAD :)  Ingredients 1 cup flour 1 cup oat flour (you can use a food processor to... http://t.co/ph0tvyiN
267511876928282620,Sun Nov 11 06:19:36 +0000 2012,Just watched Skyfall and I have to say I was a little disappointed...what did you think if you've watched it? http://t.co/Le94SMT9
267386653608402940,Sat Nov 10 22:02:00 +0000 2012,10 Tips For a Firm Sexy Butt!!  1.Participate in sports that keep you on your toes 2.Use weights instead of just... http://t.co/lIA1A5fu
266992620402769920,Fri Nov 09 19:56:15 +0000 2012,Happy Friday! Follow me on instagram @hharpreet http://t.co/wkMNsOaF
265574253523509250,Mon Nov 05 22:00:10 +0000 2012,http://t.co/m5E6kx62
265327866160504830,Mon Nov 05 05:41:07 +0000 2012,Love is the will to let those we love be perfectly themselves, not to twist them to fit our own image. Otherwise... http://t.co/4AZ3Eyg4
265272115228446720,Mon Nov 05 01:59:35 +0000 2012,The wind cannot shake a mountain. Neither praise nor blame moves a wise man. -Buddha
258727861802917900,Thu Oct 18 00:35:03 +0000 2012,Happy Navratras to everyone:)
243806997777100800,Thu Sep 06 20:24:52 +0000 2012,http://t.co/TuGdbYDU
240667941312548860,Wed Aug 29 04:31:23 +0000 2012,http://t.co/00blqM7N
238306764272058370,Wed Aug 22 16:08:54 +0000 2012,Rock'n the new DIEZEL shirt….SIZE MATTERS GUYS…become an #AlphaMale!  Shirts will be available with the... http://t.co/x8EEgljs
236079477657059330,Thu Aug 16 12:38:28 +0000 2012,The #1 SAFEST, most EFFECTIVE preworkout thermogenic on the market: SHREDZ!!! It's YOUR body, why settle for... http://t.co/suZrJTLe
234124666078367740,Sat Aug 11 03:10:44 +0000 2012,Happy Janmasthami!:)
234124169632165900,Sat Aug 11 03:08:46 +0000 2012,Happy Janmasthami !:)
232880046984032260,Tue Aug 07 16:45:04 +0000 2012,There is an inner beauty about a woman who believes in herself. Who knows she's capable of anything she puts her... http://t.co/pyhf4PxA
232707930837880830,Tue Aug 07 05:21:08 +0000 2012,&lt;3 can't wait to watch this movie!! love all the songs so far! http://t.co/TBo053d1
232585616850841600,Mon Aug 06 21:15:06 +0000 2012,I posted a new photo to Facebook http://t.co/hyMepuXa
232553024902553600,Mon Aug 06 19:05:36 +0000 2012,http://t.co/2YRuXLX4
232512813464166400,Mon Aug 06 16:25:49 +0000 2012,http://t.co/PaWRpeKg
230798001604550660,Wed Aug 01 22:51:46 +0000 2012,If you are in the area come out and support me and the rest of the SHREDZ Team this Saturday August 4th!!!  See... http://t.co/YGylVmCz
230764067176984580,Wed Aug 01 20:36:55 +0000 2012,http://t.co/g31OxPQ9
230744722338095100,Wed Aug 01 19:20:03 +0000 2012,http://t.co/2nZb6fqx
230029050121429000,Mon Jul 30 19:56:13 +0000 2012,http://t.co/wvPnpYSu
230006315324416000,Mon Jul 30 18:25:53 +0000 2012,http://t.co/1nv8kY7z
228912301321908220,Fri Jul 27 17:58:40 +0000 2012,http://t.co/pK90hG9C
228893583451762700,Fri Jul 27 16:44:17 +0000 2012,Thank you for everyone's support. Don't forget to 'LIKE' my sponsor's page and look for latest tips, new, and... http://t.co/BfYLZHZj
227493808080818180,Mon Jul 23 20:02:05 +0000 2012,;) http://t.co/nHV09npQ
227467542258659330,Mon Jul 23 18:17:42 +0000 2012,http://t.co/wEBVm20J
227449532986830850,Mon Jul 23 17:06:09 +0000 2012,Lean, Sexy, Toned, Shredded... Doesn't that sound so much better than making up excuses?  Take your body to the... http://t.co/rBK9jK7R
226478023497625600,Sat Jul 21 00:45:43 +0000 2012,#shredz http://t.co/GVTYzidI
225676482427641860,Wed Jul 18 19:40:40 +0000 2012,:) http://t.co/VacCrfxn
225411054006571000,Wed Jul 18 02:05:57 +0000 2012,NO EXCUSES! http://t.co/wsaaZ0fd
224908726019170300,Mon Jul 16 16:49:53 +0000 2012,Happy Monday!:) Water, towel + SHREDZ check! Off to the gym! http://t.co/E0UTi0oL http://t.co/p02HXYf6
224723585586053120,Mon Jul 16 04:34:12 +0000 2012,http://t.co/gHkCHEMd
224298110267031550,Sun Jul 15 00:23:31 +0000 2012,Amazing! This is MOTIVATION, INSPIRATION, DEDICATION #shredz http://t.co/lAptCHsk
224273894071214080,Sat Jul 14 22:47:17 +0000 2012,http://t.co/AyQ7Prhv
223866217176367100,Fri Jul 13 19:47:20 +0000 2012,http://t.co/TZhrJsOF
223836080665927680,Fri Jul 13 17:47:34 +0000 2012,ready for my morning workout!:) Happy Friday! http://t.co/Bp6QyUle
223552243985686530,Thu Jul 12 22:59:43 +0000 2012,&lt;3 this! http://t.co/e0WVyCrM
223517854073491460,Thu Jul 12 20:43:03 +0000 2012,http://t.co/mLIkmxzo
223136526278733820,Wed Jul 11 19:27:48 +0000 2012,Have a great day!:)xo http://t.co/TzdHDbfG
223121917182361600,Wed Jul 11 18:29:45 +0000 2012,http://t.co/xOgIs10d
223103018416095230,Wed Jul 11 17:14:39 +0000 2012,What you EAT in PRIVATE, you WEAR in PUBLIC! Order your SHREDZ this summer to LOOK+ FEEL your best! http://t.co/T72ChmVp
223097887956017150,Wed Jul 11 16:54:16 +0000 2012,http://t.co/WX8sdugq
222753403074383870,Tue Jul 10 18:05:24 +0000 2012,Look your BEST this Summer!  Safe, Inexpensive, and, AMAZING RESULTS! SHREDZ is the best Thermogenic supplement... http://t.co/1xyQ8K6A
222747607380926460,Tue Jul 10 17:42:22 +0000 2012,BREAKING PAST GENETICS! http://t.co/qzy34PVs
217348003441278980,Mon Jun 25 20:06:16 +0000 2012,http://t.co/Sy4dKFMW
217302683999154180,Mon Jun 25 17:06:11 +0000 2012,"Blessed is he who has learned to admire but not envy, to follow but not imitate, to praise but not flatter, and... http://t.co/9d9FEdwO
212567578651013120,Tue Jun 12 15:30:34 +0000 2012,Training hard, dieting but feel something is missing.....Check this out and don't forget to place your orders:)... http://t.co/5iHQesuU
212356832130375680,Tue Jun 12 01:33:08 +0000 2012,http://t.co/zSWlMw5E
211944983530455040,Sun Jun 10 22:16:36 +0000 2012,http://t.co/JDPa88kC SUBSCRIBE TO UPDATES:) http://t.co/76KMCHXB
211889511523811330,Sun Jun 10 18:36:10 +0000 2012,GYM DATE with Water, BCAAS + the Stepmill;) ♥
211534641730035700,Sat Jun 09 19:06:03 +0000 2012,Good Luck to SHREDZ athlete Chris Ab Show White &amp; Anthony LeoGrande today at the NPC Garden State show!   These... http://t.co/b5ncSn1y
211124756521553920,Fri Jun 08 15:57:19 +0000 2012,http://t.co/Cxc1ONNk
211109863902822400,Fri Jun 08 14:58:08 +0000 2012,http://t.co/bFs2bKMc
211091813799428100,Fri Jun 08 13:46:24 +0000 2012,Happy Friday!:) any exciting plans for the weekend?
210850457273380860,Thu Jun 07 21:47:21 +0000 2012,Stretch to grow!!:) http://t.co/7e18Awlm
210850300179922940,Thu Jun 07 21:46:43 +0000 2012,Great for the Glutes Ladies!!:) http://t.co/dzlJz4QT
210833550843461630,Thu Jun 07 20:40:10 +0000 2012,Subscribe to my updates:) http://t.co/22p9PBSS http://t.co/0Hza8GyJ
210755036211449860,Thu Jun 07 15:28:10 +0000 2012,It’s official! Beyond Genetics Supplements has generously awarded me with an athletic sponsorship. I am so... http://t.co/cLLnzh4e
210644194547609600,Thu Jun 07 08:07:44 +0000 2012,Darpan Magazine Shoot 2012 http://t.co/8087rWsq
210634936703655940,Thu Jun 07 07:30:56 +0000 2012,What do you think of my new banner:)?
210292516912762880,Wed Jun 06 08:50:17 +0000 2012,"Every morning in the jungle a gazelle wakes up and knows it must out run the fastest lion or it will be... http://t.co/5Jj2RWDd
210265787078938620,Wed Jun 06 07:04:04 +0000 2012,DIEZEL - Maximum Strength Testosterone... Become the ALPHA MALE!! AVAILABLE SOON! http://t.co/LAEpf8cU
210258692912840700,Wed Jun 06 06:35:53 +0000 2012,Available Soon! http://t.co/MGjOYmEO
208758829465346050,Sat Jun 02 03:15:58 +0000 2012,Motivation......SHREDZ! http://t.co/l8gpAuli
208458666599399420,Fri Jun 01 07:23:13 +0000 2012,Hey Everyone:) NEED SOME MOTIVATION.....Check out my friend Gary's Video! He was a HUGE inspiration and... http://t.co/wynvI3pP
208149682604613630,Thu May 31 10:55:26 +0000 2012,"The truth is that our finest moments are most likely to occur when we are feeling deeply uncomfortable, unhappy,... http://t.co/r8Bzzuqo
206242148721500160,Sat May 26 04:35:34 +0000 2012,http://t.co/9qElKCSR
205462288629641200,Thu May 24 00:56:41 +0000 2012,Being a winner is not something that is decided by a subjective third party whose trivial decision is forgotten... http://t.co/gFpdcbhc
204905987746963460,Tue May 22 12:06:09 +0000 2012,Help me get to 20k LIKES:)) Just get your friends to LIKE my page!! Interesting things coming up this... http://t.co/TyQWLJ0u
204905575413321730,Tue May 22 12:04:30 +0000 2012,Never leave anything to chance. They say the game is won during the weeks with which you prepare. It is no... http://t.co/MlsCY5dZ
204425558405296130,Mon May 21 04:17:05 +0000 2012,http://t.co/ErmDig3s
203583724389011460,Fri May 18 20:31:56 +0000 2012,No matter who we are, where we're going, or where we've been, we all struggle. Everyone has battles. Everyone, at... http://t.co/ga0HnDem
203570899847360500,Fri May 18 19:40:59 +0000 2012,Discipline is not always easy, but it's always RIGHT, RESPECTED &amp; REWARDING.
203570786563395600,Fri May 18 19:40:32 +0000 2012,'Cause sometimes you just feel tired, Feel weak, and when you feel weak, you feel like you wanna just give up.... http://t.co/k7d1TGLP
203568672390905860,Fri May 18 19:32:08 +0000 2012,Surrounded by amazing &amp; supportive people in my life , ♥ it! Happy Friday! xo
203568529767804930,Fri May 18 19:31:34 +0000 2012,Unless you PUKE, FAINT OR DIE-Keep Going! Hitting the gym for friday workout! probably will make it a double session today:)
203177059097382900,Thu May 17 17:36:00 +0000 2012,Whatever the present moment contains, accept it as if you had chosen it. Always work with it, not against it:) have a great day!
203027293768130560,Thu May 17 07:40:53 +0000 2012,♥ yourself enough to make your health/wellness a priority-there's only 1 you! http://t.co/SD0caioE
203011474128515070,Thu May 17 06:38:01 +0000 2012,The whole idea is to get an edge. Sometimes it takes just a little extra something to get that edge. But you have... http://t.co/1BgMmCaH
202848274145746940,Wed May 16 19:49:31 +0000 2012,So I would really like to here back from you guys :) What are your summer goals??  It's around the corner:))
202840033143701500,Wed May 16 19:16:47 +0000 2012,Make each workout count and then don't forget to enjoy the sunshine:) Have a great day everyone &lt;3 http://t.co/wi5yWpMg
202837855989538800,Wed May 16 19:08:08 +0000 2012,"Some people think luxury is the opposite of poverty. It is not. It is the opposite of vulgarity."
202433995269611520,Tue May 15 16:23:20 +0000 2012,"A wise man told me today " Life is not precious, it is the quality of life that is precious"
202283673540759550,Tue May 15 06:26:00 +0000 2012,You've got to get up every morning with determination if you're going to go to bed with satisfaction.
202244384366919680,Tue May 15 03:49:53 +0000 2012,You should appreciate what you HAVE, before it becomes what you HAD...
200878997058498560,Fri May 11 09:24:19 +0000 2012,Have a great day everyone:) http://t.co/HocAFl3K
200876471546429440,Fri May 11 09:14:17 +0000 2012,So many of us worry about what can go wrong, what went wrong or the "what if's", but it all comes down to having... http://t.co/9r4D8vfM
200875832904921100,Fri May 11 09:11:45 +0000 2012,&lt;3ing the dark hair:) http://t.co/gEzRsXSQ
200055867930980350,Wed May 09 02:53:30 +0000 2012,My New Dark Hair:) http://t.co/To10svlM
199794972009054200,Tue May 08 09:36:47 +0000 2012,Share with your friends!:)   http://t.co/K0sEjGbi http://t.co/RuiCWOe4
199794373368619000,Tue May 08 09:34:25 +0000 2012,Follow me on twitter:)  http://t.co/k7k4frLF http://t.co/NVfyuuP2
199793023545122800,Tue May 08 09:29:03 +0000 2012,This is for those of you who want to TONE UP, CUT DOWN ON BODY FAT OR JUST WANT TO GET READY FOR SUMMER and your... http://t.co/rA07Bfjo
199760804332048400,Tue May 08 07:21:01 +0000 2012,"Be thankful for what you have; you'll end up having more. If you concentrate on what you don't have, you will never, ever have enough."
199750118763790340,Tue May 08 06:38:34 +0000 2012,"Your worst enemy cannot harm you as much as your own mind, unguarded. But once mastered, no one can help you as... http://t.co/I6f9Uv9a
199643601507069950,Mon May 07 23:35:18 +0000 2012,Humor is infectious. In addition to the domino effect of joy and amusement, laughter also triggers healthy... http://t.co/RZA1MOAn
199618756320833540,Mon May 07 21:56:34 +0000 2012,You succeed when you want to succeed as bad as you want to breathe.  Awesome video! Check it out!... http://t.co/dyZ7vD2C
198991711068889100,Sun May 06 04:24:55 +0000 2012,&lt;3 the arabic beat in this song! http://t.co/J8LCs0eR
198988433539080200,Sun May 06 04:11:54 +0000 2012,Super moon tonight!!
197672990115237900,Wed May 02 13:04:48 +0000 2012,Goooodmorning everyone!:)))) &lt;3
197610234250924030,Wed May 02 08:55:25 +0000 2012,Unsuccessful people focus their thinking on SURVIVAL. Average people focus their thinking on MAINTENANCE. While... http://t.co/J6gUgKZB
197608838495612930,Wed May 02 08:49:53 +0000 2012,We need to teach our daughters to distinguish between a man who flatters her and a man who compliments her...a... http://t.co/F1BUd4VA
197440880272080900,Tue May 01 21:42:28 +0000 2012,Hitting the gym for Back+Cardio! Time to bump things up a notch! :)
196895907067854850,Mon Apr 30 09:36:57 +0000 2012,Happy Monday:) Let's Begin the week with a Positive Start &lt;3 http://t.co/9CadAiKn
196895296276537340,Mon Apr 30 09:34:31 +0000 2012,Happy Monday:) Let's have a Great start to the week! http://t.co/Pm0P5ead
196869718102126600,Mon Apr 30 07:52:53 +0000 2012,What is the most desirable trait another person can possess?
196766004079108100,Mon Apr 30 01:00:45 +0000 2012,The quality of a person’s life is in direct proportion to their commitment to excellence
196756780133531650,Mon Apr 30 00:24:06 +0000 2012,I would like to know what MOTIVATES YOU? :) Please share!
196747696541941760,Sun Apr 29 23:48:00 +0000 2012,You can go to School but you can't buy Class
196548607556587520,Sun Apr 29 10:36:54 +0000 2012,Life is a chance. Love is infinity. Grace is reality. ♥
196009727812046850,Fri Apr 27 22:55:35 +0000 2012,@ArvinsWorld ya know it;)
195996080276643840,Fri Apr 27 22:01:21 +0000 2012,http://t.co/TgU18fEK
195990924503941120,Fri Apr 27 21:40:52 +0000 2012,Hitting the Gym for some shoulders and cardio- Happy Friday #wbffworlds!! xo
195438219796553730,Thu Apr 26 09:04:37 +0000 2012,Goodmorning!!!:)) Here is a Great Reminder!! Be Inspired... http://t.co/xkNH1x9h
195438219796553730,Thu Apr 26 09:04:37 +0000 2012,Goodmorning!!!:)) Here is a Great Reminder!! Be Inspired... http://t.co/xkNH1x9h
195353753820467200,Thu Apr 26 03:28:59 +0000 2012,Lets follow eachother:)) https://t.co/XWG1SO7M http://t.co/aDGZq8w4
195183724600635400,Wed Apr 25 16:13:20 +0000 2012,"Everyone has a destiny but not everyone chooses to follow it. I did"
194836882180415500,Tue Apr 24 17:15:07 +0000 2012,Any make-up artists interested in doing make-up+hair for a music video(international) this coming weekend, inbox... http://t.co/3ocpQeQI
194807240786591740,Tue Apr 24 15:17:20 +0000 2012,This is just plain AWESOME on so many levels!!! I felt I had to re-post this-its long but worth the read. :)))... http://t.co/Wp5byA2J
194807054119079940,Tue Apr 24 15:16:35 +0000 2012,There are good days and bad days. But the ones in the middle decide the good ones from the bad. Make them count.
194453702327795700,Mon Apr 23 15:52:30 +0000 2012,Many things will grab your attention but only a few capture your imagination. When that happens, you know passion... http://t.co/LhiTNqlX
194296876214919170,Mon Apr 23 05:29:19 +0000 2012,The beauty of not being afraid to fail - that's when the most unusual opportunities actually make you succeed!
192749373069852670,Wed Apr 18 23:00:06 +0000 2012,Okay loveys! What do you have as a meal or snack before bed??? Going to put up a recipe tonight for yummy before... http://t.co/v7EA3dFe
192748981804212220,Wed Apr 18 22:58:33 +0000 2012,It has been a BUSY week at work so far, can't wait to get my cardio in tonight!! Perfect way to unwind!:)
192608743635173380,Wed Apr 18 13:41:17 +0000 2012,GOOOODMORNING!!! How is everyone starting their morning?:))) I'm off to work and then training later tonight!. Have a GREAT day!xo
192541119727415300,Wed Apr 18 09:12:34 +0000 2012,Don't forget to tell your friends to join! xo  http://t.co/CwIc7gIS http://t.co/k8y6y3Zy
192539855249612800,Wed Apr 18 09:07:33 +0000 2012,&lt;3 this! http://t.co/gQehSPFv
192279420134883330,Tue Apr 17 15:52:40 +0000 2012,Lil work needed! Gotta get it- 19 weeks out! http://t.co/lseKjGHx
191190530011574270,Sat Apr 14 15:45:49 +0000 2012,Goodmorning!! Nothing like starting the day with a good workout! Enjoy your weekend:) http://t.co/g9lVNt84
191138687818547200,Sat Apr 14 12:19:49 +0000 2012,"Destiny decides who touches your life, but your heart decides who touches your soul" -Surround yourself with... http://t.co/OQvtr0Mk
191135686106161150,Sat Apr 14 12:07:53 +0000 2012,Studies show that eating Almonds or Almond Butter at breakfast helps keep your blood sugar steadier- this means it... http://t.co/gIql0Kll
191134072431583230,Sat Apr 14 12:01:28 +0000 2012,Alright here's a healthy snack to have  before lunch or as a mid-afternoon snack! And it's Yummy!:)  4 oz nonfat... http://t.co/L0LG4VCE
191114014846238720,Sat Apr 14 10:41:46 +0000 2012,Heyy Everyone!:) Thanks for the all the fb &lt;3!! Share my page w your friends! Thanks loveys&lt;3... http://t.co/JSrG8daa
190483683604578300,Thu Apr 12 16:57:03 +0000 2012,What kind of things would you like to see me post?:)
190483393438429200,Thu Apr 12 16:55:54 +0000 2012,~Train like an Athlete~ Eat like a Nutritionist~ Sleep like a Baby~ Win like a Champion~
190427401589760000,Thu Apr 12 13:13:25 +0000 2012,The Pain of Discipline is Far less than the Pain of Regret.
190247323182436350,Thu Apr 12 01:17:51 +0000 2012,Heading to the Gym for an intense Leg session !! Exceed your limits loveys!! Get it done!!:)
190238083701157900,Thu Apr 12 00:41:08 +0000 2012,STANLEY CUP PLAY OFFS GAME #1 - GOOOO CANUCKS !! WE BELIEVE!!:)))
190237534402523140,Thu Apr 12 00:38:57 +0000 2012,Looking for MOTIVATION?? Be your own Motivation! Run when you don't want to! Eat a bowl of fruit when you want to... http://t.co/zJrTEkvY
189223012791353340,Mon Apr 09 05:27:36 +0000 2012,Daily affirmation: I know that all of my experiences are opportunities to gain more power, clarity and vision!
188178020677333000,Fri Apr 06 08:15:10 +0000 2012,Real love is a pilgrimage. It happens when there is no strategy, but it is very rare because most people are strategists.
187819960809164800,Thu Apr 05 08:32:22 +0000 2012,Life always gives you back what you give out… it’s a mirror of your own actions… your life is not a coincidence,... http://t.co/KIuZFTxP
187788397190987780,Thu Apr 05 06:26:57 +0000 2012,http://t.co/AhCP0b3M
187458163224739840,Wed Apr 04 08:34:43 +0000 2012,Life ends when you stop dreaming. Hope is lost when you stop believing… and love fails when you stop caring. So... http://t.co/LnMjoxa2
186746158247460860,Mon Apr 02 09:25:28 +0000 2012,even (7) rules of life:  1. Make peace with your past so it won’t interfere with the present;  2. What other... http://t.co/da5WRqzc
186656818569818100,Mon Apr 02 03:30:28 +0000 2012,The greatest measure of our lives is not public recognition, but the legacy we leave behind, the people we have... http://t.co/qhUMiTIs
186506697672638460,Sun Apr 01 17:33:56 +0000 2012,Always choose to heal, not to hurt; to forgive, not to despise; to persevere, not to quit; to smile, not to... http://t.co/TJP72VAK
186352277454454800,Sun Apr 01 07:20:19 +0000 2012,“Fall in love or live in hate. Get inspired or be depressed. Ace a test or flunk a class. Make babies or make art.... http://t.co/CLSaDIUL
186151191762305020,Sat Mar 31 18:01:17 +0000 2012,Goodmorning!!:))....A good life is when you assume nothing, do more, need less, smile often, dream big, laugh a... http://t.co/Syp61ru6
185828791724150800,Fri Mar 30 20:40:11 +0000 2012,Check out my bio on MP: http://t.co/9qEqid21 http://t.co/t3d2LtpR
185824522224676860,Fri Mar 30 20:23:13 +0000 2012,KORE Athletes - KORE Fit Living http://t.co/nOl06iFy
185821775878307840,Fri Mar 30 20:12:18 +0000 2012,KORE - Daily Door Crasher - 03.30.12 http://t.co/hpQvsZv6
185820642879356930,Fri Mar 30 20:07:48 +0000 2012,http://t.co/RIHOZ7zY
185818830684160000,Fri Mar 30 20:00:36 +0000 2012,NEVER give up on something you can't go a day without thinking about. Happy Friday:)
185794484532031500,Fri Mar 30 18:23:51 +0000 2012,http://t.co/HnK1U7lo
185794271654322180,Fri Mar 30 18:23:00 +0000 2012,http://t.co/tedu0EjN
185645681279647740,Fri Mar 30 08:32:34 +0000 2012,Thank you to my Sponsors KORE Fit Living & Muscle Pharm in supporting all my Fitness goals and my journey to my... http://t.co/nkrRBC1x
185636603836895230,Fri Mar 30 07:56:29 +0000 2012,So Proud of this Post!:) http://t.co/GGxMQRnl
185562500392157200,Fri Mar 30 03:02:02 +0000 2012,It is our CHOICES...that show who we truly are, far more than our abilities. So make the choice to be the BEST... http://t.co/vdL2ByqT
185559397320241150,Fri Mar 30 02:49:42 +0000 2012,19 weeks out !! Training HARD to step on stage for the 2nd time with a better overall package:)) On that note- its GYM TIME ♥
185554998967541760,Fri Mar 30 02:32:13 +0000 2012,http://t.co/CyIB1gIc
185479374575906800,Thu Mar 29 21:31:43 +0000 2012,WBFF BC CHAMPIONSHIPS 2011 http://t.co/AjtOYfJc
185303201178861570,Thu Mar 29 09:51:40 +0000 2012,Time is so valuable & irreplaceable, spend it wisely, with the people who deserve it &lt;3
185216839217971200,Thu Mar 29 04:08:30 +0000 2012,Summer is around the corner!!! Want ABS like these to go with it??  Check out http://t.co/E0UXPApF http://t.co/t4vidiVl
184915060622241800,Wed Mar 28 08:09:20 +0000 2012,http://t.co/4QtEAy64
184591299243020300,Tue Mar 27 10:42:49 +0000 2012,This Life is what YOU make it. Always, Always BELIEVE in yourself. Keep your head high, keep your chin up and... http://t.co/WmH5RMGr
184424830081314800,Mon Mar 26 23:41:20 +0000 2012,WBFF BC CHAMPIONSHIPS 2011...Time to hit the stage one more time! http://t.co/GitTvDyf
184176054104104960,Mon Mar 26 07:12:47 +0000 2012,Promise Yourself...   To be so strong that nothing can disturb your peace of mind. To talk health, happiness, and... http://t.co/nAFLPgZI
183865820185759740,Sun Mar 25 10:40:02 +0000 2012,"Always be a first-rate version of yourself, instead of a second-rate version of somebody else"
183849049970061300,Sun Mar 25 09:33:23 +0000 2012,Hey everyone!! Follow me on twitter:)) Excited to have you follow me!  http://t.co/OUu5sVuP http://t.co/QNXEPAta
183845510791180300,Sun Mar 25 09:19:20 +0000 2012,"You have to be the innovator of your own creation." -J.M
183251304104202240,Fri Mar 23 17:58:10 +0000 2012,ANTI-OXIDANTS!   You may have heard of anti-oxidants and how they are good for you. Do you know what they are and... http://t.co/YIm3XYHs
183250526857723900,Fri Mar 23 17:55:04 +0000 2012,In today's society, where our social media influences us with images and subliminal messages of how we 'should'... http://t.co/96LqG6AH
182240648315944960,Tue Mar 20 23:02:11 +0000 2012,DON'T be afraid to take Chances. NEVER be that person who looks back on life at the end of your years wondering... http://t.co/pednB1zu
181901422554648580,Tue Mar 20 00:34:13 +0000 2012,:)The only time you run out of chances is when you stop taking them. Happy Monday!
181898320728432640,Tue Mar 20 00:21:53 +0000 2012,***ATTENTION LADIES*** You Asked .. We Listened!!! Introducing a SHREDZ formula designed just for YOU! Available... http://t.co/f7Ui5euR
181655388960194560,Mon Mar 19 08:16:34 +0000 2012,http://t.co/hxypMMbb
181467968453087230,Sun Mar 18 19:51:49 +0000 2012,One of my fave quotes: Never take someone for granted Hold every person close to your heart because you might wake... http://t.co/lpJUZNOm
181446639419006980,Sun Mar 18 18:27:04 +0000 2012,HAPPINESS is only real when Shared- Happy Sunday Everyone:)
181446297474183170,Sun Mar 18 18:25:43 +0000 2012,Happy Sunday everyone:) - Happiness is not happiness unless it's shared &lt;3
180410666702745600,Thu Mar 15 21:50:29 +0000 2012,http://t.co/HFykNAfN
180379713544527870,Thu Mar 15 19:47:29 +0000 2012,RESPECT...Respect yourself, Respect others and Respect Life. Respect keeps one true to oneself. Respect others... http://t.co/8zkZ94Ml
179250209510010880,Mon Mar 12 16:59:14 +0000 2012,So INSPIRATIONAL&lt;3 http://t.co/bZqevLSI
179249985584496640,Mon Mar 12 16:58:21 +0000 2012,Obstacles are what you see when you take your eyes off your goal...Happy Monday:)
177869423376470000,Thu Mar 08 21:32:29 +0000 2012,Happy International Women's Day! &lt;3
174176373697548300,Mon Feb 27 16:57:38 +0000 2012,SHIT BODYBUILDERS SAY  http://t.co/1ctdsz8y http://t.co/wQJjsGQa
171812123205304320,Tue Feb 21 04:22:56 +0000 2012,Happy Shivaratri:))
169825446538657800,Wed Feb 15 16:48:36 +0000 2012,NYC &lt;3 http://t.co/wFgcKeXV
165376796903227400,Fri Feb 03 10:11:15 +0000 2012,:) CHECK IT OUT! http://t.co/ZGlniCEZ
163935281626619900,Mon Jan 30 10:43:11 +0000 2012,What type of person INSPIRES you???
163200354572439550,Sat Jan 28 10:02:51 +0000 2012,If this isn't motivating, what is! AMAZING!:) http://t.co/dBuFAtb1
162929938016645120,Fri Jan 27 16:08:18 +0000 2012,@michaelduke31 soon enough!! Lol
162929852989714430,Fri Jan 27 16:07:58 +0000 2012,@TroyLuxor :)
162467185103605760,Thu Jan 26 09:29:30 +0000 2012,&lt;3 http://t.co/32VRzUgB
161703459773612030,Tue Jan 24 06:54:43 +0000 2012,At the End of Pain is SUCCESS!! http://t.co/0WlzGgyg
161316491055202300,Mon Jan 23 05:17:03 +0000 2012,SUPERBOWL: NY GIANTS VS. NE PATRIOTS! Whatcha all think of that????
161013783085580300,Sun Jan 22 09:14:12 +0000 2012,&lt;3 Blessed & Thankful&lt;3
160907169989001200,Sun Jan 22 02:10:33 +0000 2012,Want to lose any weight? go here: http://t.co/Pqq5AbPd best product for losing weight
160111691202441200,Thu Jan 19 21:29:36 +0000 2012,Destiny is not a matter of chance;it is a matter of choice. It is not a thing to be waited for; it is a thing to... http://t.co/qkkUbbum
159693419227262980,Wed Jan 18 17:47:32 +0000 2012,@SvetlanaRomanov Gorgeous as always &lt;3
159671009140670460,Wed Jan 18 16:18:29 +0000 2012,Never get into the habit of measuring your self-worth against other people's net worth. ---Every second you spend... http://t.co/iKzPraUy
159262970583597060,Tue Jan 17 13:17:05 +0000 2012,Goodmorning!!:) 1. Become aware of you thoughts 2. Self Knowledge is the stepping stone to self mastery 3. The... http://t.co/63jgjE6B
156686151523110900,Tue Jan 10 10:37:44 +0000 2012,http://t.co/OUu5sVuP  tweet tweet;) http://t.co/uf2ZFMMt
154176828507037700,Tue Jan 03 12:26:35 +0000 2012,“You can have many great ideas in your head, but what makes the difference is the action. Without action upon an... http://t.co/Vec9zUAc
153609190852665340,Sun Jan 01 22:50:59 +0000 2012,Wishing you all success for 2012 in achieving all your heart's desires. Hope everyday of the new year is full of... http://t.co/HICPYtlU
150972947488706560,Sun Dec 25 16:15:30 +0000 2011,Hope you & your family have a Wonderful Holiday and a Happy New Year! Wishing you lots of love, joy & happiness.xo
139385301528354820,Wed Nov 23 16:50:20 +0000 2011,@MARKANTHONYFLEX for sure.. One of my fave!:)
139366670916534270,Wed Nov 23 15:36:18 +0000 2011,Strength does not come from winning. Your struggles develop your strengths. When you go through hardships and... http://t.co/Tb1vUNZz
138738594364928000,Mon Nov 21 22:00:33 +0000 2011,Media has always been influential in creating an ideal body for the public. Women feel pressured as their men... http://t.co/tcUZVc2g
137739010629050370,Sat Nov 19 03:48:33 +0000 2011,Have a great weekend everyone!:)xo
129115525132464130,Wed Oct 26 08:41:54 +0000 2011,Wishing everyone Happy Diwali- a year of joy, peace and prosperity! &lt;3
123665612709953540,Tue Oct 11 07:45:54 +0000 2011,Kim's fairytale wedding! Loved her gowns!gorgeous.
123665026300133380,Tue Oct 11 07:43:34 +0000 2011,@Cassandra_Bella i love hate those movies ! Lol
98557001684107260,Wed Aug 03 00:53:14 +0000 2011,BLOW OUT SALE 30% OFF ENTIRE LINE....LOG ONTO htto://www.korefitliving.com http://fb.me/NWNrHfpf
95289063480901630,Mon Jul 25 00:27:37 +0000 2011,Shopping in states:)))
88838711567073280,Thu Jul 07 05:16:14 +0000 2011,Life begins where your comfort zone ends.
87272694122426370,Sat Jul 02 21:33:26 +0000 2011,Check out the latest issue of WBFF Fit & Firm Magazine http://www.fitandfirmmag.com http://fb.me/11hCk6TLA
87156511415091200,Sat Jul 02 13:51:46 +0000 2011,Goodluck to all the athletes competing @ WBFF Alberta- where the best of the best compete! SHOWTIME!:))
87156223371264000,Sat Jul 02 13:50:37 +0000 2011,Goodluck to all THE WBFF athletes competing today in Alberta- WBFF where the best of the best compete!!
86159100542595070,Wed Jun 29 19:48:24 +0000 2011,Aim for the moon, so at least if you miss, you will land amongst the stars:)
85712388405469180,Tue Jun 28 14:13:20 +0000 2011,Weights, cardio + abs :)
85698135812349950,Tue Jun 28 13:16:42 +0000 2011,@ THE WBFF BC CHAMPIONSHIPS! http://fb.me/C7xKx2zJ
85350934812692480,Mon Jun 27 14:17:03 +0000 2011,Happy Monday everyone!! Have a FANTASTIC WEEK!!
84277579250544640,Fri Jun 24 15:11:55 +0000 2011,Good luck to all THE WBFF athletes this weekend in The 2011 WBFF Eastern US Championship June 25th Boston, Massachusetts!
83173679374139400,Tue Jun 21 14:05:25 +0000 2011,Hello Summer ♥
83173493193183230,Tue Jun 21 14:04:40 +0000 2011,So excited! 1st day of SUMMER!
82922523825668100,Mon Jun 20 21:27:24 +0000 2011,Photo from THE WBFF BC Championships! http://fb.me/15xYDBrrd
82817123528871940,Mon Jun 20 14:28:35 +0000 2011,When obstacles arise, you change your direction to reach your goal; you do not change your decision to get there
82708371832184830,Mon Jun 20 07:16:27 +0000 2011,Patience and perseverance have a magical effect before which difficulties disappear and obstacles vanish
82408218927697920,Sun Jun 19 11:23:45 +0000 2011,Happy Fathers Day! xoxo ♥
82385508478631940,Sun Jun 19 09:53:30 +0000 2011,"The greatest gift I ever had, came from God; I call him Dad":)- Wishing all the Great fathers a Special Happy Father's Day! xo
82056087947329540,Sat Jun 18 12:04:30 +0000 2011,People with many interests live, not only longest, but happiest :)
81812152037543940,Fri Jun 17 19:55:11 +0000 2011,Training and then heading dt to enjoy the sunshine with a gf:))) yay!
81770208385179650,Fri Jun 17 17:08:31 +0000 2011,Happy Friday everyone:)
81225260971720700,Thu Jun 16 05:03:05 +0000 2011,The aftermath of Stanley Cup Game # 7 is HEART BREAKING! It wasnt supposed to end this way and its very sad to see... http://fb.me/Ixqbm90z
81091145110794240,Wed Jun 15 20:10:10 +0000 2011,COUNT DOWN TO THE GAME!!!! SUPER EXCITED!! GOOOOOO CANUCKS!!!:)))))) YEEOOOOOWWWWWWWW!!
80658734153609220,Tue Jun 14 15:31:55 +0000 2011,The world always looks brighter from behind a smile. http://fb.me/XbvoUj4o
80625255609147400,Tue Jun 14 13:18:53 +0000 2011,The world always looks brighter from behind a smile. http://fb.me/LUNa7Yl7
80483277605052420,Tue Jun 14 03:54:43 +0000 2011,Back & Cardio- Time to hit the gym hard!:)
80400023187238910,Mon Jun 13 22:23:53 +0000 2011,Wishing my CANUCKS the best of luck tonight! Bring home the cup!
80264384395477000,Mon Jun 13 13:24:55 +0000 2011,Life is what happens while you are busy making other plans.
80105217454129150,Mon Jun 13 02:52:26 +0000 2011,THE WBFF BC Championship 2011 http://fb.me/tLUpOOpT
79911832176955400,Sun Jun 12 14:04:00 +0000 2011,"The cave you fear to enter holds the treasure you seek."
79640756779876350,Sat Jun 11 20:06:50 +0000 2011,wow so funny  !~ i work with paul dillet  and dave sabatino very good friends of mine!  ill be setting up my aqua spa booth this fall @ wbff
79596824591204350,Sat Jun 11 17:12:16 +0000 2011,@KORE FIT LIVING with Rory Macdonald and Jake Shields:)
79381949176745980,Sat Jun 11 02:58:26 +0000 2011,CANUCKS!!!!! ONE MORE WIN ♥ WOOT WOOT:))))
79306904035266560,Fri Jun 10 22:00:14 +0000 2011,'they may say I'm a dreamer- but I'm not the only one'-only difference is I will work and succeed to make them a reality:)
79224874001899520,Fri Jun 10 16:34:16 +0000 2011,Perseverance-sometimes the Wait is Worth It!:)
79183360446054400,Fri Jun 10 13:49:18 +0000 2011,Happy Friday everyone!! Cheering on my CANUCKS tonight in game 5!!!
78950283836801020,Thu Jun 09 22:23:09 +0000 2011,I posted 2 photos on Facebook in the album "2011 WBFF BC CHAMPIONSHIPS" http://fb.me/10U1M1wRf
78922247015907330,Thu Jun 09 20:31:44 +0000 2011,http://fb.me/WXFVKXav
78824100457484290,Thu Jun 09 14:01:44 +0000 2011,Never take someone for granted. Hold every person who means something close to your heart because you might wake... http://fb.me/RSdAQF65
78598936239157250,Wed Jun 08 23:07:01 +0000 2011,Game 4 tonight....GO CANUCKS!
78579206962950140,Wed Jun 08 21:48:37 +0000 2011,"God grant me the serenity to accept the things I cannot change ,courage to change the things I can,and wisdom to know the difference"
78479525574479870,Wed Jun 08 15:12:31 +0000 2011,Remember that guy that gave up?...Neither does anybody else-Say It~See It~Believe It~Achieve It!:) xo
78168846711791620,Tue Jun 07 18:38:00 +0000 2011,Life isnt about Finding yourself- Its about Creating Yourself!
77957323934543870,Tue Jun 07 04:37:29 +0000 2011,I posted a new photo to Facebook http://fb.me/OxPpml1Z
77809033154805760,Mon Jun 06 18:48:13 +0000 2011,Hope everyone is enjoying the SUNSHINE!!:)
77301251775275000,Sun Jun 05 09:10:29 +0000 2011,Shoot for the moon. Even if you miss, you'll land among the stars...
77208793284493310,Sun Jun 05 03:03:05 +0000 2011,CANUCKS!!!!!! woooot woooot!
77176269158092800,Sun Jun 05 00:53:51 +0000 2011,Lets Go Vancouver!!! GOOOOAAAAALLLL!!!! woooot woooot!!! ohhh yeaaa!!!
77140141826773000,Sat Jun 04 22:30:17 +0000 2011,http://fb.me/MyaQ3sm4
76765610515775490,Fri Jun 03 21:42:02 +0000 2011,There's a difference between interest and commitment. When you're interested in doing something, you do it only... http://fb.me/10OnOWIVs
76662513936248830,Fri Jun 03 14:52:22 +0000 2011,@ THE WBFF BC Championships :) http://fb.me/Og0sZ16T
76455015597879300,Fri Jun 03 01:07:50 +0000 2011,@LeighBrandt thanks gorgeous:)...cant wait to see you rock the stage!!xo
76454701125742600,Fri Jun 03 01:06:35 +0000 2011,@MARKANTHONYFLEX Thanks for believing in me Marko;) time for you to ROCK the stage soon!
76356883664994300,Thu Jun 02 18:37:54 +0000 2011,@MindyKaruk@Hanan__A CONGRATS ladies! You both were stunning on stage!! Happy for you beauties.xo
76356444584284160,Thu Jun 02 18:36:09 +0000 2011,@Cassandra_Bella thank you babe!
76343342107066370,Thu Jun 02 17:44:05 +0000 2011,For everything you have missed, you have gained something else; And for everything you gain, you lose something... http://fb.me/yobJdTKO
76334195202469890,Thu Jun 02 17:07:45 +0000 2011,I posted a new photo to Facebook http://fb.me/YiSeeBYx
76129943645454340,Thu Jun 02 03:36:07 +0000 2011,yeeeeeooooowwww!!! GOOO CANUCKS!!! woot woot!!:)
76068952182235140,Wed Jun 01 23:33:46 +0000 2011,I posted 33 photos on Facebook in the album "2011 WBFF BC CHAMPIONSHIPS" http://fb.me/Z9NrQQr2
76057796109533180,Wed Jun 01 22:49:26 +0000 2011,I posted a new photo to Facebook http://fb.me/10gbU1Y3L
71225609619120130,Thu May 19 14:48:03 +0000 2011,When it comes to who you know- its always quality over quantity. Goes a long way!
71223620013260800,Thu May 19 14:40:08 +0000 2011,@MindyKaruk it was really great finally meeting you last night:) you look AMAZING and are going to ROCK the stage! Its yurs;)  x
70213164792418300,Mon May 16 19:44:57 +0000 2011,SMILING!!;) he he as usual!
70184711259033600,Mon May 16 17:51:53 +0000 2011,@Cassandra_Bella @Hanan__A Goodluck to these Gorgeous Ladies on Saturday in K-Town!! Both will be AMAZING on stage!:)
70182633186922500,Mon May 16 17:43:38 +0000 2011,@Cassandra_Bella i watched it too!! not funny @all.Hangover was soo much better!ps-wish i was there saturday to watch u ROCK on stage!x
69266821777326080,Sat May 14 05:04:31 +0000 2011,@HardMagnum: #FF #Shouts--&gt; @bodybuildingwow @TerraTaylor1 @Bodybuil77 @DakotaJWilcox @billabong_35 thanks!:)
68395466328514560,Wed May 11 19:22:04 +0000 2011,Can't wait to have my ALL TIME FAVE cupcakes from Tracey's bakery in white rock :) and chocolate peanut butter icecreamlol counting the day
68008282077413380,Tue May 10 17:43:32 +0000 2011,Remind YURSELF there is NO ONE built like u, because YOU designed yurself, ...I agree I said to my one of a kind self.
64893641272987650,Mon May 02 03:27:04 +0000 2011,Osama Bin Laden is not dead- just another way to distract the world from what's really going on- jus sayin
63447767665741820,Thu Apr 28 03:41:41 +0000 2011,Time to rock cardio n weights... Gonna do it up!!:)
63323250041683970,Wed Apr 27 19:26:53 +0000 2011,Exciting, exciting things happening:))
63307737429327870,Wed Apr 27 18:25:15 +0000 2011,http://yfrog.com/h73v3ysj
63300053774766080,Wed Apr 27 17:54:43 +0000 2011,So many new changes- excited and nervous!! :))
62779790486282240,Tue Apr 26 07:27:23 +0000 2011,@Cassandra_Bella I got my shoes today finally!!:))
62771381674323970,Tue Apr 26 06:53:58 +0000 2011,@Cassandra_Bella yummm those are soo good!
62771239504191490,Tue Apr 26 06:53:24 +0000 2011,Late nite cardio done:)... Up tom am for some more before training session with trainer! Goooo time- gotta keep pushin.BOOM!
62686823465484290,Tue Apr 26 01:17:58 +0000 2011,@DeanBrandtFLEX OF COURSE!!- shouldn't expect anything less from me:) after all I'm prepped by Body by Brandt;)
62209091229061120,Sun Apr 24 17:39:37 +0000 2011,@MARKANTHONYFLEX Congrats!:) AMAZING on stage.
61985158210928640,Sun Apr 24 02:49:48 +0000 2011,@Hanan__A they have the BEST cheesecake there!:((( ugh I'm cravin now lol
61830390872145920,Sat Apr 23 16:34:48 +0000 2011,@MARKANTHONYFLEX - Look whose in the House!! Flexellence!! Do yur thing n ROCK it!!! BOOM!!;)
61221050146500610,Fri Apr 22 00:13:30 +0000 2011,@MARKANTHONYFLEX You're ALREADY a diva princess
60502437286514690,Wed Apr 20 00:37:59 +0000 2011,@Cassandra_Bella k thx:) ..yea BRRRRR!! I don't know why we are so cold!!!:(...can we have hot coco? I jus drink green tea lol
60500393284747260,Wed Apr 20 00:29:52 +0000 2011,@Cassandra_Bella what's fitlicious?
60499429253316610,Wed Apr 20 00:26:02 +0000 2011,Craving bananas!!
60497673349898240,Wed Apr 20 00:19:03 +0000 2011,@Cassandra_Bella thanks babe! I love it too:)
60497289684336640,Wed Apr 20 00:17:32 +0000 2011,@DeanBrandtFLEX its so COLD!! I totally understand how Leigh feels. Lol
60411254354882560,Tue Apr 19 18:35:40 +0000 2011,My new mani:) http://yfrog.com/hsr18atj
60380916857585660,Tue Apr 19 16:35:07 +0000 2011,Cardio done !! Yay! .... Going to make this day count:)
60373021944332290,Tue Apr 19 16:03:44 +0000 2011,Fasting + cardio + sore ankles =bad combo!:( ...pushin thru it tho...
60338573538373630,Tue Apr 19 13:46:51 +0000 2011,@LeighBrandt nvm my last tweet then! Lol
60338436514652160,Tue Apr 19 13:46:18 +0000 2011,@LeighBrandt  lucky u have cardio @ home- I have to take my butt to the gym lol,time to bundle up!Have a great day gorgeous:)
60335042085404670,Tue Apr 19 13:32:49 +0000 2011,@LeighBrandt hehe It is COLD!:(...g'morning:)
60334684667785220,Tue Apr 19 13:31:24 +0000 2011,Goodmorning!!! BRRRRRRRR!!!! My bed is too warm! ....time to hit up CARDIO!!here I come STEPPER!!:) lol
60256717832847360,Tue Apr 19 08:21:35 +0000 2011,@MARKANTHONYFLEX anytime Markooo!
60233540914253820,Tue Apr 19 06:49:29 +0000 2011,@DeanBrandtFLEX that home made salsa is sooooo yummy!:) Thanks to Leigh!enjoy!
60194929661587460,Tue Apr 19 04:16:04 +0000 2011,Cardio-woot woot!!:)
60155263612751870,Tue Apr 19 01:38:27 +0000 2011,@MARKANTHONYFLEX u will survive, yur a champ aren't ya! It will all be worth it when u step on stage. Just kill it for next few days! BOOM!
59971002632908800,Mon Apr 18 13:26:15 +0000 2011,Cardio, cardio, cardio!!!:)))
59729983572148220,Sun Apr 17 21:28:32 +0000 2011,@MARKANTHONYFLEX no more protein bars 7 days out of yur show!
59699505267875840,Sun Apr 17 19:27:25 +0000 2011,Cardio + full body workout!!:) 5 weeks--GO TIME!!
59274071434739710,Sat Apr 16 15:16:54 +0000 2011,Spending the wknd with my gf Carla!! Yay! Can't wait to just relax, unwind and watch movies!!:)
59085621955796990,Sat Apr 16 02:48:04 +0000 2011,Boooooom Pooooww!!! CardIo cardio!!! booty blastin exercises...
59074304549195780,Sat Apr 16 02:03:06 +0000 2011,@CarlaB_Angel - can't wait for tom!! Yay! Down time- so need it!
59074045404123140,Sat Apr 16 02:02:04 +0000 2011,@Cassandra_Bella -shoulders and leg day are my fave ...and arms and back ...damn it - I love it all...except abs lol..which is evident
59070811704791040,Sat Apr 16 01:49:13 +0000 2011,4 days off starting tom...11.5 hour shift done now ...Tan, training, and cardio!!! Whoo! Can't wait! :)
59016953506963460,Fri Apr 15 22:15:12 +0000 2011,ugh phone is dead and forgot my charger at home!:((
58609704758288380,Thu Apr 14 19:16:57 +0000 2011,politicians and diaPers have one thing in common. they should both be changed regularly, and for the same reason
58609412788596740,Thu Apr 14 19:15:47 +0000 2011,materialism-buying things we don't need with money we don't have to impress people that don't matter
58603748766912510,Thu Apr 14 18:53:17 +0000 2011,A celebrity is someone who works hard all their life to become known and then wears dark glasses to avoid being recognized.
58586120203669500,Thu Apr 14 17:43:14 +0000 2011,@Cassandra_Bella go to Sport Chek! I got mine there:)
58566503003459580,Thu Apr 14 16:25:17 +0000 2011,@MARKANTHONYFLEX - ya know it! learning from you!hehe
58566095468105730,Thu Apr 14 16:23:39 +0000 2011,@Cassandra_Bella @Harpreet11 heyy you!!:)
58562621045088260,Thu Apr 14 16:09:51 +0000 2011,Drinking my tea in BLINGIBLING style!:)hehe http://yfrog.com/h8t51brj
58547486440173570,Thu Apr 14 15:09:43 +0000 2011,Give what you have. To someone, it may be better than you dare to think. --Henry Wadsworth
58515565731524610,Thu Apr 14 13:02:52 +0000 2011,Soo early!! Part 2 of cardio during day then part 3 tonIte!
58423551077789700,Thu Apr 14 06:57:14 +0000 2011,@MARKANTHONYFLEX@DeanBrandtFLEX@LeighBrandt -another great worKout! Yay! Thanks:)) - have the BEST team!
58412357478653950,Thu Apr 14 06:12:45 +0000 2011,@MARKANTHONYFLEX - getting pampered by Dougie and crew @ Supreme salon!! Yeaahh!! http://yfrog.com/gy62dndj
58409111481614340,Thu Apr 14 05:59:52 +0000 2011,Mark Anthony at supreme salon!!! Oohhhh yeaaaa!! http://yfrog.com/hsvrdptj
58382569095438340,Thu Apr 14 04:14:23 +0000 2011,Training @ goodlife tonite.
58380589941784580,Thu Apr 14 04:06:31 +0000 2011,Time to train hammies n some cardIo!! Yay:)
58334685939503100,Thu Apr 14 01:04:07 +0000 2011,Getting a manicure!! Pampering time!!:)
58322634475180030,Thu Apr 14 00:16:14 +0000 2011,blah! feeel siiiiick!!:(
58254967210909700,Wed Apr 13 19:47:21 +0000 2011,@ChrisLazecki hehe...thought I would see what all the hype was about;)
58227560772927490,Wed Apr 13 17:58:26 +0000 2011,Can now tie a double windsor!
58219991425761280,Wed Apr 13 17:28:22 +0000 2011,Quads are feelin tight! Loove leg days!
58214561723064320,Wed Apr 13 17:06:47 +0000 2011,joined twitter!!! yay:)
