id,created_at,text
1237827163002269700,Wed Mar 11 19:46:08 +0000 2020,la be cloudy dis week yo https://t.co/PYLJX9KE0e https://t.co/c7arwNi31o
1235294947198324700,Wed Mar 04 20:04:00 +0000 2020,facemask🍦 https://t.co/TSUGDVa33P
1230580317490229200,Thu Feb 20 19:49:45 +0000 2020,dance dance dance💔 https://t.co/MbHwhFjWm7
1226943196388823000,Mon Feb 10 18:57:08 +0000 2020,pinky ring💍 https://t.co/j29MsNG8vj
1224779949518704600,Tue Feb 04 19:41:09 +0000 2020,🍋 https://t.co/AapmdIjcZT
1222959414384218000,Thu Jan 30 19:07:00 +0000 2020,hiya🍊 https://t.co/7t2e0qCoa3
1207502218116522000,Thu Dec 19 03:25:37 +0000 2019,RT @realDonaldTrump: Are you allowed to impeach a president for gross incompetence?
1199437366982656000,Tue Nov 26 21:18:47 +0000 2019,friends i’ve joined @BookCameo ! in case there’s anyone you like i can say hi to😛👋🏾  https://t.co/axhEXJu1lP
1184897758400073700,Thu Oct 17 18:23:34 +0000 2019,birthday time🎈 https://t.co/62MNhUZsrE
1109190691186344000,Fri Mar 22 20:30:43 +0000 2019,@StevenTungate @NowApocSTARZ @STARZ 🤘🏽🤘🏽🤘🏽
1109189727603720200,Fri Mar 22 20:26:53 +0000 2019,RT @NowApocSTARZ: You wanted more. We're giving you MORE.   🚨ALL EPISODES of #NowApocalypse are now on the @STARZ App! 🚨    Binge your hear…
1101219274725552100,Thu Feb 28 20:35:09 +0000 2019,@xtoneofsurprise Omg new single dropping
1101218158382276600,Thu Feb 28 20:30:43 +0000 2019,@maddieemariee18 💙💙
1101217962533376000,Thu Feb 28 20:29:56 +0000 2019,@StevenTungate 🙌🏽
1101217821982244900,Thu Feb 28 20:29:23 +0000 2019,@IAntiHuman Now it's def more than once a year🐦
1101217535096053800,Thu Feb 28 20:28:14 +0000 2019,@runtogustin 🤥👋🏽
1101211637539725300,Thu Feb 28 20:04:48 +0000 2019,RT @NowApocSTARZ: about last night....👽 #nowapocalypse https://t.co/QFWCumvVDu
1101211563329912800,Thu Feb 28 20:04:30 +0000 2019,March 10 peeeeps💥 https://t.co/3oEosmWXOL
1052619302690480100,Wed Oct 17 17:56:13 +0000 2018,Another birthday. Cheers! https://t.co/OtOu8UjSih
1050449288944386000,Thu Oct 11 18:13:21 +0000 2018,🌴 https://t.co/TMfVzcEmRd
1032341000960667600,Wed Aug 22 18:57:29 +0000 2018,Sweetener https://t.co/cqn7xb2PhC
931267025694900200,Thu Nov 16 21:05:35 +0000 2017,🥂 https://t.co/w7JLpV4J4O
920362052736176100,Tue Oct 17 18:53:07 +0000 2017,Another year around the sun. Cheers guys🍻👍🏽 https://t.co/sSm4y8hf1g
839721862238134300,Thu Mar 09 06:17:47 +0000 2017,@mollytarlov  @ShanleyECaswell
832701736921882600,Fri Feb 17 21:22:19 +0000 2017,Y'all get on that False Hope tour life.  But I'm sure you already are. @KevinOGarrett 💯
831965740240494600,Wed Feb 15 20:37:44 +0000 2017,@TOKYOtheCOMPANY 🙊hope you're well brotha!
809529874486534100,Thu Dec 15 22:45:37 +0000 2016,💂🏾 https://t.co/zICzwVDH4G
802243512200630300,Fri Nov 25 20:12:12 +0000 2016,@mollytarlov happy thanksgiving
796129093372608500,Tue Nov 08 23:15:41 +0000 2016,#VOTE https://t.co/hxLhrm5VLT
788146477793026000,Mon Oct 17 22:35:38 +0000 2016,Another year around the sun. Thanks for the bday love guys👊🏼 https://t.co/sIGIXoawar
771415488475729900,Thu Sep 01 18:32:39 +0000 2016,💤💤💤 https://t.co/xRlzoCqw7g
750441318875144200,Tue Jul 05 21:28:47 +0000 2016,7.4.16🇺🇸 https://t.co/D35oPnRhYL
742082600156549100,Sun Jun 12 19:54:13 +0000 2016,RT @jtimberlake: #MoreLoveLessHate #PrayForOrlando...  https://t.co/9ce53UWo0z https://t.co/qkuNcnhBpi
742082569844330500,Sun Jun 12 19:54:06 +0000 2016,RT @cnni: Here's how you can help victims of the Orlando nightclub attack https://t.co/5Rm2PZepbN https://t.co/J3fS4yVcDD
738548005180170200,Fri Jun 03 01:49:00 +0000 2016,Had the pleasure of meetin @KevinOGarrett at his show last night. Absolute legend. Check 'em out people☝🏽️💯✔️
738547609317429200,Fri Jun 03 01:47:26 +0000 2016,RT @QuanticoTV: Steph Curry for the 3! #NBAFinals https://t.co/vWJ9AgB9r0
732024921514074100,Mon May 16 01:48:36 +0000 2016,RT @QuanticoTV: Get your phones out because we're live-tweeting in 30 mins! https://t.co/sWXfvdbXPQ
732024897124241400,Mon May 16 01:48:30 +0000 2016,RT @GrahamRogers_: Who is watching the Finale?? #Quantico https://t.co/cqCnHaglZX
726953221827137500,Mon May 02 01:55:28 +0000 2016,RT @GrahamRogers_: Tune in to #Quantico tonight!!!
726953204588519400,Mon May 02 01:55:24 +0000 2016,RT @QuanticoTV: Run over to your TV! #Quantico starts in 15 mins. https://t.co/wLDwOw8455
716761193386356700,Sun Apr 03 22:55:59 +0000 2016,RT @Jay_A_Johnson: Who's ready for tonight's @QuanticoTV? @lijunli @lennyplatt @priyankachopra @JohannaEBraddy @jazmasri @GrahamRogers_ @ja…
711698071059632100,Sun Mar 20 23:36:57 +0000 2016,Guys! Be sure to check out @ThePassionLive tonight! Done by Glee's very own music producer @AdamAnders 👊🏼
709230741922701300,Mon Mar 14 04:12:40 +0000 2016,@hitchmichael I will think about it.
709210679383752700,Mon Mar 14 02:52:57 +0000 2016,RT @QuanticoTV: 😦😧😨😱 #Quantico
709205382560751600,Mon Mar 14 02:31:54 +0000 2016,@hitchmichael miss ya Hitch!
709197337382379500,Mon Mar 14 01:59:56 +0000 2016,Quantico time!!
706697249804447700,Mon Mar 07 04:25:28 +0000 2016,RT @lennyplatt: Gonna set these down right here. #quantico @ Quantico, Virginia https://t.co/WB9pwC4GIN
706678603443015700,Mon Mar 07 03:11:23 +0000 2016,RT @QuanticoTV: The action returns to #Quantico, starting NOW! https://t.co/YUHFm1BCf6
705475637419573200,Thu Mar 03 19:31:13 +0000 2016,Back in 3 days! @QuanticoTV https://t.co/QPmslgSzRj
689932149240102900,Wed Jan 20 22:06:57 +0000 2016,Shoutout to @JoeAlisa for the awesome shoot today!📸
689205309030686700,Mon Jan 18 21:58:45 +0000 2016,Happiest of birthdays to the one and only @becbecbobec https://t.co/zpJIBhYd0I
671158334024720400,Mon Nov 30 02:46:31 +0000 2015,RT @QuanticoTV: Raise your hand if you're excited for tonight's all-new #Quantico! https://t.co/XTbxhlwZGF
664609012713963500,Thu Nov 12 01:01:51 +0000 2015,RT @chordoverstreet: Thank you so much to all the amazing men and women who put their lives on the line for our freedom!! You make this cou…
663567594088226800,Mon Nov 09 04:03:37 +0000 2015,RT @tate_ellington: Thank you all so much for tuning in!!!!😀😀 Till next week! Can't wait!! #Quantico @QuanticoWriters @McHorseshit @priyank…
663550204721909800,Mon Nov 09 02:54:31 +0000 2015,Almost Quantico time!! Tonight at 10..💣💣💣
661667206518960100,Tue Nov 03 22:12:09 +0000 2015,Guys! Excited 2 be a part of The Beauty Book vol 2. All proceeds go 2 brain cancer research. Avail 4 pre order now! https://t.co/nGVrSl5gYy
661059258465824800,Mon Nov 02 05:56:23 +0000 2015,RT @QuanticoTV: Tonight's exciting games are over just in time for the West Coast to sit back, relax, and enjoy #Quantico!
658468021736992800,Mon Oct 26 02:19:44 +0000 2015,RT @QuanticoWriters: Welcome @jacobartist as #Quantico's newest NAT, Brandon! This episode just seeds Brandon into the group, but he’s got …
658467832414511100,Mon Oct 26 02:18:59 +0000 2015,RT @GrahamRogers_: Tune in to #Quantico !! Love you guys!
655926413200085000,Mon Oct 19 02:00:18 +0000 2015,RT @JohannaEBraddy: It's almost time!!!! #Quantico @QuanticoTV
655926300583075800,Mon Oct 19 01:59:51 +0000 2015,RT @tate_ellington: IT'S HAPPENING!!!!! #Quantico http://t.co/UTU8c74l9f
655571600746541000,Sun Oct 18 02:30:24 +0000 2015,Another year around the sun. Thanks for the bday love guys! https://t.co/lfwAhoHjkL
634796384617521200,Fri Aug 21 18:37:06 +0000 2015,Incredible people making an incredible difference. Catch @weday TONIGHT on @ABCNetwork at 8/7C! #WeDay http://t.co/b7n3Fuc7TU
629492998397669400,Fri Aug 07 03:23:20 +0000 2015,👧🏼👩🏼👨🏾 https://t.co/gtEOUJOVBJ
600052939944763400,Sun May 17 21:39:03 +0000 2015,😎 https://t.co/JtPU1sr3lz
585510909709254700,Tue Apr 07 18:34:13 +0000 2015,2's day 🍕ibes https://t.co/gpIaKgR3ID
580795573294485500,Wed Mar 25 18:17:09 +0000 2015,Bottom of Switzerland https://t.co/T596FIhJgH
580795432978096100,Wed Mar 25 18:16:36 +0000 2015,Top of Switzerland https://t.co/pHuH9GsGvG
556997889944481800,Mon Jan 19 02:13:40 +0000 2015,Happy Birthday Ashley Olsen. @becbecbobec http://t.co/odzqiAl7JY
542799763536887800,Wed Dec 10 21:55:23 +0000 2014,happy winesday http://t.co/yWSlgNdTfD
529044639735480300,Sun Nov 02 22:57:25 +0000 2014,RT @becbecbobec: We sort of love the 90's @druidDUDE @jacobartist http://t.co/6zpJc1T7Gw
526493781387116540,Sun Oct 26 22:01:13 +0000 2014,Gingers. @becbecbobec http://t.co/clVuV0YoQn
523285562737053700,Sat Oct 18 01:32:55 +0000 2014,Feelin that bday love. Cheers guys! http://t.co/seBnP0XosI
519218495931027460,Mon Oct 06 20:11:50 +0000 2014,Just posted a photo http://t.co/OjNwmq9TFK
510127970594594800,Thu Sep 11 18:09:20 +0000 2014,seeing jay and bey 'On The Run'. shaymitch #tbt http://t.co/qQpwX62hrG
507600742954192900,Thu Sep 04 18:47:02 +0000 2014,talking with my hands, as per usual. http://t.co/dwQZuhb2dg
498895615112146940,Mon Aug 11 18:15:58 +0000 2014,cough-ee✔ http://t.co/8KZhRWxpiE
487687281981919200,Fri Jul 11 19:58:03 +0000 2014,RT @IanMcKellen: .@EvyPanda If the entire cast of Glee got down on their knees I might have to consider it
484069986852675600,Tue Jul 01 20:24:13 +0000 2014,👨 http://t.co/pZVvRCD9PN
484062671436660740,Tue Jul 01 19:55:08 +0000 2014,👯 becbecbobec @meg_doyle http://t.co/M2eo0NmSdU
482227412860543000,Thu Jun 26 18:22:29 +0000 2014,@wonderlandmag http://t.co/pHKWXZUORr
482226730816774140,Thu Jun 26 18:19:46 +0000 2014,#tbt http://t.co/hJMTOqJymZ
472468813607620600,Fri May 30 20:05:17 +0000 2014,Outtakes with the man behind the lens. @courtneynp http://t.co/wx9H7qhRGv
468850613380726800,Tue May 20 20:27:51 +0000 2014,⛎ http://t.co/LnEnSXQWJP
468847011119530000,Tue May 20 20:13:32 +0000 2014,U P http://t.co/I8lQc8cvtZ
456167650872524800,Tue Apr 15 20:30:17 +0000 2014,🏰🇬🇧 http://t.co/AAmVKh2oh1
449247678195859460,Thu Mar 27 18:12:47 +0000 2014,These clowns http://t.co/TcqkWX7d6x
448605758901325800,Tue Mar 25 23:42:02 +0000 2014,Gleeeee💯 ... part✌
448166980554850300,Mon Mar 24 18:38:29 +0000 2014,Thanks for having us Chicago! Your pizza is a gamechanger. becbecbobec http://t.co/IYbmiXJhcR
446404623193370600,Wed Mar 19 21:55:30 +0000 2014,#Glee100 👊 http://t.co/aByX77XvEi
446072170037268500,Tue Mar 18 23:54:27 +0000 2014,Gleeeee💯
445591898208890900,Mon Mar 17 16:06:01 +0000 2014,Go time! becbecbobec gdla http://t.co/CuEZC6J5HO
444188865218502660,Thu Mar 13 19:10:52 +0000 2014,#Tbt to the best day of my (everyone's) life. When In-N-Out came to work. http://t.co/9zScJzQn27
443545756574961660,Wed Mar 12 00:35:23 +0000 2014,Black tie? Must be time for some Nationals @chordoverstreet http://t.co/MqrlQEvd2t
442375627459801100,Sat Mar 08 19:05:43 +0000 2014,And cannot thank you enough for having me once again @WeDay. Your work in the world continues to be an… http://t.co/cDli19T0ib
442019552533418000,Fri Mar 07 19:30:48 +0000 2014,PLLee? shaymitch http://t.co/7IF9DiwPdl
441695144979726340,Thu Mar 06 22:01:43 +0000 2014,Found a pocket sized london guard http://t.co/cHqurUnmOT
441691680358809600,Thu Mar 06 21:47:57 +0000 2014,🇬🇧 http://t.co/4xnpxInFHd
441338910959206400,Wed Mar 05 22:26:10 +0000 2014,I swear I don't normally drool when I drink coffee http://t.co/GBfOaGpezM
441338244924727300,Wed Mar 05 22:23:31 +0000 2014,Helloooo London http://t.co/e5TQ9jjQzY
436637595108671500,Thu Feb 20 23:04:49 +0000 2014,Some Golden Gate Bridge action. Who invited the tourist? http://t.co/1tl1KKK8pH
436621527564709900,Thu Feb 20 22:00:58 +0000 2014,san francisco adventures http://t.co/8o4jrizIMf
435518733038411800,Mon Feb 17 20:58:52 +0000 2014,And this guy, glad you were born @chordoverstreet. #ponytail http://t.co/NYAyTfjCdF
435515475687374850,Mon Feb 17 20:45:55 +0000 2014,Very accurate. Happy birthday boons! @thisisbwright http://t.co/ojiUewwrA8
433323289272782850,Tue Feb 11 19:34:57 +0000 2014,RT @ZacharyLevi: A challenge has been set before me to show the power of our voices, so I charge you with shouting this: #IWantMyNerdHQ Let…
432589976472018940,Sun Feb 09 19:01:02 +0000 2014,@Blake_Jenner 🙌
428982928933400600,Thu Jan 30 20:07:55 +0000 2014,Just posted a photo http://t.co/RoPtTxxxvn
427932666168897540,Mon Jan 27 22:34:32 +0000 2014,Harassing http://t.co/43H79t8GGo
421451537794101250,Fri Jan 10 01:20:51 +0000 2014,#Tht http://t.co/qzMGtVVm9n
418889102864703500,Thu Jan 02 23:38:39 +0000 2014,Caught. http://t.co/mlJTdJ4S5P
417490860885176300,Mon Dec 30 03:02:32 +0000 2013,Just posted a photo http://t.co/jl0c5B2ZLU
414842744780382200,Sun Dec 22 19:39:52 +0000 2013,😎 http://t.co/rgzLMei8vj
413826028759699460,Fri Dec 20 00:19:48 +0000 2013,Rollin' with the homies. @jennaushkowitz @chordoverstreet #tbt http://t.co/NUW8q2GJNm
413493220728119300,Thu Dec 19 02:17:20 +0000 2013,I love Nationals. http://t.co/LiI0yV0i6w
412988818564726800,Tue Dec 17 16:53:01 +0000 2013,@becbecbobec **have been ready for the circus since some nights. http://t.co/iKW1T620Ft
412667286999539700,Mon Dec 16 19:35:22 +0000 2013,🎄🎁 shaymitch http://t.co/TNevC7AISU
410536857286754300,Tue Dec 10 22:29:48 +0000 2013,So many dipping sauces, so little time. @jennaushkowitz http://t.co/UGfeCFQG1w
410124940831391740,Mon Dec 09 19:13:00 +0000 2013,A great night with even greater people. Congrats again janemarielynch ! #TrevorLive http://t.co/i6b8TXKrzS
408767734374473700,Fri Dec 06 01:19:57 +0000 2013,And a very merry happy glee day. Yours truly, Mary and Joseph. becbecbobec http://t.co/8LhUUUA70n
408726444882530300,Thu Dec 05 22:35:52 +0000 2013,Photo shoot preview time. @Annex_man shot by @courtneynp http://t.co/uPfTLFzizN
408725587285385200,Thu Dec 05 22:32:28 +0000 2013,RT @JennaUshkowitz: Grateful that you graced this earth. #ripnelsonmandela
406238797811433500,Fri Nov 29 01:50:51 +0000 2013,10 mins. #PuppetMaster http://t.co/uzd5FYfhRH
406215602962202600,Fri Nov 29 00:18:41 +0000 2013,So. Much. Turkey. http://t.co/lUER04Mxr3
403961697020698600,Fri Nov 22 19:02:28 +0000 2013,Nothing says 600 musical numbers like a becbecbobec duck face. Happy Friday! http://t.co/LIa2ibi3Lm
403010514285887500,Wed Nov 20 04:02:48 +0000 2013,RT @druidDUDE: #Glee600thNumber celebration after a great day with @JennaUshkowitz! W/@DarrenCriss @jacobartist &amp; @BFalchuk http://t.co/iNI…
402896460788019200,Tue Nov 19 20:29:36 +0000 2013,An average Tuesday with June Moss. becbecbobec http://t.co/4DWE1nuD1i
401200883280511000,Fri Nov 15 04:11:59 +0000 2013,RT @robinthicke: Glad you guys enjoyed #BlurredLinesOnGlee. Shout out to @Matt_Morrison, @jacobartist and the rest of New Directions.
400046429931978750,Mon Nov 11 23:44:36 +0000 2013,.@DarrenCriss @ddlovato Check it out tonight guys! Great show and an even greater cause. 7pm on MTV &amp; MUCH. #WeDay
400003665446326300,Mon Nov 11 20:54:40 +0000 2013,Evidently we take pajama themed parties very seriously. @chordoverstreet http://t.co/1pt2VwKlDC
398927636766154750,Fri Nov 08 21:38:54 +0000 2013,Happy Friday. http://t.co/H7RaUT4xO7
398580554959814660,Thu Nov 07 22:39:44 +0000 2013,RT @katyperry: I'm sups excited for tonight's episode of #GLEE, who's with me?!
398557199771115500,Thu Nov 07 21:06:55 +0000 2013,Glee Day! Oh, and this will be happening tonight. http://t.co/DoUVga7QD4
396131358604800000,Fri Nov 01 04:27:30 +0000 2013,Just me and my puppet. #BlueSkin http://t.co/iYxDOxOv6G
393499393892286460,Thu Oct 24 22:09:01 +0000 2013,TBT🎂 http://t.co/yObSK7Yuvr
391440432543977500,Sat Oct 19 05:47:26 +0000 2013,Alright Vegas, let's see what ya got for a 21 year old. See ya tomorrow night! @taolasvegas http://t.co/aFVM25V5DU
389835133584678900,Mon Oct 14 19:28:33 +0000 2013,Survived the night. Even made a new friend in the process. @HorrorNights #UniversalHHN http://t.co/hSq4mFRa9Y
387321017250877440,Mon Oct 07 20:58:21 +0000 2013,Lunch time. becbecbobec @chordoverstreet http://t.co/MZ8uh8BNNa
384785519596797950,Mon Sep 30 21:03:11 +0000 2013,🍔👍 http://t.co/6hpN71IJov
383335743252627460,Thu Sep 26 21:02:17 +0000 2013,Glee Day! Who's ready for some Beatlemania?? http://t.co/LFc6a3X7uY
383334922896691200,Thu Sep 26 20:59:02 +0000 2013,RT @TeenVogue: This humble @GLEEonFOX newcomer is a natural-born talent worthy of his unique surname. Meet @JacobArtist: http://t.co/yTRr4D…
381509954940989440,Sat Sep 21 20:07:16 +0000 2013,Until next time Canada http://t.co/YXtLZIyulF
381067688606724100,Fri Sep 20 14:49:51 +0000 2013,Toronto shenanigans. @DarrenCriss http://t.co/S8u9biTgra
380846044357357600,Fri Sep 20 00:09:07 +0000 2013,So stoked to be in Toronto with @DarrenCriss for #WeDay ! Check it out tmrw all day at http://t.co/vOTCOl0Ki9 http://t.co/1zp5DZpxGd
380781547466817540,Thu Sep 19 19:52:50 +0000 2013,Beatles. One more week http://t.co/xaqMaYLbEw
380166845317140500,Wed Sep 18 03:10:13 +0000 2013,RT @chordoverstreet: Beatles http://t.co/zzGn5HyVQe
378315994932207600,Fri Sep 13 00:35:36 +0000 2013,That time I definitely thought I was in the great gatsby. http://t.co/WCj0EJmeMK
377898907080331260,Wed Sep 11 20:58:15 +0000 2013,Just posted a photo http://t.co/gJoIP7Jd6B
377857910988374000,Wed Sep 11 18:15:20 +0000 2013,😸 http://t.co/MoLKcTmMSP
375737659123335200,Thu Sep 05 21:50:13 +0000 2013,OREOS👊 http://t.co/gFkdhQkRqY
375495115533348860,Thu Sep 05 05:46:26 +0000 2013,RT @druidDUDE: THE @nayarivera gif by @iharryshum becbecbobec @chordoverstreet @jacobartist http://t.co/xIBOV1bOgY
372472899481112600,Tue Aug 27 21:37:14 +0000 2013,A happiest of birthdays to the one and only blake_jenner http://t.co/doHRTQc78J
368481449399160800,Fri Aug 16 21:16:38 +0000 2013,Happy Friday! itsmmbenoist http://t.co/YTabzQdz0q
366988643459547140,Mon Aug 12 18:24:45 +0000 2013,Morning. blake_jenner http://t.co/ZtAPY6sF4r
365544961195778050,Thu Aug 08 18:48:04 +0000 2013,TBT | Philippines and glow sticks. becbecbobec http://t.co/bbyAKGGMNB
355523036725776400,Fri Jul 12 03:04:31 +0000 2013,Having WAY too much fun at the #StarsOnTheRise launch party.. @Abercrombie http://t.co/AfqEZHOwJV
355448632855633900,Thu Jul 11 22:08:52 +0000 2013,So pumped for the new @Abercrombie #StarsOnTheRise campaign! http://t.co/48ycQn0r4l
354798699261599740,Wed Jul 10 03:06:16 +0000 2013,@shaymitch 🅰.. for Amanda?! *gasp* How have I never put this together until now.. @MichaelaLBlaney
353641493820485600,Sat Jul 06 22:27:57 +0000 2013,Couldn't resist instavideo any longer. http://t.co/v1LKe5i6We
352861743514533900,Thu Jul 04 18:49:30 +0000 2013,Happy Birthday America!! 🇺🇸💥👏🗽
352440151995199500,Wed Jul 03 14:54:14 +0000 2013,RT @GLEEonFOX: Congrats to @chordoverstreet, Heather Morris, @itsmmbenoist and @Blake_Jenner on their #teenchoice awards nominations!
345654878724558850,Fri Jun 14 21:31:59 +0000 2013,Happy 25th Jesus (@druidDUDE)! When you're home we'll celebrate with tender greens and rouge bull.
344888687970115600,Wed Jun 12 18:47:25 +0000 2013,Until next time Philippines! Best. Trip. EVER. http://t.co/ezNUKckPcp
343151247672610800,Fri Jun 07 23:43:27 +0000 2013,RT @ErinMoriarty_: #TheKingsofSummer is opening in 44 NEW cities this weekend! Tix can be bought here: http://t.co/tRWSl8xGRZ  BUY (please)…
343010714434293760,Fri Jun 07 14:25:01 +0000 2013,And that's a wrap on Day 1 👍 itsmmbenoist http://t.co/QFkVQYV6ij
342992476547719200,Fri Jun 07 13:12:33 +0000 2013,Such an unbelievably warm welcome here in the Philippines. Now which gleeks am I going to see tomorrow at Trinoma?! #gleeforcoke
340658459643097100,Sat Jun 01 02:38:00 +0000 2013,NY/LA, you can now be first to see why this is one of my favorite movies. Congrats @ErinMoriarty_ !… http://t.co/vKO4vGC6RW
334441277569503200,Tue May 14 22:53:08 +0000 2013,#ChoosingGlee out today friends!! Congrats @JennaUshkowitz! You rule 👍
333056813966704640,Sat May 11 03:11:47 +0000 2013,Man, I have some talented friends. Congrats on your pilot pickups guys! @sophielowelowe @littlelengies @titusmakin
332657532902449150,Fri May 10 00:45:10 +0000 2013,Only 15 more minutes east coast!! #GLEEFINALE
332557084958785540,Thu May 09 18:06:02 +0000 2013,RT @JessicaESanchez: On set of #Glee with Jacob ! http://t.co/x1eqpYQt77
332197834730401800,Wed May 08 18:18:30 +0000 2013,Well this looks familiar.. http://t.co/gnnxKeTeQS
331804995324346400,Tue May 07 16:17:30 +0000 2013,@Cosmopolitan so great meeting you guys!
331397189865713660,Mon May 06 13:17:01 +0000 2013,Rise and shine 🌇 http://t.co/N9EoA3SMNJ
330709235321147400,Sat May 04 15:43:20 +0000 2013,LAX ✈ JFK 🗽🍎👍
330145406929498100,Fri May 03 02:22:53 +0000 2013,A #tbt to the last day of Season 4.. With the lovely itsmmbenoist http://t.co/XMwi6dvpy8
329674630543585300,Wed May 01 19:12:11 +0000 2013,So.. May 2013 is basically Christmas coming early. #IronMan3 #TheGreatGatsby #StarTrekIntoDarkness
329418017647759360,Wed May 01 02:12:30 +0000 2013,😱 200k
327254513159385100,Thu Apr 25 02:55:30 +0000 2013,The last supper. @druidDUDE http://t.co/AGWJ7t0jxr
327242897458090000,Thu Apr 25 02:09:21 +0000 2013,Finishing up our last day of season 4.. And I'm feeling the separation anxiety already. Love you glee family. #😢
326883373001883650,Wed Apr 24 02:20:43 +0000 2013,@chordoverstreet fuming regionals. #NailedIt
326440814454652900,Mon Apr 22 21:02:09 +0000 2013,And now time for some Regionals! Any song guesses gleeks??
326440433372762100,Mon Apr 22 21:00:39 +0000 2013,*sigh* #CoachellaNostalgiaAlready http://t.co/0zluDanq6d
325805437507219460,Sun Apr 21 02:57:24 +0000 2013,Coachella. Major Lazer. #MindBlown http://t.co/MxmzRkt3JL
325432230405103600,Sat Apr 20 02:14:24 +0000 2013,Vine número uno. And the ending @darrencriss ... #NailedIt https://t.co/jR0YRs4Yfy
325005175335051260,Thu Apr 18 21:57:26 +0000 2013,RT @iharryshum: @FaberrittanaFan @jacobartist might come true.
325005116455391200,Thu Apr 18 21:57:12 +0000 2013,.@iharryshum Couldn't have done it without you man!
322965750941904900,Sat Apr 13 06:53:30 +0000 2013,. @MsAmberPRiley I see your crumping paraplegic &amp; raise you 1 Darth Vader/Cheerio hybrid.. @becbecbobec http://t.co/pnKg3kCxHU
322545137907552260,Fri Apr 12 03:02:08 +0000 2013,RT @DarrenCriss: Gleeks, brace yourself. #glee
322115140701016060,Wed Apr 10 22:33:28 +0000 2013,@becbecbobec #yolo
319177103092371460,Tue Apr 02 19:58:46 +0000 2013,Finding Dory. #PleaseGodLetThisNotBeSomeEvilDelayedAprilFoolsJoke
314900495644913660,Fri Mar 22 00:45:03 +0000 2013,Glee day! It's guilty pleasure week over at McKinley. And I hear that Jake Puckerman kid might just try to dance.. 😁
312399849775579140,Fri Mar 15 03:08:22 +0000 2013,Lol'ed an exceptional amount watching tonight's @GLEEonFOX with our whole cast &amp; crew. Enjoy west coast! #CoachSueMinaj
312299297515401200,Thu Mar 14 20:28:49 +0000 2013,Mhmm. 5 was a fun age #tbt http://t.co/DRZ493zKGo
311056279219089400,Mon Mar 11 10:09:30 +0000 2013,@ashley_hinshaw good luck this weekend! All you peeps in Austin go check out 'Plus One' 👍 #PlusOneSXSW
309850854771548160,Fri Mar 08 02:19:35 +0000 2013,Adios 3 week hiatus. New @GLEEonFOX tonight at 9:30 👍 #AndYepThats930Not9
305939137020719100,Mon Feb 25 07:15:48 +0000 2013,And look at what lovely lady I ran into.. @thisisbwright http://t.co/mt3sKhX6xe
305909345546301440,Mon Feb 25 05:17:26 +0000 2013,For some reason, all I want to do is quote that JT suit and tie song right now.. http://t.co/6xP5YRUWa0
305903902379876350,Mon Feb 25 04:55:48 +0000 2013,Off to the Elton John Oscar party! Hoping I don't run into Jennifer Lawrence.. Because I may not be able to control the drooling.
304031369393233900,Wed Feb 20 00:55:01 +0000 2013,Well that was dangerously fun. Definitely have to have another #AskJacob session soon. Until next time!
304029980629823500,Wed Feb 20 00:49:30 +0000 2013,@LongLiveLea @chordoverstreet #lips
304029980629823500,Wed Feb 20 00:49:30 +0000 2013,@LongLiveLea @chordoverstreet #lips
304029502567243800,Wed Feb 20 00:47:36 +0000 2013,@LauHale Katniss Everdeen for the win!
304029329451520000,Wed Feb 20 00:46:55 +0000 2013,@ilanobrega I don't know what those are but it sounds like something that chases you in Temple Run
304029073305399300,Wed Feb 20 00:45:54 +0000 2013,@JuuustDream Hello Argentina!
304028849941930000,Wed Feb 20 00:45:01 +0000 2013,@1Dismyworld32 Numerous times. It hurts my heart that there's no ketchup chips over here
304027183939203100,Wed Feb 20 00:38:23 +0000 2013,@ChiaraGianf Still bitter I didn't get my letter when I was 11
304026223770759200,Wed Feb 20 00:34:34 +0000 2013,@Ocupad0 Hmm that's hard, maybe Chandler? Regardless I would just like to marry Rachel. And I'm liking that #AskJacob thing 👍
304025455240036350,Wed Feb 20 00:31:31 +0000 2013,@ILoveEmaya Oxygen
304025058895081500,Wed Feb 20 00:29:57 +0000 2013,@jbaroner I just played with a 7 week old Australian Shepard and it may have been the highlight of my month
304024750605361150,Wed Feb 20 00:28:43 +0000 2013,@itsgeox_ Hmm that's tough. But at the moment I'll say @Matt_Corby
304024505439899650,Wed Feb 20 00:27:45 +0000 2013,@lovatosjustice I desperately want to visit London
304023354946498560,Wed Feb 20 00:23:10 +0000 2013,Alright friends, lets give this Q &amp; A business a shot... And GO!
303380882901827600,Mon Feb 18 05:50:13 +0000 2013,A happiest of birthdays to the chordon bleu himself @chordoverstreet and @thisisbwright !
302965759137706000,Sun Feb 17 02:20:40 +0000 2013,Welp. Look who I had to work with today (and yes, that's the closest I've ever come to stealing a costar). http://t.co/Cy11Qefx
302294188559564800,Fri Feb 15 05:52:05 +0000 2013,Wowza. Didn't realize I've been so MIA on such a busy day. So... Happy Glee/Valentines/Throwback Thursday/Will and Emma wedding/etc etc day!
301768095951892500,Wed Feb 13 19:01:35 +0000 2013,RT @GLEEonFOX: Watch the full performance of "You're All I Need To Get By" from tomorrow's all-new Valentine's Day #glee! - http://t.co/ ...
299324064852492300,Thu Feb 07 01:09:53 +0000 2013,Nothing like a good ol' locker nap.. @itsmmbenoist #SleepyMcKinleyGirlProblems http://t.co/V3Xzx2qX
299315169698394100,Thu Feb 07 00:34:32 +0000 2013,RT @itsmmbenoist: With this cool guy on set- @jacobartist http://t.co/khbUUAxB
297556692118429700,Sat Feb 02 04:06:58 +0000 2013,😱 http://t.co/GM9DTAYW
297545464935489540,Sat Feb 02 03:22:21 +0000 2013,Wow. Can NOT thank you guys enough for all the kind words on last night's episode. You gleeks truly are the best.
297160591590703100,Fri Feb 01 01:53:00 +0000 2013,All new @GLEEonFOX tonight!! And it might just be my favorite episode to date. #InsertThumbsUpEmojiHere
297141996055851000,Fri Feb 01 00:39:07 +0000 2013,RT @NeYoCompound: TONIGHT!!!! Check out @GLEEonFOX's cover of my song #LetMeLoveYou http://t.co/itFMpUOt …
297141685023027200,Fri Feb 01 00:37:52 +0000 2013,RT @christinaperri: im so honored to have @jacobartist + @itsmmbenoist from @GLEEonFOX sing #ATY on tonights episode!!! http://t.co/YlUV ...
296066928429129700,Tue Jan 29 01:27:11 +0000 2013,Looks like someone's exerting a little too much energy during dance rehearsal.. @chordoverstreet #GoodnightWorld http://t.co/kTPa32xX
294626619300134900,Fri Jan 25 02:03:54 +0000 2013,And... We're back! All new @GLEEonFOX right now East Coasters!
293871937569058800,Wed Jan 23 00:05:04 +0000 2013,Kiddie tables as the waiting area for Jamba Juice? Yes please. http://t.co/FZS5zx4k
291377641888571400,Wed Jan 16 02:53:38 +0000 2013,RT @msleamichele: Shooting now with @CoryMonteith and @itsmmbenoist and @jacobartist.. What  are we up to now!!??
291015115736764400,Tue Jan 15 02:53:05 +0000 2013,And once again, Marley &amp; me. All spiffed up and Golden Globe-ified. http://t.co/v73Ulv2J
290799797265367040,Mon Jan 14 12:37:29 +0000 2013,RT @shaymitch: Post Golden Globes Party with @jacobartist ft Ketchup Chips :p  http://t.co/qvGOG3Db
290211032100642800,Sat Jan 12 21:37:56 +0000 2013,Here we go 👍 http://t.co/uKuK1CN8
288375424180961300,Mon Jan 07 20:03:53 +0000 2013,Saw that Glee started in the UK! Glad you guys are enjoying it! Now give me back my 2 favorite things.. @thisisbwright and Percy Pigs.
287672593383837700,Sat Jan 05 21:31:05 +0000 2013,@shaymitch @michaelalblaney Oh no, Amanda!!
287670767678787600,Sat Jan 05 21:23:50 +0000 2013,And I swear my gate is always on the other side of the airport.. U wouldn't even believe the amount of fast-walking required. #HashtagCardio
287670123593097200,Sat Jan 05 21:21:16 +0000 2013,Cya Buffalo. I've now had enough Tim Hortons to not tweet about it every 5th tweet (maybe). Back to LA! 🌴☀👍 #SorryPeepsWhoCantSeeEmojis
286947230059995140,Thu Jan 03 21:28:45 +0000 2013,@Blake_Jenner @chordoverstreet I tried this.. But w/ my lacking facial hair growth I just look like a 13 yr old going through puberty. #Oops
284474528900468740,Fri Dec 28 01:43:07 +0000 2012,Throwback Thursday; Halloween edition. When the President met Benjamin Button.. @chordoverstreet http://t.co/qdQZsZ2R
283448319148175360,Tue Dec 25 05:45:20 +0000 2012,Dear Santa: Please hurry. I can only play Temple Run for so long. http://t.co/2zIp9EB9
279686369033478140,Fri Dec 14 20:36:41 +0000 2012,Completely speechless. My heart goes out to all the people affected by this horrific tragedy. #PrayForNewton
279646046286667780,Fri Dec 14 17:56:28 +0000 2012,Early morning set shenanigans = @Blake_Jenner sleeping while standing up #Yolo http://t.co/CYYLLLTQ
279408178930798600,Fri Dec 14 02:11:15 +0000 2012,Glee Time!! And get ready for some brotastic Puckerman bonding..
279024099081207800,Thu Dec 13 00:45:03 +0000 2012,RT @GLEEonFOX: Congratulations to the cast of #glee on receiving a #SAG AWARD nomination for Outstanding Performance by an Ensemble in a ...
278073435308032000,Mon Dec 10 09:47:27 +0000 2012,Marley &amp; Me. (the human, not the dog) http://t.co/5BCC828I
277871816184311800,Sun Dec 09 20:26:18 +0000 2012,RT @DiannaAgron: @NayaRivera throws a party unlike any other. Last night, like last year, for one night only (in sunny LA) there was snow.
277200545633165300,Fri Dec 07 23:58:54 +0000 2012,*squeal* Just finished a recording session w/ @alxanders , and it happens to be one of my favorite songs right now! Any guesses gleeks?? 😁😏
276860093063122940,Fri Dec 07 01:26:04 +0000 2012,Welp. Jumping on this throwback thursday bandwagon. A pic from our first season 4 cast shoot! http://t.co/oqFW34No
276561518588485630,Thu Dec 06 05:39:38 +0000 2012,Thank you to whoever did this.. @chordoverstreet 😂 http://t.co/QJoHCzeN
275805701929062400,Tue Dec 04 03:36:18 +0000 2012,RT @Variety_Film: 'Glee's' Jacob Artist flies with 'White Bird': Film News:              Thesp will play Shailene Woodley's colleg... ht ...
274332085181874180,Fri Nov 30 02:00:40 +0000 2012,All new @GLEEonFOX right now! One of my favs. #GangnamAndWarblersAndSectionalsOhMy
273154505024094200,Mon Nov 26 20:01:23 +0000 2012,Newbie sandwich. http://t.co/QjpaxSvG
271699052947718140,Thu Nov 22 19:37:56 +0000 2012,Happy Thanksgiving Everyone! I'm thankful for the crane that will be lifting me from the table after I consume my body weight in food.
271379409607487500,Wed Nov 21 22:27:47 +0000 2012,RT @TVGuide: .@GLEEonFOX's @JacobArtist teases Jake’s great turning point in Thursday’s episode, likens Jarley to Tarzan and Jane: http: ...
271128760663801860,Wed Nov 21 05:51:48 +0000 2012,Having severe iced cappuccino withdrawals.. @shaymitch let's open the first Tim Hortons on the west coast please? Great, thanks.
270729900661551100,Tue Nov 20 03:26:52 +0000 2012,RT @becbecbobec: Puckerwilde! http://t.co/y54ezQqS
269968693830754300,Sun Nov 18 01:02:07 +0000 2012,Had so much fun! RT " @janawilliams @BELLOmag awesome shoot today yahooooo!!!!! http://t.co/XFIwYbxc "
269968176123637760,Sun Nov 18 01:00:03 +0000 2012,RT @BELLOmag: @bellomag photoshoot with amazing @jacobartist #glee by  janawilliams @mrmontyjackson @lacoste http://t.co/0IV6PTm7
269967652489924600,Sun Nov 18 00:57:58 +0000 2012,@baileyapples329 , @TejBee is cracking me up talking about your comedic antics. Lets all do "dinner and small talk" when we come to Philly!
269261850414305280,Fri Nov 16 02:13:22 +0000 2012,RT @GLEEonFOX: Go Grease Lightning! #glease
268894202811793400,Thu Nov 15 01:52:28 +0000 2012,A double dose of Puckerman. marksalling http://t.co/cSLTBrfr
266613743704739840,Thu Nov 08 18:50:44 +0000 2012,And we're back! All new @GLEEonFOX tonight, and Jake just might be showing some moves.. #StillTryingToThinkOfAGoodHashtagToGoWithThis
266324689960443900,Wed Nov 07 23:42:08 +0000 2012,RT @MarkSalling: Guns and Broses RT @adammshankman Guns and roses. gleeonfox #xmas @jacobartist marksalling #booyah! http://t.co/ODcR8b3M
265531574823579650,Mon Nov 05 19:10:35 +0000 2012,RT @adammshankman: Another hum drum drudge of a day on the set of gleeonfox #glee Xmas! http://t.co/gc9VZdTM
264567249430519800,Sat Nov 03 03:18:42 +0000 2012,RT @ELLEmagazine: New @GLEEonFOX stud @JacobArtist reveals his signature dance move and celebrity crush http://t.co/SSOOsB7x
264163276454244350,Fri Nov 02 00:33:27 +0000 2012,You know you're having an exceptional day when you run into Sophia Grace. http://t.co/HjhURmLy
264148112212381700,Thu Nov 01 23:33:12 +0000 2012,RT @adammshankman: marksalling @jacobartist ! 2 Puckermans and a Jew. Lets start a band called  #PuckJew! http://t.co/pIohtmEx
260950571551449100,Wed Oct 24 03:47:19 +0000 2012,@druidDUDE Whoa. #DasDefinitelyIt
260770675223048200,Tue Oct 23 15:52:28 +0000 2012,*gasp* I still don't have a Halloween costume.. Suggestions??
258838919146254340,Thu Oct 18 07:56:21 +0000 2012,And of course, thank you to my wonderful Glee family. You guys are the greatest  http://t.co/MJdkWGkV
258838776166621200,Thu Oct 18 07:55:47 +0000 2012,Wow. Cannot thank everyone enough for all the lovely birthday wishes! Definitely know how to make a guy feel loved #SappySelfieBdayTweet
258650977043902460,Wed Oct 17 19:29:33 +0000 2012,And that's a wrap on the teenage years! #Happy20thBirthdayToMe #AwkwardSelfieBdayTweet
257897132634304500,Mon Oct 15 17:34:02 +0000 2012,Welp. My birthday is on Wednesday and I still haven't made any plans. #ProcrastinationBoyProblems
256630549421109250,Fri Oct 12 05:41:05 +0000 2012,Saving the streets of Lima, Ohio. One glee club at a time. http://t.co/HEjMXT5k
255238047833141250,Mon Oct 08 09:27:47 +0000 2012,RT @shaymitch: Sunday Funday = super tired Monday ... #Disney  http://t.co/9Gntq2rw
255237683322966000,Mon Oct 08 09:26:20 +0000 2012,Welp. Casually spent 10 hours at Disneyland. Talk about a Sunday Funday. @shaymitch @KeeganAllen @MichaelaLBlaney
252927071372857340,Tue Oct 02 00:24:47 +0000 2012,@druidDUDE I can't stop staring...
251968574854422530,Sat Sep 29 08:56:04 +0000 2012,And.. Collectively made it through Toy Story 3 without crying. @freddiestroma @ErinMoriarty_ @AbhiDabi #TheresASnakeInMyBoot
250830857022099460,Wed Sep 26 05:35:11 +0000 2012,"I had friends that could school you with Jigglypuff." - @itsmmbenoist #Cant #Stop #Laughing #SuperSmashBros
250687668487348220,Tue Sep 25 20:06:12 +0000 2012,I might just be forever indebted to you for showing me this.. #StillLoling @MsAmberPRiley http://t.co/ZQ075rtG
250158151284953100,Mon Sep 24 09:02:05 +0000 2012,Pretending to be candid. #SundayFunday http://t.co/QCSl8k7m
248948179842785280,Fri Sep 21 00:54:05 +0000 2012,Britney 2.0 tonight! And it's a goodie. Heather Morris.. #KillingIt
248819389850329100,Thu Sep 20 16:22:20 +0000 2012,Good morning peeps! Decided to go all Mark Zuckerberg on ya and made an official Facebook page http://t.co/aaowDo0L
248573948533542900,Thu Sep 20 00:07:02 +0000 2012,RT @hollywoodcrush: Mr. @jacobartist previews this week's @GLEEonFOX episode, 'Britney 2.0': http://t.co/vcuY6M58
248488145371422720,Wed Sep 19 18:26:05 +0000 2012,RT @GLEEonFOX: Watch a sneak peek of tomorrow night's all-new #glee right now! - http://t.co/UubUCRTf
248302617661407230,Wed Sep 19 06:08:51 +0000 2012,Side note: How does Morpheus always manage to keep those sunglasses on... #Questionable
248302059525386240,Wed Sep 19 06:06:38 +0000 2012,The Matrix Reloaded is on.. And now all I want to do is be able to dodge bullets in slow mo. *sigh* #illJustKeepTellingMyselfImTheOne
247950120577015800,Tue Sep 18 06:48:10 +0000 2012,@chordoverstreet @itsmmbenoist Fallow? #ChordOverstreetLadiesAndGentlemen
246778684776779780,Sat Sep 15 01:13:18 +0000 2012,Phew. Managed to successfully not trip on the carpet.. #KnockOnWood http://t.co/fVBueic1
246625478637666300,Fri Sep 14 15:04:30 +0000 2012,Breakfast of champions. @AccessHollywood @LiveAccess http://t.co/ExMBzMD2
246410008114380800,Fri Sep 14 00:48:18 +0000 2012,Can't believe it's finally here! Season 4 premiere of @GLEEonFOX tonight at 9pm!!
246358783239008260,Thu Sep 13 21:24:45 +0000 2012,.@msleamichele Wow thank you Lea! Means alot coming from you.. And as per usual, you absolutely killed it last night. #MsBerryLadiesAndGents
246055596577660930,Thu Sep 13 01:20:00 +0000 2012,Off to the Glee premiere!!
245339222540705800,Tue Sep 11 01:53:23 +0000 2012,. @MrRPMurphy can't wait to see The New Normal tonight on @NBC ! Looking forward to lots of loling.
245282051023048700,Mon Sep 10 22:06:12 +0000 2012,YOU GUYS. Cannot thank you enough for all the kind words.. Really feelin' the love today. #Gleeks #Are #TheBest
244941954922733570,Sun Sep 09 23:34:47 +0000 2012,Press day! Gettin' our Jarley on. @itsmmbenoist http://t.co/xwQpVqAQ
244853494933225470,Sun Sep 09 17:43:17 +0000 2012,RT @GLEEonFOX: This THUR on the #glee season premiere, meet newcomer @jacobartist who plays Jake. http://t.co/vlrxMXn9
244010804322656260,Fri Sep 07 09:54:43 +0000 2012,Why was Katniss Everdeen not flipping around during Alicia Key's "Girl on Fire" performance.. #iGuessTheOddsWereInGabbysFavor #VMAs
243638817536495600,Thu Sep 06 09:16:35 +0000 2012,*gasp* @GameOfThrones season one?! #StillRecovering #GodsBeGood
243155829279313920,Wed Sep 05 01:17:21 +0000 2012,A still from our Britney 2.0 episode! #AlwaysSecretlyWantedALeatherJacket http://t.co/CnYCgB6H
242917090623885300,Tue Sep 04 09:28:42 +0000 2012,#LAresidencyBenefits http://t.co/sWH25Uqr
240348169358151680,Tue Aug 28 07:20:43 +0000 2012,@chordoverstreet @hitchmichael Phew, Michael. Glad I wasn't the only one thinking that. #TrendyAmishHat #ChordOverstreetLadiesAndGentlemen
238582963690954750,Thu Aug 23 10:26:25 +0000 2012,@PipCoulthard Our stance... Too perfectly awkward. #Loling http://t.co/FEVntRkN
236155317459767300,Thu Aug 16 17:39:49 +0000 2012,Today's callsheet...... #casual http://t.co/Iunb18rW
234832933754646530,Mon Aug 13 02:05:09 +0000 2012,Another glee photoshoot wrapped! And yes that is a box of sweets. And yes I devoured them all before I even  http://t.co/HaeVITf3
234115357739208700,Sat Aug 11 02:33:45 +0000 2012,Pretty neat.. http://t.co/avK3CNGh
233356987465883650,Thu Aug 09 00:20:16 +0000 2012,... ;) http://t.co/lSPkKtaX
232331524010283000,Mon Aug 06 04:25:26 +0000 2012,Weekends rule. http://t.co/eMdsNwIv
230443834608328700,Tue Jul 31 23:24:26 +0000 2012,Another evening on set roaming the halls of Mckinley High. Oh boy, whats this Puckerman up to.. #Hmmm
229952046474874880,Mon Jul 30 14:50:14 +0000 2012,How did I just realize Dexter casually has a german accent... #ThingsYouOverlookAsAChild #DextersLaboratory
229130668678991870,Sat Jul 28 08:26:23 +0000 2012,RT @MarkSalling: first day back at work at good ol Glee. y'all ready to holler at some exciting new stories and characters?
229122850487930880,Sat Jul 28 07:55:19 +0000 2012,But wait.. How does Bane eat with that thing on his face? #PostDarkKnightRisesQuestions
228955046686101500,Fri Jul 27 20:48:31 +0000 2012,Day 1 of Glee! Hoping I don't get slushied.. #FingersCrossed
228561647554420740,Thu Jul 26 18:45:17 +0000 2012,@geyerdean Ditto. #WaitDoPeopleStillSayDitto #iGuessThatWouldBeThePurposeOfARetweet #Hmm
227840866398638080,Tue Jul 24 19:01:10 +0000 2012,Wow. Just wanted to give a HUGE thank you to everyone for all the kind words.. Truly means a lot. #GleeksRule
227455215874482180,Mon Jul 23 17:28:44 +0000 2012,Beyond excited to be joining the cast of the insanely talented @GLEEonFox !!!
227454351717851140,Mon Jul 23 17:25:18 +0000 2012,!!!!!!!!!!
227332206878658560,Mon Jul 23 09:19:56 +0000 2012,Still geeking out over that new Superman trailer.. #TalkAboutEpic
227331930759245820,Mon Jul 23 09:18:50 +0000 2012,Indonesian flashback.. #HolyNostalgia http://t.co/inie3KiL
226206423464427520,Fri Jul 20 06:46:28 +0000 2012,RT @AbhiDabi: @jacobartist  http://t.co/DgG3KsNM
223157482799890430,Wed Jul 11 20:51:04 +0000 2012,My heart skips a beat every time the Dark Knight Rises trailer comes on.
223139667967623170,Wed Jul 11 19:40:17 +0000 2012,This heat right now... #Melting #HelloFirstSummerInLA
221472280457383940,Sat Jul 07 05:14:41 +0000 2012,Wow. Just saw Savages.. One of my new favorite films.. Blake Lively #MarryMe
221038398780096500,Fri Jul 06 00:30:35 +0000 2012,This is too cool. #ImDoingIt http://t.co/X9EzxSk9!
219606528792068100,Mon Jul 02 01:40:51 +0000 2012,So Adele is having a baby. Too bad I already know what it's going to look like... @thisisbwright  http://t.co/3preTN9T
219287452194578430,Sun Jul 01 04:32:57 +0000 2012,RT @ErinMoriarty_: It's july ...? #imsorrywhat
218542417920540670,Fri Jun 29 03:12:27 +0000 2012,The kids coming up to Hogwarts in boats with lanterns. #Chills
218541130894163970,Fri Jun 29 03:07:20 +0000 2012,Wait. But why is no one reacting to children running and disappearing into this brick wall ... #PlatformNineAndThreeQuarters
218536172572524540,Fri Jun 29 02:47:38 +0000 2012,Yus. The first Harry Potter is on. #VintageRadcliffe #StillWaitingForMyLetterBTW #MuggleBoyProblems
215665479182860300,Thu Jun 21 04:40:31 +0000 2012,@DavidSiik you're really great on True Blood.... #UmHolyAlexanderSkarsgardDoppelganger
215216187599097860,Tue Jun 19 22:55:12 +0000 2012,When u miss the bday girl blowing out her candle.. And get a picture of this. @FreddieStroma @ErinMoriarty_ http://t.co/ODn7Tuv0
214689785183346700,Mon Jun 18 12:03:28 +0000 2012,Welp. I have finally joined the @Instagram bandwagon. You know the drill. Follow me, maybe?
212823269743665150,Wed Jun 13 08:26:36 +0000 2012,'But the thing that came out of the 2 tht fought w/ the octopus?' @freddiestroma @ErinMoriarty_ @PipCoulthard #PostPrometheusQuestions
205964493459689470,Fri May 25 10:12:16 +0000 2012,@NicoleTravolta Wow. Paid for dinner AND milkshakes? Who is this guy.. He's making us all look bad.
204380894792921100,Mon May 21 01:19:37 +0000 2012,oh. http://t.co/gMkR5aFW
204308768756994050,Sun May 20 20:33:01 +0000 2012,I just legitimately did the worm on my bed to make sure I could still do it ... #NoShame
203280362095390720,Fri May 18 00:26:29 +0000 2012,RT @freddiestroma: Spagbol and Lakers game with the philosophers last night. Delicious and disappointing...
203059349311074300,Thu May 17 09:48:16 +0000 2012,Wait a minute .............. Blue of Blue's Clues is a girl?!?!? #How #What #When
202526748817104900,Tue May 15 22:31:54 +0000 2012,Boo ... I was THIS CLOSE to going to the gym today. #DammitJacob
201943782365741060,Mon May 14 07:55:24 +0000 2012,Snow White and the Huntsman. Can't wait. #Charlize #Mmm
201883481876340740,Mon May 14 03:55:47 +0000 2012,I am the most nostalgic person I know.
201881813147324400,Mon May 14 03:49:10 +0000 2012,Missin my boons. http://t.co/l4QMn4Sr
201088902516318200,Fri May 11 23:18:25 +0000 2012,Huge congrats to @ErinMoriarty_ and @katedangerfield on your pilot pick ups! #ImComingToVisit
200144089692377100,Wed May 09 08:44:04 +0000 2012,Just saw The Avengers ... and yes I will be going by Tony Stark for the next 72 hours. That's all
197453947487797250,Tue May 01 22:34:24 +0000 2012,marry me. http://t.co/ZB1t67JX
197247547662794750,Tue May 01 08:54:14 +0000 2012,These mango mochi ice creams will be the end of me.
195692600928378880,Fri Apr 27 01:55:26 +0000 2012,@melissa_hays @titusmakin @freddiestroma oh.. my.. gawd.. #iWantIn
193492155464040450,Sat Apr 21 00:11:39 +0000 2012,Reminiscing of when I was addicted to Coffee Bean. @brianne_somer #HazelnutIceBlended #Nom
193439939675947000,Fri Apr 20 20:44:10 +0000 2012,I can't believe I've only seen The Hunger Games once.
192859996034306050,Thu Apr 19 06:19:40 +0000 2012,Game of Thrones. Hooked. #Bye
192426457954390000,Wed Apr 18 01:36:57 +0000 2012,@titusmakin #PeopleAreGoingToThinkImStalkingYou
190900932333150200,Fri Apr 13 20:35:03 +0000 2012,RT @T_Philosophers: Mr. Zimit's class is now in session!  http://t.co/2vQcDmp0
190752278221824000,Fri Apr 13 10:44:21 +0000 2012,I am craving some Jessica Lange a la American Horror Story ... #Legend #HurryItUpRyanMurphy
190498541825822720,Thu Apr 12 17:56:06 +0000 2012,The Casual Vacancy.
190004724249010180,Wed Apr 11 09:13:51 +0000 2012,Falling asleep to the rain ... Mmmm *sigh*
188688706700455940,Sat Apr 07 18:04:28 +0000 2012,First my chapstick and now a tee shirt ... Things are mysteriously disappearing from my apartment ... #TheBorrowers?
188208082042634240,Fri Apr 06 10:14:38 +0000 2012,Okay. My homemade Chai Tea Lattes are on point. #NomNomNom #WatchItStarbucks
187086016237154300,Tue Apr 03 07:55:56 +0000 2012,I just really wish Hercules was on TV right now. #BestDisneyMovie #HandsDown #GoTheDistance
185661327606427650,Fri Mar 30 09:34:44 +0000 2012,That phenomenal moment when there are 50 open treadmills and the person who smells like a dumpster decides to run right next to you. #help
185306534375456770,Thu Mar 29 10:04:55 +0000 2012,Forgot how good Lifehouse is. Hello middle school. #HangingByAMoment #Storm #Broken
184394549274226700,Mon Mar 26 21:41:01 +0000 2012,What is happening. Haven't had sushi in over a week. #Withdrawal #ShrimpTempuraRoll
183634910282649600,Sat Mar 24 19:22:29 +0000 2012,Hello Friends. So to those who care (mom) I'll be on the new TV show 'How to Rock' tonight on Nickdelodeon at 9PM!
183634490629951500,Sat Mar 24 19:20:48 +0000 2012,RT @Maxgschneider: Who's pumped for tonights new episode of @how_to_rock at 9Pm on Nickelodeon!? It's another one of my favorites baby! =)
180442011785117700,Thu Mar 15 23:55:02 +0000 2012,7. Days. #MayTheOddsBeEverInYourFavor
178625539601481730,Sat Mar 10 23:37:02 +0000 2012,YES. Punk'd is coming back.
176798651274899460,Mon Mar 05 22:37:37 +0000 2012,Soooo good. http://t.co/RahJyMH6
174665120146923520,Wed Feb 29 01:19:44 +0000 2012,Wow. Finally just watched 'Milk' ... #SeanPennLadiesAndGents #Absolutely #Incredible
173339689774891000,Sat Feb 25 09:32:57 +0000 2012,That awkward moment when Suzanne Collins only wrote three Hunger Games books ......... #Pissed #MorePlease #26days
172823690726211600,Thu Feb 23 23:22:33 +0000 2012,All your life. You were only waiting for this moment to arise
171378922741694460,Sun Feb 19 23:41:33 +0000 2012,My eye won't stop twitching. #help
170443949918531600,Fri Feb 17 09:46:19 +0000 2012,The butter chicken indian curry I had today ... #iCantEven
168993994683060220,Mon Feb 13 09:44:42 +0000 2012,I actually think I'm in love. #Adele
168639297870766080,Sun Feb 12 10:15:16 +0000 2012,Yusss. Won my first poker night. #Squealing
168510559938027520,Sun Feb 12 01:43:42 +0000 2012,Wow... Can't believe it. Another one of the greats gone too soon. RIP Whitney Houston. #Legend
168463919407575040,Sat Feb 11 22:38:22 +0000 2012,I want to go to NYC so bad it hurts. #ow
164618551028756480,Wed Feb 01 07:58:15 +0000 2012,Yesssss Artie ... #WhiteBoyCanDance #Glee
164266357762961400,Tue Jan 31 08:38:46 +0000 2012,@frankieguad She's mine. #PlusSheLikesBlackGuysAnyway #YouCanHaveChuy
164095379393089540,Mon Jan 30 21:19:21 +0000 2012,Vienna
159940766507085820,Thu Jan 19 10:10:24 +0000 2012,I had an Umami Truffle Burger not even 6 hours ago and I'm already craving another one. #SkinnyBoyProblems
158466499986735100,Sun Jan 15 08:32:12 +0000 2012,RT @RevRunWisdom: If u can have patience u can have everything
157761372313239550,Fri Jan 13 09:50:16 +0000 2012,I think Apple Trailers has become my favorite website.
157410816033951740,Thu Jan 12 10:37:17 +0000 2012,I wish I wouldn't have read all 3 Hunger Games books in a week. #SoBrilliant #SadItsOver #MorePleaseSuzanneCollins #HarryPotterHad7 #NoFair
157258333080924160,Thu Jan 12 00:31:22 +0000 2012,How have I not been to a Lakers game yet. Someone take me? #Please #PreferablyCourtside
155956608571154430,Sun Jan 08 10:18:47 +0000 2012,Gotye.
155493000833802240,Sat Jan 07 03:36:34 +0000 2012,Ow, dammit. Burned my tongue on miso soup. #SushiEnthusiastBoyProblems
154792701450133500,Thu Jan 05 05:13:50 +0000 2012,Back in LA ... Ohh how i've missed this weather ...
152625371618086900,Fri Dec 30 05:41:38 +0000 2011,On a side note, is it bad that I want to see Girl With the Dragon Tattoo again. #DontCare #ThirdTimesACharm
152525975589105660,Thu Dec 29 23:06:41 +0000 2011,@titusmakin Yesss. #HappyMyHashtagStyleIsContagious #OrMaybeYouEnjoyItBecauseWereBothBlack #AwMan #Dammit
152116887373881340,Wed Dec 28 20:01:06 +0000 2011,YES. There is finally snow on the ground. #SoHappy #Squealing
151171030042419200,Mon Dec 26 05:22:36 +0000 2011,Someone go see the new Mission Impossible with me. #Please
150787248114241540,Sun Dec 25 03:57:36 +0000 2011,Uh Daniel Radcliffe, your new film 'Woman in Black' looks way to scary for me. Please go back to Hogwarts. #WingardiumLeviosa
149937383217954800,Thu Dec 22 19:40:32 +0000 2011,Just got a cavity filled. This Novocain ... I can't even ... #DroolingEverywhere #NotNice
148344896774873100,Sun Dec 18 10:12:34 +0000 2011,I just witnessed a possum crawl under my building. #Trembling #ThankGodIDontLiveOnTheFirstFloor
145969630614265860,Sun Dec 11 20:54:06 +0000 2011,Just saw a Fiat on Hollywood boulevard. Unfortunately, Jennifer Lopez was not in it. #LetDown #JennyMustBeInTheBlock
145445348125577200,Sat Dec 10 10:10:47 +0000 2011,Dammit. All the light-bulbs are out in my lamp, now what? #CantBeBotheredToGetNewOnes #illJustSitInTheDark #OverIt
145273094808936450,Fri Dec 09 22:46:19 +0000 2011,One of my new life goals; be on the tv show Wipeout.
144747356666085380,Thu Dec 08 11:57:13 +0000 2011,Mmmmmm new music ... #MakesMeSoHappy #FeelsLikeChristmasMorning
144237791558119420,Wed Dec 07 02:12:23 +0000 2011,Chitty Chitty Bang Bang is on. Completely reliving my childhood. #SoHappy #TrulyScrumptious
142150160615608320,Thu Dec 01 07:56:53 +0000 2011,Um. What is going on with all this wind ... I feel as though my apartment building is about to blow away ... #WereNotInKansasAnymore #Help
142066110643187710,Thu Dec 01 02:22:54 +0000 2011,'Charlie's Angels' on HBO. Cameron Diaz. #FirstCrush #ChildhoodMemories
141427224007024640,Tue Nov 29 08:04:12 +0000 2011,Jk;alksdfj;*&#^4ykjahsdkjhgaklj:LKSJdf. #GettingSick #NoBueno #F
141427224007024640,Tue Nov 29 08:04:12 +0000 2011,Jk;alksdfj;*&#^4ykjahsdkjhgaklj:LKSJdf. #GettingSick #NoBueno #F
141063066442936320,Mon Nov 28 07:57:10 +0000 2011,Eh, This Buffalo weather is cold. #Hypothermia #LABoyProblems
139984357963218940,Fri Nov 25 08:30:46 +0000 2011,I realized whenever I'm in an airport during the holidays I feel like I'm in Home Alone. #KeepTheChangeYaFilthyAnimal
139037847628955650,Tue Nov 22 17:49:40 +0000 2011,Home. Tomorrow.
138889249293484030,Tue Nov 22 07:59:12 +0000 2011,I can't. All these new 'Girl With The Dragon Tattoo' promos. #HighBloodPressure #SoExcited
138501092358107140,Mon Nov 21 06:16:48 +0000 2011,@Rihanna 's new album is so dope. Well done. #TalkThatTalk
136165977451798530,Mon Nov 14 19:37:53 +0000 2011,'The Hunger Games' trailer. #NotBreathing
135970524223377400,Mon Nov 14 06:41:13 +0000 2011,Back from a weekend in Palm Springs. #amazing  http://t.co/3kI2nSQj
134737102360428540,Thu Nov 10 21:00:03 +0000 2011,At Paramount Studios this week shooting the new Nickelodeon show 'How to Rock' ! http://t.co/hsQbTC4D
133846629815029760,Tue Nov 08 10:01:37 +0000 2011,It's going to be 11/11/11 at 11:11 this friday. #Casual #IdealTimeToMakeAWish
132759612993712130,Sat Nov 05 10:02:12 +0000 2011,Sometimes I forget to step back and realize I'm actually awake while living this dream ... #Grateful #SentimentalTweet #GetOverIt
131344486126206980,Tue Nov 01 12:19:00 +0000 2011,Now all I need is my toddlers and tiaras counterpart. #HappyHalloween  http://t.co/p5so4j5F
130887280847093760,Mon Oct 31 06:02:14 +0000 2011,YESSS. Finally got my  halloween costume ... #HolyProcrastination
129726019883106300,Fri Oct 28 01:07:47 +0000 2011,Still no halloween costume. #IsThisAJoke
129355136693846020,Thu Oct 27 00:34:02 +0000 2011,Beautiful day in LA today. Acutally feels like autumn ... Reminding me of home. #JustWhatINeeded
127212058067476480,Fri Oct 21 02:38:12 +0000 2011,Well the billboards for the 'J. Edgar' film are going up all over LA.  @LeoDicaprio #AbsoluteLegend
126871342720102400,Thu Oct 20 04:04:19 +0000 2011,Take me back ... @t_philosophers  http://t.co/lDHh3vk4
126070798720040960,Mon Oct 17 23:03:15 +0000 2011,Thank you everyone for the birthday wishes! I truly appreciate each and every one ... #GratefulBirthdayBoy
125765052480487420,Mon Oct 17 02:48:19 +0000 2011,Birthday Dinner at Katsuya! @freddiestroma @gblagden @ChasingHope & Dev. #MMMmmmmm
125630682927087620,Sun Oct 16 17:54:23 +0000 2011,Welp. It's my last day of being 18. Hands down the most amazing year of my life ... #BirthdayTomorrow
125538655686242300,Sun Oct 16 11:48:42 +0000 2011,Cracked the entire screen on my iPhone ... #OnTheVergeOfTears #SomeoneHelp #iPhone4sHereICome
124655498208358400,Fri Oct 14 01:19:21 +0000 2011,Just went for a run in this 101 degrees weather. #WhoAmI #ByeByeLoveHandles #HeatStroke
124237305434214400,Wed Oct 12 21:37:36 +0000 2011,All I want is Tim Hortons. #Now
123700883618938880,Tue Oct 11 10:06:03 +0000 2011,Well ... at this rate I'm going to throw a sheet over my head and be a ghost. #InnovativeHalloweenCostume2011 #Not
123489067676614660,Mon Oct 10 20:04:22 +0000 2011,Someone please go get sushi with me. #illDoAnythingForSpicyCrunchyTuna
122110235925168130,Fri Oct 07 00:45:23 +0000 2011,#lifeisgood http://t.co/9UEBrvnw
121908109789769730,Thu Oct 06 11:22:12 +0000 2011,You probably saw that Steve Jobs died by reading it on something that he invented. #AbsoluteLegend #DeservesAnotherTweet
121742151100014600,Thu Oct 06 00:22:45 +0000 2011,So terrible. RIP Steve Jobs. #iSad
121690686151065600,Wed Oct 05 20:58:15 +0000 2011,I love when it rains in LA. #RemindsMeOfHome #FreeCarWash #BestOfBothWorlds
120758480603840510,Mon Oct 03 07:14:00 +0000 2011,Any Halloween ideas ... ? #BarackObama #MineAsWellStartPlanningNow
119934929969758200,Sat Oct 01 00:41:30 +0000 2011,RT @justjaredjr: Bonnie Wright: Behind the Scenes of 'The Philosophers': Check out the first behind the scenes… http://t.co/F1Z90NuQ
119173222762684420,Wed Sep 28 22:14:45 +0000 2011,Happy Birthday 19th @brianne_somer !! Hope your day was essiting and esseptional, love you. #MissYouMoreThanYouKnow
118987451887910910,Wed Sep 28 09:56:33 +0000 2011,Bleh. Take me back to the start. #ThePhilosophers #Nostalgia
118601865675014140,Tue Sep 27 08:24:22 +0000 2011,Breaking Bad. #WhereHaveYouBeenAllMyLife
117898294025396220,Sun Sep 25 09:48:38 +0000 2011,Lion King 3D. #LifeChanging
115358398630985730,Sun Sep 18 09:36:00 +0000 2011,Chipotle. #ThereAreNoWords
114872460289118200,Sat Sep 17 01:25:03 +0000 2011,Kind of enjoying this gloomy weather. #SorryNotSorry
112588467912978430,Sat Sep 10 18:09:17 +0000 2011,Holy weather mood swing ... ... #PullitTogetherMotherNature
109557154838618110,Fri Sep 02 09:23:55 +0000 2011,@gblagden georgeyyyy porgyyy, miss you bro. hope all is going well ...  #NiceDefaultPicture #Btw #ClearlySomeoneIsATalentedPhotographer
109377923978493950,Thu Sep 01 21:31:43 +0000 2011,Casual Earthquake. #SoLA
106067874820534270,Tue Aug 23 18:18:46 +0000 2011,English breakfast tea-ing my life away. #Mmmm
103760905552142340,Wed Aug 17 09:31:42 +0000 2011,Underneeeeaath *riff* your clothes ... @Taserhassan ... Miss you bro. #Phree
102996019800834050,Mon Aug 15 06:52:19 +0000 2011,Back in LA ... Basically miserable ... #TakeMeBackToTheStart #SappyColdplayLyrics #ButSeriously #PhilosophersWithdrawal
101265553406173180,Wed Aug 10 12:16:04 +0000 2011,Went to the palace to meet the President of Indonesia last night ... #nbd
99925798198312960,Sat Aug 06 19:32:21 +0000 2011,Well it's most definitely true. All good things must come to an end ...... Less than a week to go. #MakingEveryMomentCount #BeyondDepressed
95161929479372800,Sun Jul 24 16:02:26 +0000 2011,I need to stop eating. #Help
88654177798078460,Wed Jul 06 17:02:57 +0000 2011,And baby that's a case of my wishful thinking. You know nothing
85357476840611840,Mon Jun 27 14:43:03 +0000 2011,#HaventTweetedInFoEva
85356991811297280,Mon Jun 27 14:41:07 +0000 2011,@Taserhassan kung pow chicken with udon nooooooodle.
80894826618433540,Wed Jun 15 07:10:04 +0000 2011,Need to start packing ... #EhhSaveItForTomorrow #GniteWorld
80522750770425860,Tue Jun 14 06:31:34 +0000 2011,Welp ... Saw @JoeJonas at Umami ... After seeing @SelenaGomez & @JustinBieber last week I think it's safe 2 say I'm a walking Disney magnet.
75436432386310140,Tue May 31 05:40:21 +0000 2011,Tears stream down your face. When you lose something you cannot replace.
73638009093885950,Thu May 26 06:34:04 +0000 2011,I'm not even going to try and quote The Hangover 2 ... Just go see it ... #PissedMyselfAtLeast7TimesTonight
72948397144936450,Tue May 24 08:53:47 +0000 2011,For The First Time. The Script. Holy Ish. Can't stop listening. Jkla;sdfa;lskf#$lkj%#
72494535468527620,Mon May 23 02:50:18 +0000 2011,TGI Fridays. Oreo milkshake. @JessCalzi #Winning
67515982511480830,Mon May 09 09:07:19 +0000 2011,@GregLaswell #NuffSaid
67419604586209280,Mon May 09 02:44:20 +0000 2011,Best meal of my life. #InThisCaseWINNINGisAnUnderstatement
66798182193049600,Sat May 07 09:35:02 +0000 2011,Came across, and subsequently watched a full @JK_Rowling interview. Such an intelligent and brilliant human being ... #FeelingVeryInspired
65926715104436220,Wed May 04 23:52:08 +0000 2011,How have I not been to the beach during this week of 90 degree weather ... #TooLazyForMyOwnGood #NotWinning
65350874398072830,Tue May 03 09:43:57 +0000 2011,Cackling out loud to @ChelseaHandler, the norm ... #MarryMe
64255142328934400,Sat Apr 30 09:09:54 +0000 2011,Today was amazing.
61340632903462910,Fri Apr 22 08:08:41 +0000 2011,Boo. Can't think of anything witty to tweet. #Struggle #NotWinning
60273834242211840,Tue Apr 19 09:29:36 +0000 2011,Reminiscing ... Can't believe how quickly life moves ... *and cue coldplay song about taking me back to the start*
59878641215094780,Mon Apr 18 07:19:15 +0000 2011,I would give anything for Jersey Shore to be back on. #YeahBuddy
59704982387171330,Sun Apr 17 19:49:11 +0000 2011,I need to start checking my direct messages on here and not be so oblivious. #PullitTogetherJacob
52245733298028540,Mon Mar 28 05:48:48 +0000 2011,RT @NeilHaskell: I have lost all drive to #KickPeoplesAsses in "Words with Friends." #LostInTheWorld
49600614732275710,Sun Mar 20 22:38:02 +0000 2011,It is a legitimate monsoon outside in LA right now ... #Help
47193910472216580,Mon Mar 14 07:14:39 +0000 2011,I miss the Christmas decorations at Americana ... #WhereDidTheTimeGo
45737528220844030,Thu Mar 10 06:47:31 +0000 2011,I need sleep ... becoming delusional ...
42805055648301060,Wed Mar 02 04:34:55 +0000 2011,I make the best hot chocolate ... #Fact
42432290776817660,Tue Mar 01 03:53:41 +0000 2011,How have I been in LA this long and not been to Millions of Milkshakes ... #SoDeprived
36228113302036480,Sat Feb 12 01:00:29 +0000 2011,Okay I'm ready for those little heart candies now ... #ValentinesDay
33414273526923264,Fri Feb 04 06:39:18 +0000 2011,Someone please teach me ... #INeedToLearnHowToCook
32648488978223104,Wed Feb 02 03:56:21 +0000 2011,Wait ... #ItsFebruary
32391023392985090,Tue Feb 01 10:53:16 +0000 2011,Booo ... #Insomnia
29412899646611456,Mon Jan 24 05:39:16 +0000 2011,I would give anything for homemade vanilla on vanilla cupcakes right now.
28885032248549376,Sat Jan 22 18:41:43 +0000 2011,Coffee Bean always saves the day ...
25458167903162370,Thu Jan 13 07:44:34 +0000 2011,Christian Bale. The Fighter. #ThatsAll
25096318049329150,Wed Jan 12 07:46:43 +0000 2011,WOW completely missed 11:11 on 1-11-11 ... #IHopeMyWishesStillComeTrue ...
24274360374140930,Mon Jan 10 01:20:33 +0000 2011,True Life: I'm a compulsive Panera consumer
24065551835860990,Sun Jan 09 11:30:49 +0000 2011,Cannot stop crying ... SNL 'Black Swan' skit ... #EPIC
23528266979614720,Fri Jan 07 23:55:50 +0000 2011,Jersey Shore had 8.45 million viewers last night ... highest viewed MTV telecast in history ... #ThatsASituation
21908139347546110,Mon Jan 03 12:38:02 +0000 2011,LA bound ... Finally :)
21401710383595520,Sun Jan 02 03:05:40 +0000 2011,RT @LISSETTE_bee: Christian Bale in the Fighter was amazinggggg!
20025412784496640,Wed Dec 29 07:56:45 +0000 2010,Missing the city ... gotta get back there soon ...
19626457563136000,Tue Dec 28 05:31:26 +0000 2010,Forget Christmas ... I'm waiting for it to be January 6th ... #GTL
18952683457089536,Sun Dec 26 08:54:06 +0000 2010,What a great Christmas! So much to look forward to in this next year ... :)
18240665255157760,Fri Dec 24 09:44:48 +0000 2010,Wide awake at 4:45 am ... the norm ... #nocturnal
18072240927014910,Thu Dec 23 22:35:32 +0000 2010,Just woke up from a nap while I was having a very epic dream ... Now I want to go back to sleep ... #Inception
14164925102428160,Mon Dec 13 03:49:15 +0000 2010,shutter island ... for the fourth time ... casual
14042921791655936,Sun Dec 12 19:44:28 +0000 2010,Off to the screening of 'True Grit' ... and it's 80 degrees out in december ... life is good
13411015156830208,Sat Dec 11 01:53:29 +0000 2010,I caved ...
13411015156830208,Sat Dec 11 01:53:29 +0000 2010,I caved ...
