id,created_at,text
1255853070325604400,Thu Apr 30 13:34:39 +0000 2020,Yessir! Congrats big bro https://t.co/Px3iDE7cMu
1253410830911025200,Thu Apr 23 19:50:03 +0000 2020,@GLeagueWarriors Canton
1252254687040024600,Mon Apr 20 15:15:57 +0000 2020,RT @UNC_Basketball: Two iconic @Jumpman23 shoes on court ➡ which one's your favorite❔🔥😤💪  #CarolinaFamily https://t.co/gQOt4euJwY
1251255579152199700,Fri Apr 17 21:05:51 +0000 2020,@lo_mcadoo 😂😂😂 https://t.co/7Kq32DHMxB
1250876507217690600,Thu Apr 16 19:59:34 +0000 2020,@RuthsChris lemme hold a dolla
1250573299219865600,Wed Apr 15 23:54:43 +0000 2020,RT @tatefrazier: Save the Heels @jamesmcadoo @Johnhenson31 @hbarnes @UNC_Basketball
1250204101469778000,Tue Apr 14 23:27:40 +0000 2020,@lo_mcadoo 😂😂😂 https://t.co/QRVs3PxKHz
1249502228563538000,Mon Apr 13 00:58:40 +0000 2020,@LarryWangJr 😂😂😂
1247963238601576400,Wed Apr 08 19:03:16 +0000 2020,@WuFam777 Amen to that. Especially thankful for my faith in Christ in times like these. Stay safe my fellow Tar Heel.
1247961344479027200,Wed Apr 08 18:55:45 +0000 2020,@poormanscommish Stay safe my friend. Hope all is well in the bay.
1247960642675511300,Wed Apr 08 18:52:57 +0000 2020,@WuFam777 Regardless of where he left us that was almost 4 years ago. I just wish for truth and transparency. Maybe one day.
1247959065474601000,Wed Apr 08 18:46:41 +0000 2020,@SugaShaneArthur Lol I won’t hold my breath but maybe I’ll bump into him next time I go to Hawaii 🤷🏽‍♂️
1247958941851664400,Wed Apr 08 18:46:12 +0000 2020,@poormanscommish Agreed. Timing is everything and like you I trust he will when it’s best.
1247852072835387400,Wed Apr 08 11:41:32 +0000 2020,@BJK_Basketbol 🦅🦅🦅
1246535732023439400,Sat Apr 04 20:30:52 +0000 2020,RT @JustHolla7: Can never forget.
1246070194222633000,Fri Apr 03 13:40:59 +0000 2020,Amen. https://t.co/yBtTsu80Ul
1245785019932647400,Thu Apr 02 18:47:48 +0000 2020,@JAndrisevic what’s up coach? Hope you are safe and well!
1245764553243230200,Thu Apr 02 17:26:29 +0000 2020,@Carchia Okay. Thank you.
1245759198765428700,Thu Apr 02 17:05:12 +0000 2020,@Carchia Anything on ABA league? And do you feel Eurocup will just follow what EL does?
1245755414702153700,Thu Apr 02 16:50:10 +0000 2020,@kevo408 and CDC is in Atlanta. Laughable.
1245416279558717400,Wed Apr 01 18:22:34 +0000 2020,@BJK_Basketbol @Leagueme_0 @ShaqInTheBox we gonna address this?
1245154136909402000,Wed Apr 01 01:00:54 +0000 2020,@DrizzleSmash Facts 😂😂😂
1244703791313825800,Mon Mar 30 19:11:23 +0000 2020,@JWatts_24 You live in VA now lol
1244247908045795300,Sun Mar 29 12:59:52 +0000 2020,@J__Theo25 A lot of diapers
1242803612608233500,Wed Mar 25 13:20:46 +0000 2020,@KCBD11 @Leagueme_0 lol please send me the link to this interview @Leagueme_0
1242796179055837200,Wed Mar 25 12:51:13 +0000 2020,@DallasMoore14 He tweeting bout it so it must be bad! 😂😂😂
1242102263084187600,Mon Mar 23 14:53:51 +0000 2020,@BJustinR 😂😂😂😂
1241418010432352300,Sat Mar 21 17:34:52 +0000 2020,@reallyjoco 😂😂😂😂 like cmon
1238554446478610400,Fri Mar 13 19:56:05 +0000 2020,@dismayne 🤣🤣🤣🤣🤣🤣🤣🤣🤣🤣
1237290883235680300,Tue Mar 10 08:15:08 +0000 2020,BODY 2 BODY!!! https://t.co/rTxniXrs8h
1235506315537141800,Thu Mar 05 10:03:54 +0000 2020,RT @EuroCup: Dunk of the Night starring @PartizanBC as @jamesmcadoo finishes the play with the nice put-back dunk! 🙌  #RoadToGreatness http…
1222076411948753000,Tue Jan 28 08:38:16 +0000 2020,RT @ABA_League: .@jamesmcadoo and @TheRealWillMo42 ignite the crowd in Aleksandar Nikolić Hall. 🔥🔥  #ABALiga @PartizanBC https://t.co/H5qcU…
1218647328535564300,Sat Jan 18 21:32:19 +0000 2020,RT @EuroCup: James McAdoo shows off in his @PartizanBC debut with this rejection of Rashard Kelly at the rim! NOT IN MY HOUSE.  #7DAYSMagic…
1218647075166081000,Sat Jan 18 21:31:18 +0000 2020,RT @ABA_League: .@Europcar MAGIC MOMENT: Welcome to #ABALiga @jamesmcadoo! 💥👀  #ABALiga @PartizanBC   https://t.co/vfnZHS527C https://t.co/…
1215902181934751700,Sat Jan 11 07:44:05 +0000 2020,RT @PartizanBC: BC Partizan TV: IZBLIZA - Džejms Makadu @jamesmcadoo   https://t.co/9Vz1bqS9is  #KKPartizan
1215902163995709400,Sat Jan 11 07:44:00 +0000 2020,RT @ABA_League: OFFICIAL: Two-time #NBA champion @jamesmcadoo joins @PartizanBC.   Welcome to #ABALiga!  Read more at: https://t.co/46yuMXz…
1215902121075380200,Sat Jan 11 07:43:50 +0000 2020,RT @PartizanBC: .@jamesmcadoo je novo pojačanje #KKPartizan   https://t.co/6Iq8b7znV5  #ABALiga #7DaysEuroCup https://t.co/tlsJJa5AjU
1206112944427274200,Sun Dec 15 07:25:09 +0000 2019,Hey boo @lo_mcadoo
1202284888654778400,Wed Dec 04 17:53:49 +0000 2019,@GlovoTR thank you for always being there for me.
1201970703593037800,Tue Dec 03 21:05:21 +0000 2019,@kevo408 Biggest f-bomb I’ve ever seen dropped in my life.
1201970337765875700,Tue Dec 03 21:03:54 +0000 2019,@kevo408 😂😂😂 Remember this like it was yesterday
1200650993660285000,Sat Nov 30 05:41:18 +0000 2019,@YaBoyTopherr 😂😂😂😂
1196150249678688300,Sun Nov 17 19:36:57 +0000 2019,RT @BJK_Basketbol: 🔥🔥🦅 https://t.co/v1ht4vjC58
1196150106166313000,Sun Nov 17 19:36:23 +0000 2019,RT @BJK_Basketbol: 👊🏿👊🏿🦅 https://t.co/CbUlCqDtah
1195039988225839000,Thu Nov 14 18:05:10 +0000 2019,RT @BasketballCL: 💪 @BJK_Basketbol's @JamesMcAdoo is the only player this season to get 10 rebounds or more in 4⃣ #BasketballCL games!  Mor…
1194366589245763600,Tue Nov 12 21:29:19 +0000 2019,RT @BJK_Basketbol: 😬🤫 @jamesmcadoo https://t.co/GpHv8WLG4i
1194366305517916200,Tue Nov 12 21:28:12 +0000 2019,RT @BasketballCL: It's not a #BasketballCL day until @jamesmcadoo picks up a double-double. @BJK_Basketbol big guy finished with 12 points…
1187266559485661200,Thu Oct 24 07:16:20 +0000 2019,RT @SeanKilpatrick: I’m just dreaming about the get back.... #UNDRAFTED ✖️✖️
1186244160682184700,Mon Oct 21 11:33:41 +0000 2019,@IanClark No chick fil a in turkey 😂😂
1185850927246446600,Sun Oct 20 09:31:07 +0000 2019,RT @marolas30: 🎥 James McAdoo (⁦@jamesmcadoo⁩) 🏀 ⁦@BJK_Basketbol⁩ 🆚 ⁦@bandirmabk⁩  🚫 2 monster blocks from McAdoo https://t.co/YxhwSqJVoi
1185850903712141300,Sun Oct 20 09:31:02 +0000 2019,RT @BasketballCL: 🦅 @BJKBasketbol’s @JamesMcAdoo was the only player combining for a double-double in yesterday's games in the #BasketballC…
1118809146491572200,Thu Apr 18 09:31:01 +0000 2019,@DEW1TTY @FriendlyAssh0le @jdwilsonville Dang my bad. Legends live forever tho!
1118483642156748800,Wed Apr 17 11:57:35 +0000 2019,@FriendlyAssh0le @jdwilsonville #FreeTilikum
1115303731929731100,Mon Apr 08 17:21:45 +0000 2019,@Budget @lo_mcadoo Y’all done made my wife mad. Y’all know how this gone blow back on me?!? And she supposed to be on vacation 😑
1114881889989464000,Sun Apr 07 13:25:30 +0000 2019,@drewwarren24 Always big bro. Always.
1114179463934296000,Fri Apr 05 14:54:19 +0000 2019,@dismayne Bruh 😂😂😂😂
995480767819145200,Sun May 13 01:48:04 +0000 2018,@CoachDill919 Yessir! Already ahead of you :)
989660086074249200,Fri Apr 27 00:18:46 +0000 2018,@jtthekid Congrats bro! Get you that championship!!!
989119443501506600,Wed Apr 25 12:30:26 +0000 2018,@ChapelHillPD there’s a dead doe on the side of the road right past the MLK/Homestead intersection northbound.
988765689090539500,Tue Apr 24 13:04:45 +0000 2018,@lo_mcadoo https://t.co/2KgNJ1OKDr
988204324844113900,Sun Apr 22 23:54:05 +0000 2018,@lo_mcadoo https://t.co/APyMdUmzgu
982663425183674400,Sat Apr 07 16:56:32 +0000 2018,@kevo408 Hot take if ive ever seen one.
981559959702921200,Wed Apr 04 15:51:45 +0000 2018,@_Terrellallen Who said it’s frowned upon?
980794208532430800,Mon Apr 02 13:08:56 +0000 2018,This. This is what really gets me juiced. I mean I’m a competitor. Won championships and all that. But this. This i… https://t.co/07eGWPIpXh
979527223752392700,Fri Mar 30 01:14:23 +0000 2018,@CoachDill919 Back in Chapel Hill! Tell the family hello!
979524816087679000,Fri Mar 30 01:04:49 +0000 2018,@ScottSchroeder Keanu Reeves and Patrick Swayze. Name a better duo.
979524520510881800,Fri Mar 30 01:03:39 +0000 2018,@ScottSchroeder The original of course.
979524446561210400,Fri Mar 30 01:03:21 +0000 2018,@ScottSchroeder Watching Point Break.
921758166496501800,Sat Oct 21 15:20:46 +0000 2017,James 1:22 - But be doers of the word, and not hearers only, deceiving yourselves. #1Died4All
920840556997218300,Thu Oct 19 02:34:31 +0000 2017,@VZWSupport So slow. Every app is slow. Internet is slow and messaging is slow. Everything takes forever to load or send. It’s ridiculous.
920688730402443300,Wed Oct 18 16:31:13 +0000 2017,@Apple @verizon i already pre-ordered the new iPhone just please stop messing with my old phone now. You got my money so can we just be cool
919303007422083100,Sat Oct 14 20:44:51 +0000 2017,@lufthansa Thanks for making this right. Customer service went above and beyond. Made the best out of a bad day of travel. Thanks again.
918597013213728800,Thu Oct 12 21:59:29 +0000 2017,Proverbs 18:4 - The words of a man's mouth are deep waters; the fountain of wisdom is a bubbling brook.
917953341484945400,Wed Oct 11 03:21:46 +0000 2017,@ThatDudeF @Hamoush9 😂😂 there's enough to go around just @ me and I'll make it happen
917937621174759400,Wed Oct 11 02:19:18 +0000 2017,@Hamoush9 @ThatDudeF Who knows what I was thinking. Lemme know if your in Philly and wanna come to a game. And I ha… https://t.co/diHUaXcwYf
906953884744089600,Sun Sep 10 18:53:51 +0000 2017,@whistlingbandit No I never found my little guy. Hoping someone took him in or he's living out his feral life the way he always wanted too.
893639169330827300,Sat Aug 05 01:05:55 +0000 2017,@reallyjoco Buy the teeth
888830595412901900,Sat Jul 22 18:38:22 +0000 2017,Philippians 4:7 - And the peace of God, which surpasses all understanding, will guard your hearts and your minds in… https://t.co/1HxayzAoVZ
887527076672278500,Wed Jul 19 04:18:39 +0000 2017,@dismayne @SeaWorld @thetacostandlj @blackfishmovie
882222977173114900,Tue Jul 04 13:02:03 +0000 2017,@Yofollowme2 idk you but thanks for the support cuzzo 👊🏽
881849690102345700,Mon Jul 03 12:18:44 +0000 2017,@lufthansa Feedback ID 31087156 thank you.
881841003325517800,Mon Jul 03 11:44:13 +0000 2017,@lufthansa I emailed you. And got no reply. I stayed the night in Nairobi and got a bottle of water and Twix candy… https://t.co/8Oq9t3cyec
881566857236545500,Sun Jul 02 17:34:52 +0000 2017,@lufthansa 7 hour delay in Nairobi airport. No food/water or hotel accommodation. Just wanna get home. Very disappointed.
881045385854111700,Sat Jul 01 07:02:43 +0000 2017,That's a wrap here in Nairobi! I learned so much from these kids and I hope they are blessed by the word of God and… https://t.co/P5mjXIRbUD
880614888472707100,Fri Jun 30 02:32:05 +0000 2017,@sidneyralbright Thank you!
880614697728430100,Fri Jun 30 02:31:19 +0000 2017,@AyeToriK @hornets Thanks for the message. And support! We'll see!
880614607215263700,Fri Jun 30 02:30:58 +0000 2017,@Royschach51 Yessir. Thanks for that!
880614557869363200,Fri Jun 30 02:30:46 +0000 2017,@REALpaulvally Appreciate that! Thanks for the message!!!
880614424758956000,Fri Jun 30 02:30:14 +0000 2017,@ginovalencia @hbarnes Much respect. Thanks for the shoutout 🤙🏽
880614272056819700,Fri Jun 30 02:29:38 +0000 2017,@Arrianaa_ You know that's right. Thanks for the message!
880614184593051600,Fri Jun 30 02:29:17 +0000 2017,@TravisDodge @cjviray Thanks for the support! Appreciate it 🤙🏽
880614082663112700,Fri Jun 30 02:28:52 +0000 2017,@HectorF1534 @cjviray Thanks for the message! Gods got me.
880614027675791400,Fri Jun 30 02:28:39 +0000 2017,@wukickr7 @cjviray Thanks for your prayers 🙏🏽
880569447664107500,Thu Jun 29 23:31:31 +0000 2017,@cjviray Thanks for the support homie 🤙🏽
880569189706203100,Thu Jun 29 23:30:29 +0000 2017,@RealMikeBrandon @hornets #GoHeels
880565295173251100,Thu Jun 29 23:15:01 +0000 2017,@AlberGSW33 Thank you!
880105134625259500,Wed Jun 28 16:46:30 +0000 2017,Hump day at 1 Died 4 All here in Nairobi was amazing! Had almost 200 campers! Dad taught bible and a bunch of kids… https://t.co/1ZhW15Aplf
879408280916963300,Mon Jun 26 18:37:27 +0000 2017,1st day of 1Died4All bball camp in Nairobi, Kenya was great! Had about 130+ kids learning about the love of Jesus C… https://t.co/32ETphmAZO
879384393659404300,Mon Jun 26 17:02:32 +0000 2017,@O_Kay_E @hopecentre Great first day of camp!!!
878460942820016100,Sat Jun 24 03:53:04 +0000 2017,@dismayne I'm going early July. I'll scope it 🤙🏽
878453344561508400,Sat Jun 24 03:22:52 +0000 2017,@lufthansa you guys and girls are awesome. Made my day of travel great despite two massively long flights. Bravo my friends.
878113993281294300,Fri Jun 23 04:54:25 +0000 2017,@yelphawaii I'm ready 🤙🏽
877611228494831600,Wed Jun 21 19:36:36 +0000 2017,Congrats brodie 🤙🏽 https://t.co/KbxJIL6Lwr
877508506571554800,Wed Jun 21 12:48:25 +0000 2017,@ikiris @IFlyOAKland @TSA Just a normal dude 🤙🏽 #safetravels #mymomstraderjoesbag
877248681447014400,Tue Jun 20 19:35:58 +0000 2017,We back @thereal_kmp https://t.co/QXUq1A96Ca
877199325884932100,Tue Jun 20 16:19:51 +0000 2017,@MarkUNCLentz Is that a VW double cab?
877149842916515800,Tue Jun 20 13:03:13 +0000 2017,nothing better than checking into @SouthwestAir flight and getting that A1 position #excusemeim#1 #frugalliving
877013798539755500,Tue Jun 20 04:02:38 +0000 2017,ramen noodles and a slurpee for dinner tonight #tonsillectomy
876548185837101000,Sun Jun 18 21:12:27 +0000 2017,@lo_mcadoo 😘 https://t.co/9qnK0NIf5d
876525738156974100,Sun Jun 18 19:43:15 +0000 2017,@Ash__V Got mine in college. Was recommended to me by one if my advisors. Allows me to make relationships in the business world outside NBA.
876482283645030400,Sun Jun 18 16:50:35 +0000 2017,Congrats big homie!!! God is good!!! https://t.co/6VO6Ndz5O7
875499128029040600,Thu Jun 15 23:43:52 +0000 2017,My dawgs #Maverick #Marlowe https://t.co/jXo7v833a5
875397290105622500,Thu Jun 15 16:59:12 +0000 2017,@Thanasis_ante43 That boy fly
875384734905270300,Thu Jun 15 16:09:19 +0000 2017,Mood: ALL SUMMER LONG https://t.co/Alaxto7xEz
875237007701622800,Thu Jun 15 06:22:18 +0000 2017,Proverbs 18:4 - The words of a man's mouth are deep waters; the fountain of wisdom is a bubbling brook. #1Died4All
875043326017257500,Wed Jun 14 17:32:41 +0000 2017,What a journey it's been! From Norfolk, VA to the Bay! Gods always been our foundation and inspiration. Truly bless… https://t.co/aA1ymAnS73
874536005658828800,Tue Jun 13 07:56:46 +0000 2017,Summer time grind! Nothing like it!
874527189609455600,Tue Jun 13 07:21:44 +0000 2017,@Kor3aYn Me bro. Let's play COD sometime.
874523593782173700,Tue Jun 13 07:07:27 +0000 2017,Love my brothas!!!
874523495866048500,Tue Jun 13 07:07:03 +0000 2017,2x NBA Champion!!! To God be all the glory, honor, and praise!!!
873533484123521000,Sat Jun 10 13:33:06 +0000 2017,@TarheelBlue4me Romans 5:8 - But God demonstrates his own love for us in this: While we were still sinners, Christ died for us. #1Died4All
873399879724388400,Sat Jun 10 04:42:12 +0000 2017,and the flowers fall, but the word of the Lord endures forever.” And this is the word that was preached to you. #1Died4All
873399854306918400,Sat Jun 10 04:42:06 +0000 2017,1 Peter 1:24-25 - For, “All people are like grass, and all their glory is like the flowers of the field; the grass withers...
872665669820715000,Thu Jun 08 04:04:43 +0000 2017,@HoodJesusYo 😂😂😂😂
872475516879740900,Wed Jun 07 15:29:07 +0000 2017,@EbeoChloe Thank you 🤙🏽
872467268575404000,Wed Jun 07 14:56:21 +0000 2017,Yes https://t.co/k9VpBTeyZ3
872263872572530700,Wed Jun 07 01:28:07 +0000 2017,Yes 🤙🏽 https://t.co/mxZZEE2PuZ
870402082024546300,Thu Jun 01 22:10:02 +0000 2017,@GoBuilderSports Good move 🙏🏽
870099035180245000,Thu Jun 01 02:05:50 +0000 2017,@HawaiianAir Yessss 🤙🏽
859888485234114600,Wed May 03 21:52:45 +0000 2017,Proverbs 27:17 - “Iron sharpens iron, and one man sharpens another.” #1Died4All
859493558100779000,Tue May 02 19:43:27 +0000 2017,Go check out my big bros @BenjaminSWatson new book #NewDadsPlaybook. Helping men to be the best father they can! https://t.co/iYX3DGdQ9W
859266069763989500,Tue May 02 04:39:30 +0000 2017,That's my dawg!!! One a the realist right there. I go to battle with you anytime bro. Never forget those days!!! Yo… https://t.co/VJ2hKwLsqt
856744335831818200,Tue Apr 25 05:39:01 +0000 2017,@CoachAndyAck Appreciate that! No problem 🤙🏽
856740042772930600,Tue Apr 25 05:21:58 +0000 2017,Yessir!!! First round taken care of properly!!! Time to get back to the bay! Shoutout to #DubNation making the trip up to PDX! #1Died4All
856151761303633900,Sun Apr 23 14:24:21 +0000 2017,1 Cor. 1:27 - “But God chose what is foolish in the world to shame the wise; God chose what is weak in the world to shame the strong;”
855819822558466000,Sat Apr 22 16:25:20 +0000 2017,@Goffinet10 @WavesNotPlastic I'd be there but gotta play in Portland tonight. Thanks for invite tho 🤙🏽
854391344713785300,Tue Apr 18 17:49:05 +0000 2017,@Dylan31lfe Mahalo my friend 🤙
853848518464753700,Mon Apr 17 05:52:05 +0000 2017,@carolineonewton Thank you!
853848444347105300,Mon Apr 17 05:51:47 +0000 2017,@YBains_ Will do 🤙
853848396850843600,Mon Apr 17 05:51:36 +0000 2017,@nolan_eb15 Sweet. Buddy a mine has a church up there. Here's the website https://t.co/v1t8MGXKWT great church. Pre… https://t.co/oA91xXwivE
853752479212642300,Sun Apr 16 23:30:27 +0000 2017,He is risen!!! Pops aka Og Spiritual Gangsta!!! Bringing the noise this Easter weekend! #1Died4All https://t.co/rkePfb9U0h
853752315219648500,Sun Apr 16 23:29:48 +0000 2017,@nolan_eb15 Bay Area?
853748052284252200,Sun Apr 16 23:12:52 +0000 2017,@nolan_eb15 Hey I wanna invite you to the church I go to. Here's the link to the website https://t.co/FuSbu1kpvi le… https://t.co/1meQkK2Vwk
853641566602252300,Sun Apr 16 16:09:44 +0000 2017,RT @hbarnes: He is risen!!!! Happy Easter #ResurrectionSunday  https://t.co/8T3Vn2jJYB https://t.co/fFaaWL4jGa
852702768695394300,Fri Apr 14 01:59:17 +0000 2017,RT @andrewbogut: Happy Easter weekend to all! Enjoy this time w your family and friends.
852641212498550800,Thu Apr 13 21:54:41 +0000 2017,@nolan_eb15 “Bless those who persecute you; bless and do not curse them.” Romans 12:14
852626499173613600,Thu Apr 13 20:56:13 +0000 2017,@DeThompson9 @ABA_League Congrats bro!
852625726469619700,Thu Apr 13 20:53:08 +0000 2017,@crn2062 Thank you!!!
852625691019329500,Thu Apr 13 20:53:00 +0000 2017,@gt8167c @warriors All headed up thank you!
852625645540589600,Thu Apr 13 20:52:49 +0000 2017,@Just_Maureen_ Yes! Thank you!
852625605589848000,Thu Apr 13 20:52:40 +0000 2017,@80Hokie24 Thank you!
852622440043651100,Thu Apr 13 20:40:05 +0000 2017,@TarHeelNation93 “A soft answer turns away wrath, but a harsh word stirs up anger.” Proverbs 15:1 - thanks 🤙
852621487399870500,Thu Apr 13 20:36:18 +0000 2017,@nolan_eb15 “A soft answer turns away wrath, but a harsh word stirs up anger.” Proverbs 15:1 - thanks for that insight 🤙.
852552382881726500,Thu Apr 13 16:01:42 +0000 2017,Regular season in the books. Thanks #dubnation for all the support! To God be the glory! #1Died4All https://t.co/bu1MXhJFNx
851937873821524000,Tue Apr 11 23:19:52 +0000 2017,#nationalpetday #macyisouttheresomewhere https://t.co/8iSNfKNRio
850871087000834000,Sun Apr 09 00:40:50 +0000 2017,@therealkneumann Nutella
850467895750426600,Fri Apr 07 21:58:41 +0000 2017,A real hero. A man after Gods own heart. Love and prayers out to Tim and all who knew him. #1Died4All https://t.co/lgjRbd2zHS
850455085448429600,Fri Apr 07 21:07:47 +0000 2017,RT @nbadleague: Former @AmericanExpress teammates w/ the @DLeagueWarriors, @JamesMcAdoo &amp; @SeanKilpatrick have made the jump to the @NBA! #…
850191180121997300,Fri Apr 07 03:39:07 +0000 2017,Me and the guys will be praying for you Jaylen! Your a real fighter dude 🤙 sending love from the #Dubs https://t.co/s2cE3d4PwW
850105760474320900,Thu Apr 06 21:59:42 +0000 2017,@ppolischuk @IanClark Yes. You can't get a new one. It's one of the unwritten rules of wearing a headband.
850099706722041900,Thu Apr 06 21:35:38 +0000 2017,@ppolischuk @IanClark I know a guy...
850099650715570200,Thu Apr 06 21:35:25 +0000 2017,@Matt_Millii @LetsGoWarriors Will do 🤙
850099606394347500,Thu Apr 06 21:35:14 +0000 2017,@SayNoMore21 lol chillll. Can't show the whole game at once!
850097457618755600,Thu Apr 06 21:26:42 +0000 2017,@JoshG_W No I made it.
850097303792754700,Thu Apr 06 21:26:05 +0000 2017,@callenstwittter Matt. 12:36 - “I tell you, on the day of judgment people will give account for every careless word they speak,”
850095999687172100,Thu Apr 06 21:20:55 +0000 2017,RT @IanClark: @jamesmcadoo Headband gang!
850088687820042200,Thu Apr 06 20:51:51 +0000 2017,Only 3 games left in the regular season! Let's finish these out the right way! https://t.co/4kTJhpqPdT
849440820801531900,Wed Apr 05 01:57:28 +0000 2017,Diamond Park, Oakland and surrounding areas. https://t.co/tIQp00XVzF
849421682360102900,Wed Apr 05 00:41:25 +0000 2017,Public Service Announcement https://t.co/UFAZb92G3B
849341156236435500,Tue Apr 04 19:21:26 +0000 2017,@TarheelBlue4me Lol taking it waaaaay back. Nothing like chapel hill!!! Miss it!!!
849295907401195500,Tue Apr 04 16:21:38 +0000 2017,@LEGEN____DAIRY 😂😂😂
849114890077847600,Tue Apr 04 04:22:20 +0000 2017,Natty!!!! So happy for them boys!!!! Heels back on top!!!! All is right!!!
848724403772727300,Mon Apr 03 02:30:41 +0000 2017,RT @BIackPplVids: How I feel when it's time to link up for plans I made 3 weeks ago. https://t.co/NfD4DQHznH
848375700104949800,Sun Apr 02 03:25:03 +0000 2017,0-4 never looked so good!!!
848340641767497700,Sun Apr 02 01:05:45 +0000 2017,I want a 20 point win. No games!
848340355468542000,Sun Apr 02 01:04:36 +0000 2017,@JOEL9ONE We welcome them with open arms!
848215843611721700,Sat Apr 01 16:49:50 +0000 2017,Good team win last night! #DubNation had Oracle rockin!!! https://t.co/UGBMM21mo2
847943351693226000,Fri Mar 31 22:47:03 +0000 2017,@electric hey do you guys have a contact for discussing a possible partnership/sponsorship?
847685636530217000,Fri Mar 31 05:42:59 +0000 2017,@GirlNamedJordan This guy 😂😂😂
847617381954236400,Fri Mar 31 01:11:46 +0000 2017,RT @shannoncoulter: So apparently Mike Flynn just told the FBI he'll testify in exchange for immunity. https://t.co/bvC45v5354 https://t.co…
847172591479599100,Wed Mar 29 19:44:20 +0000 2017,Woke up feeling blessed by God to play this game! Bunch a gnarly stitches and so much luv from y'all. Thanks for th… https://t.co/sGk1j6np04
846142841357160400,Sun Mar 26 23:32:28 +0000 2017,#TheCeilingIsTheRoof
846141054663311400,Sun Mar 26 23:25:22 +0000 2017,Put that man Luke Maye in the rafters FRONT ROW!!!!
845545473012224000,Sat Mar 25 07:58:44 +0000 2017,@edwardpaz thanks for coming. And always my brotha in the Lord!!!
845545365151502300,Sat Mar 25 07:58:19 +0000 2017,@Melissa_Seng thanks for coming!
845545309379833900,Sat Mar 25 07:58:05 +0000 2017,@Dylan31lfe 2xl
845352741509611500,Fri Mar 24 19:12:54 +0000 2017,@Dylan31lfe yep for sure. Send it to 1011 Broadway, Oakland CA 94607 🤙
836987248159641600,Wed Mar 01 17:11:25 +0000 2017,RT @CoachHallNTF: Hey kids pay attention to Denzel https://t.co/jec0VR1w6e
836317968309043200,Mon Feb 27 20:51:56 +0000 2017,@_Terrellallen text me bro
835913684824174600,Sun Feb 26 18:05:27 +0000 2017,@GHamJ8 Hawaiian sun.
835579439329099800,Sat Feb 25 19:57:17 +0000 2017,@GoNCSBasketball @malikthebeast2 @EGibson1_ @eliboi23 @Lil_Edwards42 @thegame60377 @NCS_Ambassadors way 2 go guys! Proud of you Ambassadors!
835249112249348100,Fri Feb 24 22:04:41 +0000 2017,@DLeagueWarriors @AweSumOrganics  @dismayne https://t.co/jwfrv1UhFy
834495852915744800,Wed Feb 22 20:11:30 +0000 2017,@EthanBG just trying to use my platform for good! Too much negativity in this world. No bad days!!!
834495695465746400,Wed Feb 22 20:10:52 +0000 2017,@bcribb3 amen my brotha!!! #1Died4All
834477171070562300,Wed Feb 22 18:57:16 +0000 2017,#FreeDane
834476564116942800,Wed Feb 22 18:54:51 +0000 2017,Romans 8:28 - And we know that for those who love God all things work together for good, for those who are called according to his purpose.
833557891223216100,Mon Feb 20 06:04:22 +0000 2017,@john_baden just messaged you.
833551514803187700,Mon Feb 20 05:39:02 +0000 2017,@john_baden yes. When?
833541840238321700,Mon Feb 20 05:00:35 +0000 2017,in the flesh I live by faith in the Son of God, who loved me and gave himself for me." #1Died4All
833541179958366200,Mon Feb 20 04:57:58 +0000 2017,Galatians 2:20 - "I have been crucified with Christ. It is no longer I who live, but Christ who lives in me. And the life I now live...
833476854254231600,Mon Feb 20 00:42:21 +0000 2017,@BornWarrior88 thank you!
833476795055747100,Mon Feb 20 00:42:07 +0000 2017,@Rodwagner10 all the time God is good! Thanks for the support!
832009204223184900,Wed Feb 15 23:30:26 +0000 2017,@napoleonkaufman just heard a brief message of yours on AM 1100. Needed to hear that word. Thank you sir and God bless.
811752621602177000,Thu Dec 22 01:58:01 +0000 2016,@tatefrazier 😂😂😂😂
810562518976315400,Sun Dec 18 19:08:58 +0000 2016,What an amazing group of kids from the Santa Cruz foster home system! Such a blessing to be apart of this!… https://t.co/S1Dnq469PC
807334540712742900,Fri Dec 09 21:22:08 +0000 2016,@TarheelBlue4me follow me so I can DM you.
807260807088046100,Fri Dec 09 16:29:09 +0000 2016,@TarheelBlue4me what point are you trying to get across?
806775957839233000,Thu Dec 08 08:22:32 +0000 2016,https://t.co/ooGHcq04Fu
806354300402208800,Wed Dec 07 04:27:01 +0000 2016,This is why @lo_mcadoo doesn't let me go on twitter.
806199745093865500,Tue Dec 06 18:12:52 +0000 2016,@I_Heardem_Zay 😂😂😂😂
806062937760616400,Tue Dec 06 09:09:14 +0000 2016,@pg831 historic
805669083865751600,Mon Dec 05 07:04:12 +0000 2016,Matthew 7:7 - "Ask, and it will be given to you; seek, and you will find; knock, and it will be opened to you.” #1Died4All
805638456076439600,Mon Dec 05 05:02:30 +0000 2016,@winstonchungmd does this show live up to all the hype I'm hearing? #askingforafriend
805629152866877400,Mon Dec 05 04:25:32 +0000 2016,Nothing but people on the ground protecting what they love. Not just for themselves but for the future of… https://t.co/gtpvnPOtWF
805100473912987600,Sat Dec 03 17:24:45 +0000 2016,@GoNCSBasketball @h_hatcher31 way to play bro!
803796466296721400,Wed Nov 30 03:03:06 +0000 2016,Grew up looking up to this guy. Awesome to see him taking a stand on racial injustice where I consider home. https://t.co/TeskBytqhY
803723817549824000,Tue Nov 29 22:14:25 +0000 2016,Join me and @Surfrider on #GivingTuesday this year and help protect what you love! Find out how at… https://t.co/QmA7wdMAlR
803068168503558100,Mon Nov 28 02:49:06 +0000 2016,@LEGEN____DAIRY @GuyCodes @vine 😂😂😂
801891042832183300,Thu Nov 24 20:51:37 +0000 2016,Black Friday/Cyber Monday deals who got um? Talk to me.
801868604727705600,Thu Nov 24 19:22:28 +0000 2016,RT @rickydanny: Secret Opening Friday November 25th @buellsurf 9am at 907 41st Ave and 11am at 544 Palm St.… https://t.co/9C1AP09dNn
801701411226406900,Thu Nov 24 08:18:05 +0000 2016,Where is the "secret" hot tub in Berkeley?
801684116265582600,Thu Nov 24 07:09:22 +0000 2016,@StarlineSC pull up #skkrrrrrt
800391544733925400,Sun Nov 20 17:33:09 +0000 2016,James 1:3 - “for you know that the testing of your faith produces steadfastness.” #1Died4All
799479392124670000,Fri Nov 18 05:08:35 +0000 2016,Proverbs 16:9 The heart of a man plans his way, but the Lord establishes his steps. #1Died4All
794266531488071700,Thu Nov 03 19:54:32 +0000 2016,Great experience speaking w/ kids at @calhighinfo. Thanks to the "Black Student Union" for organizing this &amp; taking… https://t.co/Ghyii1WtHf
794260276237373400,Thu Nov 03 19:29:41 +0000 2016,This was truly amazing! High school students choosing to take a stand against racism in their school and community! https://t.co/aQY4csikWj
793923274853871600,Wed Nov 02 21:10:33 +0000 2016,RT @mrsbrear: It takes a community! Thank you @jamesmcadoo! @warriors #notonourground @notinourtown https://t.co/lcjNBYV5Wy
792905403830984700,Mon Oct 31 01:45:54 +0000 2016,@KWright44 bruh. Respect the three hour time difference please!
792900459027509200,Mon Oct 31 01:26:15 +0000 2016,@Chris_Topher45 ballin on a budget. I like it 👌🏽
792893208040616000,Mon Oct 31 00:57:26 +0000 2016,@Chris_Topher45 Dustin
792534668914466800,Sun Oct 30 01:12:44 +0000 2016,RT @darrenrovell: Members of the Ho-Chunk &amp; Potawatomi  tribe of Illinois protesting Chief Wahoo logo outside Wrigley https://t.co/n6byRmk5…
792460869548421100,Sat Oct 29 20:19:29 +0000 2016,I mean cmon. https://t.co/1opHIt1IIR
791693556960276500,Thu Oct 27 17:30:27 +0000 2016,This sucks. People unite and come together. Throw a bunch of money and resources into something. But yet here we ar… https://t.co/8FQFDrAP1r
791691684153143300,Thu Oct 27 17:23:01 +0000 2016,Please read. EDUCATE YOURSELF! #IgnoranceIsNOTBliss https://t.co/b4pa5jEzdQ
790780071841665000,Tue Oct 25 05:00:35 +0000 2016,Can anyone recommend me a good book on the Vietnam War?
790703746686738400,Mon Oct 24 23:57:18 +0000 2016,@SeanKilpatrick @and1basketball congrats bro. Size 15. Need them.
790657612001849300,Mon Oct 24 20:53:59 +0000 2016,@KWright44 bro he done Deebo'd the entire show 😑
790432812713119700,Mon Oct 24 06:00:42 +0000 2016,@steveyeun @Cudlitz thank you. You both were great. If you ever want to come to a Warriors game let me know.
790431680766971900,Mon Oct 24 05:56:12 +0000 2016,@madslime23 them boys gonna be ready. They are hungry. Lost some key guys but Hicks Berry and Justin Jackson gonna take them right back
790431117274775600,Mon Oct 24 05:53:58 +0000 2016,@madslime23 oh most definitely. Rick gonna make sure a that. Probably gone be awhile tho lol like you said a few seasons
790430939230765000,Mon Oct 24 05:53:16 +0000 2016,@madslime23 true. Guess it's on michonne rick and carl at this point. Gone be tough tho. They back to square 1. We'll see next week!
790430271992541200,Mon Oct 24 05:50:36 +0000 2016,@DTrickTheArcher I know. I messed up. That's my bad.
790429889824370700,Mon Oct 24 05:49:05 +0000 2016,@madslime23 it's over for her. She gonna lose her mind without Glenn. Need the old Maggie back ASAP.
790429047880769500,Mon Oct 24 05:45:45 +0000 2016,@madslime23 didn't think they would bring him back then just kill him. I was wrong. Tough one to come to grips with.
790428847728570400,Mon Oct 24 05:44:57 +0000 2016,@anthonymaselli9 went out like I expected him. He was a good dude. Will be missed.
790428054032048100,Mon Oct 24 05:41:48 +0000 2016,Despise doesn't even scratch the surface. https://t.co/AYWtdcL1wa
790427763857461200,Mon Oct 24 05:40:38 +0000 2016,Spoiler Alert. My apologies. https://t.co/WDQoPimUy7
790427162964734000,Mon Oct 24 05:38:15 +0000 2016,When he smacked Glenn with the baseball bat I turned the tv off. It wasn't real.
790420959387717600,Mon Oct 24 05:13:36 +0000 2016,I'm off #TheWalkingDead for awhile. I can't. Gonna need time. Lots of time.
789993382688854000,Sun Oct 23 00:54:34 +0000 2016,@LaurenMeyer22 @brant PRAISE HIM!
789846698872807400,Sat Oct 22 15:11:42 +0000 2016,@LEGEN____DAIRY bruh you know I'm nice with the ✂️
789844593600712700,Sat Oct 22 15:03:20 +0000 2016,@jenhalsey thank you!
789844534666465300,Sat Oct 22 15:03:06 +0000 2016,@pg831 🙌🏽
789290769400131600,Fri Oct 21 02:22:38 +0000 2016,Watching the documentary 13TH on Netflix again. I urge you to watch it. Educate yourself. Ignorance is NOT bliss.
788819755381628900,Wed Oct 19 19:10:59 +0000 2016,Spent some time w/ Boys To Men Mentoring as well as Boys &amp; Girls Club of San Diego. A lot of young responsible lead… https://t.co/N4E2lcqHrB
788781719822344200,Wed Oct 19 16:39:51 +0000 2016,@Chrysler @Jeep how can you guys have a recall on the passenger side airbag inflator but no part to fix it?
788540086681862100,Wed Oct 19 00:39:41 +0000 2016,RT @BGCofGreaterSD: NBA player @jamesmcadoo of the @warriors visited the Clairemont Branch to read a story, answer questions &amp; sign autogra…
788540075617288200,Wed Oct 19 00:39:39 +0000 2016,Thanks for having me! https://t.co/Jw8pcyZhm0
788540018297937900,Wed Oct 19 00:39:25 +0000 2016,@jballgame1 @ScottKaplan thank you for those words. Always!
788530661397114900,Wed Oct 19 00:02:14 +0000 2016,RT @ScottandBR: Warriors Forward James McAdoo is our new favorite NBA player! https://t.co/FaUUiSasIr
788285340578492400,Tue Oct 18 07:47:25 +0000 2016,I miss Disney channel original movies
787834464554541000,Mon Oct 17 01:55:48 +0000 2016,Littering sucks. Always leave the beach with more than you came with. My momma taught me that as a youngin.… https://t.co/gPrAs3zH74
787340210904244200,Sat Oct 15 17:11:49 +0000 2016,Jesus doesn't call the equipped, he equips the ones he calls. #1Died4All
787146402166038500,Sat Oct 15 04:21:41 +0000 2016,@warriorsbestfan thank you!!!
787075679095435300,Fri Oct 14 23:40:39 +0000 2016,Who needs tickets for tonight's game in Denver? @ me a name.
787042619045969900,Fri Oct 14 21:29:17 +0000 2016,@lo_mcadoo Mavericks long lost brother https://t.co/MSm8ju7Av1
786800059937501200,Fri Oct 14 05:25:26 +0000 2016,@Trell_Jones98 you will be saved.” - Romans 10:9 #1Died4All
786800038265491500,Fri Oct 14 05:25:21 +0000 2016,@Trell_Jones98 “because, if you confess with your mouth that Jesus is Lord and believe in your heart that God raised him from the dead, you
786751645610709000,Fri Oct 14 02:13:04 +0000 2016,See this remote has the "Netflix" button but the TV doesn't have Internet #BOOM @andre @Loon_Rebel5 @PMcCaw0 https://t.co/I8anP8vO6z
786683640541503500,Thu Oct 13 21:42:50 +0000 2016,Where are all my foodies in Denver? Please give me some spots.
786426819973042200,Thu Oct 13 04:42:19 +0000 2016,Got to speak w/ some student athletes from Mt. Eden High School! Kids were very hungry to learn! Can't wait to see… https://t.co/BFClNQuElf
786425620087451600,Thu Oct 13 04:37:33 +0000 2016,@Cukoo4u Such a great group &amp; hungry to learn! Just finished that show how cool! Plan on heading to see the bball team soon you should join!
786360585776541700,Thu Oct 13 00:19:08 +0000 2016,@jackkonstanzer3 you have to be a certified @UGG sponsored athlete.
786325692862431200,Wed Oct 12 22:00:29 +0000 2016,@f8th4lyf_2 thanks for your help!
786325546342887400,Wed Oct 12 21:59:54 +0000 2016,@emmitd21 would love that. Thanks for that info!
786325397210136600,Wed Oct 12 21:59:18 +0000 2016,@Esq2thePeople thanks that's huge.
786325141533761500,Wed Oct 12 21:58:17 +0000 2016,@Casssruth @jackkonstanzer3 Marlowe would beg to differ. https://t.co/iCYq81nk62
786281475637321700,Wed Oct 12 19:04:46 +0000 2016,@JB3HUNNA preach my brotha
786079405638582300,Wed Oct 12 05:41:49 +0000 2016,@kaleena93 okay makes sense. Does your tribe have a Chief or like its own form of leaders? Or is that only found on the reservations?
786073122885800000,Wed Oct 12 05:16:51 +0000 2016,@arielnavaphoto is that an actual reservation? Doesn't show as one on my map. Just as a park.
786072675651289100,Wed Oct 12 05:15:05 +0000 2016,@kaleena93 all over N. Cali? Or in a specific area? Is that more common? Sorry for all the questions just trying to educate myself.
786071354089046000,Wed Oct 12 05:09:49 +0000 2016,closest Native American reservation to Northern California?
786052647690305500,Wed Oct 12 03:55:30 +0000 2016,I'm sick
785901825077542900,Tue Oct 11 17:56:11 +0000 2016,Proverbs 18:4 - “The words of a man’s mouth are deep waters; the fountain of wisdom is a bubbling brook.” #1Died4All
785734144454107100,Tue Oct 11 06:49:52 +0000 2016,Thank you @SFGiants now good night and see you tomorrow!
785712645684858900,Tue Oct 11 05:24:27 +0000 2016,@sicilianMillion Giants vs cubs game
785711801635774500,Tue Oct 11 05:21:05 +0000 2016,I'm gonna be sick
785705271913959400,Tue Oct 11 04:55:09 +0000 2016,LEEETTTTSSSSS GGGOOOOOOOOOOOKK
785594160954826800,Mon Oct 10 21:33:38 +0000 2016,#ColumbusDay https://t.co/4WhvtFKZzO
785521455706406900,Mon Oct 10 16:44:43 +0000 2016,We have a criminal justice system that treats you better if you are rich and guilty than if you are poor and innocent
785271998301691900,Mon Oct 10 00:13:28 +0000 2016,Wife's Birthday today! Mmhmm you already know! Love me some beautiful Lo Mac! Show her some bday love y'all… https://t.co/v11jszs857
784991564598616000,Sun Oct 09 05:39:08 +0000 2016,What an awesome day
784929299371470800,Sun Oct 09 01:31:42 +0000 2016,#FACTS https://t.co/c1a8rMgZhk
784594539755569200,Sat Oct 08 03:21:29 +0000 2016,Come kick it w/ me and the good people of @BoardroomSurf tomorrow in the great city of Santa Cruz at Kaiser Permane… https://t.co/jUggwEqoIq
784271014880424000,Fri Oct 07 05:55:55 +0000 2016,@Casssruth @jackkonstanzer3 I'm unfollowing you next time I see this tweet
783867674606473200,Thu Oct 06 03:13:11 +0000 2016,RT @winstonchungmd: Win or lose, Madison Bumgarner is the greatest post-season pitcher of our time. #SFGiants #WildCard
783748641643049000,Wed Oct 05 19:20:12 +0000 2016,@darrenrovell this is why I follow you. You never disappoint.
783684545820303400,Wed Oct 05 15:05:30 +0000 2016,Where is the place to watch the Giants game in the Bay?
783548669102522400,Wed Oct 05 06:05:35 +0000 2016,@bjohnson_23 @marcuspaige5 the absolute struggle.
782971665709830100,Mon Oct 03 15:52:46 +0000 2016,they really cancelling SpongeBob?
780626505420329000,Tue Sep 27 04:33:56 +0000 2016,Saying a prayer for the crib before I lay my head to sleep tonight. Everyone please be safe. @santacruzwaves https://t.co/FFfpL3hVhQ
780564006931095600,Tue Sep 27 00:25:36 +0000 2016,@andrewbogut Food Network
780426034684399600,Mon Sep 26 15:17:20 +0000 2016,Acts 4:12 And there is salvation in no 1 else, for there is no other name under heaven given among men by which we must be saved. #1Died4All
780243436112838700,Mon Sep 26 03:11:46 +0000 2016,Always good to spend time with the Carolina family! https://t.co/lhbjodexHX
780214455204323300,Mon Sep 26 01:16:36 +0000 2016,@Mospeights16 👀 https://t.co/q29PjeST3c
779818608666869800,Sat Sep 24 23:03:39 +0000 2016,Franklin street gone be lit tonight I already know
779818261684768800,Sat Sep 24 23:02:16 +0000 2016,Larry Fedora
777163795504386000,Sat Sep 17 15:14:22 +0000 2016,Coastal clean up day. Do your part. I am.
776539787826081800,Thu Sep 15 21:54:47 +0000 2016,@ChickfilA you guys are just the best
776167249207894000,Wed Sep 14 21:14:27 +0000 2016,@Sassy_Cassie24_ yep!
776156691448541200,Wed Sep 14 20:32:30 +0000 2016,Watching @usawchrugby play. Josh Brewer is good!!!
774759862915825700,Sun Sep 11 00:02:00 +0000 2016,@IvoryLatta12 makes life a lot more simple
774297137051897900,Fri Sep 09 17:23:17 +0000 2016,Is the gallon milk challenge impossible? #AskingForAFriend
773692185422143500,Thu Sep 08 01:19:26 +0000 2016,@dallasisahuman huh?
773649804815499300,Wed Sep 07 22:31:01 +0000 2016,RT @roberthrogers1: @jamesmcadoo of @warriors in Richmond Saturday thnx to @4RichmondCA for voter registration event at Nichol Park. https:…
773344676799664100,Wed Sep 07 02:18:33 +0000 2016,@hey_morg I mean COME ON!!!
772869493475250200,Mon Sep 05 18:50:21 +0000 2016,Where the cookout today?! I'm tryin to pull up!
771740363224600600,Fri Sep 02 16:03:35 +0000 2016,@DavidNayfeld thanks again for the great meal! Looking forward to trying your new spot!
771737256767856600,Fri Sep 02 15:51:14 +0000 2016,Who knew deer like to body surf https://t.co/o4JEkolTN3
771723720058474500,Fri Sep 02 14:57:27 +0000 2016,RT @BenjaminSWatson: This is utterly disgusting. What are our women really worth to us?  https://t.co/7XHpFpfWcl
771548268220133400,Fri Sep 02 03:20:16 +0000 2016,@Chris_Topher45 dude. One of the greatest.
771129335365283800,Wed Aug 31 23:35:35 +0000 2016,RT @957thegame: Right now with @DamonBruce... Warriors forward @jamesmcadoo  breaks down his off-season and what to expect for the 2016-17…
771128985421918200,Wed Aug 31 23:34:11 +0000 2016,Heading on air with @DamonBruce right now! Check us out of you have time! Looking forward to talking about this upcoming season!
770469444351131600,Tue Aug 30 03:53:24 +0000 2016,@andrewbogut nothing hurts a restaurant more than a bad review. Yelp is not for everyone but you sir are made for it!
770423564151382000,Tue Aug 30 00:51:06 +0000 2016,@hey_morg wth. In Cali. Respect the 3 hour time difference.
763876742612344800,Thu Aug 11 23:16:22 +0000 2016,2 years past due, but thanks to the @TheNBPA &amp; @NBA for putting on a great Rookie Transition Program!
754710248896786400,Sun Jul 17 16:11:59 +0000 2016,@robmontraix Glad you're glad Rob, and thank you, that means a lot! As for the dribbling workouts...ill try and hang! lol
754552509549740000,Sun Jul 17 05:45:11 +0000 2016,RIP to the legend and fellow Warrior, Nate Thurmond. Your presence will never leave the game we all love. 💯🙏🏽 https://t.co/Dia1KTdIj2
754099622872698900,Fri Jul 15 23:45:35 +0000 2016,@CourtSportKing @wachfox of course! Glad y'all came out. We'll be in touch. Keep doing what you Do! #1Died4All
754088439935438800,Fri Jul 15 23:01:09 +0000 2016,@PerfectDru ...👀
754088343617417200,Fri Jul 15 23:00:46 +0000 2016,Thanks @UNC_Humor keep Tobacco Rd. laughing
754086310952915000,Fri Jul 15 22:52:41 +0000 2016,@CourtSportKing @wachfox this was powerful... those kids were amazing
754086084812738600,Fri Jul 15 22:51:47 +0000 2016,@ROSGO21 😎✊🏽🙏🏽 #thankful
754085532406198300,Fri Jul 15 22:49:35 +0000 2016,Thanks brotha!! 👍🏽 https://t.co/dflC6oRoov
754084267441791000,Fri Jul 15 22:44:34 +0000 2016,@tarheelmommamac Thanks Mom 😘
754082991979176000,Fri Jul 15 22:39:30 +0000 2016,@tredk3ball Appreciate it Tre! Keep being the man God destined you to be brother 👊🏾💯
754082797946404900,Fri Jul 15 22:38:43 +0000 2016,@Bballmom25 Thank you Air Mama! 😎😎
754082702626656300,Fri Jul 15 22:38:21 +0000 2016,@DracoPisces54 Couldn't a said it better... just staying hungry - Proverbs 16:26
754082347364945900,Fri Jul 15 22:36:56 +0000 2016,@compa_fundi thanks my man 💯
754082276342771700,Fri Jul 15 22:36:39 +0000 2016,@dilubenz Glad to know you too Dilubenzi, keep supporting us!
754082111947104300,Fri Jul 15 22:36:00 +0000 2016,@AlainSerrato and you know it! 😎
754082051364487200,Fri Jul 15 22:35:45 +0000 2016,Never forget where you came from.   You're welcome 😎✊🏽,  JMac https://t.co/Sz1Z7OxjuK
753588383545450500,Thu Jul 14 13:54:06 +0000 2016,@nba01riku keep on keepin' on brotha. Much appreciated
753588297369256000,Thu Jul 14 13:53:45 +0000 2016,@Bballmom25 Thank you!
753393627791888400,Thu Jul 14 01:00:12 +0000 2016,@mcgloinpj15 it's that time!
753393537224351700,Thu Jul 14 00:59:51 +0000 2016,@nathanphm23 😎😎 yup yup
753393390650175500,Thu Jul 14 00:59:16 +0000 2016,@lmorrisMD that's it right there, you said it bro. Thanks!
753393074491883500,Thu Jul 14 00:58:00 +0000 2016,Thanks Josh. Let's put in work brotha https://t.co/F2rnnwBX5z
753392785772773400,Thu Jul 14 00:56:52 +0000 2016,@NCS_Ambassadors This is where it all began. I love y'all. Thank you for the support  https://t.co/ZF2nRt7WE2
753392339591102500,Thu Jul 14 00:55:05 +0000 2016,@94_malpal Thanks Miguel, time for work!
753392128047263700,Thu Jul 14 00:54:15 +0000 2016,@MiamiKillz *takes bow* thank you.
753391967187251200,Thu Jul 14 00:53:36 +0000 2016,@RunWilcox Thanks Brian! Looking forward to the season
753391882638549000,Thu Jul 14 00:53:16 +0000 2016,@theVolodarsky truth moment... Kraft, baked, Velveeta, or Easy Mac? What's your favorite
753391524583321600,Thu Jul 14 00:51:51 +0000 2016,@Nfamous209 Mad respect reciprocated man. Keep being awesome ✔️
753391361873748000,Thu Jul 14 00:51:12 +0000 2016,@chad_curl appreciate it man! Stay great brotha
753391246429696000,Thu Jul 14 00:50:45 +0000 2016,@godubs22 Ayyy you know! #TarHeels #GS - thanks bro
753391065151840300,Thu Jul 14 00:50:01 +0000 2016,@VinceintheBay 'Preciate it brotha!
753390929109618700,Thu Jul 14 00:49:29 +0000 2016,@PBDMUSICNOW It's was a blessing being there. Thankful!
753390673806581800,Thu Jul 14 00:48:28 +0000 2016,@buttadlyte Appreciate the love Kariemah ✊🏽
753390335460384800,Thu Jul 14 00:47:07 +0000 2016,@100alesso that's the goal!
753390154476232700,Thu Jul 14 00:46:24 +0000 2016,@ZacharyEsselstr Thanks Zachary!
753389961609568300,Thu Jul 14 00:45:38 +0000 2016,@89sfcg James loves the kids 💯 #TheyreTheFuture
753389728968220700,Thu Jul 14 00:44:43 +0000 2016,@trheelmn He is! 🙌🏽 #Facts
753389622411997200,Thu Jul 14 00:44:17 +0000 2016,@brant Couldn't have said it better!
753389529264820200,Thu Jul 14 00:43:55 +0000 2016,@SaltonLecroy 😎
753389368534892500,Thu Jul 14 00:43:17 +0000 2016,@PerfectDru sure will Dru. Gotta be a light! Thanks brotha
753389075390791700,Thu Jul 14 00:42:07 +0000 2016,@_LilMamas_ Awwready 👌🏾
753388927260569600,Thu Jul 14 00:41:32 +0000 2016,@kanongoesboom Kanon, my guy...appreciate it bro 💯
753388777205137400,Thu Jul 14 00:40:56 +0000 2016,@_TSwiftie13 thank you! I'm doing the best I can. Stay Tuned
753388531146338300,Thu Jul 14 00:39:57 +0000 2016,@daryljwalters The work starts now! Appreciate the love ✊🏽
753384019857842200,Thu Jul 14 00:22:02 +0000 2016,Resigning for another year w/ the @warriors. Truly thankful for this God given opportunity. #DubNation
746208888391819300,Fri Jun 24 05:10:37 +0000 2016,Congrats to the homie @marcuspaige5 !!! #UNC
746169834145087500,Fri Jun 24 02:35:26 +0000 2016,Congrats to @bjohnson_23 !!! Much deserved!!! #UNC
732751530298761200,Wed May 18 01:55:53 +0000 2016,@JustinRiray thanks for the support! Pleasure meeting you too!
731687055726518300,Sun May 15 03:26:02 +0000 2016,@mulliemull no problem nice meeting y'all!
728724397117210600,Fri May 06 23:13:29 +0000 2016,@hunterpence @stumptowncoffee  thanks dude. Stuff's legit. ☕️👌🏽 https://t.co/VrGDYvWJ7L
727336061391642600,Tue May 03 03:16:44 +0000 2016,Thank you to everyone for your contributions! The kids of the @BGCO_Oakland will be tremendously blessed because of all your help!
727335572751052800,Tue May 03 03:14:48 +0000 2016,Congratulations to the 2nd round winner of the @BGCO_Oakland fundraiser. The winner is Ariel Nava! Look forward to seeing you tomorrow!
726197286208819200,Fri Apr 29 23:51:39 +0000 2016,Me and the @BGCO_Oakland decided to extend the fundraiser with a chance to win PLAYOFF TICKETS! For details visit https://t.co/6gHXtMYI9v
725799640663093200,Thu Apr 28 21:31:33 +0000 2016,The dynasty begins today @RamsNFL building blocks of the future! I know who I want at QB!
721895091376226300,Mon Apr 18 02:56:16 +0000 2016,Thanks to everyone who contributed to the @BGCO_Oakland with your donations! The kids are the real winners here! https://t.co/zh6e85CLps
721755853418668000,Sun Apr 17 17:42:59 +0000 2016,Last day 2 bid! Go to https://t.co/loBkY3nBCm to help support Oakland Boys &amp; Girls Club and win a pair of PLAYOFF TICKETS for Monday's game!
721574964839604200,Sun Apr 17 05:44:12 +0000 2016,@tomslifeisbro you da man you da man!
720015160694313000,Tue Apr 12 22:26:06 +0000 2016,Go check out https://t.co/loBkY3nBCm for a chance to win PLAYOFF TICKETS and shoes designed by me and the kids at Oakland Boys &amp; Girls Club!
720014242334703600,Tue Apr 12 22:22:27 +0000 2016,RT @CALVESTER: Thanks a Million, Mac! @jamesmcadoo we appreciate you and Lauren for a fantastic and much-needed assist to our 2,500…https:/…
720014194729295900,Tue Apr 12 22:22:15 +0000 2016,RT @dismayne: also - the shoes @jamesmcadoo designed are up for auction to help raise money for the Boys &amp; Girls Club of Oakland! https://t…
720014184604246000,Tue Apr 12 22:22:13 +0000 2016,RT @dismayne: big ups to my peeps @jamesmcadoo &amp; @lo_mcadoo for giving back to the kids &amp; getting them all white Vans to customize https://…
719742921075888100,Tue Apr 12 04:24:19 +0000 2016,RT @DLeagueWarriors: SCW Alum @jamesmcadoo hosted a shoe design competition for the of Boys &amp; Girls Clubs of Oakland today! #givingback htt…
719703618526425100,Tue Apr 12 01:48:08 +0000 2016,For a chance to win the shoes me and the kids at Oakland Boys &amp; Girls Club designed as well as playoff tickets go to https://t.co/loBkY3nBCm
719702755590287400,Tue Apr 12 01:44:43 +0000 2016,Had the opportunity to hang with the bright youth of Oakland Boys &amp; Girls Club today! https://t.co/eLb2VfmFk7
719665203667808300,Mon Apr 11 23:15:29 +0000 2016,RT @kron4news: .@Warriors forward @jamesmcadoo hosts youth event in Oakland https://t.co/2YYHVxRYQ1 https://t.co/l4VIX91cKo
719556498037219300,Mon Apr 11 16:03:32 +0000 2016,carolina kids https://t.co/2mXm3824z7
719437912048144400,Mon Apr 11 08:12:19 +0000 2016,RT @fcanews: .@jamesmcadoo the year of wonder for Golden State's James Michael McAdoo: https://t.co/ISnJEH44xN  #GoldenState https://t.co/c…
716486487223640000,Sun Apr 03 04:44:24 +0000 2016,@DegreeMen I'm standing up and staying fresh with every move :) one win away!
716485989783314400,Sun Apr 03 04:42:26 +0000 2016,@BenjaminSWatson @IvoryLatta12 headed to the ship!
715738377522274300,Fri Apr 01 03:11:41 +0000 2016,Got the chance to talk with @CBNNews and the @700club on my faith in God and journey in the NBA so far! https://t.co/IahZSimu52 #1Died4All
715736910103126000,Fri Apr 01 03:05:51 +0000 2016,RT @juliephayer: Hook it up @VANS_66 @TheEllenShow 👟👟 @jamesmcadoo https://t.co/JzRNR6hyie
714591069669707800,Mon Mar 28 23:12:42 +0000 2016,RT @afoyle3131: Tnx @JamesMcAdoo, Vida Blue and everyone who attended my #KLF Poker Tournament! Special tnx to our hosts @BluedogQ9! https:…
709956211983175700,Wed Mar 16 04:15:25 +0000 2016,Thanks to @HaloNeuro for letting me and my teammates try these out! Looking forward to seeing the results! https://t.co/Gjzs94Zv1F
709953749997846500,Wed Mar 16 04:05:38 +0000 2016,@JTIII_80 thanks bro. Keep grinding out there in Nola. I'm rooting for you!
709628723373289500,Tue Mar 15 06:34:06 +0000 2016,Great team win tonight! #DUBS https://t.co/h6SWkdTife
708121654015057900,Fri Mar 11 02:45:33 +0000 2016,Fun times today with @warriors, @KPShare and @Playworks at the Get Fit Time Out w/ Belle Haven Elementary School! https://t.co/I1emuSVZUw
702717433472221200,Thu Feb 25 04:51:06 +0000 2016,RT @hbarnes: @Taylorakay my guy @jamesmcadoo needs that lifetime deal with @VANS_66
702717109009256400,Thu Feb 25 04:49:49 +0000 2016,@Athletics_NCS Congrats! Welcome to the club!
698272703032090600,Fri Feb 12 22:29:20 +0000 2016,Thanks @reallyjoco for being born and getting me hooked up with these awesome @jococups stoked to use them! https://t.co/Lu3vJHEXQm
696556237559758800,Mon Feb 08 04:48:43 +0000 2016,Hate is something else.
696553342105886700,Mon Feb 08 04:37:12 +0000 2016,Can't blame him for ending the interview.
696552183936917500,Mon Feb 08 04:32:36 +0000 2016,If you listen to them interviewing Cam after the game all you hear is some Bronco player gloating in the background.
696015872851193900,Sat Feb 06 17:01:30 +0000 2016,@PilotNews should a named the place OG's Cake Shop
694889994192756700,Wed Feb 03 14:27:39 +0000 2016,@Athletics_NCS @kaylinamo congratulations! So awesome!
694543068494700500,Tue Feb 02 15:29:06 +0000 2016,@DianaNJTarHeel thank you for those words!
694300375306887200,Mon Feb 01 23:24:43 +0000 2016,@Chapel_Apple here now
694282151890653200,Mon Feb 01 22:12:18 +0000 2016,Where's the Carolina watch party in New York City for this basketball game tonight?
693126882078765000,Fri Jan 29 17:41:41 +0000 2016,@13LaSalleBlanks @shaggy757 @Pharrell that's awesome. I want in. VA IS FOR LOVERS.
692900166030925800,Fri Jan 29 02:40:47 +0000 2016,Anybody got a rosetta stone Spanish version I can borrow please?
692429715437654000,Wed Jan 27 19:31:23 +0000 2016,RT @ewill901: Lol Kanye is wilding
691804190901997600,Tue Jan 26 02:05:46 +0000 2016,@notyouravgjoey lol thank you.
691347752823820300,Sun Jan 24 19:52:03 +0000 2016,@tcmonarchs check your direct messages.
691347587308204000,Sun Jan 24 19:51:24 +0000 2016,@tcmonarchs when did you call me? Pops told me you were at the game. Never got a call.
691053026098827300,Sun Jan 24 00:20:55 +0000 2016,Thanks to all the wonderful Warriors fans that braved the rain today to come out to @LeftysSports and show love! https://t.co/WPzONzP1du
691052668211433500,Sun Jan 24 00:19:29 +0000 2016,@ginovalencia dope jersey. Thanks for coming out!
690291870312759300,Thu Jan 21 21:56:21 +0000 2016,Come hang out with me and the good people over at @LeftysSports this Saturday at 2:30! Follow them for more details!
690075560479948800,Thu Jan 21 07:36:49 +0000 2016,Good road trip! Chill vibes at dinner with the homie @jtthekid and the squad. Back to the bay in the morning! https://t.co/4R1pMLQzxV
689307414126972900,Tue Jan 19 04:44:28 +0000 2016,@tarheelmommamac must get that intelligence from your son ;)
688615197959925800,Sun Jan 17 06:53:51 +0000 2016,Always good to catch up with the homies! https://t.co/Lud6CJhQUQ
688578155737645000,Sun Jan 17 04:26:40 +0000 2016,Discount double check anyone?
688065726939189200,Fri Jan 15 18:30:27 +0000 2016,Thanks to the good people over at @theshrineco for the dope bags! Go check them out! https://t.co/sEONIMwTzK
687920714448502800,Fri Jan 15 08:54:13 +0000 2016,The Godfather. https://t.co/WT7sKaMG2f
687324157424447500,Wed Jan 13 17:23:43 +0000 2016,@LukeMartinUNCG @sgdwyer22 man you got your own gif. You made it.
687149363668230100,Wed Jan 13 05:49:09 +0000 2016,Glad to know he was a believer and is rejoicing with Jesus Christ this second. I never wanna take this for granted.
687148924394541000,Wed Jan 13 05:47:24 +0000 2016,Never met him but watched him play like many other people. Mind can't quite comprehend such a sad thing. Never know when God is gonna call.
687148487566164000,Wed Jan 13 05:45:40 +0000 2016,My thoughts and prayers go out to the wife and family of Andrew Smith. Can't help but think how crazy life is. He was only 25.
687087785128243200,Wed Jan 13 01:44:28 +0000 2016,Rams back to LA?!
686829698316238800,Tue Jan 12 08:38:55 +0000 2016,@reallyjoco @NBA2K Yiur collection wouldn't  be complete w/o it. Still waiting on my @jococups btw
686827063181901800,Tue Jan 12 08:28:27 +0000 2016,@reallyjoco don't make me blush
686082011069415400,Sun Jan 10 07:07:52 +0000 2016,@JColeNC been had the juice. The WORLD just recognizing now. That's dope.
685762549472563200,Sat Jan 09 09:58:27 +0000 2016,Cmon Norfolk we gotta do better.  https://t.co/8lCZRvcLls
685253314817032200,Fri Jan 08 00:14:56 +0000 2016,RT @Athletics_NCS: Blackout Night for Alumni Weekend! Check out the flyer below for more info. #GOCHRISTIAN https://t.co/7x4MgibdQl
684456912578940900,Tue Jan 05 19:30:19 +0000 2016,Come see me on 1/23/16. For more info follow @LeftysSports!
684411099681144800,Tue Jan 05 16:28:16 +0000 2016,RT @RobWooten35: "He must increase, but I must decrease." John 3:30
684271304262864900,Tue Jan 05 07:12:46 +0000 2016,Thanks for all the birthday love y'all! I wish I could reply to everyone so know it's appreciated! #TrulyBlessed #1Died4All
684188542394699800,Tue Jan 05 01:43:54 +0000 2016,That boy LEAGUEEEEE
684182129064808400,Tue Jan 05 01:18:25 +0000 2016,@Casssruth thanks!
684182092943499300,Tue Jan 05 01:18:17 +0000 2016,@SeanKilpatrick_ thanks brodie! Keep killin people noticing and it's just a matter a time!
684181760591052800,Tue Jan 05 01:16:57 +0000 2016,@kiwis_back thanks bro!
684116523925901300,Mon Jan 04 20:57:44 +0000 2016,@nicsnars thanks!
683434225555476500,Sat Jan 02 23:46:31 +0000 2016,@HSCathletics @Mikemike_12 @HSCHoops eeeeeew that's nasty
683434022555353100,Sat Jan 02 23:45:43 +0000 2016,@toda @Campbells lol sheesh
682778363216277500,Fri Jan 01 04:20:21 +0000 2016,2015 it's been real. Bringing in the New Years with the brodies! https://t.co/Ob4zzh9tXO
682005026001162200,Wed Dec 30 01:07:23 +0000 2015,Big time interception!
681951025343762400,Tue Dec 29 21:32:49 +0000 2015,#MakingAMurderer
680483624060239900,Fri Dec 25 20:21:53 +0000 2015,Merry Christmas from the McAdoo family! https://t.co/PIDthLAbiI
680188376239091700,Fri Dec 25 00:48:40 +0000 2015,80 degrees in Norfolk on Christmas Eve?!
679911635427790800,Thu Dec 24 06:29:00 +0000 2015,@flowingdata haha so sick! you sir are winning!
679766041354883100,Wed Dec 23 20:50:28 +0000 2015,RT @iHitModelsRaw: When she decides on an entrée an you like "What's in that?" But you really looking at the price https://t.co/bJ64YoY5HU
678728271949729800,Mon Dec 21 00:06:44 +0000 2015,Great time at the @RAIDERS game today! Thanks #RaiderNation for all the love! https://t.co/1nuPWkMBOX
677311177362247700,Thu Dec 17 02:15:43 +0000 2015,@liz_istheshiz lol get em right Liz
676824508318150700,Tue Dec 15 18:01:52 +0000 2015,@ginovalencia say what?! So dope !!!
676650777595658200,Tue Dec 15 06:31:31 +0000 2015,@gogogajman yessir that's dope!
675425532381519900,Fri Dec 11 21:22:50 +0000 2015,Hebrews 11:1 - “Now faith is the assurance of things hoped for, the conviction of things not seen.” #1Died4All
675425510223036400,Fri Dec 11 21:22:45 +0000 2015,Ephesians 2:8 - “For by grace you have been saved through faith. And this is not your own doing; it is the gift of God,” #1Died4All
675101808046547000,Thu Dec 10 23:56:28 +0000 2015,Elf just started on ABC Family. You're welcome.
674673741889146900,Wed Dec 09 19:35:29 +0000 2015,@dallasisahuman @The_Porter_House haha man take me back to euans class
674452081005240300,Wed Dec 09 04:54:41 +0000 2015,@maddymonz11 the struggle I know too well lol
671916466636267500,Wed Dec 02 04:59:03 +0000 2015,Nothing like seeing old teammates and watching the Heels get a big win! #GDTBATH https://t.co/jsIuA5wULv
671914804450353200,Wed Dec 02 04:52:27 +0000 2015,RT @GoHeels: Nice to see you, @HBarnes &amp; @JamesMcAdoo. #ProHeels https://t.co/WLDp5klQ5Y
671075480787746800,Sun Nov 29 21:17:17 +0000 2015,Dub nation what shall we nameth thy sweater? #AskTwitter ...stay tuned for the chronicles of...! https://t.co/6C7okQZ39Q
667605617410900000,Fri Nov 20 07:29:17 +0000 2015,#SlimeSZN When you around the real, you keep it real everyday #22nBOOMIN https://t.co/YotjPPzNII
667184720258580500,Thu Nov 19 03:36:47 +0000 2015,@tatefrazier two legends in the making. Ain't nothin changed from them '11 days.
666784010211737600,Wed Nov 18 01:04:30 +0000 2015,#HardwoodClassic jerseys for tonight's game! Dub nation what do you guys think?! https://t.co/ibwTHtuIZd
666121748555804700,Mon Nov 16 05:12:55 +0000 2015,Early Christmas present for @lo_mcadoo had to do it big with an @garthbrooks show! https://t.co/yzbolQYzsm
666100236738162700,Mon Nov 16 03:47:26 +0000 2015,Will also be keeping a running tab on how many brothas are here. So far that number is 0. I'm holding it down tho! #biracial #halfbrotha
666099711976144900,Mon Nov 16 03:45:21 +0000 2015,At this Garth Brooks concert with the @lo_mcadoo bout to act up!
665981419089326100,Sun Nov 15 19:55:18 +0000 2015,@lo_mcadoo wears em better anyway! #DualChamp #1Died4All Please send all hateful/spiteful comments to @AirGirlJordan https://t.co/ZdDdyG0Hh9
665426498661318700,Sat Nov 14 07:10:14 +0000 2015,Reminded once again amongst tragedy how blessed I am. Lifting up Paris before I lay my head to sleep this night.
665330609695273000,Sat Nov 14 00:49:13 +0000 2015,Thanks to the homie Jack over at @RideOnewheel for the tour! Only board that makes you earn it. Got some work to do! https://t.co/PqWBlWzjV7
665310042002886700,Fri Nov 13 23:27:29 +0000 2015,Y'all check out @lo_mcadoo cruising the streets on a @RideOnewheel in those heels making it look 2 easy! #gorgeous https://t.co/nqgtZuWQZv
665026974696386600,Fri Nov 13 04:42:41 +0000 2015,10-0! Heading down to @DLeagueWarriors home opener tomorrow night! Excited to get my ring and see the new championship banner! #DualChamps
664516626314735600,Wed Nov 11 18:54:44 +0000 2015,On this day and every day let's pause to remember those that have and are serving this country! God bless America! https://t.co/BLcNhXC88P
664269406705332200,Wed Nov 11 02:32:22 +0000 2015,RT @McDonalds: @jamesmcadoo clearly you’re the MVP of #2ndyearrookieduties. No surprise after your 2011 @McDAAG MVP performance. https://t.…
664144135230591000,Tue Nov 10 18:14:35 +0000 2015,$112.13 at @McDonalds ain't a bad way to start the road trip off! #DubsGottaEat #2ndYearRookieDuties #8-0 https://t.co/4RsYybGxax
663562401262862300,Mon Nov 09 03:42:59 +0000 2015,The better half @lo_mcadoo and I doing our best locals pose with our selfie stick! https://t.co/aTAA009TLc
660923812041482200,Sun Nov 01 20:58:10 +0000 2015,As a follower or Jesus obedience to Him as Lord is not optional! #1Died4All
660921975309598700,Sun Nov 01 20:50:52 +0000 2015,Luke 6:46 - "Why do you call me ‘Lord, Lord,’ and not do what I tell you?” #1Died4All
660194265415286800,Fri Oct 30 20:39:13 +0000 2015,Looking forward to diving into this great read from @BenjaminSWatson go pre-order yours now! https://t.co/JRtEULFFu7
655223319105400800,Sat Oct 17 03:26:27 +0000 2015,God blessed me w/ the opportunity to preach my first sermon and I just wanted to share it here with y'all https://t.co/2lfF9Vbzy3 #1Died4All
655174762361020400,Sat Oct 17 00:13:30 +0000 2015,How the heats looking at the coldwater Classic?
653029075762569200,Sun Oct 11 02:07:19 +0000 2015,RT @HoodJesusYo: When you're about to make a bad decision then the Holy Spirit stops you http://t.co/Lpp3omT9Bh
651883104756338700,Wed Oct 07 22:13:38 +0000 2015,Excited to be back in Santa Cruz for the @DLeagueWarriors Taste of the Warriors on Saturday! Hope to see you there! http://t.co/XA7VWww7X5
650835588661162000,Mon Oct 05 00:51:10 +0000 2015,12 years and @BenjaminSWatson is still making it look easy!
650757091024461800,Sun Oct 04 19:39:15 +0000 2015,Hanging out on the field with @andre and @hbarnes at the 49ers game before kickoff! http://t.co/XYZlgdiD2c
650061502611783700,Fri Oct 02 21:35:14 +0000 2015,Thanks to @957thegame for having me on the show today to talk about the upcoming season!
649016057806491600,Wed Sep 30 00:21:00 +0000 2015,@tylerstone best boots out there. never let me down.
647829104960643100,Sat Sep 26 17:44:29 +0000 2015,Felt good to be back in Chapel Hill with @hbarnes where it all started! http://t.co/nDlV4elIVH
645462646406275100,Sun Sep 20 05:01:01 +0000 2015,His name is Derrick Henry. Please get him the ball.
645389435027062800,Sun Sep 20 00:10:06 +0000 2015,Can't go wrong with a pair a Fanning's @reef84 these were hard to find tho. http://t.co/uQfIoHpj29
644310483676196900,Thu Sep 17 00:42:44 +0000 2015,All these candidates are doing is deflecting. Honesty is the only policy!
643816613246992400,Tue Sep 15 16:00:16 +0000 2015,RT @AlyJoy716: Hey Santa Cruz and Bay Area friends! Our friend and NBA champion, James… https://t.co/eZOGi6lixK
643284251027312600,Mon Sep 14 04:44:51 +0000 2015,Greatest show on turf! Great fight from my Rams today!
643215546629124100,Mon Sep 14 00:11:51 +0000 2015,Felt good to put that Carolina jersey back on! Had fun for a great cause with @hbarnes and my UNC brothas! http://t.co/53FNN8Dw4K
643128928396140500,Sun Sep 13 18:27:39 +0000 2015,UNC/KENTUCKY charity game today at 5:30 ET on @ESPNU for a great cause!
643116400186421200,Sun Sep 13 17:37:52 +0000 2015,Saying a prayer for the family and friends of Moses Malone. Truly one of the greatest to ever do it!
642534556000608300,Sat Sep 12 03:05:50 +0000 2015,Shout out to my goon @Luke_Davis4
642518337193250800,Sat Sep 12 02:01:23 +0000 2015,Do gold miners pay taxes on the gold they find?
640253253922390000,Sat Sep 05 20:00:45 +0000 2015,#KwontieMoore for Heisman.
639628823407915000,Fri Sep 04 02:39:29 +0000 2015,Had a great time tipping off @warriors Back to School in the Bay Campaign w/ @SFUnified at Sunset Elementary #B2SGSW http://t.co/WwyhmjUb7Z
634584224629063700,Fri Aug 21 04:34:03 +0000 2015,Best rapper alive @lecrae http://t.co/l6e3zdxvEY
633125019015471100,Mon Aug 17 03:55:42 +0000 2015,@lo_mcadoo watching this show bachelor in paradise. This is so sad! America we gotta do better! Side note tho it's great tv lol
633041344869470200,Sun Aug 16 22:23:12 +0000 2015,#MadBum is absolute filthy on the mound
632688765266341900,Sat Aug 15 23:02:11 +0000 2015,watching the story on the dude that killed the lion named Cecil. Never understood killing animals for game.
632026585114148900,Fri Aug 14 03:10:55 +0000 2015,I see you @BrynRenner !!!
629476137668902900,Fri Aug 07 02:16:20 +0000 2015,Huge thanks to Amanda and the good people of @PapaJohns here in Norfolk for sponsoring lunch for a day at #1Died4All Basketball Camp!
627356535123935200,Sat Aug 01 05:53:48 +0000 2015,Last night in Hawaii with @lo_mcadoo love you Lo Mac! http://t.co/k9f6A1Rvrc
626615651277385700,Thu Jul 30 04:49:47 +0000 2015,Photo skillz on fleek @lo_mcadoo https://t.co/y8ub1ZK3vI
622764454611042300,Sun Jul 19 13:46:31 +0000 2015,Wow!!! Mick Fanning!!! That's insane!!!
620302448838619100,Sun Jul 12 18:43:23 +0000 2015,Luke 12:34 - "For where your treasure is, there will your heart be also." #1Died4All
617832022732509200,Sun Jul 05 23:06:47 +0000 2015,Carli Lloyd you got the juice.
617831802086953000,Sun Jul 05 23:05:55 +0000 2015,Wow this is insane!
616704410723299300,Thu Jul 02 20:26:03 +0000 2015,@jackkonstanzer3 boy don't ever forget that time I put you in the rim! http://t.co/FCTplMbVXC
616349530917728300,Wed Jul 01 20:55:54 +0000 2015,@lo_mcadoo I love you.
616349453721534500,Wed Jul 01 20:55:35 +0000 2015,@lo_mcadoo come home please?
616349380539330600,Wed Jul 01 20:55:18 +0000 2015,It's only day 2 of having @lo_mcadoo at her new job and I'm already dying from boredom.
616040929422520300,Wed Jul 01 00:29:37 +0000 2015,LETS GOOOOOOO LLOYD!
616040461942153200,Wed Jul 01 00:27:46 +0000 2015,Must capitalize.
615754991836336100,Tue Jun 30 05:33:24 +0000 2015,Tennessee Valley Trail was awesome today. Definitely a great time and worth doing! http://t.co/cdILJ7AZvR
615740604002140200,Tue Jun 30 04:36:14 +0000 2015,Sent the homie Ben Z. home. Welp there goes my pick...
615322312728928300,Mon Jun 29 00:54:06 +0000 2015,The Last Ship tonight... anybody else excited?
615223831196643300,Sun Jun 28 18:22:46 +0000 2015,RT @BenjaminSWatson: #LoveWins The pressure of conformity is overwhelming at times. In light of the recent court interpretation ...  https:…
615015184239702000,Sun Jun 28 04:33:41 +0000 2015,Dope shirt made by Berkeley's own @fantasytshirts go check them out! http://t.co/PrHHnpsrXD
614857948355911700,Sat Jun 27 18:08:53 +0000 2015,#warriors fans meet me today 6/27 from 2:30-3:30 at Classic Materials in Tanforan Mall San Bruno. #dubnation http://t.co/33c7PhgWTc
614631205917429800,Sat Jun 27 03:07:53 +0000 2015,Come hang with ya boy! http://t.co/d6acXyK4q9
614598969239318500,Sat Jun 27 00:59:47 +0000 2015,Dang I'm late.
614598534424203300,Sat Jun 27 00:58:03 +0000 2015,So did Nike buy Hurley?
613561286585008100,Wed Jun 24 04:16:24 +0000 2015,MadBum dealing tonight. 13 k's and we just stretching out now!
613168579085635600,Tue Jun 23 02:15:56 +0000 2015,When's the golden state warriors edition coming out?! @RideOnewheel
611308177448128500,Wed Jun 17 23:03:21 +0000 2015,#1Died4All http://t.co/fxSNSmkONh
610970266529890300,Wed Jun 17 00:40:37 +0000 2015,@chiefhub being a winner/loser has nothing to do with it. Knowing how much Gods blessed me does. Read the article and you'll see. #1Died4All
610655998831894500,Tue Jun 16 03:51:50 +0000 2015,Sometimes 140 characters ain't enough to share how blessed Jesus makes me feel when I see stuff like this. #1Died4All http://t.co/i0eyCsfvti
610480830524190700,Mon Jun 15 16:15:46 +0000 2015,#1Died4All http://t.co/RKFX1r6lGq
609766097747750900,Sat Jun 13 16:55:41 +0000 2015,Best place to purchase a Labrador Retriever in the Bay Area and surrounding areas?
609758751868858400,Sat Jun 13 16:26:29 +0000 2015,First time doing this so let's make it epic. Come hang with ya dude! http://t.co/tOm9lrukIe
609553415505457200,Sat Jun 13 02:50:33 +0000 2015,He's the guy in the green shirt dancing at the end a the movie Grease.
609553281149349900,Sat Jun 13 02:50:01 +0000 2015,Anyone know how to get in touch with Daniel Levans? He's like 61 years old and from NY. Caucasian and he's an actor.
609253880468242400,Fri Jun 12 07:00:19 +0000 2015,Like @JustHolla7 always say. To God be all the glory, honor, and praise!!! #1Died4All
607233899471577100,Sat Jun 06 17:13:38 +0000 2015,@XGames trying to come out there after the finals!
605976314256818200,Wed Jun 03 05:56:26 +0000 2015,@wifeofmusic thank you that really means a lot especially from someone from my hometown!
605769669211877400,Tue Jun 02 16:15:18 +0000 2015,your Father who is in heaven." #1Died4All
605769579185340400,Tue Jun 02 16:14:56 +0000 2015,Matthew 5:16 - "In the same way, let your light shine before others, so that they may see your good works and give glory to
604497973704196100,Sat May 30 04:02:02 +0000 2015,RT @BeforeFamePics: Allen Iverson is the only player in NBA history to get his hair braided...during a game 😂 #FlashbackFriday http://t.co/…
604384884203749400,Fri May 29 20:32:39 +0000 2015,@Chris_Topher45 we don't play till Thursday dude but thanks man it's gonna be sick!
604358349237272600,Fri May 29 18:47:13 +0000 2015,Switched it up today. Under Armors felt good! #1Died4All http://t.co/lmE9vpG3aF
603709460251463700,Wed May 27 23:48:46 +0000 2015,@djsnake what are the chances you dj my 23rd birthday party?
601491562447646700,Thu May 21 20:55:38 +0000 2015,Matthew 16:26 - "For what will it profit a man if he gains the whole world and forfeits his soul?" #1Died4All
601487671282786300,Thu May 21 20:40:10 +0000 2015,"dude, Roaracle is gonna be gnarly tonight." said every GSW fan.
597288288215552000,Sun May 10 06:33:19 +0000 2015,1 Samuel 12:24 - "Only fear the Lord and serve him faithfully w/ all your heart. 4 consider what great things he has done for u." #1Died4All
596175977069224000,Thu May 07 04:53:24 +0000 2015,Blessed to have grown up under such Godly tutelage from Mrs. Kim and Coach Mike! #1Died4All http://t.co/btdB0XTvtn
595625893906767900,Tue May 05 16:27:33 +0000 2015,1 Peter 5:6 - "Humble yourselves, therefore, under the mighty hand of God so that at the proper time he may exalt you." #1Died4All
592564137340731400,Mon Apr 27 05:41:14 +0000 2015,RT @ewill901: James Mcadoo, Me, and AV after the win... https://t.co/i8dmXdTqg1
591634720426893300,Fri Apr 24 16:08:04 +0000 2015,RT @WORIDSTARHlPHOP: Only people that played Tony Hawk will Retweet this http://t.co/otLVRVzEyE
590560534459715600,Tue Apr 21 16:59:38 +0000 2015,ice bank mice elf
589211139570970600,Fri Apr 17 23:37:37 +0000 2015,Huge thanks to the great people over at @0aklandish for showing off their awesome store and warehouse! http://t.co/1Wf9CHE7dK
588472383704473600,Wed Apr 15 22:42:04 +0000 2015,I'm trying to partner up with @teamoneill  I've got some crazy ideas we could get it going down in Santa Cruz.
588425790502502400,Wed Apr 15 19:36:55 +0000 2015,shall be proclaimed on the housetops." #1Died4All
588425598957031400,Wed Apr 15 19:36:09 +0000 2015,Luke 12:3 - "Therefore whatever you have said in the dark shall be heard in the light, and what you have whispered in private rooms
587488808607752200,Mon Apr 13 05:33:41 +0000 2015,Always great to connect with members of the Carolina family. Blessed to be know such amazing people! #BayAreaTarHeels http://t.co/NEWiU7EIVE
586673159761330200,Fri Apr 10 23:32:35 +0000 2015,From the little girl that thought I was the cutest little bro ever to the teenager that thought I was… https://t.co/yCOVEVcwB7
586397078466596900,Fri Apr 10 05:15:32 +0000 2015,And Steph aint believe me when I told him we were gonna combine for 45 tonight... MOST VALUABLE PLAYER
585878451195744300,Wed Apr 08 18:54:42 +0000 2015,Never forget when my pops told me bible stood for basic instructions before leaving earth.
584561556563693600,Sun Apr 05 03:41:50 +0000 2015,@MaggiePilloton thanks for the write up Maggie! Just trying to get better everyday and help win! Go dubs!
581724459146559500,Sat Mar 28 07:48:13 +0000 2015,Watching Tokyo drift always makes me wanna go to Japan and somehow find the whole underground drifting word and join it.
580989024384368600,Thu Mar 26 07:05:52 +0000 2015,Philippians 1:21 - "For me to live is Christ, and to die is gain." #1Died4All
578450000801185800,Thu Mar 19 06:56:41 +0000 2015,Great win! Oracle was rocking! Thanking God every time I put on that jersey! #DubNation #1Died4All http://t.co/3Uz2lB5q8m
577171715408691200,Sun Mar 15 18:17:14 +0000 2015,Words can't describe what my mom means to me. Happy birthday Big Girl I love you! tarheelmommamac https://t.co/hIYSQp5q9Q
576722876994203600,Sat Mar 14 12:33:43 +0000 2015,RT @USAB_BJ: Great to spend time with @jamesmcadoo. Sometimes we don't understand the journey, but there is a purpose behind everything we …
574022133031927800,Sat Mar 07 01:41:55 +0000 2015,RT @kiwis_back: GameDay, Front end of a  Back-to-Back tonight &amp; this my WOE @booboo_clemons http://t.co/OZP1EJu3ew
573244337418420200,Wed Mar 04 22:11:15 +0000 2015,Get pitted, sooo pitted.
570048182614298600,Tue Feb 24 02:30:52 +0000 2015,It's Kareem, I promise. http://t.co/GNcIQNItnl
569995889835507700,Mon Feb 23 23:03:04 +0000 2015,Aah Blue Crush is on. Today's so chill.
568608208077463550,Fri Feb 20 03:08:55 +0000 2015,Not really sure what else to tweet. Not everyday you turn a lifelong dream into a reality. So go Heels and go Dubs!
568608005245153300,Fri Feb 20 03:08:07 +0000 2015,Thanks to everyone for the love and support!
568607359762694140,Fri Feb 20 03:05:33 +0000 2015,Truly blessed and thankful to God to be where I am today. Would not be here if it weren't for my faith and relationship with Jesus.
568204496335015940,Thu Feb 19 00:24:43 +0000 2015,Peep this THO Philippians 4:13 - "I can do all things through him (JESUS CHRIST) who strengthens me." #1Died4All
565592308289372160,Wed Feb 11 19:24:49 +0000 2015,Deuteronomy 6:5 - "You shall love the Lord your God with all your heart and with all your soul and with all your might." #1Died4All
564596495757103100,Mon Feb 09 01:27:48 +0000 2015,Add that Grammy to the collection Pharrell. VA Beachs finest.
564578259816677400,Mon Feb 09 00:15:21 +0000 2015,Shoutout to all the arenas, planes, hotels, and spots where I need a free network giving me that strong weefee connection!
564577390069026800,Mon Feb 09 00:11:53 +0000 2015,I prefer to call wifi by a different name... weefee. Strictly outta respect.
564576535387312100,Mon Feb 09 00:08:30 +0000 2015,and if there's a password best believe I'm a find out what it is and if I don't get answers I'm guessing idc if I never get it
564576196198146050,Mon Feb 09 00:07:09 +0000 2015,I search and choose wifi networks like its my job
564575965834391550,Mon Feb 09 00:06:14 +0000 2015,Ever since my mom put me down to 1GB a data I appreciate wifi on a whole new level
561451912470356000,Sat Jan 31 09:12:21 +0000 2015,Matthew 6:33 - "But seek first the kingdom of God and his righteousness, and all these things will be added to you." #1Died4All
559976749002276860,Tue Jan 27 07:30:35 +0000 2015,Colossians 3:4 - "When Christ who is your life appears, then you also will appear with him in glory." #1Died4All
559585494934102000,Mon Jan 26 05:35:53 +0000 2015,Stay trill Norfolk Admirals.
557409013839573000,Tue Jan 20 05:27:19 +0000 2015,All the glory to God! Thanks to EVERYONE for all the love! Been quite a journey, but still a lot of hard work ahead. #1Died4All
556613160333877250,Sun Jan 18 00:44:53 +0000 2015,#1Died4All
554789684732518400,Mon Jan 12 23:59:02 +0000 2015,Cannot stop reading American Sniper.
554512757916438500,Mon Jan 12 05:38:38 +0000 2015,God has promised to those who love him." #1Died4All
554512689410871300,Mon Jan 12 05:38:22 +0000 2015,James 1:12 "Blessed is the man who remains steadfast under trial, for when he has stood the test he will receive the crown of life, which
553774847877447700,Sat Jan 10 04:46:27 +0000 2015,@abbeymichele635 thanks so much Abbey means a lot! Hope all is well with you!
553307671429124100,Thu Jan 08 21:50:03 +0000 2015,@mg1nyard Carborro on the water.
552908615770992640,Wed Jan 07 19:24:21 +0000 2015,RT @SeanKilpatrick_: Me and my bro JMac! ✈️ http://t.co/hMHStbjMh5
549742940591890400,Tue Dec 30 01:45:05 +0000 2014,Huge thanks to @TheKrate on Pacific Ave for holding me down with only the finest Santa Cruz has to offer! http://t.co/K7LsybGizj
547458583999168500,Tue Dec 23 18:27:52 +0000 2014,Make sure yall go see my homie @JayA_PG over at the DTLR store at Lynnhaven Mall for all your last second Christmas shopping!
546478456934907900,Sun Dec 21 01:33:11 +0000 2014,Luke 14:34 - "Salt is good, but if salt has lost its taste, how shall its saltiness be restored?" #SaltOfDaEarth #ImSalty4Jesus #1Died4All
546421821969428500,Sat Dec 20 21:48:09 +0000 2014,@Kirwan421 much appreciated! Just working to develop my game and waiting for God to show his way!
546037000164220900,Fri Dec 19 20:19:00 +0000 2014,Clutch Mick Fanning! #ASP
544369740156661760,Mon Dec 15 05:53:54 +0000 2014,#OneLastTime
544209672094220300,Sun Dec 14 19:17:51 +0000 2014,@DeThompson9 haha thanks big homie!
544030964737794050,Sun Dec 14 07:27:44 +0000 2014,1 Chronicles 16:34 - Oh give thanks to the Lord, for he is good; for his steadfast love endures forever!#1Died4All #AudienceOf1
544027145861734400,Sun Dec 14 07:12:33 +0000 2014,@DejaiOVOXO Swaggy phone dude! #teamAfro
544026976114073600,Sun Dec 14 07:11:53 +0000 2014,@Ronnieb831 thank you! Gods got a plan just enjoying the journey!
543850397857636350,Sat Dec 13 19:30:13 +0000 2014,@C_Allen44 fair enough. Made my decision tho so working toward my dreams and goals. They'll be fine don't worry! #1Died4All
543845539163283460,Sat Dec 13 19:10:55 +0000 2014,Happy 12/13/14 it's the last sequential date we'll see in our lifetime.    -Andrew Sceviour
543844936756379650,Sat Dec 13 19:08:31 +0000 2014,@C_Allen44 Christ, be reconciled to God.
543844915680006140,Sat Dec 13 19:08:26 +0000 2014,@C_Allen44 2 Corinthians 5:20 - Therefore, we are ambassadors for Christ, God making his appeal through us. We implore you on behalf of
543844881332854800,Sat Dec 13 19:08:18 +0000 2014,@skarfac31974 Christ, be reconciled to God.
543844850919940100,Sat Dec 13 19:08:11 +0000 2014,@skarfac31974 2 Corinthians 5:20 - Therefore, we are ambassadors for Christ, God making his appeal through us. We implore you on behalf of
543568351662862340,Sat Dec 13 00:49:28 +0000 2014,Lo Mac with the ace and two digs!!! #😍
543294968446459900,Fri Dec 12 06:43:09 +0000 2014,Luke 2:49 - And he said to them, "Why were you looking for me? Did you not know that I must be in my Father's house?" #1Died4All
540360842097614850,Thu Dec 04 04:23:58 +0000 2014,Gingerbread house decorating skills on point! #tistheseason #1Died4All @AlyJoy716 @RyanPMoore @ACraft4 http://t.co/Dhv9NfKoQj
540166152110878700,Wed Dec 03 15:30:21 +0000 2014,@lo_mcadoo make good decisions.
540019246235795460,Wed Dec 03 05:46:36 +0000 2014,Great story by @jgravleyWRAL on @lo_mcadoo as her and the team start NCAA's this weekend. http://t.co/4Qyk0HHbhQ #ACCChamp #1Died4All
539657284998017000,Tue Dec 02 05:48:17 +0000 2014,1 Cor. 9:27 - But I discipline my body and keep it under control, lest after preaching to others I myself should be disqualified. #1Died4All
539576624648167400,Tue Dec 02 00:27:46 +0000 2014,Interview on @NBATV right now. Check it out! #1Died4All
538864459423313900,Sun Nov 30 01:17:53 +0000 2014,John 3:30 - "He must increase, but I must decrease." #JohnDaBaptist #1Died4All
538863712354856960,Sun Nov 30 01:14:55 +0000 2014,So awesome how God gives people like @BenjaminSWatson a platform to convey the Gospel! Keep fighting the good fight my brother! #1Died4All
538206011241164800,Fri Nov 28 05:41:27 +0000 2014,Might not be Sunday but hey God don't discriminate! J.D. hit this one outta the park as always #1Died4All http://t.co/RsSrRdc9iT
535619657634312200,Fri Nov 21 02:24:12 +0000 2014,Huge thanks to @Plantronics for the BackBeat Pro headphones! http://t.co/3N56jxZbMG
535144653184860160,Wed Nov 19 18:56:42 +0000 2014,1 Corinthians 1:31 - Therefore, as it is written, "Let the one who boasts, boast in the Lord."
532559439195168800,Wed Nov 12 15:43:59 +0000 2014,@unccaa Lauren McAdoo is my wife! #beatFSU #beatState http://t.co/gZmtNfKrSz
531312792511324160,Sun Nov 09 05:10:15 +0000 2014,the tide is still rollin
531241221524447200,Sun Nov 09 00:25:51 +0000 2014,Coach London got them boys playing today! #Wahoowah #kwontie #will #mario
530843684758384640,Fri Nov 07 22:06:11 +0000 2014,"but whoever listens to me will dwell secure and will be at ease, without dread of disaster." #Proverbs1:33 #beEasy
530420341038800900,Thu Nov 06 18:03:58 +0000 2014,what God has prepared for those who love him. 1 Corinthians 2:9 #TeamJesus
530420182166958100,Thu Nov 06 18:03:20 +0000 2014,But, as it is written, What no eye has seen, nor ear heard, nor the heart of man imagined,
529674743285170200,Tue Nov 04 16:41:14 +0000 2014,What I have vowed I will pay. Salvation belongs to the Lord!" #JONAH #2:8-9 #BigFish
529674382746976260,Tue Nov 04 16:39:48 +0000 2014,"Those Who pay regard to vein idols for sake there hope of steadfast love. But I with the voice of thanksgiving was sacrificed to you;
524594219935997950,Tue Oct 21 16:13:03 +0000 2014,Hebrews 11:6! #FourMoreDays #AudienceOfOne #1died4all
521436935714525200,Sun Oct 12 23:07:07 +0000 2014,Oh give thanks to the Lord, for he is good; for his steadfast love endures forever! - Psalm 118:29
518588862071722000,Sun Oct 05 02:29:54 +0000 2014,The greatest danger for most of us is not that our aim is too high and we miss it, but that it is too low and we reach it.    -Ron Adams
516719961503330300,Mon Sep 29 22:43:33 +0000 2014,Media day was a success! Time to get focused for training camp. #DubNation
516718897358073860,Mon Sep 29 22:39:19 +0000 2014,Thanking God for his blessings! #FirstTweet
516718897358073860,Mon Sep 29 22:39:19 +0000 2014,Thanking God for his blessings! #FirstTweet
