id,created_at,text
1172114316272840700,Thu Sep 12 11:46:44 +0000 2019,@pcgamer Very cool top of space games.
1172114191127330800,Thu Sep 12 11:46:14 +0000 2019,@videogamedeals Cool news for PC gamers.
1172113883928105000,Thu Sep 12 11:45:01 +0000 2019,@TheSims The Sims will remain popular even after many many years.
588509348214624300,Thu Apr 16 01:08:57 +0000 2015,I just did the #HourOfCode - check it out! @codeorg http://t.co/lHiDUwtuNf
570649748283068400,Wed Feb 25 18:21:16 +0000 2015,Proud of my #SELFmade gal @jessicaalba First Column for http://t.co/nbnNYSAX00: Let’s Be Honest @SELFmagazine http://t.co/ZFwz8t2mGs
566030309473259500,Fri Feb 13 00:25:16 +0000 2015,Best #valentinesday #inspiration. Panache, provocation + beauty from my girl @jzuccarini @fleurdumalnyc @intothegloss http://t.co/9n9t7poz2E
559489100655259650,Sun Jan 25 23:12:51 +0000 2015,Disturbing trend report from Santa Monica beach AM run: #rollerblades are back #fireupyourfaxmachine #lalaland #Trends
547577071325970400,Wed Dec 24 02:18:41 +0000 2014,#7-11 #cam'ronrealness #ourfashionsarenexttotheantifreeze #HomeForTheHolidays http://t.co/fwFrR2xfwh
537077279180877800,Tue Nov 25 02:56:16 +0000 2014,Wrong Anna (Sorry, Nordberg!), but still a friend I'm proud of http://t.co/kRGcjay19a via @nytopinionator
537074451314012160,Tue Nov 25 02:45:02 +0000 2014,Love, loss and what my friend @annachloe wore: http://t.co/kRGcjay19a via @nytopinionator
529886802065117200,Wed Nov 05 06:43:53 +0000 2014,Garfield's Influence in the Age of the Internet Cat | WIRED http://t.co/dnO1U33t3q #lasagnarealness
525889919634268160,Sat Oct 25 06:01:42 +0000 2014,Video games, Crimped hair and shantung is the future? #soundsaboutright #eXistenZ
525882678130651140,Sat Oct 25 05:32:55 +0000 2014,Horror movie week for #Halloween begins. First up: eXistenZ #cronenberg # heyJudeLaw  #futuresinglewhitefemale
503247192975355900,Sat Aug 23 18:27:35 +0000 2014,Who's that girl? It's my 💗 @jessicaalba #killingit in the #sincity #adametokillfor opening this weekend! #seeitin3D http://t.co/SAFOjPhWQP
497562242833854460,Fri Aug 08 01:57:37 +0000 2014,RT @KenJennings: Sort of unfair how there's so much great hip-hop coming out of Mullumbimby, New South Wales but only Iggy Azalea blows up.
492311511008682000,Thu Jul 24 14:13:05 +0000 2014,Live The Jenny Lewis Experience through writer, talent and dear friend @jeff_himmelman http://t.co/gMp0gZjuHU
482499760989823000,Fri Jun 27 12:24:42 +0000 2014,God's word is still pending. #fail #advertising http://t.co/G3iEuVIKR4
482190159816171500,Thu Jun 26 15:54:27 +0000 2014,RT @JoyaStudio: #tbt @Yale 3 yrs ago cc: @CashWarren @jessicaalba @JamilVMoen @TomLeineweber @JessicaSimpson #EJ #Eg #MF #BabyHonor http://…
471717753095585800,Wed May 28 18:20:51 +0000 2014,Check out my latest post on #maternitystyle for @Honest with thanks to Amanda Thorn-George: Chambray Your Way http://t.co/1ofpHrqPbP
469711100401819650,Fri May 23 05:27:07 +0000 2014,@stephenfishbach Only if 1st tweet didn't have enough room for "...to help me fall asleep."
469117752548917250,Wed May 21 14:09:22 +0000 2014,Proud to have worked with #mattachinesocietyDC: Uncovered Papers Show Past Government Efforts to Drive Gays From Jobs http://t.co/e8sEzNtpdE
468765327233654800,Tue May 20 14:48:57 +0000 2014,Out of the crooked timber of humanity... #notjustanumbersgame  NYTimes: The United States of Metrics http://t.co/uGkz3ZYc7l
468741905036365800,Tue May 20 13:15:53 +0000 2014,TJ MAXX Playlist &gt; Spotify #bargainbeats
466911604026511360,Thu May 15 12:02:55 +0000 2014,On the disappearance of subculture...Social Anxiety: Why The Closure of Kim’s Video Marks the End of the Hipster Era http://t.co/pGPrIuXAQi
466908573360848900,Thu May 15 11:50:53 +0000 2014,Tattoos are Facebook version 1.0 #airportdeepthoughts
466277912669196300,Tue May 13 18:04:52 +0000 2014,Spring cleaning your closet? My latest post on @Honest blog gives you sustainable tech options: http://t.co/keTZcdeJRH via @Honest
464795490421579800,Fri May 09 15:54:15 +0000 2014,Proud to be a part of @Bottletoppers and host last night's event with my loves #narcisorodriguez and #clairedanes http://t.co/4embmW3Yv8
463385549177622500,Mon May 05 18:31:38 +0000 2014,@stephenfishbach YASSS
461504098261409800,Wed Apr 30 13:55:26 +0000 2014,This is EVERYTHING. Saturday Morning Slow Jams: DuckTales #nostalgia #sangitgirl http://t.co/cW1s6khBdy via @YouTube
460866857332146200,Mon Apr 28 19:43:15 +0000 2014,Proud to be working with @AELLAcollection featured in @ELLEmagazine online today! #aella #womenwearthepants http://t.co/HMFyDAcqb4
459037247292338200,Wed Apr 23 18:33:02 +0000 2014,@CharlesFinch Comments are amazing, of course...
456813109248667650,Thu Apr 17 15:15:07 +0000 2014,Classic Album Covers on Google Street View #arteverywhere http://t.co/grPxwufSKK via @Booooooom
451360831515537400,Wed Apr 02 14:09:42 +0000 2014,TEAMTONYA NO COMMENT sweatshirt by TeamTonyaNoComment http://t.co/uGxFJQ30DC via @Etsy
445583066799833100,Mon Mar 17 15:30:56 +0000 2014,Monday Morning Jam: Temples-Mesmerise. Video prequel to Katy Perry Dark Horse? #MMJ #psychrock #temples http://t.co/cvMhiPK91W
434385397947191300,Fri Feb 14 17:55:24 +0000 2014,My first #style post for The Honest Company--It’s a Wrap: One Dress, a Million Possibilities #honestly http://t.co/2kYvkfUUNL via @Honest
434362893421654000,Fri Feb 14 16:25:58 +0000 2014,Blame Cupid! #HappyValentinesDay #poisonarrow http://t.co/HrD2B07Lgk
431805748872761340,Fri Feb 07 15:04:47 +0000 2014,Stun gun suspect in stolen Strad case in Milwaukee #bestnameever #donttouchmyhair @nytimes: Universal Knowledge Allah, 36, a local barber
428215209157599200,Tue Jan 28 17:17:16 +0000 2014,First K-Pop. Now Spam. #southkorea #keepingitunreal #mykindoftown @nytimes: The Stuff Gifts Are Made Of http://t.co/cGt7Pdbi2e
427841141837287400,Mon Jan 27 16:30:51 +0000 2014,Monday Morning Jam: F for You #morningworkout @maryjblige @disclosure https://t.co/RTV6wOhLqE
426802517972754400,Fri Jan 24 19:43:44 +0000 2014,A superfan essay on the Superbowl from my super friend, @becauseibledsoe "well acquainted with misery": http://t.co/KHm4wRZsoi
420597079526752260,Tue Jan 07 16:45:32 +0000 2014,Peter Saville + @lacoste = the relevance of irreverence #branding #creativity #lecroc http://t.co/9KNAjzo8dm via @DazedMagazine
420197411567317000,Mon Jan 06 14:17:24 +0000 2014,MONDAY MORNING JAM: FUTURE PARTY FEATURING TINK-WANNA PARTY: http://t.co/5gRJ1G4D3o
419138791568207900,Fri Jan 03 16:10:49 +0000 2014,Snow! https://t.co/jhNVeBqUIM
403891119529799700,Fri Nov 22 14:22:01 +0000 2013,What's it like being one of the top 5 hottest male perfumers? Ask my best buddy @JoyaStudio : http://t.co/dwB3OZBL8J
403302374934335500,Wed Nov 20 23:22:33 +0000 2013,Celebrating the 1st anniversary of @fleurdumalnyc Congrats #keepitsexy
402571466161807360,Mon Nov 18 22:58:11 +0000 2013,@francesemdee  Bravos earned! Stunning sets and vivid vocals. Front row center. Lucky me! Miss you.
402570919790792700,Mon Nov 18 22:56:01 +0000 2013,@Fab  One for the nicest, one for the naughtiest and a joust for the win! #smilesguaranteed
402537532073594900,Mon Nov 18 20:43:21 +0000 2013,Xmas comes early if you're a @fab customer! Going to make others smile now. Thanks @fab #giftcards #smile http://t.co/9VIc6x5Pxs
401027923735351300,Thu Nov 14 16:44:42 +0000 2013,Here come the judge...Congrats to @taiyeselasi for keeping novels relevant: Tired Metaphors? Ciao, Contestant! http://t.co/LNSwb4SKjt
401024061872300000,Thu Nov 14 16:29:21 +0000 2013,An honor to be backstage @CharlieRoseShow with my girl #ClaireDanes @SHO_Homeland http://t.co/YYi4edsCi1
400652187342086140,Wed Nov 13 15:51:39 +0000 2013,My first night @MetOpera means opera pumps! #rigoletto #bestfootforward http://t.co/swy05FiqDe
398950222056788000,Fri Nov 08 23:08:39 +0000 2013,@stephenfishbach Congrats--I'll add you to list of deities I don't worship but am very fond of.
398831373328195600,Fri Nov 08 15:16:23 +0000 2013,Last day to donate and save vintage books for the future with @SingularityCo Choose your own adventure now: http://t.co/dLB9Bf0NoE
398129374337052700,Wed Nov 06 16:46:54 +0000 2013,Choose Your Own Adventure or just save them! 3 days to help @SingularityCo publish classic adventures on @kickstarter http://t.co/b4l716Ktjp
397427271176187900,Mon Nov 04 18:16:59 +0000 2013,Jam's Monday Morning Jams + video: Young Galaxy-Fall For You + technological portraiture #JMMJ http://t.co/pE4WZktfLW
396267962438414340,Fri Nov 01 13:30:19 +0000 2013,Congrats @singularityco and the new Mr. &amp; Mrs. Kalb in @nytimes #savethescifi Preserving the Future From the Past http://t.co/9W1zITWrcj
394882146063495200,Mon Oct 28 17:43:34 +0000 2013,Monday Morning Jam--Never Wanna Know by MO: http://t.co/SDMryPWGy1
394847567118598140,Mon Oct 28 15:26:10 +0000 2013,RT @DUMBOBID: @SingularityCo Congrats on the great @WSJ press (and marriage!) http://t.co/iL5l09dLPF
393742116314046460,Fri Oct 25 14:13:30 +0000 2013,Compelling multimedia @NYTmag article on power struggle in the South China Sea. Congrats to my man @jeff_himmelman: http://t.co/oET8R1RewT
393734707495444500,Fri Oct 25 13:44:04 +0000 2013,My favorite time of year...for movies. A twist on the final girl--Top ten female horror films: http://t.co/BvXljHy0oz via @DazedMagazine
393431201941188600,Thu Oct 24 17:38:02 +0000 2013,Art Schooled: Jerry Saltz on New York Graffiti Artists, Banksy, and Al Jazeera Fear http://t.co/IVK2WqogV5 @vulture
392299266485407740,Mon Oct 21 14:40:08 +0000 2013,Jam's Monday Morning Jam: Sasha Keable – Careless Over You http://t.co/41tMCQJqEQ via @DazedMagazine
391272806438416400,Fri Oct 18 18:41:21 +0000 2013,Music in stores &gt; clothes in stores &gt; music and clothes in clubs.
390161766988386300,Tue Oct 15 17:06:28 +0000 2013,RT @CharlesFinch: My last google search yesterday was 'un-break my heart toni braxton writer,' which in retrospect seems like a cry for hel…
390160659268530200,Tue Oct 15 17:02:04 +0000 2013,RT @thefader: London singer @FKAtwigs is making the female objectification debate really confusing. And we like that: http://t.co/sZAW5Npes1
388736552513175550,Fri Oct 11 18:43:11 +0000 2013,@stephenfishbach Pleasantville?
387610376273006600,Tue Oct 08 16:08:09 +0000 2013,David Byrne talks creative culture, wealth and the future of New York City: http://t.co/XAIE6ca2Wj via @guardian
387248923439427600,Mon Oct 07 16:11:52 +0000 2013,@NickyGorgeous @CashWarren Yale is a sterling institution...for me to poop on! (Triumph is not considered a suspect in this investigation.)
387247263539404800,Mon Oct 07 16:05:17 +0000 2013,Monday morning jam: ‘Don't Wait’ by @mapei on #SoundCloud https://t.co/yfpxD2g9Y1
377878352821887000,Wed Sep 11 19:36:34 +0000 2013,RT @CashWarren: Bought the wifey a new shirt C.R.E.A.M http://t.co/js1V5H3p7P
377604736041906200,Wed Sep 11 01:29:19 +0000 2013,Backstage with my girls narcisorodriguez @jessicaalba #jessicasandwich #nyfw http://t.co/ZihUzE043N
377601338534031360,Wed Sep 11 01:15:49 +0000 2013,After the show narcisorodriguez  #nyfw #lightsout http://t.co/mECrraKiOy
377599936038461440,Wed Sep 11 01:10:14 +0000 2013,Backstage narcisorodriguez @jessicaalba #nyfw #showsomelove http://t.co/KsJvZMHva7
372499751486238700,Tue Aug 27 23:23:56 +0000 2013,BAPE + Olive Garden = #COOLISDEAD http://t.co/Cw3RGBr7QQ
365561585529405440,Thu Aug 08 19:54:08 +0000 2013,Pop Art: Double Bubble http://t.co/VsMZiOQI5l
365105235452100600,Wed Aug 07 13:40:46 +0000 2013,(Un)Natural Rhythms http://t.co/jbqCwdDKYO
361283167195365400,Sun Jul 28 00:33:14 +0000 2013,RT @nathanheller: Here's "Destino," an animated short that Salvador Dali and Disney started in the forties; it was finished in 2003. http:/…
360046268996792300,Wed Jul 24 14:38:14 +0000 2013,I'm butter: Fiona Apple, "Hot Knife" http://t.co/n9h4SdJbJX
358369007981695000,Fri Jul 19 23:33:24 +0000 2013,Video Playlist: Speaking in Tongues 3 http://t.co/3ylLdMk9We
355696751082078200,Fri Jul 12 14:34:48 +0000 2013,@okayplayer best #MagnaCartaHolyGrail review ever. Likely best album review of all time period. It's deep. http://t.co/quhf3wXlkx
355188261603393540,Thu Jul 11 04:54:15 +0000 2013,Video Playlist: Speaking in Tongues 2 http://t.co/Cc6rCUk47O
354377863761367040,Mon Jul 08 23:14:01 +0000 2013,Video Playlist: Speaking in Tongues http://t.co/jQex9EKcHq
353586516947251200,Sat Jul 06 18:49:29 +0000 2013,Old school: Blanche Knott's Truly Tasteless Jokes (http://t.co/A6jkWYPKdt). New school: programmer humor: http://t.co/jZYEE7cH9G
352962472036151300,Fri Jul 05 01:29:45 +0000 2013,Stay Free, America http://t.co/2oYPWFe6yd
351917578555371500,Tue Jul 02 04:17:43 +0000 2013,How many roundhouse kicks does it take to defeat satan? #watchingchucknorris
351906677949337600,Tue Jul 02 03:34:24 +0000 2013,"Dress appropriately to meet the chief of police." *Chuck Norris puts on Timberlands, jeans, tropical print shirt, aqua blazer #norrisstyle
351897176433098750,Tue Jul 02 02:56:39 +0000 2013,"It's got Chuck Norris. And it's in color. What more do you want?" Currently watching "Hellbound" with my mom: http://t.co/pMJqUWAeIg
351764011735457800,Mon Jul 01 18:07:30 +0000 2013,@lovenphipps Here! Spam all day, every day. Don't let middleman gouge you for pricing--get your tix direct.
351734724303126500,Mon Jul 01 16:11:07 +0000 2013,Perry Mason: the criminals are actually shifty-eyed. Makes detective work so much easier.
351731217336516600,Mon Jul 01 15:57:11 +0000 2013,@CashWarren LOL: "Get the rope" is not a hard "no."
351730142999089150,Mon Jul 01 15:52:55 +0000 2013,In VA w/my parents, livetweeting what we watch! 1st up: Perry Mason! Think his wheelchair has a custom brocade back. #pimpmyironside
326903272105459700,Wed Apr 24 03:39:48 +0000 2013,For the next 2 weeks, I'm living in LA with all of the trailer and none of the park #venice #airstreamstyle http://t.co/jpxiZgiN0I
325302849267449860,Fri Apr 19 17:40:17 +0000 2013,Time Out New York names @singularityco one of the best indie bookshops in the city--proud to be a part: http://t.co/Ed9nLaRkhG
323170242320818200,Sat Apr 13 20:26:04 +0000 2013,@snemerov @GQMagazine @RalphLauren @nydeanny @TheoAlano @skotmyers it's a small world after all! XXX
322748830187659260,Fri Apr 12 16:31:32 +0000 2013,@MykkiBlanco on keeping it (un)real--truth!  #kingpinning http://t.co/KwPUbexpW8
322115982971777000,Wed Apr 10 22:36:49 +0000 2013,Just bit into a dime on my pizza slice. #premiumtopping http://t.co/OM28nd7nnE
317755828365037600,Fri Mar 29 21:51:07 +0000 2013,@JoyaStudio @stephenfishbach I look like I have Lego hair. Great night! Thanks to you and @WarbyParker
317647218637156350,Fri Mar 29 14:39:33 +0000 2013,On the bus. 10 AM. Hairy situation. #bestbedheadever http://t.co/OzXuwqnRHl
316251285953314800,Mon Mar 25 18:12:36 +0000 2013,Childhood dream come true: Bill Cosby wants your vote for best sweater! #cosbysweater #whataboutgordongartrell http://t.co/xDUQK6ZItB
312222427478372350,Thu Mar 14 15:23:22 +0000 2013,Wor(l)ds to live by: the art of living and living the art--john malkovich #technobohemian http://t.co/D204TjFlat
311507680059609100,Tue Mar 12 16:03:13 +0000 2013,High school realness #patriciafield baby tee, US Navy bellbottoms:#halfmylifeandsize #teenagedream #clubkidpic http://t.co/PKBt55O1Xx
311128635769774100,Mon Mar 11 14:57:01 +0000 2013,RT @jessicaalba: My lovely @jamilvmoen #zoyaloeb http://t.co/ITWZCXziMP
302136192223305700,Thu Feb 14 19:24:16 +0000 2013,@joyastudio Much love for the RT! Just gimme the light...
302133601368145900,Thu Feb 14 19:13:58 +0000 2013,Love in the Light of Day http://t.co/vQhOA3xr
297355582913011700,Fri Feb 01 14:47:50 +0000 2013,@Natty_Style Congrats! Hence the air mattress question? Let me know if I can help!
296712422956339200,Wed Jan 30 20:12:09 +0000 2013,SF book cover of the week: The Shape of Further Things. Turns me on. #scificovers #singularityco http://t.co/behHIE2M
294808167123144700,Fri Jan 25 14:05:18 +0000 2013,RT @imjasondiamond: HiLowbrow is teaming up with Singularity &amp; Co. to serialize "the original cyborg novel." http://t.co/6zCQStJe
291287253114818560,Tue Jan 15 20:54:28 +0000 2013,Juliana's Pizza now open in BK! #coalovenrealness #therealgrimaldis http://t.co/nKWhvJz7
289442278777438200,Thu Jan 10 18:43:12 +0000 2013,#smokingkids #toobrooklynforwords http://t.co/uOnWzoKV
288736604154114050,Tue Jan 08 19:59:05 +0000 2013,Freak power! Check out my latest #youretheman column on Hunter S. Thompson style on @beso: http://t.co/Dik5gCV9
288414729037307900,Mon Jan 07 22:40:04 +0000 2013,You're the Man: Hunter S. Thompson http://t.co/Q5AgWh2T
285561651078500350,Mon Dec 31 01:42:58 +0000 2012,Of course I find this after Christmas. #goredskins #RGIII #danburymintisgenius http://t.co/TOUKBkCY
276028793137811460,Tue Dec 04 18:22:47 +0000 2012,Everything in Home Depot sold out. Looks like it's a #CharlieBrownChristmas #tistheseason http://t.co/6Q2snBQZ
275035234649661440,Sun Dec 02 00:34:44 +0000 2012,Need a gift for a geek? How about a tee from our shop, Singularity&amp;Co?: http://t.co/LMV1MQ7e via @BoingBoing
273625646121512960,Wed Nov 28 03:13:32 +0000 2012,RT @Honest: Give thanks by giving back. Join us &amp; celebrate #GivingTuesday. For each retweet, we will donate a pack of diapers to @b ...
273625420702826500,Wed Nov 28 03:12:38 +0000 2012,@annachloe @lovenphipps What, no Spam? Yes! We can have #celebratorysausage for your engagement. Congratulations! XXX
273559464647475200,Tue Nov 27 22:50:33 +0000 2012,@lovenphipps I am!!! Sluggish due to high sodium consumption, can't get back to NYC yet. Let me know when you're free, Buttery C.
273548554700730370,Tue Nov 27 22:07:12 +0000 2012,salted egg/Chinese sausage/salted chicken/fried eggs/fried rice/tater tots/Spam #justyouraveragetuesdaybrunch http://t.co/GDPlg1lz
273241522139459600,Tue Nov 27 01:47:10 +0000 2012,@jessicaalba your kiddos will be doing the same with you someday...it will be Expendables 59 by then.
273196963149778940,Mon Nov 26 22:50:06 +0000 2012,Cut my papa's hair for a TV appearance about interfaith tolerance in the Middle East. Watching Expendables 2 with my mama. #athome
266949545919905800,Fri Nov 09 17:05:06 +0000 2012,This morning's view: welcome to #LA! http://t.co/K4PgyWwB
265957720807571460,Tue Nov 06 23:23:56 +0000 2012,@stephenfishbach: LOL, the shining beacon shall be usurped by the neon glow stick!
265956599854661630,Tue Nov 06 23:19:30 +0000 2012,#Vote today! This would be my write-in vote 25 years ago...give or take a few years: http://t.co/OQw7ej0q
264069606946271230,Thu Nov 01 18:21:15 +0000 2012,RT @MikeBloomberg: Please join me in saying THANK YOU to the thousands of city employees working around the clock to get NYC back up and ...
263689879844700160,Wed Oct 31 17:12:21 +0000 2012,RT @CharlesFinch: Just saw someone returning twenty gallons of water at Duane Reade and using the credit to buy a Taylor Swift CD.  You  ...
263301141536845820,Tue Oct 30 15:27:39 +0000 2012,Hurricane + Halloween = #survivalmode http://t.co/PICx0QP4
262968246167298050,Mon Oct 29 17:24:50 +0000 2012,@CharlesFinch The quote is very inspiring. Break me off a piece of that unknown.
259736201395843070,Sat Oct 20 19:21:51 +0000 2012,Best $5 I've spent in a while. #classicsexycool http://t.co/cI82WcbH
259727110875267070,Sat Oct 20 18:45:43 +0000 2012,@CashWarren genius
258421768686039040,Wed Oct 17 04:18:46 +0000 2012,Words to live by from #nycparks. #feedapigeon http://t.co/IHh5xMwg
256871989443194880,Fri Oct 12 21:40:29 +0000 2012,Check out @joyastudio Frederick Bouchardy AKA The Candle Man in @tmagazine @nytimes http://t.co/8TRCFITH
256090562652938240,Wed Oct 10 17:55:23 +0000 2012,Exquisite, eerie full cover art (1966) here @SingularityCo #scificoverart http://t.co/rZWvdwTq
253947855918739460,Thu Oct 04 20:01:01 +0000 2012,RT @CashWarren: This just got sent to me....congrats @TheNOCTV for cracking the top 10!! http://t.co/E7iLxgep
253196322813902850,Tue Oct 02 18:14:42 +0000 2012,RT @JennyHolzerMom: BE WARY OF REBELLIONS THAT TRY TO SELL YOU MERCHANDISE
252113926114922500,Sat Sep 29 18:33:38 +0000 2012,My quote in the Wall Street Journal and DUMBO shop is "what Soho was like in the 70s or 80s"! @singularityco @wsj: http://t.co/5mS1s9mK
249593988305264640,Sat Sep 22 19:40:19 +0000 2012,Cashmere kama sutra @ Benetton pop-up Soho #letlovespool http://t.co/fm0Qeavl
249593946202837000,Sat Sep 22 19:40:10 +0000 2012,Cashmere kama sutra @ Benetton pop-up Soho #letlovespool http://t.co/ub2AyB1g
249562382244913150,Sat Sep 22 17:34:43 +0000 2012,RT @jdavidmckenney: The aLiEn doll is now on display at Singlarity &amp; Co in Dumbo.   @ Singularity&amp;Co http://t.co/XUTpvE0O
248529577125740540,Wed Sep 19 21:10:43 +0000 2012,@francesemdee Can I see you sometime?
248092261806637060,Tue Sep 18 16:12:59 +0000 2012,@emmyhambrg @BloombergView Actually, the comments say more. As usual.
247759035955298300,Mon Sep 17 18:08:51 +0000 2012,Heroine Chic: A Season of Sci Fi Fashion http://t.co/ri8bScmw
247700423773929470,Mon Sep 17 14:15:57 +0000 2012,Where the party @? The medium, the message, the history of the @ symbol: http://t.co/WS5b7au5
247006982647722000,Sat Sep 15 16:20:28 +0000 2012,@stephenfishbach: I'm not as fishy as you!
246984246005231600,Sat Sep 15 14:50:08 +0000 2012,Nice catch! #gonefishing http://t.co/Yxo3MCZj
246977544224641020,Sat Sep 15 14:23:30 +0000 2012,#gonefishing on Captain's Island http://t.co/iGq9pabr
246784685823389700,Sat Sep 15 01:37:09 +0000 2012,Did you know @google NYC headquarters has the best froyo? From a food truck? Thanks for the treats! http://t.co/lmCLDvOH
246314217014194180,Thu Sep 13 18:27:41 +0000 2012,Look at the cute sandwich @jessicaalba found @ralphlauren: #jeah #nyfw http://t.co/DNVz1owg
246313785013448700,Thu Sep 13 18:25:58 +0000 2012,@jessicaalba and @bradgoreski: black leather makes everyone badder http://t.co/qPnXwZ5j
246313240605364220,Thu Sep 13 18:23:48 +0000 2012,On my way to @ralphlauren fashion show with my dearest @jessicaalba #nyfw http://t.co/KcWE24tx
245205914360086530,Mon Sep 10 17:03:41 +0000 2012,Best elevator ride of the week/year: #clairedanes and Valentino (@maisonvalentino) @ Homeland premiere! Why sadface? http://t.co/cm3wPqM6
245205320400527360,Mon Sep 10 17:01:19 +0000 2012,Fireworks on Intrepid &amp; dinner under spaceship Enterprise: Amazing #homeland premiere! Congrats 2 my BFF #clairedanes http://t.co/DnQ9ZlYX
243785847969812480,Thu Sep 06 19:00:50 +0000 2012,Dressing up should be a party, not for a political party! Check out my dear friend Chris Larson rocking the RNC: http://t.co/Sx69ZJAm
243338893397745660,Wed Sep 05 13:24:48 +0000 2012,World famous turkey hash #charliessandwichshoppe #boston http://t.co/EZrBLhtY
243338143342927870,Wed Sep 05 13:21:49 +0000 2012,@NickyGorgeous @amkm23: it's a metaphor #akinator http://t.co/gCsDadC7
243028680165707780,Tue Sep 04 16:52:07 +0000 2012,On the way to Boston. Flat tire. Fast replacement. #keep it moving #boltbus http://t.co/ZdFNuty6
240873228954898430,Wed Aug 29 18:07:07 +0000 2012,@NickyGorgeous Coming to Boston next week...Free for dinner Tuesday night? Wednesday? What've you got? Love, #Hamface
240602679519371260,Wed Aug 29 00:12:03 +0000 2012,@stephenfishbach: It was the brief moment when the burger was in my hand and not my mouth! You're the best audience...
240525111860535300,Tue Aug 28 19:03:50 +0000 2012,@CashWarren @petewentz I'll do it. Clothes make the H.A.M.
239490309954887680,Sat Aug 25 22:31:54 +0000 2012,First ever balut eating contest at @dekalbmarket! #filipinos http://t.co/DXWJ1pTp
237970465208008700,Tue Aug 21 17:52:35 +0000 2012,Did soundtrack 4 coolest fragrance design event @elementshow! Will post my top 5 sweetest smelling tracks... http://t.co/dKoOb9JF
237908887272042500,Tue Aug 21 13:47:53 +0000 2012,My latest gig in @nydailynews: co-founder of @SingularityCo bookshop and digital publisher http://t.co/M6avUFW2 http://t.co/DRzUFWjy
237654753402818560,Mon Aug 20 20:58:03 +0000 2012,Bane, Twigs, Brian Junger: The Modern Masked Man http://t.co/AeoIS4t7
237590852053106700,Mon Aug 20 16:44:08 +0000 2012,Check out my #nyc virtual shopping guide for @beso! The best a man can get on foot and surfing the net: http://t.co/yoa5LYLb
236151111625613300,Thu Aug 16 17:23:07 +0000 2012,@beso @joyastudio: Throwing shade...
236150529368133630,Thu Aug 16 17:20:48 +0000 2012,Check out my latest shopping piece on @beso: top 10 men's gifts from @joyastudio founder Frederick Bouchardy!: http://t.co/ra653q4a
235747363208167420,Wed Aug 15 14:38:46 +0000 2012,RT @SingularityCo: Astronomical wall hanging, circa 1850 http://t.co/yw0xmk1b
233572682833199100,Thu Aug 09 14:37:21 +0000 2012,It's not easy being green...a great read on solar entrepreneurs by my friend @Jeff_Himmelman in @nytimes @nytimesmag: http://t.co/1I5Orfbl
233231957625040900,Wed Aug 08 16:03:26 +0000 2012,RT @LIFTCommunities: RT this if you LIFT like @BenHarper #oneLIFT #LIFTpic  http://t.co/obhK2BVF
227987617503911940,Wed Jul 25 04:44:18 +0000 2012,RT @jessicaalba: I've died and gone to corn heaven #jamaicanfood #nyc w @jamilvmoen @cash_warren  http://t.co/nTABD9O9
225701003738103800,Wed Jul 18 21:18:07 +0000 2012,RT @nprmusic: LIVE TONIGHT: Watch electro-pop group @Hot_Chip in concert from @CelebrateBklyn at 9 p.m. ET. http://t.co/QyZFvqZC
224288264243265540,Sat Jul 14 23:44:24 +0000 2012,#Marshalls #billabong: #shirtofthesummer. http://t.co/zzS0oemv
224280891273396220,Sat Jul 14 23:15:06 +0000 2012,#Nike: Respect my #sportsauthority! http://t.co/zJZvPAdj
223858219100016640,Fri Jul 13 19:15:33 +0000 2012,Midwestern sandwich: w/steak, 2 cheeses, fries and mayo in cheese bread @ #deathbydennys http://t.co/qMdio1Lr
223196077455704060,Wed Jul 11 23:24:26 +0000 2012,Seen @ the mall. NYC is corny like that? http://t.co/E4fCPA2N
223109046029389820,Wed Jul 11 17:38:36 +0000 2012,RT @LIFTCommunities: If you love...@LIFTCommunities @LIFTBoston @LIFTChicago @LIFTPhilly @LIFTDC @LIFTTheBronx-- RT this!
222817125146959870,Tue Jul 10 22:18:37 +0000 2012,@lovenphipps @nprmusic: You know me too well. I've never loved anyone the way I love a cookie. Sharing is definitely a maybe.
221840638260428800,Sun Jul 08 05:38:24 +0000 2012,3.1 Phillip Lim,Menswear 2013 #brococo http://t.co/se4U08ni
221056167026237440,Fri Jul 06 01:41:11 +0000 2012,RT @ebertchicago: Today is the 75th birthday of SPAM. The good kind. Especially beloved by Hawaiians. http://t.co/66VGI3oe
221056092828999680,Fri Jul 06 01:40:54 +0000 2012,RT @meganamram: AMERICA: A REVIEW: http://t.co/HvQjg6nS
214152538314899460,Sun Jun 17 00:28:39 +0000 2012,seen @ my hotel: in case anyone's wondering, I'm in #losangeles #omsweetom http://t.co/tI6n4NvL
213429842794909700,Fri Jun 15 00:36:55 +0000 2012,In LA. Short Rib Sandwich at Joan's on Third. Crispy, creamy, savory, tangy: Worth the double digits. http://t.co/3Cx49B7b
210865626753925120,Thu Jun 07 22:47:37 +0000 2012,RT @JennyHolzerMom: ART DEMANDS AN AUDIENCE SO WHY IS THE TV ON IN THIS ROOM IF NO ONE IS WATCHING IT?
207478257329774600,Tue May 29 14:27:25 +0000 2012,@jessicaalba Love you in London! Eat at St John, the most elegant, adventurous experience on the isle: http://t.co/xWmLRrFZ
207110950355075070,Mon May 28 14:07:53 +0000 2012,Does This Suit Make Me Look Insane? http://t.co/3Y96fYKC
203485166621036540,Fri May 18 14:00:18 +0000 2012,Check out my latest men's style column on @beso for sporty summer inspiration #youretheman #Joe Namath: http://t.co/Xa7Ex7lj
197012256754647040,Mon Apr 30 17:19:17 +0000 2012,On my block today. Burning question: how many of these kids already have #hbo development deals? http://t.co/N4ioCNQG
193078913017196540,Thu Apr 19 20:49:34 +0000 2012,@Jeff_Himmelman @kirsten_lodal: When all else fails, denim tuxedo. Sending you an easy, convertible wardrobe, all online. Coming soon...
192632406786834430,Wed Apr 18 15:15:19 +0000 2012,See the #cindysherman retrospective at #MOMA--it started with this: Cindy Sherman Doll Clothes (1975): http://t.co/ogtzay7J via @youtube
192626075568840700,Wed Apr 18 14:50:09 +0000 2012,@jessicaalba @CashWarren When you return from Japan, add these to the LA menu, #kakkoi #lasernori: http://t.co/BBc82xve
192625206727163900,Wed Apr 18 14:46:42 +0000 2012,@jessicaalba SUGOI KAKKOI!!!
192345899257704450,Tue Apr 17 20:16:50 +0000 2012,Forgot one #netflixrecs personality tag: #darkforeign. Perfect.
192345306887757820,Tue Apr 17 20:14:29 +0000 2012,My personality based on my #netflixrecs: #scarysupernatural1980s, #steamy, #strongfemalelead, #understated crime. That sums me up nicely.
192288122174849020,Tue Apr 17 16:27:15 +0000 2012,@jessicaalba TOTTEMO KAWAII!!!
191907627473707000,Mon Apr 16 15:15:18 +0000 2012,If you haven't already, check out my latest #youretheman style column for @BESO on Jeff Bridges cool! http://t.co/Ox4EdocI
189396204398981120,Mon Apr 09 16:55:49 +0000 2012,@ sears shopping. #karma http://t.co/W3MEuSIp
187310780314697730,Tue Apr 03 22:49:04 +0000 2012,The chainsaw was real! Cannot wait to see #glowdoc #gorgeousladiesofwrestling: http://t.co/BbId95Lt
185367039572049920,Thu Mar 29 14:05:20 +0000 2012,RT @joyastudio: Making lotus leaf incense sheets with @JamilVMoen http://t.co/85RNjkc4
185130839154229250,Wed Mar 28 22:26:46 +0000 2012,RT @KenJennings: A bird just got trapped in our wind chimes and made the next Bon Iver record.
184726478162890750,Tue Mar 27 19:39:59 +0000 2012,@stephenfishbach @virtuosity Amazing! Haven't seen you make a face like that since we shared a bathroom.
184684855160872960,Tue Mar 27 16:54:35 +0000 2012,RT @whatntheworld: The words "outstanding" and "phenomenal" would have fallen out of use if not for the valiant efforts of high school f ...
184322525638033400,Mon Mar 26 16:54:49 +0000 2012,I've given up on emoticons, but I'm behind G11N (globalization)! It's like Wheel of Fortune. What other words work like that?
182838233372164100,Thu Mar 22 14:36:46 +0000 2012,@francesemdee @jamilvmoen Let me know when you're in NYC next so I can hear the sweet sounds...xxx
182836368777560060,Thu Mar 22 14:29:21 +0000 2012,@francesemdee So glad to have you in my life any way I can--even if it's only 140 characters' worth! Love you. Jams
180647963117359100,Fri Mar 16 13:33:25 +0000 2012,Check out my new writing gig @ #beso! It's called You're the Man--unique style tips from cultural icons, like Elvis: http://t.co/1vjjwuKX
180646052515426300,Fri Mar 16 13:25:49 +0000 2012,@stephenfishbach My mama wanted to know why they didn't use original cast. I told her Face had a cameo and she said he looked old. Exactly.
180030284396371970,Wed Mar 14 20:38:59 +0000 2012,@stephenfishbach: 20 years after #JeanPaulGaultier, they should embrace their fashion icon status: http://t.co/c1HBj5ka
179341712907444220,Mon Mar 12 23:02:52 +0000 2012,Electrical inventors give great head. Outside Serbian cathedral on 26th. http://t.co/OaErb2WG
177446147063947260,Wed Mar 07 17:30:32 +0000 2012,It All Adds Up: Chuck Jones's Rom-Com Formula in "The Dot and the Line" http://t.co/xusEUbMu
177082410041753600,Tue Mar 06 17:25:11 +0000 2012,Super Morrissey Bros: This Charming Mario. #genius. next for #supermorrisseybros is #thebowserwiththethorninhisside? http://t.co/9tfi91bD
176732632263032830,Mon Mar 05 18:15:17 +0000 2012,Fun with Free Will: Chairlift's "Met Before" Video http://t.co/TPeixi69
174514933403365380,Tue Feb 28 15:22:57 +0000 2012,What's in a (porn) name? Romeo not a great one for modern day stud, notes Stanford linguistics professor (via Salon): http://t.co/OcfaQkGb
173986047569567740,Mon Feb 27 04:21:20 +0000 2012,RT @RyanLizza: Tonight is the night people in DC learn what styles they will be wearing at black tie events in about 5 years.
173976296299311100,Mon Feb 27 03:42:36 +0000 2012,My favorite Oscar fashion moment, courtesy of Art Garfunkel: http://t.co/BJTT77xn
173058325695578100,Fri Feb 24 14:54:54 +0000 2012,Jil Sander for Jil Sander! Hooray! When does Helmut Lang return to Helmut Lang? Please? #eponymousfashion
172849149249716220,Fri Feb 24 01:03:43 +0000 2012,RT @ebertchicago: Birthday of the delightful Mr. Samuel Pepys. http://t.co/ljVN2Tke
172848838753787900,Fri Feb 24 01:02:29 +0000 2012,@Natty_Style: Sweet!  Just let me know when I start to stink...Much love!
172342653797675000,Wed Feb 22 15:31:05 +0000 2012,True, down to the Homer Simpson call-out--maybe next Black History Month: “Key & Peele’s” edge-less, post-racial lie http://t.co/WaGoxhUW
171636253253582850,Mon Feb 20 16:44:06 +0000 2012,Watch B$M and admit your fragility!: Tim and Eric’s comedy of repulsion http://t.co/RohKXovT
171633271669657600,Mon Feb 20 16:32:15 +0000 2012,@SI_BenReiter: When are you going to get with @TheNOC?  When do we get to hang out?
170970021076545540,Sat Feb 18 20:36:44 +0000 2012,Fair and not square at all--loving Asics kicks &lt;$50 @ JC Penney: http://t.co/jG9IlZYG
170531637216546800,Fri Feb 17 15:34:45 +0000 2012,RT @meganamram: "ED HARDY, ART HISTORIAN" in @vice!!!: http://t.co/zg6txL9T
170188787501109250,Thu Feb 16 16:52:23 +0000 2012,The baddest bitches of Fashion Week #NYFW: http://t.co/Kmuc2pas
170057660757065730,Thu Feb 16 08:11:20 +0000 2012,RT @KenJennings: You crazy kids. I'm old enough to remember Loretta Lynnsanity.
169179813196742660,Mon Feb 13 22:03:05 +0000 2012,@NickyGorgeous: HA! In spirit, closer to Silkk the Shocker: "It ain't my fault" #dididothat?
169172233091162100,Mon Feb 13 21:32:58 +0000 2012,RT @meganamram: Watching old romantic comedies has created unrealistic expectations for me. Gas isn't $2/gal!!!
169170596754755600,Mon Feb 13 21:26:27 +0000 2012,(Silk) Road Trip: Fashion Week Flashback with Versace http://t.co/VM40zpXi
167979747412934660,Fri Feb 10 14:34:27 +0000 2012,RT @ebertchicago: Sooner or later, you'll be glad you clipped this art. You'll need it. Move fast. Be sure to credit the New York Post.  ...
167692856302120960,Thu Feb 09 19:34:27 +0000 2012,Think dudes are wearing old lady prescription glasses non-ironically @ Trader Joes #costanza #Gloriavanderbiltcollection
167658652361162750,Thu Feb 09 17:18:32 +0000 2012,Movie Poster Remix: Carnal Knowledge http://t.co/sBzXoItq
167622311950823420,Thu Feb 09 14:54:09 +0000 2012,Election year: self-promo & promises. Vote 4 Soho/me in Time Out. Pledge to shower & shave. http://t.co/2ZmDLu7S http://t.co/rHICJRly
166998962975408130,Tue Feb 07 21:37:10 +0000 2012,Just in time for Fashion Week! The ultimate in beauty #fashionweek2012 #fotoshopbyadobé: http://t.co/jJ2KeGqV
166995357144854530,Tue Feb 07 21:22:50 +0000 2012,A True Noble Savage: Art Garfunkel http://t.co/4o57gr27
166906969804906500,Tue Feb 07 15:31:37 +0000 2012,My kind of Super Bowl coverage, by Jeopardy champ Ken Jennings #superbowltrivia: http://t.co/uUcmB2pH
166665173598339070,Mon Feb 06 23:30:48 +0000 2012,RT @hipsterrunoff: "Carles woke up and saw his shadow. 6 more weeks of Lana Del Rey coverage."
165443353343836160,Fri Feb 03 14:35:43 +0000 2012,RT @ebertchicago: Roseanne Barr running for President on the Green Party ticket. http://t.co/Y23l1P1x
164766896619651070,Wed Feb 01 17:47:44 +0000 2012,These cards, plus the premiere of #KeyandPeele on #ComedyCentral, makes this a great--but short--month #blackhistory: http://t.co/tDjM2XRk
164001050611826700,Mon Jan 30 15:04:32 +0000 2012,Told my Mama I hated my name, she called me "Billy Jimbob." She should have had this list #lamentfox #puritans: http://t.co/loxvfa7g
162587195356626940,Thu Jan 26 17:26:22 +0000 2012,Where to begin? Going out with a bang: #gordonramsay #porndouble #dwarf #badgerden #diamondencrustedsodastream http://t.co/P0kNZUPO
161846656822808580,Tue Jan 24 16:23:44 +0000 2012,Watch L'Amour Fou about #YSL & Pierre Berge. This Opium ad would now be about illicit dumplings at Vanessa's. #savage: http://t.co/4UQQmHOi
160454415638216700,Fri Jan 20 20:11:28 +0000 2012,TGIF--Before she had babies, she was: Mariah Carey-Crybaby (featuring Snoop Dogg) http://t.co/rpUvwsQE
160086189846691840,Thu Jan 19 19:48:16 +0000 2012,Vice covers Best and Worst Fashion of 2011, but it's about so much more #vice #style http://t.co/wBe5RNU4
160030971981344770,Thu Jan 19 16:08:51 +0000 2012,From blitzkreig to baby love, the brothers do the Ronettes: Ramones-Baby I Love You http://t.co/9MoqeKlI
159516336190533630,Wed Jan 18 06:03:52 +0000 2012,RT @CashWarren: It's up!! what do you all think? http://t.co/Rqm4Gtu1
159516312886980600,Wed Jan 18 06:03:47 +0000 2012,@CashWarren: Congratulations! Charming, easy and passionate about principle. Proud.
159296817618628600,Tue Jan 17 15:31:35 +0000 2012,From a Madonna clone/contemporary, first use of squealing baby sample, pre-Aaliyah? Regina-Baby Love #ladygoogoo http://t.co/6uPEIC5M
159286433750847500,Tue Jan 17 14:50:19 +0000 2012,@jessicaalba: welcome to NYC!
158790645278978050,Mon Jan 16 06:00:14 +0000 2012,Watching "Never on Sunday" on Sunday. Why no Hooker with Heart of Gold category at awards? #GoldenGlobes2013
158665367433134080,Sun Jan 15 21:42:26 +0000 2012,Forgetaway: Winter Break with Modesty Blaise http://t.co/5DqWEZlj
158629594142998530,Sun Jan 15 19:20:17 +0000 2012,@Natty_Style: no fear of a black hat! congrats!
158617710144667650,Sun Jan 15 18:33:03 +0000 2012,Way before the movie, The Muppets were groovy: a remake of Simon & Garfunkel's "Baby Driver": http://t.co/og22HSLo
158285853939073020,Sat Jan 14 20:34:23 +0000 2012,Alex Chilton wishes he had been kinder to his last baby #anotherchance: The Box Tops-Cry Like a Baby http://t.co/4ZH9qoP6
157875104381009920,Fri Jan 13 17:22:12 +0000 2012,Celebrating birth of a new year, a video baby born every day of January: Player-Baby Come Back #nostalgia: http://t.co/crArmeFM
157859045439586300,Fri Jan 13 16:18:23 +0000 2012,@jessicaalba, @CashWarren: the New York Times loves @kirsten_lodal and her work as much as you do: http://t.co/D9DgCGyE #LIFT
157848076118261760,Fri Jan 13 15:34:48 +0000 2012,@Natty_Style: Get out your sleeping bag coat! #momsicle
157847552635584500,Fri Jan 13 15:32:43 +0000 2012,RT @kirsten_lodal: "In the Fight Against Poverty, Time for a Revolution" @LIFTCommunities in NYTimes Fixes column: http://t.co/0D0ayctv  ...
157462161889837060,Thu Jan 12 14:01:19 +0000 2012,See my take on it here: http://t.co/XxUXJV3u
157462102888550400,Thu Jan 12 14:01:05 +0000 2012,When will fashion's kaleidoscopic yen end? Prabal Gurung 2012: http://t.co/eBN8ucew #kaleidoscope
157237776746692600,Wed Jan 11 23:09:41 +0000 2012,@Natty_Style: Haha!  At least they are not logo? #retro #fugly
157123067741605900,Wed Jan 11 15:33:53 +0000 2012,@Natty_Style: Not racist, not harmless. Reenacting privilege. Only casting black models for safari/island is cliche in front or back...
156838892589428740,Tue Jan 10 20:44:40 +0000 2012,@Natty_Style: Good to be here.  Keep me looking good like you do everyone else...
156757122837790720,Tue Jan 10 15:19:46 +0000 2012,Cute, concise clips. Thank you for keeping my #%?! together. #Japan #design http://t.co/KmMmXqIu
156750172506951680,Tue Jan 10 14:52:08 +0000 2012,@jessicaalba @CashWarren: The show where fake actors pretend they are in fake movies? We just watched last night and love!
156537592165318660,Tue Jan 10 00:47:24 +0000 2012,The noble ends of 20th century savagery: How sex, bombs and burgers shaped our world. http://t.co/DthA5GiK
156468672007905280,Mon Jan 09 20:13:33 +0000 2012,Is this the end result? #Carlton #fashion: http://t.co/aieZ0ijI
156467835017756670,Mon Jan 09 20:10:13 +0000 2012,Lo-Lifes: Before the Black Dandy. Thank you @taiyeselasi  #Carlton #fashion http://t.co/lr3GtHrb
156409664647606270,Mon Jan 09 16:19:04 +0000 2012,Reunion! "The Boy is Mine" recorded 14 years ago. #oldies: http://t.co/nuOSsfV7
156404136714309630,Mon Jan 09 15:57:06 +0000 2012,Italian Vogue does QVC for January cover #masstigeisdead: http://t.co/C38e024x
156401788050878460,Mon Jan 09 15:47:47 +0000 2012,Going mobile?  Check out this guy's license plate that parked across from me at T.J. Maxx (true story): http://t.co/J6asyHnH
156400847998300160,Mon Jan 09 15:44:02 +0000 2012,@CashWarren @NickyGorgeous: You are my first RTs.  Congratulations!  Now back to talking about...me.
156400664061288450,Mon Jan 09 15:43:18 +0000 2012,RT @CashWarren: RT @NickyGorgeous: Its about time!  Hey @CashWarren  look who I found, @JamilVMoen!! &gt; but w no (cont) http://t.co/tg ...
156400664061288450,Mon Jan 09 15:43:18 +0000 2012,RT @CashWarren: RT @NickyGorgeous: Its about time!  Hey @CashWarren  look who I found, @JamilVMoen!! &gt; but w no (cont) http://t.co/tg ...
