id,created_at,text
1216268943909949400,Sun Jan 12 08:01:28 +0000 2020,India's Ambassador to Washington,  Harsh Vardhan Shringla @HarshShringla is seen on the last day (Jan 10, 2020) in… https://t.co/VqneezXsBb
1203987874070352000,Mon Dec 09 10:40:52 +0000 2019,@sree @Arlanda @Arlanda_Express Looks like you are the only one took that commuting train form the airport to the C… https://t.co/qsPBie6YEP
1115640755119378400,Tue Apr 09 15:40:58 +0000 2019,@navnirmiti Hearty Congrats, Ambassador Mulay and the family....!
1115640254114017300,Tue Apr 09 15:38:58 +0000 2019,@iamsrk @purevnv @anandahuja Hello there, SRK, So many fans of yours have liked this tweet that during these last 2… https://t.co/KlGrC7qzr5
1070055883898568700,Tue Dec 04 20:42:58 +0000 2018,@Yoshita_Singh Hearty Congrats Yoshita...! How come you kept it so "secret" all this time, even form your good friends....!!!
1069447568202100700,Mon Dec 03 04:25:44 +0000 2018,@ShashiTharoor @TimesLitFestDel @vaniprakashan55 Wishing Lily aunt a very Happy Birthday and my "Pranaam" to her as well....!
1069153274450845700,Sun Dec 02 08:56:19 +0000 2018,@IndianAmbAnkara @ChaineParisHQ @ReshmiDG @SandipGhose @BBCSanjoyM @horror06 @TourismBengal you are right, this is… https://t.co/yp5KWogUmS
1063502485560717300,Fri Nov 16 18:42:06 +0000 2018,@USAmbIndia @incredibleindia @tourismgoi @alphonstourism @State_SCA @StateDept @MIB_India @USAndKolkata… https://t.co/s5CdT3V7FJ
1062466004528390100,Tue Nov 13 22:03:29 +0000 2018,@IndiaDPRNewYork Simply Splendid.....! https://t.co/AjdVEu4ckz
1060553350993850400,Thu Nov 08 15:23:17 +0000 2018,RT @AkbaruddinIndia: Joy for all - Celebrating Diwali together @IndiaUNNewYork https://t.co/t6FI8ICKmp
1056835590740697100,Mon Oct 29 09:10:14 +0000 2018,@IndiaDPRNewYork @GrandTetonNPS @NatlParkService @USFWS @NWF @IUCN @WildlifeDay @World_Wildlife Oh deer 🦌 .......!!!! 😀😀😀😀
1047685141777305600,Thu Oct 04 03:09:37 +0000 2018,@IndianAmbAnkara, Mr peripatetic Ambassador, Allow me to be part of your "Entourage" (With my image making tool...!… https://t.co/kSKWRr6tVn
1043032354795573200,Fri Sep 21 07:01:06 +0000 2018,Glimpses of Jaipur Literature Festival @ZEEJLF  at @AsiaSociety in New York City. @ShashiTharoor @SanjoyRoyTWA… https://t.co/MIYficsq5j
1042917484670726100,Thu Sep 20 23:24:39 +0000 2018,Ambassador @NavtejSarna at Jaipur Literature Festival @ZEEJLF at @AsiaSociety in New York @SanjoyRoyTWA ,… https://t.co/ItlGLmcgN3
1042869056137769000,Thu Sep 20 20:12:13 +0000 2018,Jaipur Literature Festival @ZEEJLF started a little while ago at the @AsiaSociety in NY City, inaugurated with mesm… https://t.co/g30TB5e5tP
1040772322989420500,Sat Sep 15 01:20:33 +0000 2018,A fascinating presentation on "India 2050 Roadmap for Success" in a packed hall, by @amitabhk87, CEO, NITI Aayog, a… https://t.co/A9Wu4HqhMh
1032483847932444700,Thu Aug 23 04:25:06 +0000 2018,@AntonioGuterres (right), UN Secretary-General greets @Jeremy_Hunt, MP and Secretary of State for Foreign and Commo… https://t.co/OVvABI0xUm
1030872330602463200,Sat Aug 18 17:41:30 +0000 2018,From late 70s as a rookie @ the UNHCR to Peace-keeping to an adviser to the UNSG &amp; later as the UN Under-Secretary-… https://t.co/WxyrMD3dDk
1018343601066205200,Sun Jul 15 03:56:49 +0000 2018,@IndiaDPRNewYork @yourtake @NY1weather What a beautiful framing, looks like reflection of a colourful spider web fr… https://t.co/RmxDrFs70u
1014529918699561000,Wed Jul 04 15:22:36 +0000 2018,@ShashiTharoor Haaaaaaa!!!!!
1012792665388339200,Fri Jun 29 20:19:22 +0000 2018,@AahanaKumra Travelling alone.....!!!!???? NO SPG around.....!!!!??? No way...! LOL
1012703996060975100,Fri Jun 29 14:27:02 +0000 2018,@IndiaDPRNewYork An interesting research result....!!! Maybe soon the world community of people would be presented… https://t.co/YItQTZYY1n
1012205463092564000,Thu Jun 28 05:26:02 +0000 2018,@ShashiTharoor It has been always a pleasure seeing you through my lenses. https://t.co/i3SuRda6Ij
1012203931613712400,Thu Jun 28 05:19:57 +0000 2018,@Yoshita_Singh I know one @Yoshita_Singh, who is a Scribe but who is this Photog Yoshita....!!!???
1004090972660273200,Tue Jun 05 20:01:57 +0000 2018,@USAndMumbai @AmaanAliBangash @chinukofficial Bravo, US Consulate, Mumbai. Congrats.....!
1002271957235224600,Thu May 31 19:33:50 +0000 2018,US Secretary of State @RepMPompeo at a press conference in New York City. This was Pompeo's 1st Press Conference in… https://t.co/FthZTZi7XI
997872868015960000,Sat May 19 16:13:25 +0000 2018,@IndiaDPRNewYork @David_Bressan @rapiduplift @DGHaskell @indiandiplomats @NYstateparks @RobGMacfarlane… https://t.co/6v2z9pbsIe
996785681732198400,Wed May 16 16:13:20 +0000 2018,Well done job Anjani Kumar @sahayanjani https://t.co/0iCCE5sG3J
993351522082787300,Mon May 07 04:47:13 +0000 2018,Good seeing you @sree  3 days in a row, somthing never happens generally https://t.co/IlRvascIKA
992625960364200000,Sat May 05 04:44:05 +0000 2018,@IndiaDPRNewYork @markv747 @RobGMacfarlane @rapiduplift @David_Bressan Hindukush....!!???
989297915016380400,Thu Apr 26 00:19:37 +0000 2018,@MayankChhaya This is beautiful @MayankChhaya.
984294788546560000,Thu Apr 12 04:58:59 +0000 2018,RT @IndiaDPRNewYork: Celebrating the legacy of Babasaheb Ambedkar at his alma mater @Columbia university in New York https://t.co/hbOHPbIu4D
983340679916027900,Mon Apr 09 13:47:42 +0000 2018,@ShashiTharoor LOL....!
977367180932276200,Sat Mar 24 02:11:09 +0000 2018,The "Joke" seems was absorbing....!  Sadhguru @SadhguruJV and India's Permanent Representative to the UN, Ambassado… https://t.co/xPaJyE2YuO
959948304867123200,Sun Feb 04 00:34:45 +0000 2018,@IndiaDPRNewYork @NYCDailyPics @NYC @NatGeoPhotos @discovering_NYC Gosh, how could  I miss noticing this earlier, w… https://t.co/QpGoQ7BHwj
954289313021354000,Fri Jan 19 09:47:56 +0000 2018,Lakshmi Puri (left) @lakshmiunwomen, UN Asst Secretary-General &amp; Dy Exe. Dir, UN Women @UN_Women &amp; Phumzile Mlambo-… https://t.co/gCXb1SKDdI
952749772154302500,Mon Jan 15 03:50:21 +0000 2018,@SujanChinoy @HardeepSPuri @MoHUA_India @NITIAayog @amitabhk87 @RajivKumar1 @MORTHIndia @nitin_gadkari @PMOIndia Br… https://t.co/yjGulFSYbg
947847615965777900,Mon Jan 01 15:10:56 +0000 2018,How Lovely.....! Happy and peaceful  2018 https://t.co/ojPfeuroEu
931004007182606300,Thu Nov 16 03:40:27 +0000 2017,@PandaJay So the Twitter war on Rasogolla, Rasgulla, Rasgula, continues.....!!! 😂😂😂
931002715076837400,Thu Nov 16 03:35:19 +0000 2017,RT @PandaJay: Yes, we do: the Jagannath temple. At Puri, remember? Where pilgrims from a neighbouring state flock in the millions. And wher…
930278639244939300,Tue Nov 14 03:38:05 +0000 2017,@amitnarangifs Good click, Amit.
929612328676474900,Sun Nov 12 07:30:25 +0000 2017,A friendly reminder to you @JohnLegere that 36 hours, way too long to keep your loyal T-Mobile customers disconnect… https://t.co/GUI6WROW5l
917374396188282900,Mon Oct 09 13:01:14 +0000 2017,FM @arunjaitley arrives New York's JFK airport en route to DC to attend WB/IMF Summit. @NavtejSarna @CHAKRAVIEW1971… https://t.co/k7ggZik29t
888872638499758100,Sat Jul 22 21:25:26 +0000 2017,Congrats and best wishes for another eventful assignment ahead, Ambassador @RuchiraKamboj https://t.co/vSvgUu1b1n
888235427546759200,Fri Jul 21 03:13:23 +0000 2017,Interactive Global Business Forum with eminent participants, including Ex PM @MrKRudd Amb @NavtejSarna Actor… https://t.co/1CN4kOwslj
888141165421310000,Thu Jul 20 20:58:49 +0000 2017,@IndiainNewYork @IndianDiplomacy @MEAIndia Adieu, Madam Ambassador Riva Ganguly Das @rivagdas
888140469103931400,Thu Jul 20 20:56:03 +0000 2017,RT @VikasSwarup: A journey for change on the cycle of hope.Delighted to meet Abhishek Sharma, bicycling to 80 countries 2 spread awareness…
888140362023395300,Thu Jul 20 20:55:37 +0000 2017,@VikasSwarup High Commissioner @VikasSwarup, Hearty Congrats to Abhishek Sharma for a much needed cause. After all… https://t.co/oJOd4bUfus
884287692590207000,Mon Jul 10 05:46:29 +0000 2017,Full Moon over Manhattan Sky on Guru-Purnima day                                  Photo;- JM/On Assignment https://t.co/RvcUm8lrwh
879511392897966100,Tue Jun 27 01:27:11 +0000 2017,@PMOIndia, @narendramodi That Warm and Affectionate "Bear Hug". White House Rose Garden @WhiteHouse  Photo:-JM/On A… https://t.co/F62vTgQ1Tu
878322024342405100,Fri Jun 23 18:41:03 +0000 2017,When @AnupamPkher delivers a humourous thought, entire UN ECOSOC hall falls pray to an infectious effect of irresis… https://t.co/HGqfzyhadG
873081619485032400,Fri Jun 09 07:37:33 +0000 2017,MOS MJ @mjakbar addresses the Ocean Conference at the UN General Assembly  Photo:- Jay Mandal/On Assignment https://t.co/xWZuAXATld
872274363285897200,Wed Jun 07 02:09:48 +0000 2017,Seats are filling up....!!! https://t.co/Ud7QpQhsdO
871344710220173300,Sun Jun 04 12:35:42 +0000 2017,@SujanChinoy @smartcityrajkot @GujaratTourism @DarleyNewman Bravo @SujanChinoy ......!
856503678903124000,Mon Apr 24 13:42:44 +0000 2017,FM @arunjaitley during a conversations with Chip Kaye at @CFR_org in NYC. Photo:-Jay Mandal/On Assignment https://t.co/Wh3eQ8rIsJ
853948389511364600,Mon Apr 17 12:28:56 +0000 2017,@sahayanjani Anjani, Something new I discovered today, besides being an excellent short filmmaker, you are a "POET"… https://t.co/SN6gxdsH1L
846388748963098600,Mon Mar 27 15:49:37 +0000 2017,@Yoshita_Singh Good Click Yoshita @Yoshita_Singh
845897839242809300,Sun Mar 26 07:18:55 +0000 2017,@Leander @yonex_com @ATPWorldTour @OlympicsTennis @Leander, Have framed you in this action several times at @usopen… https://t.co/xbB2lwN3s7
845885921899753500,Sun Mar 26 06:31:34 +0000 2017,Tried repeatedly to login my paytm A/C. it failed. Doesn't accept PW, phone number to login, when its all correct. Whats't going on @paytm?
837161756510281700,Thu Mar 02 04:44:51 +0000 2017,Thnk U Madam CM @Mamataofficial &amp; A Banerjee @abhishekaitc 4 taking stern action against incompetent party leaders of my Dist Bankura. Bravo
825073416776585200,Fri Jan 27 20:10:06 +0000 2017,Niki Haley, Ex Governor of S. Carolina @ UN, on her 1st day as US Permanent Representative to the UN. Jan 27 2017 P… https://t.co/rE9s4Eycut
817967802724270100,Sun Jan 08 05:34:55 +0000 2017,Pravasi Bharatiya Divas-2017 in Bengaluru, officially started with PM Modi's address to the attending crowd. Photo:… https://t.co/8vx0yDo4tN
812431170944254000,Fri Dec 23 22:54:20 +0000 2016,Thank you Amb @USAmbIndia. UR relentless efforts took Indo-US relations to a new neights. It isn't as simple &amp; easy… https://t.co/ozBjefTiyl
809073410793963500,Wed Dec 14 16:31:47 +0000 2016,RT @Ashishjourno: FS Dr Jaishanker greeted by @UN Secy Gen designate...Courtesy @jaymandal dada https://t.co/c1y1hTMlws
809072879426043900,Wed Dec 14 16:29:40 +0000 2016,Thank you @Ashishjourno @UN
807852991629918200,Sun Dec 11 07:42:17 +0000 2016,For a project like this, Indeed quite a giant leap....! https://t.co/wQNhbc8bsx
804560443465416700,Fri Dec 02 05:38:52 +0000 2016,@marutbisht Rare opportunity to meet &amp; frame such a large Gp of visiting students of Amity University form Delhi ou… https://t.co/XguaX2xAep
804543299403022300,Fri Dec 02 04:30:44 +0000 2016,Congrats Amb @NavtejSarna. https://t.co/tFotBqrGcA
800568132045832200,Mon Nov 21 05:14:51 +0000 2016,RT @AFP: Harrison Chinedu in Lagos, Nigeria, sets a Guinness World Record for distance travelled on a bicycle with a football on the head -…
799328012550500400,Thu Nov 17 19:07:03 +0000 2016,RT @AkbaruddinIndia: Inconsistent implementation of sanctions against terrorists eats away @UN’s authority - India https://t.co/jBI9dxHpvB…
798634316276199400,Tue Nov 15 21:10:33 +0000 2016,India's newly appointed Ambassador to DC @NavtejSarna already at work, met @SenJackReed of Senate Armed Services Co… https://t.co/JBaONZ6lZ3
798566330542723100,Tue Nov 15 16:40:24 +0000 2016,@marathe Thank you Rajen
796903867330035700,Fri Nov 11 02:34:22 +0000 2016,RT @IndianDiplomacy: With PM @narendramodi visiting, look at the warm friendship rooted in historical &amp; cultural linkages b/w #IndiaJapan h…
796397182853247000,Wed Nov 09 17:00:59 +0000 2016,RT @rivagdas: It was really an honour to attend the America Tamil Sangam event with so many dignitaries. @RepMaloney @Drlsubramaniam @kavit…
796391239516094500,Wed Nov 09 16:37:22 +0000 2016,RT @USAmbIndia: Congrats to two new Indian-American members of Congress – California’s Ro Khanna &amp; Illinois’ Raja Krishnamoorthi!  #USElect…
794926178876477400,Sat Nov 05 15:35:44 +0000 2016,Bollywood singer K Krishnamurthy @kavitaksub &amp; violin virtuoso L Subramaniam @UN_Women office in NYC Nov 4, 2016 Ph… https://t.co/zWFOcwyVo3
794141912823398400,Thu Nov 03 11:39:21 +0000 2016,Indian Journo Saeed Naqvi discusses about his book "Being the Other:The Muslim in India" with Prof Philip Oldenburg… https://t.co/bfl2hIiVMu
793819690179125200,Wed Nov 02 14:18:57 +0000 2016,RT @AkbaruddinIndia: Top international civil servant Lakshmi Puri  receives Eleanor Roosevelt Human Rights Award. https://t.co/Mu1e5Pg7Vr
793819204621393900,Wed Nov 02 14:17:01 +0000 2016,Ashish @ @Ashishjourno Thank you, The Diwali light display on UN Secretariat Building was there for 3 days. Quite u… https://t.co/Fk6aaam0jq
792820234549862400,Sun Oct 30 20:07:28 +0000 2016,RT @RaviBatra: Ty @AkbaruddinIndia!👏🙏🌹 Happy Diwali world🌎🌍🌏! UN lit up - a new milestone @RanjuBatra @BelarusUNNY @usps @Pontifex https://…
792607030263636000,Sun Oct 30 06:00:16 +0000 2016,RT @AkbaruddinIndia: Happy Diwali! @UN celebrates Diwali for 1st time. Thank you @UN_PGA for this initiative. https://t.co/vPNaZojCj0
792606125644509200,Sun Oct 30 05:56:40 +0000 2016,Bandula @bundeljayse it was rare &amp; unexpected opportunity to be snapped with both India's PR Amb @AkbaruddinIndia &amp;… https://t.co/SLlU7JDYZv
792225328445939700,Sat Oct 29 04:43:31 +0000 2016,@ash_r_dhanush  You are most welcome Ash and it was good seeing you again through my lenses :)
792018468665163800,Fri Oct 28 15:01:32 +0000 2016,Amb @AkbaruddinIndia, Aishwaryaa.R.Dhanush @ash_r_dhanush Great Going Ms Goodwill Ambassador. Best Wishes. https://t.co/N1BwVjXrsL
791878139781709800,Fri Oct 28 05:43:55 +0000 2016,Aishwaryaa @ash_r_dhanush  100% Desi on the street of NY City on a soggy, cold day Photo:-JM/On Assignment https://t.co/fgg92nhd8k
789948048441012200,Sat Oct 22 21:54:25 +0000 2016,@Yoshita_Singh And Dr Swamy @Swamy39 remained cool through out, in spite of facing yelling from a few in the audien… https://t.co/ppOFJa9Jt8
789913688341880800,Sat Oct 22 19:37:53 +0000 2016,@sumantob Very good suggestion and to reiterate @abdullah_omar was unexpectedly frank &amp; fair during the discussion and at Q&amp;A session.
789792335089500200,Sat Oct 22 11:35:40 +0000 2016,Omar Abdullah's @abdullah_omar candid talk on Kashmir's future at NYU forum "India-Pakistan spectrum" in NY, kept a… https://t.co/H7dIS0npjX
789540512223092700,Fri Oct 21 18:55:01 +0000 2016,Fantastic Amb Rich Verma @USAmbIndia @ustr @MikeFroman @bsindia
784771684687577100,Sat Oct 08 15:05:24 +0000 2016,Authors Suketu Mehta @suketumehta, MP Tharoor @ShashiTharoor, Journo Somini @SominiSengupta during @aroonshiv at IA… https://t.co/WtTGmIGINK
784623287435456500,Sat Oct 08 05:15:43 +0000 2016,Authors Suketu Mehta @suketumehta, MP Tharoor @ShashiTharoor, Journo Somini @SominiSengupta &amp; Aroon @aroonshiv at I… https://t.co/bnsecUJ7uD
780456243953594400,Mon Sep 26 17:17:23 +0000 2016,EAM @SushmaSwaraj delivers her statement at the 71st UNGA  Photo:-JM/On Assignment https://t.co/5YtZVtViLX
778799940390703100,Thu Sep 22 03:35:49 +0000 2016,Barnett R Rubin @BRRubin The best and the most thoughtful comment ever I came across. https://t.co/obd17PY7l5
776700404759425000,Fri Sep 16 08:33:01 +0000 2016,Indian cricketer @msdhoni  (R) &amp; Producer Arun Pandey promotes Biopic "MS Dhoni" in NY City Photo:-JM/On Assignment https://t.co/ZPr3jZsHNF
774468991612051500,Sat Sep 10 04:46:11 +0000 2016,A very different Shashi Tharoor @ShashiTharoor Look https://t.co/imDFZcvzSN
773226989281042400,Tue Sep 06 18:30:54 +0000 2016,RT @HardeepSPuri: Despite a punishing schedule, he was most gracious with his time. #PerilousInterventions (2/2) https://t.co/iFs5yCr1mR
771954498059272200,Sat Sep 03 06:14:29 +0000 2016,Rafa @RafaelNadal in action at US Open 2016 Photo:-JM/OnAssignment https://t.co/3AcSI9uLfO
771909841254219800,Sat Sep 03 03:17:02 +0000 2016,RT @IndiaDPRNewYork: Magical views at India's #polar research station #Bharati in #Antarctica  #AuroraAustralis #Rainbow Ring around sun ht…
771777915965038600,Fri Sep 02 18:32:48 +0000 2016,He is coming to NY. An opportunity to listen to Shashi Tharoor @ShashiTharoor speaking at @IAArtsCouncil event https://t.co/tgWe6kMcVC
771771743174271000,Fri Sep 02 18:08:17 +0000 2016,RT @mcsix: @jaymandal https://t.co/5IjDy4JLbU
771771671351005200,Fri Sep 02 18:07:59 +0000 2016,It was a good game Mayank @mcsix https://t.co/F7L4sh1Qh6
771085474396049400,Wed Aug 31 20:41:17 +0000 2016,In spite of all hurdles hope priority of 71st PGA @ThomsonFiji at UNGA would turn into a reality for India at UNSC. https://t.co/tChWBROMoY
769949643774001200,Sun Aug 28 17:27:54 +0000 2016,India's Defense Minister Manohar Parrikar at JFK airport, en route to DC on a 3 day visit. Photo:-JM/On Assignment https://t.co/Fos5BtBQt9
769429744915996700,Sat Aug 27 07:02:01 +0000 2016,US Singer, Songwriter &amp; actor Jordan Fisher @Jordan_Fisher takes selfie with his fans at Arthur Ashe NYC @usopen https://t.co/GJSyks70lE
766758199856865300,Fri Aug 19 22:06:15 +0000 2016,It was 97 @SrBachchan walked as Grand Marshal @NYC India-day Parade. 2016 it's his son @juniorbachchan 2 do the same https://t.co/yUH9AGO1Fo
765206276926214100,Mon Aug 15 15:19:27 +0000 2016,1st time in 34 years of my being in US, I witnessed Indian Tri-Colour was hoisted on the St/64th outside CGI in NYC. https://t.co/CxmTMckmqs
757061880846381000,Sun Jul 24 03:56:32 +0000 2016,@IndiaDPRNewYork , What a gorgeous colour of the sky over manhattan skyline....! Love it. https://t.co/GNWOc1RuCK
753088200105680900,Wed Jul 13 04:46:33 +0000 2016,Amit Narang @amitnarangifs so rightly said...! https://t.co/61L8oAegum
752687688713695200,Tue Jul 12 02:15:03 +0000 2016,George @GeorgeMathew, It was quite an experience, unexpected too! Thank for introduction to @HelpMeSee https://t.co/qCdanvfiFR
750250818075590700,Tue Jul 05 08:51:48 +0000 2016,Celebration of July 4th, Macy's Fireworks over East river Photo:-JM/On Assignment https://t.co/TSBdQEMIk9
744865030601084900,Mon Jun 20 12:10:36 +0000 2016,Beautifully displayed light show on Yoga Poses on iconic @UN Bldg, @IndiaUNNewYork #IDY2016 #YOGA in NYC Photo:-JM https://t.co/FT5XoDHq0F
744860413678981100,Mon Jun 20 11:52:16 +0000 2016,Organised by @IndiaUNNewYork, beautiful display of Yoga Pose on UN Bldg #IDY2016 #Yoga4SDGs @UN https://t.co/JUGQCwlGrs
744770478435352600,Mon Jun 20 05:54:53 +0000 2016,Amjad Ali Khan @AAKSarod The best https://t.co/vHTVE4jghK
744624842100609000,Sun Jun 19 20:16:11 +0000 2016,Ambassador @AkbaruddinIndia, Looking forward to cover this 2nd #IDY2016 starting tomorrow at the @UN https://t.co/6prQMob9uB
740140137946943500,Tue Jun 07 11:15:34 +0000 2016,PM @narendramodi at Columbia Space Shuttle Memorial at Arlington National Cemetery. Photo:- JM/On Assignment https://t.co/9r5ohsviTZ
740137929704636400,Tue Jun 07 11:06:48 +0000 2016,PM Narendra Modi arrives Arlington National Cemetery, outskirt of Washington DC. Photo:-JM/On Assignment https://t.co/gMZ178xVn5
739235920302477300,Sat Jun 04 23:22:32 +0000 2016,A Talent shall never go unnoticed https://t.co/2wLgYIXbnD
739178150127603700,Sat Jun 04 19:32:58 +0000 2016,RT @AkbaruddinIndia: Meetings with distinguished Indians help diplomats in discharging our duties better. Thank you @AnupamPkher ji.  https…
739176611036209200,Sat Jun 04 19:26:51 +0000 2016,Indeed a noble cause! India's other states should be part of this collaboration too. Thank you Amb @USAmbIndia https://t.co/08Yed4dvXk
733255540105613300,Thu May 19 11:18:38 +0000 2016,West Bengal, my home state just witnessed an unprecedented, overwhelming "People's Mandate"....! Congrats @mamatabanarjee
733143299494568000,Thu May 19 03:52:38 +0000 2016,@PoornaJags @nyindianff @GrowingUpSmith @jaymandal @behno_official
729015288369385500,Sat May 07 18:29:23 +0000 2016,Amb@AkbaruddinIndia,  Haven't discover this Free Wi-Fi facility in NYC yet but will do so now https://t.co/t7rQ1Jlaqk
726068904578142200,Fri Apr 29 15:21:31 +0000 2016,@TheBuddhaSmiled @chhabs 1980 Photography....! May be....! BTW, Is this the same Buddha, born in Lumbini garden...!? LOL
725731571030958100,Thu Apr 28 17:01:04 +0000 2016,@chhabs Lucky You, No Suuuuuuuuuuuuuuuuugar problem...!
725039190807855100,Tue Apr 26 19:09:48 +0000 2016,@IndianAmbCairo @CairoOperaHouse @SrBachchan @SRKEGYPTFC @SKEgyptiansFC I attended "IndiaByTheNile" Fest 2015. Indeed a fabulous production
723863575362691100,Sat Apr 23 13:18:19 +0000 2016,RT @AkbaruddinIndia: India-France launch first programs under International Solar Alliance on #EarthDay2016 meet @un https://t.co/OQefUCLhkj
723862934976364500,Sat Apr 23 13:15:47 +0000 2016,RT @sree: OUTRAGE! @KanakManiDixit, a top Nepal journo (@columbiajourn alum), under arrest. Global media responds. #freekanak https://t.co/…
722459019202441200,Tue Apr 19 16:17:07 +0000 2016,Aseem @chhabs Someday I would like to see you "through my lenses", taking a stroll on NYC Fifth Ave...!
722293756213469200,Tue Apr 19 05:20:25 +0000 2016,A car waited outside a meeting venue but FM  Arun Jaitley decided to take a solitary walk on the St of Manhattan https://t.co/ndeBR1lLWx
719611502278414300,Mon Apr 11 19:42:06 +0000 2016,@sree ha ha ha, very appropriate for NY Scenario...!
718639605747204100,Sat Apr 09 03:20:08 +0000 2016,Amb @AkbaruddinIndia presents US $300K to UN USG C. Gallach, India's contribute towards UN Academic Impact Programme https://t.co/de9BjW3fOe
717939955939602400,Thu Apr 07 04:59:58 +0000 2016,Dr.Vesna Pusić Ex Croatian 1st Dy Prime Minister, 1 of the 8 candidates for coveted UNSG position speaks @ IPI in NY https://t.co/2j02SNo4om
695892250816020500,Sat Feb 06 08:50:16 +0000 2016,@ShashiTharoor speaks at inaugural session of S Asian Millennials Conference @Columbia Univ in NYC. February 5, 2016 https://t.co/7aQGDaz1de
694184004073996300,Mon Feb 01 15:42:18 +0000 2016,Ashish @Ashishjourno Thank you
692260653814435800,Wed Jan 27 08:19:36 +0000 2016,Mogens Lykketoft @lykketoft 70th UNPGA join Republic@67 celebration hosted by Amb Akbaruddin @AkbaruddinIndia in NYC https://t.co/UeR6Lm7cya
691696184013033500,Mon Jan 25 18:56:36 +0000 2016,Amb Syed @AkbaruddinIndia India's new PR to the UN presents his Credentials to UNSG Ban Ki-moon @UN HQ in NYC. https://t.co/NEneMohxgg
691356709114232800,Sun Jan 24 20:27:38 +0000 2016,Indeed It's "Air India First"..... https://t.co/fpv7hGZiur
690580642325794800,Fri Jan 22 17:03:50 +0000 2016,PM @narendramodi delivers Keynote speech via video @ 70th anniversary of the ECOSOC @UN Photo:-JayMandal/On Assignme https://t.co/Vtt9uRroAr
690262576626798600,Thu Jan 21 19:59:57 +0000 2016,Do not remember if any Indian PM ever spoke to UN via Video in the past. Looking forward to https://t.co/56BjUwPIrv
688058824582901800,Fri Jan 15 18:03:01 +0000 2016,RT @Ashishjourno: Best Wishes Sir ! @AkbaruddinIndia India's newly appointed PR @UN in Office at NY Pic Courtesy Ace @jaymandal https://t.c…
688058771877290000,Fri Jan 15 18:02:49 +0000 2016,Thank you Ashish @Ashishjourno. Amb Akbar @AkbaruddinIndia is an experienced &amp; capable officer to handle India's any @UN related affairs.
678289057949032400,Sat Dec 19 19:01:28 +0000 2015,RT @sree: Hey, photojournalists, pass the word! @PrestonMerchant @ChiPhotoGuy @PicSeshu @lynseyaddario @jaymandal  https://t.co/7DBIUajyUc
664659120180580400,Thu Nov 12 04:20:57 +0000 2015,@Leander Shubho Deepavali Leander
642757464815988700,Sat Sep 12 17:51:36 +0000 2015,@b48498853 @Leander @mhingis Ambassador, a great match, though many of us felt Leander &amp; Martina won't make it but the duo surprised us all
642748326065086500,Sat Sep 12 17:15:17 +0000 2015,Ambassador a great match though many of us felt Leander &amp; Martina won't make it but the duo surprised us all...! https://t.co/2mXjee3yhH
626663388781899800,Thu Jul 30 07:59:29 +0000 2015,@chhabs @jaymandal Just not you alone Aseem, even Mani Ratnam did it too, nevertheless it shows you both were engrossed talking
620733759965544400,Mon Jul 13 23:17:15 +0000 2015,Sandeep Chakravorty, India's newly appointed Ambassador to Peru passes through NYC, en route to Lima http://t.co/kS4tA21j1W
614794467472707600,Sat Jun 27 13:56:38 +0000 2015,Amb @HardeepSPuri greets Mogens Lykketoft @lykketoft , President elect, 70th UNGA @ a reception in NY City. Jun26.15 http://t.co/VJpMeirv31
614441077060292600,Fri Jun 26 14:32:23 +0000 2015,@sree , There are many more such interesting images in my collection https://t.co/8th5BpfHMD
602459193157648400,Sun May 24 13:00:39 +0000 2015,I was so happy to have met with my old friend from MEA, our new Amb Vikram Doraiswami @VDoraiswami in Seoul https://t.co/FmCuIciIa0
594609395083964400,Sat May 02 21:08:21 +0000 2015,@manoosoni @kailashkher indeed Kailash, make it f you can. It would be quite an experience
577306166646165500,Mon Mar 16 03:11:30 +0000 2015,@thekiranbedi @IVFoundation wonderful event so was your inspiring speech
577305883799130100,Mon Mar 16 03:10:23 +0000 2015,RT @thekiranbedi: US congresswoman,Grace Ming,Chamunda Swami,Pam Kwatra @IVFoundation fund raiser event: photo @jaymandal,Thks http://t.co/…
575900444276441100,Thu Mar 12 06:05:40 +0000 2015,Does Mufti have a bigger game plan for J&amp;K politics that both NAMO and Amit shah not aware of...!?
575169840077488100,Tue Mar 10 05:42:30 +0000 2015,A packed hall audience joins Meryl Streep,Freida Pinto, Faran @FarOutAkhtar@ the screening of India's Daughter in NYC http://t.co/E8NhjhtIgb
88868899826843650,Thu Jul 07 07:16:11 +0000 2011,Nice to discover larger than life size images of Incredible India! campaign a Tourism brainchild of Amitabh Kanth on NY City tour buses
88131588067557380,Tue Jul 05 06:26:22 +0000 2011,@RajaSen @dikshabasu May be you could Tagalong a photographer to document the luncheon
88098071052955650,Tue Jul 05 04:13:11 +0000 2011,All these years, I have been photographing 4th of July fireworks in NY by Macy's, this year was the most spectacular, I think.
27647731930,Sun Oct 17 15:36:45 +0000 2010,Both Shashi Tharoor & Sunanda looked happy and content as ever as they landed @ wee hours of the morning @ New York's Jhon F Kennedy Airport
22674525903,Wed Sep 01 03:23:47 +0000 2010,Past midnight, still heavy traffic gridlock on way from Delhi Airport. Reason, roadside works continue everywhere for upcoming CWG.
22585987622,Tue Aug 31 04:08:34 +0000 2010,Last 7months never got 2 check myTwiteer A/C.Much 2 catch up now. Well just photographed Shashi Tharoor's much media hyped wedding 2 Sunanda
8506708034,Mon Feb 01 17:33:02 +0000 2010,Jay Mandal Delhi. All TV channels shows primetime News about Shiv Sena attacts SRK & 2 other Khans. Why Bollywood keeps mum in this issue?
8247231005,Tue Jan 26 19:27:36 +0000 2010,Suhel Seth writes about Sant Chatwal, 2010 Padma Awardee http://www.facebook.com/#/notes/suhel-seth/padma-bhushan-sant-chatwal/270906492510
7830887796,Sat Jan 16 16:23:29 +0000 2010,Well written piece about disliking Jyoti Basu of WB, http://bit.ly/5jU5Df
5649278565,Thu Nov 12 13:52:31 +0000 2009,Got back to NY a couple of hours ago after a hectic 2 weeks India trip, including my little hometown, Bishnupur.
5203890607,Tue Oct 27 16:03:30 +0000 2009,Good story Jacob, thanks. RT 23jacob Politcal violence has affected image of Kerala: Tharoor (@shashitharoor) http://bit.ly/Azm21
5191291990,Tue Oct 27 02:52:05 +0000 2009,Arrived Kolkata late last night, enroute to my hometown Bishnupur. Shall visit some other parts of South Asia as well to do some photoshoot.
5191190224,Tue Oct 27 02:47:32 +0000 2009,Is Tweet UR middlename? @ jaytweetshah @anandmahindra Now that the AI nonstop makes it so easy, we will see you at MIAAC this year, wont we?
4783105705,Sun Oct 11 12:31:06 +0000 2009,MoS Shashi Tharoor & his OSD Jacob just arrived NY JFK. This is Tharoor's 1st official visit to the US as a minister in UPA Govt.
4583346647,Sat Oct 03 17:35:33 +0000 2009,http://twitpic.com/k401i - UN Dy SecyGen Asha-Rose Migiro unveils commemorative stamp by the UN Postal Administration 2 Commemorate Inte ...
4118514017,Sun Sep 20 05:14:59 +0000 2009,NY is getting ready to witness the madness of traffic gridlock from Monday Sep 21. Yes, it's time for 64th UNGA, Pres Obama's 1st UN trip
3937748373,Sat Sep 12 17:46:19 +0000 2009,Looks like mother nature continues to block the US Open Tennis games 2 days in a row at Flushing Meadows, NY. No Game no photo shoot.. Bored
3760494323,Fri Sep 04 16:53:08 +0000 2009,But AP defends it's act, explains rules & ethics in photojournalism http://bit.ly/XePt
3760492478,Fri Sep 04 16:53:02 +0000 2009,US Defense Secy Gates objects to an AP photo of war fallen hero in Afghanistan http://bit.ly/ijCRt
3741816062,Thu Sep 03 20:54:42 +0000 2009,....Released on PTI & Rediff.com site, clicked just before it takes off. Disturbing news, You call it destiny, isn't it.........!!!???
3741808418,Thu Sep 03 20:54:17 +0000 2009,.......with some official alongwith his Principal Secretary, his security man & the pilots of ill fated Choper Bell-430.
3741799908,Thu Sep 03 20:53:51 +0000 2009,Painful to digest the sad news of tragic accident after seeing Images of happy & cheerful Chief Minister, YSR shaking hand..........
3657851948,Mon Aug 31 02:42:18 +0000 2009,@PrincessHusna: How come you sound so angry!! Strongly feel that your personality dosen't blend with your comment. Hope all is well.
3612539430,Fri Aug 28 22:09:56 +0000 2009,research info on "Existance of Lord Krishna" http://bit.ly/3AkIZt
3562598708,Wed Aug 26 19:23:36 +0000 2009,@pratimanaithani  yes, I am back in NY. Shall get back to you regarding the required info.
3562483612,Wed Aug 26 19:17:19 +0000 2009,Agree with U 2 RT @mcsix Sharon Stone says everybody has the right to strip at any age. Agreed but then everybody has the right not to watch
3406392120,Wed Aug 19 15:02:11 +0000 2009,@abhadawesar Could'nt quite follow the language but saw your name alongwith my other friend Tarun's name mentioned on it. Congrats Abha!!
3406330144,Wed Aug 19 14:58:51 +0000 2009,@23jacob Indeed you could have been his publisher but let's work out our own project on another "Big Guy", minus controversy though!!!!
3386919820,Tue Aug 18 17:50:28 +0000 2009,India Day Parade in New York, has certainly lost it's old day's glory and charm. One may or may not agree though.
3367295142,Mon Aug 17 19:37:07 +0000 2009,It sounds absurd though. RT @mcsix Shiite men in Afghanistan can now starve their wives to death for refusing sex.
3367291283,Mon Aug 17 19:36:54 +0000 2009,I envy Twitter Minister Shashi Tharoor 4 his ability to do twitting while on the move or even in the company of Sonia Gandhi.... No joke!!
3367181009,Mon Aug 17 19:30:21 +0000 2009,After a gap of 2 weeks, I'm back on Twitter page agin. India trip was nice, quite hectic though
3106954452,Mon Aug 03 16:39:45 +0000 2009,Lou Dobbs challenges his own CNN network: http://bit.ly/3F9AO
3100120312,Mon Aug 03 06:34:23 +0000 2009,It's too complicated to grasp!!! RT @tejindersingh http://bit.ly/ABiNv Share this on Twitter - BREAKING: Fox News relocates Egypt and Iraq
3092510352,Sun Aug 02 21:30:51 +0000 2009,@pratimanaithani:  Sorry Amiga, off to India & Sri lanka. Shall meet when I return by mid-August. Am glad that you like the Dasavatar Cards.
3086786753,Sun Aug 02 14:21:23 +0000 2009,indeed sounds like that! RT @tejindersingh Fox News Weathercaster Loses Microphone Down Her Blouse During Live Forecast http://bit.ly/11welm
3077996273,Sat Aug 01 23:52:39 +0000 2009,Attended the Chautha for Dharam Shouri, PTI Journo in NY. Among many guests attended the event was Amb Hardeep S Puri, PR of India 2 the UN.
2946609174,Fri Jul 31 06:10:52 +0000 2009,@pratimanaithani Yes indeed, thanks a bunch Pratima I am glad that you like the Dasavatar Cards.  Let's meet for a meal, you pickup a day. J
2945005023,Fri Jul 31 04:10:49 +0000 2009,Mayank, this is simply hilarious. RT @mcsix: To introduce some sobriety into race relations in America President Obama held a beer summit.
2875880326,Mon Jul 27 19:32:58 +0000 2009,Congrats Vikram! RT @PranayGupte So Bikram Vohra is back at Khaleej Times in Dubai. Velly interesting.
2866287147,Mon Jul 27 06:23:34 +0000 2009,My friend Amb Attri, his family & I had most delicious fusion veg dishes @NY restaurant, DangLai Palace(17th St@2nd Av). Recommend strongly.
2840672160,Sat Jul 25 18:20:33 +0000 2009,1 can learn alot RT @sreenet Learn & do some good my social-media workshop & hospital fundraiser in NYC on Tues evening-http://bit.ly/sreems
2839931873,Sat Jul 25 17:25:18 +0000 2009,Shall we call it USA TODAY? RT@abhadawesar Lex & 51st local a well dressed gentleman eating from a dumpster. This Recession is heartbreaking
2838123605,Sat Jul 25 15:04:58 +0000 2009,@Sreeniv: TP Sahib, you were as usual short and witty with your comments on Amb Prabhu Dayal & the Rizvi Family @ the Consulate
2811150947,Fri Jul 24 02:53:08 +0000 2009,@jsdeckard: where are you man? Since Bush moved to Texas, you've gone hibernating! Visit NY, promise for a Hamburger lunch. Sincerely, Chuk
2806890333,Thu Jul 23 22:22:12 +0000 2009,Check it out, Song becomes his tool to take revenge http://bit.ly/649kE
2804078810,Thu Jul 23 19:36:19 +0000 2009,Never heard of the term called, e-cigarettes, did you guys!!??? RT @andersoncooper: Are e-cigarettes just as toxic? http://bit.ly/bb2YX
2779423478,Wed Jul 22 15:24:16 +0000 2009,RT @Vasugi : Elizabeth Gates on her dad's arrest, in Daily Beast: http://bit.ly/l1Teg
2766101027,Tue Jul 21 22:13:59 +0000 2009,I just backed up my tweets because Twitter only shows the most recent ones. You should backup yours here http://backupmytweets.com
2754139355,Tue Jul 21 07:05:30 +0000 2009,@dpkpillay I am gald, you remember that. I have been photographing him periodically. Pls pay my regds to ST. I Shall be in Delhi on August 6
2751176369,Tue Jul 21 03:13:20 +0000 2009,Nobel Laureate Rajendra Pachauri, Chairman, Intergovernmental Panel on Climate Change (IPCC) interacted with media at the United Nations
2740656861,Mon Jul 20 16:00:24 +0000 2009,Entire weekend was so unproductive, virtually did Nada but ate, slept & ate. Not even phone conversations, a course I follow routinely
2737695965,Mon Jul 20 12:19:20 +0000 2009,@dpkpillay: WOW DPK, what a pleasant surprise! R U still in South Block? Haven't seen you for so long. Returned 2 NY from Delhi on July 16.
2737545772,Mon Jul 20 12:04:30 +0000 2009,@dikshabasu: Diksha, Too bad that I missed you in Delhi, returned to NY a couple of days back. enjoy your stay in Delhi. Are you shooting!?
2721394743,Sun Jul 19 12:34:17 +0000 2009,Check it out. RT @RediffNews: 'It's high time to destroy the Naxalites' Brig B K Ponwar, army's counter-Naxalite expert. http://bit.ly/ubr8b
2721349570,Sun Jul 19 12:28:11 +0000 2009,Hun..... RT @PrabhuChawla: UP gets a Rahul loyalist B.L Joshi as govrnor. Maya to be under closer scrutiny.
2711811654,Sat Jul 18 21:23:33 +0000 2009,May be Salman will know it soon.  RT @paayal:I'm in a committed intellectual relationship with Salman Rushdie. Only he doesn't know it yet
2693025160,Fri Jul 17 18:37:20 +0000 2009,RT@PranayGupte If Fareed Zakaria weren't a US citizen, he would be an ideal Foreign Minister to Prime Minister Shashi Tharoor of India
2691067796,Fri Jul 17 16:39:06 +0000 2009,RT@lalitkjha: chelse clinton is also travelling to india with her mother hillary. plans to do some shopping and eat at bukhara in Delhi
2681386400,Fri Jul 17 02:53:29 +0000 2009,@Radhika_Jit: Hey,  Are you back in California or still on east coast?
2673310958,Thu Jul 16 18:02:13 +0000 2009,Had 4 unexpected encounters @ Delhi Gymkhana Club, a retd diplomat, 2 AirIndia Executives, Highcommissioner to Dhaka & MEA Secy West. Wow!!!
2666417744,Thu Jul 16 07:52:03 +0000 2009,What I tried most to avoid has hit me, "the jetlag"....... It's 2.30 am in NY and I am wide awake!!! Don't have a TV to watch, so Tweeting.
2657682301,Wed Jul 15 20:55:04 +0000 2009,Passengers travelling abroad thru Delhi I G Airport must pay 1300 rupees as development fees, Isn't it too high? Can Govt reduce the fees?
2657064255,Wed Jul 15 20:15:50 +0000 2009,1st time in last 27 years the immigration officer @ JFK, surprised me with several questions in fluent HINDI, before he stamped my passport
2656787924,Wed Jul 15 19:58:30 +0000 2009,Guess what, saw Shashi Tharoor with my naked eyes (without camera lens), at South Block, clad in white Kurta Pajama with a black "Sadri".
2656603210,Wed Jul 15 19:46:40 +0000 2009,Landed this morning @ JFK in NY after a fabulous trip through Thailand and ofcourse "Bishnupur", my hometown in West Bengal
2656553380,Wed Jul 15 19:43:30 +0000 2009,@mcsix Forget about the difficult choices thay may have, did you get to congratulate Mahinda, while enjoying the family vacation in Colombo?
2656238995,Wed Jul 15 19:23:38 +0000 2009,@paayal How are you going to handle those damn mosquitoes while in India, Paayal!!!???
2534558662,Wed Jul 08 16:20:40 +0000 2009,@23jacob, Hey there, did I hear correcltly that you shall call back from your Land Line!!!!! What happened Sir!!???
2534116141,Wed Jul 08 15:51:23 +0000 2009,RT@PrabhuChawla seems having a ball going half way around the Globe, Canada, US, Greece, what's next!!!!???
2515733993,Tue Jul 07 15:47:16 +0000 2009,Back in Bishnupur, my home town West Bengal, people seem quite happy with Mamata's rail budget, guess who is fuming!!!!!????
2471922566,Sat Jul 04 17:54:53 +0000 2009,Still in Bangkok, got myself treated with Thai Massage and unique Foot Massage (done by hundreds of tiny fish), needless to say shopping too
2403236452,Tue Jun 30 13:16:14 +0000 2009,In Bangkok, the 28th floor room @ Amari watergate is very comfortable. clicked some snapshots of city skyline under pouring rain.
2369618857,Sun Jun 28 08:12:42 +0000 2009,Packing up to head on to JFK, enroute to Bangkok and Phuket,  any advise!!!!! Return via Calcutta and Delhi
2368689152,Sun Jun 28 05:53:54 +0000 2009,@23jacob, Nice to see that you are back at "God's Own Country" from lovely Mediterranean Island of Cyprus
2368599142,Sun Jun 28 05:42:32 +0000 2009,It's an amazing number!!!!! RT@23jacob Shashi Tharoor (@shashitharoor) crosses 10,000 followers on twitter
2355891900,Sat Jun 27 06:02:24 +0000 2009,Called up my long time friend Audry a close friend of MJ, in LA, she sounded very sad by the news of MJ's untimely death
2355847443,Sat Jun 27 05:56:52 +0000 2009,Finally managed to locate and upload an image of mine.........Ha ha
2355363149,Sat Jun 27 05:00:59 +0000 2009,People at Indian Mission in New York seem breathing again........Mos-External Affairs has gone back to South Block!!!!!.
2318869704,Thu Jun 25 00:35:42 +0000 2009,Preneet Kaur, MoS External Affairs accompanied by her delegation called on UN Secretary General Ban Ki-Moon @ the UN HQ.
2318824094,Thu Jun 25 00:31:46 +0000 2009,During last some30 plus years of my career as photojourno, 1st time had an opportunity to photograph a woman MoS-External Affairs @ the UN
2305551469,Wed Jun 24 03:59:00 +0000 2009,I was amazed to discover through my lenses how  these Indian MPs @ Yale got carried away  with "Pinning The Thumb" game with each other!!!
2305439003,Wed Jun 24 03:49:52 +0000 2009,So many Indian Ministers & MPs are on the road travelling all over, Well, 4 them, it's both work and summer is beautiful in west, isn't it?!
2295162176,Tue Jun 23 14:33:59 +0000 2009,RT@priamsen Like many, I shall say, it's Shashi Tharoor of course@jaymandal who is your favourite new minister charisma wise!!
2238094631,Fri Jun 19 13:48:53 +0000 2009,Anand Sharma, snubbed off one of the attending scribes at a press conference in DC!!!
2098853299,Wed Jun 10 03:33:09 +0000 2009,Evan I'm sure it would be giant step 4 U to do clean up of Newark,NJ from drugs & crime through your effective lenses but I know you will.
2090599966,Tue Jun 09 15:28:03 +0000 2009,That will never happen since NYers, don't want to pay more than 2 bucks on umbrella. One would be lucky if it last just one usage
2090528513,Tue Jun 09 15:21:44 +0000 2009,Stop copying NY tongue!!!!!!!!!!!  Besides, it's NoMu & SoMu,  not  NoBo & SoBo!!!!!
2061845475,Sun Jun 07 04:44:50 +0000 2009,The most unexpected email that I received from him today, says, "Enough is Enough". My spontaneous response was  "Enough is not Enough"
2061738138,Sun Jun 07 04:30:21 +0000 2009,Allow me to be the first one to welcome "Someone2nice" to the world of Twitter..... Happy twitting!!!!!
2044778055,Fri Jun 05 16:48:39 +0000 2009,Finally got to check out the images of Shashi Tharoor taken in Delhi. He looks stunning with his "bandhgala" outfit & I mean it.
2043206687,Fri Jun 05 14:32:13 +0000 2009,Going to West Bengal, India and not visiting Vishnupur(Dist Bankura), is like going to Germany and not visiting Munich. Pls visit Vishnupur
2042833601,Fri Jun 05 13:56:19 +0000 2009,Last night Sen John Kerry literally ran to the back door after giving a goodbye kiss to his daughter Vanessa a Fulbright awardee 2009 in NY
2030766743,Thu Jun 04 15:51:07 +0000 2009,Read only yesterday on board AI flight, "Shashi Tharoor Creats History" A Good Piece TP Sahib. Are  You in the US? Lets' connect
2016924806,Wed Jun 03 14:34:50 +0000 2009,Yesterday, before I boarded the flight I spent 2 hours photographing former NewYorker & newly appointed MoS, Shashi Tharoor in Delhi.
2016745045,Wed Jun 03 14:17:28 +0000 2009,Just landed in New York, returned after 5 weeks of crisscrossing and photographing Indian election campaigns.  Happy to be back
