id,created_at,text
1208066302268625000,Fri Dec 20 16:47:05 +0000 2019,RT @FirstTake: .@KevinHart4real all of Philly right now 😂😭 https://t.co/5rWNMmqIxf
1202519904353767400,Thu Dec 05 09:27:41 +0000 2019,RT @WinnerLeague: מפלצת הדאבל-דאבלים של @ironinessziona, הסנטר @JeffWithey, נבחר לשחקן המצטיין של חודש נובמבר בליגת ווינר סל &gt;&gt;&gt; https://t.…
1192326310875537400,Thu Nov 07 06:21:59 +0000 2019,RT @ReggieBush: As a San Diego native it was tough to see the Chargers leave. I’m not surprised that they are having issues selling tickets…
1170767000949469200,Sun Sep 08 18:32:59 +0000 2019,RT @Chargers: IT'S HERE. #BoltUp https://t.co/lKXkoEaJ6S
1097901598200746000,Tue Feb 19 16:51:53 +0000 2019,RT @swish41: Not that it bothers me cuz I heard it too many times but is it cool for parents to point at me and tell their kids: look how t…
1092276017593430000,Mon Feb 04 04:17:50 +0000 2019,RT @redapples: Still more exciting than the #SuperBowl  https://t.co/EsO9STiWqe
1079834463402713100,Mon Dec 31 20:19:33 +0000 2018,RT @kanyewest: If I got any cooler I would freeze to death
1021865157004156900,Tue Jul 24 21:10:13 +0000 2018,Just signed with @TofasSporKulubu couldn’t be more excited for this new journey in my life! 🇹🇷 #GodIsGood https://t.co/tFEeetIpaK
978051736509210600,Sun Mar 25 23:31:19 +0000 2018,Beating duke and going to the final four.. no better feeling. #MarchMaddness
978046191186268200,Sun Mar 25 23:09:17 +0000 2018,RT @ZFleishman: Overtime!!! Let's go!!!!
978043623462744000,Sun Mar 25 22:59:05 +0000 2018,These refs are Horrible! Kansas got this tho. #Kansas
949771446821072900,Sat Jan 06 22:35:33 +0000 2018,@A_Caedo24 @PUBATTLEGROUNDS You on now?
949758901217472500,Sat Jan 06 21:45:42 +0000 2018,@PeteSweenis @PUBATTLEGROUNDS Are you in now?
949758852836110300,Sat Jan 06 21:45:30 +0000 2018,@_j2323 @PUBATTLEGROUNDS You on now?
949758698158637000,Sat Jan 06 21:44:53 +0000 2018,@A_Caedo24 @PUBATTLEGROUNDS Xbox
949753048431120400,Sat Jan 06 21:22:26 +0000 2018,Do any of my followers play @PUBATTLEGROUNDS?
945497460541046800,Tue Dec 26 03:32:15 +0000 2017,RT @ericjohnnn: Real life grinch = cops with a radar gun tryna give out tickets on Christmas 🤨
931295195903164400,Thu Nov 16 22:57:31 +0000 2017,Loved being able to giving back to the community! https://t.co/tn8LFFCFuP
899754576013819900,Mon Aug 21 22:06:22 +0000 2017,RT @dallasmavs: It's official! Join us in welcoming @JeffWithey to the Mavs!  👉https://t.co/SQgC6VMcDB https://t.co/rwxLwxBpEP
898647086509441000,Fri Aug 18 20:45:36 +0000 2017,Appreciate it bro https://t.co/7WkYJpBWKu
872840327630954500,Thu Jun 08 15:38:45 +0000 2017,Back to Kansas #RockChalk ✈️
868612789383737300,Sat May 27 23:40:01 +0000 2017,The truth always comes to light. ☝🏼
863595343593717800,Sun May 14 03:22:29 +0000 2017,I really want a dog but don't want the responsibility.
862079433431068700,Tue May 09 22:58:48 +0000 2017,Just want to say thank you to all the #Jazz fans. This year has been amazing and we couldn't have gotten as far as we did without you all.
853505947402084400,Sun Apr 16 07:10:49 +0000 2017,RT @utahjazz: We here. https://t.co/VJFCKzmqS6
853388086645989400,Sat Apr 15 23:22:29 +0000 2017,Playoff time, let's go do something special #takenote https://t.co/AtA7smxTkz
852231755218133000,Wed Apr 12 18:47:38 +0000 2017,When I was a kid I prayed to be in the NBA. I can't thank God enough for answering my prayers. #gameday https://t.co/n5UAENdxFS
847323429497823200,Thu Mar 30 05:43:42 +0000 2017,Thank you @theborisdiaw 😀 https://t.co/7yCzyvrT1F
845120369522454500,Fri Mar 24 03:49:32 +0000 2017,#RockChalk 🔴🔵
842903743435849700,Sat Mar 18 01:01:27 +0000 2017,Rock chalk! Good start to the tournament. #KU
842903323804090400,Sat Mar 18 00:59:47 +0000 2017,@T_Self11 🙌🏼.
841070616853672000,Sun Mar 12 23:37:16 +0000 2017,#1
839280391324381200,Wed Mar 08 01:03:33 +0000 2017,I appreciate all the love you guys have shown me today for my birthday. If I was throwing a party all y'all would be invited 🤗🎁🎈🎉
839151517877719000,Tue Mar 07 16:31:27 +0000 2017,Thank you! https://t.co/STvCEEIyv6
839150972634976300,Tue Mar 07 16:29:17 +0000 2017,Appreciate the love you guys! https://t.co/xFF4wny7DY
838981558107136000,Tue Mar 07 05:16:05 +0000 2017,What are you getting? https://t.co/8L78odhMG4
838824239444549600,Mon Mar 06 18:50:57 +0000 2017,Haha you know me too well ty. https://t.co/3q3qkgYXAa
838823496851431400,Mon Mar 06 18:48:00 +0000 2017,You trying to get matching tattoos? 🐺 https://t.co/I4RPTSpAKR
838818269393887200,Mon Mar 06 18:27:14 +0000 2017,Been thinking about getting a tattoo a lot lately. 🤔
837400781506519000,Thu Mar 02 20:34:39 +0000 2017,RT @JoBate435: My son loves two Jazz players. @gordonhayward and @JeffWithey  Played hard tonight fellas! #takenote https://t.co/ydzsd1MbWo
834869356781637600,Thu Feb 23 20:55:40 +0000 2017,That was a crazy trade deadline. Glad our team stayed together. Now back to work and winning games! #takenote
834588628613369900,Thu Feb 23 02:20:09 +0000 2017,Congrats boys on #13straight big 12 championships 💍 #RockChalk
831007877762461700,Mon Feb 13 05:11:32 +0000 2017,RT @merelynora: Chance The Rapper just brought worship into the 21st century https://t.co/36t6nwhbA1
824896713089388500,Fri Jan 27 08:27:56 +0000 2017,RT @NBA: #GordonHayward scores 24 in the @utahjazz win! #TakeNote https://t.co/KbMW5izXAa
824793238720557000,Fri Jan 27 01:36:46 +0000 2017,Think @rudygobert27 got snubbed. He's been playing like an All-Star all year. #takenote
824782343646826500,Fri Jan 27 00:53:29 +0000 2017,Congrats to @gordonhayward on being an All-Star, Much deserved!
822874810023702500,Sat Jan 21 18:33:37 +0000 2017,How are the roads this bad at 1130?? Is everyone taking the day off or what?
820795071746297900,Mon Jan 16 00:49:29 +0000 2017,I might have spoken too soon lol
820793526552170500,Mon Jan 16 00:43:20 +0000 2017,#packers got this in the bag 💰
820338772189417500,Sat Jan 14 18:36:19 +0000 2017,RT @phoggg: Pay Heed All Who Enter #kubball
819974509658673200,Fri Jan 13 18:28:52 +0000 2017,RT @johnnyFyeah: Going to an LA Charger game would be like going to the grocery store when all the workers are out front on strike.
819700150419345400,Fri Jan 13 00:18:39 +0000 2017,I'm lucky to have the friends that I do. Never take a real friend for granted. There are a lot of wolves dressed as sheep. #nofakefriends
818157483894145000,Sun Jan 08 18:08:39 +0000 2017,Believe in yourself, listen to your gut, and love what you do. #gameday 🤘🏼 https://t.co/XTKxEsVIbW
815011887481880600,Sat Dec 31 01:49:10 +0000 2016,Trying to think of some good New Years resolutions, what's everyone's for 2017?
813832862210265100,Tue Dec 27 19:44:09 +0000 2016,Feels good to be back in LA for our game tonight against the Lakers #takenote https://t.co/WoOWT9GvRc
812805184317337600,Sat Dec 24 23:40:31 +0000 2016,Nothing like throwing up all day on Christmas Eve. 🤒 Sums up 2016 I guess 😂
811052004889923600,Tue Dec 20 03:34:01 +0000 2016,About to start working on getting a real estate license... why not.
811045076503646200,Tue Dec 20 03:06:29 +0000 2016,🙄 lies...@CGarrett_15 https://t.co/g8LJ7GAmhA
808523010130866200,Tue Dec 13 04:04:41 +0000 2016,So I ended up getting 2 cats 1 boy 1 girl. This is the boy, his name is Indy. https://t.co/tL7EohpVU3
808165300940046300,Mon Dec 12 04:23:17 +0000 2016,Tomorrow afternoon I get to pick up my new 😸. Can't wait. Need name ideas for her... https://t.co/ql5RDXXc7n
807810834650890200,Sun Dec 11 04:54:46 +0000 2016,Appreciate all the fans that came out tonight. Great team win. @rudygobert27 6 blocks!! 😳 👋🏼
802559536586313700,Sat Nov 26 17:07:59 +0000 2016,Great team win last night, appreciate all the fans that came out and supported us. 👌🏼#jazz… https://t.co/VNzWeheCMw
802541316248895500,Sat Nov 26 15:55:34 +0000 2016,RT @utahjazz: Nope. 🚫🚫🚫 https://t.co/nkrDKSolZV
800148623417745400,Sun Nov 20 01:27:52 +0000 2016,Got to see some of my best friends tonight after the game in Houston @ryananderson33… https://t.co/CLHPSgJfzu
797557536173895700,Sat Nov 12 21:51:49 +0000 2016,First time walking around south beach. Only got asked how tall I was once. It was a good day… https://t.co/TRYWw1YD7c
797276776036601900,Sat Nov 12 03:16:10 +0000 2016,#rockchalk college basketball is back, so here's a little throwback to celebrate. #KU https://t.co/o1FinenurY
797274499406295000,Sat Nov 12 03:07:07 +0000 2016,#Rockchalk
791384690317926400,Wed Oct 26 21:03:08 +0000 2016,My favorite verse! Just gotta trust in God and constantly pray. Try your best to be a good… https://t.co/1SAXtQJaCP
791044383013384200,Tue Oct 25 22:30:52 +0000 2016,RT @utahjazz: #TakeNote https://t.co/UL32RBIQpa
789138256377946100,Thu Oct 20 16:16:36 +0000 2016,RT @esimms311: Hey @JeffWithey, you almost got the MJ tongue down to a T! #UtahJazz https://t.co/8w9hVbnqL3
789137950650929200,Thu Oct 20 16:15:23 +0000 2016,So many things to be thankful for. #tbt #thailand @ Phuket, Thailand https://t.co/aFLXmIaz7u
785151596543959000,Sun Oct 09 16:15:02 +0000 2016,Back to LA 🏖 https://t.co/0dIXP2a6Ut
784878846893973500,Sat Oct 08 22:11:14 +0000 2016,Just heard about scooter. Without his guidance and support I wouldnt have graduated. He's such a big part of KU, and my life.Praying for you
784087184261288000,Thu Oct 06 17:45:27 +0000 2016,😤 https://t.co/XakmGO6OHY
783492172595073000,Wed Oct 05 02:21:05 +0000 2016,Another game tomorrow. #jazz https://t.co/XzNuAvxQI7
782611610984513500,Sun Oct 02 16:02:02 +0000 2016,Tomorrow is our first preseason game. Excited to get back at it!! @ Staples Center Downtown Los… https://t.co/YQtJLb9GI5
778741779159887900,Wed Sep 21 23:44:43 +0000 2016,With media day around the corner here's a picture from last years media day. #nba #utahjazz #24… https://t.co/QNUbXasXnV
777945678576091100,Mon Sep 19 19:01:17 +0000 2016,One more week until training camp. ✊🏼 hope all you Jazz fans are ready for a great year!!… https://t.co/wOT6YqnlzY
777173950988062700,Sat Sep 17 15:54:43 +0000 2016,It's the weekend 🙌🏼🙌🏼🙌🏼 #ku #throwback @ Allen Fieldhouse https://t.co/vrrBgTIrYS
776526601622216700,Thu Sep 15 21:02:23 +0000 2016,I make really weird faces when I play. 😖 #utahjazz #24 @ Vivint Smart Home Arena https://t.co/Vbqs34HtEn
776061898215174100,Wed Sep 14 14:15:49 +0000 2016,#mood https://t.co/AdwzLH8XZB
775827153250164700,Tue Sep 13 22:43:02 +0000 2016,🚫Block party... Who's ready for the season to start?? #utahjazz @ Vivint Smart Home Arena https://t.co/pmMoIJH654
775477035804205000,Mon Sep 12 23:31:47 +0000 2016,Saw this little family in my back yard this morning. Scared the 💩 out of me lol. Might have to… https://t.co/T8CC3mEFTf
775448345749827600,Mon Sep 12 21:37:47 +0000 2016,RT @MensHumor: This kid is a true rebel  https://t.co/drC95ZOxZD
775411302470594600,Mon Sep 12 19:10:35 +0000 2016,My little guy... buggieslife https://t.co/r746MChHei
775136586216280000,Mon Sep 12 00:58:58 +0000 2016,#Utah is full of beauty. One of the coolest places I've ever been. #brycecanyon @ Bryce Canyon… https://t.co/bL8LqKPzOr
775048630784831500,Sun Sep 11 19:09:27 +0000 2016,Had to take this pic when I was in Thailand. He had to think he was the coolest person in Asia… https://t.co/wHwI0mQbQy
775043920140968000,Sun Sep 11 18:50:44 +0000 2016,I'll never forget where I was 15 yrs ago today. Prayers going out to the thousands of people still dealing with the loss of loved ones.
774709030694457300,Sat Sep 10 20:40:00 +0000 2016,#flashback right before we left for the best trip of my life! #boystrip miss these guys! https://t.co/MgZhwsiOhv
773978864401784800,Thu Sep 08 20:18:35 +0000 2016,The guys down at @ImpactGuns off 2100 st. Hooked me up today. If you're in Salt Lake City go… https://t.co/BwyyC8Z9cC
773709207388295200,Thu Sep 08 02:27:04 +0000 2016,I miss my brother #chriswithey and his beautiful wife michellewithey also. They are going to… https://t.co/mTxFzu51jU
773337138267951100,Wed Sep 07 01:48:36 +0000 2016,I miss you mwithey7.. Come visit asap https://t.co/SpbWrB7OWI
772636651059224600,Mon Sep 05 03:25:07 +0000 2016,RT @drewbrees: Big prayers going up for Jrue Holiday, his wife Lauren and baby to be. Faith, Health and Strength! https://t.co/CBSw6LW40c
772144842671435800,Sat Sep 03 18:50:50 +0000 2016,One more month! Can't wait #utahjazz https://t.co/vh22u5RhQ0
769298305851416600,Fri Aug 26 22:19:43 +0000 2016,It's been a great summer but I can't wait for the season to start back up! Been working on my… https://t.co/qfHsOC8TvR
768325949007945700,Wed Aug 24 05:55:55 +0000 2016,Ping pong champ!🏆 🏓samsaraphuket @asiacollective #samsaraphuket #theasiacollective @ Samsara… https://t.co/vUmZef8Tiw
767923942287749100,Tue Aug 23 03:18:29 +0000 2016,Views from the villa! 👀🙌🏼  samsaraphuket @asiacollective #samsaraphuket #theasiacollective this… https://t.co/sSSHdaWu97
767630027982643200,Mon Aug 22 07:50:35 +0000 2016,Just checked into samsaraphuket and the staff had lunch prepared for us. This place is the… https://t.co/FLKMYOscLG
749448194451345400,Sun Jul 03 03:42:28 +0000 2016,Congrats to @ryananderson33. You deserve it bro. Houston is a great fit for you.
745280310405824500,Tue Jun 21 15:40:47 +0000 2016,"Selfishness is not living as one wishes to live, its asking others to live as one wishes to live"  Think of others today #quoteoftheday
744910083092447200,Mon Jun 20 15:09:38 +0000 2016,#tb Live every day like its your last because tomorrow is never promised 🤘🏼 @ Jamaica https://t.co/1jOCvTomif
744688859863121900,Mon Jun 20 00:30:34 +0000 2016,If LeBron and Kyrie play like they have been I got the Cavs.  https://t.co/8W457k86dx
744686849566728200,Mon Jun 20 00:22:35 +0000 2016,Who's going to win tonight? #NBAFinals #Game7
744576845174038500,Sun Jun 19 17:05:28 +0000 2016,Happy Father's Day! My Dad is awesome. Also happy #fathersday to my brother Chris. Love you guys… https://t.co/ToHj0Owp2D
744487351565488100,Sun Jun 19 11:09:51 +0000 2016,Happy Father's Day! I love you Dad. And for the people who grew up without fathers just know God loves you. Have a blessed day.
744226132694704100,Sat Jun 18 17:51:51 +0000 2016,🌊 https://t.co/7YYncuxhF4
744204800808476700,Sat Jun 18 16:27:05 +0000 2016,"Don't aim for success if you want it; just do what you love and believe in, and it will come naturally." ✊🏼
743619021816291300,Fri Jun 17 01:39:25 +0000 2016,Mostly it is loss which teaches us about the worth of things.
743507764756938800,Thu Jun 16 18:17:19 +0000 2016,Perseverance!
741717397854265300,Sat Jun 11 19:43:02 +0000 2016,Back in San Diego jamesrkemp codykalank @bweeks00 @ San Diego, California https://t.co/YaN5IrIRKE
740290072537223200,Tue Jun 07 21:11:21 +0000 2016,Happy birthday to my best friend in the whole wide world. jamesrkemp hope you have a great day… https://t.co/6u0Jg19K2E
719569504519397400,Mon Apr 11 16:55:13 +0000 2016,RT @ZFleishman: They should make a sports talkshow that has 4 people talking and debating in a barber shop, and every guest gets a cut and…
715006491262976000,Wed Mar 30 02:43:26 +0000 2016,RT @JazzDoingGood: .@utahjazz players do their part to help out the @utahfoodbank during the 44 United Spring Fling. #DoingGood https://t.c…
708385817803132900,Fri Mar 11 20:15:14 +0000 2016,RT @SCourtAthletics: Former Supreme Court and Horizon High School Alumni face off tonight @JaredDudley619 Washington Wizards and @JeffWithe…
699429544596545500,Tue Feb 16 03:06:12 +0000 2016,We will never fly @AmericanAir again lol  https://t.co/BiXqqS1ST9
690738178630774800,Sat Jan 23 03:29:49 +0000 2016,RT @utahjazz: Tonight's @AFCU #InstantRewind: a summary of the 2nd half. ⏪ #UTAatBKN https://t.co/8NQZzqrjR5
684489222468669400,Tue Jan 05 21:38:42 +0000 2016,RT @utahjazz: Tonight's @AFCU #InstantRewind ⏮ is courtesy of @JeffWithey #HOUatUTA https://t.co/ncJCvIqt23
681268280149987300,Mon Dec 28 00:19:49 +0000 2015,Just posted a photo https://t.co/tfxwQ0EFrN
663810847253270500,Mon Nov 09 20:10:13 +0000 2015,Dope. I appreciate the art @jashin_mizuho https://t.co/13vor4BNn5
660158280346439700,Fri Oct 30 18:16:13 +0000 2015,J Wes' Collection 1 coming in 2016.  Go Follow justinkcbrand https://t.co/czuM9FvY7p
652298398326853600,Fri Oct 09 01:43:51 +0000 2015,#jazznation https://t.co/HB6KJR9YJ8
651988201876230100,Thu Oct 08 05:11:15 +0000 2015,Had a great time in Hawaii. We won both games against the lakers, and I got to spend time with this… https://t.co/b7C4BVwcUq
642121735534456800,Thu Sep 10 23:45:26 +0000 2015,#tbt senior year at Kansas one of the best years of my life. #rockchalk https://t.co/mBmAMm3wJJ
639539198253506600,Thu Sep 03 20:43:21 +0000 2015,#tbt 1st night out in Ibiza #euronlyoungonce trip 2015. Miss my boys @stratonwilhelm rjanderson33 https://t.co/wqQaDUD4aM
635918535928250400,Mon Aug 24 20:56:08 +0000 2015,Can't ask for a better organization to play for. So grateful for the opportunity. #Utah #jazz https://t.co/NuPVcfAvbs
632354753465438200,Sat Aug 15 00:54:56 +0000 2015,Cabo Vibes,                                                               Go check out… https://t.co/glaJYGHWbD
631180458970103800,Tue Aug 11 19:08:42 +0000 2015,RT @Smiletrain: A child's day should be filled with countless smiles. #SmileyGraph http://t.co/KbLUgLVDG3 https://t.co/rkjfnwj8Yh
625404864684761100,Sun Jul 26 20:38:33 +0000 2015,Outdoor adventures🏃🏽  #la #nikerunning  #sundayfunday #sunsoutgunsout #runyon https://t.co/TNflRMH7iR
620710043802071000,Mon Jul 13 21:43:01 +0000 2015,Wedding season #gq https://t.co/G9L1IzmL9X
619242591167459300,Thu Jul 09 20:31:53 +0000 2015,The shot blocker vs. the shooter #1v1 # LA #💵 https://t.co/mDZTYuCUJL
619179271567863800,Thu Jul 09 16:20:16 +0000 2015,"riding through the 6 with my woes" on a #soulcycle https://t.co/JSrGy3PQN7
613826139337961500,Wed Jun 24 21:48:50 +0000 2015,Out in LA working on my game with @AntDavis23 #workhardplayhard #nike #LA #day1 https://t.co/TGS50wGuKH
613536215611109400,Wed Jun 24 02:36:47 +0000 2015,#Repost  in Fresno for #quincypondexterbasketballcamp and got to hang out with some really cool kids… https://t.co/RT87M8TBwV
609095304168603600,Thu Jun 11 20:30:11 +0000 2015,RT @BGCofGreaterSD: POTD presented by Mission Pools: NBA player Jeff Withey held a clinic at Clairemont. @missionpools @jeffwithey http://t…
608400073177854000,Tue Jun 09 22:27:35 +0000 2015,(La familia 2 weeks ago in Barcelona) @stratonwilhelm rjanderson33 #aboutaweekago #thuglife #mywoes https://t.co/IFSG32LryR
607728118812577800,Mon Jun 08 01:57:29 +0000 2015,Happy birthday jameskemp0 love you broski https://t.co/brcFG8llrG
605471003096019000,Mon Jun 01 20:28:30 +0000 2015,When in Rome... #🍦 #pantheon https://t.co/psIzQBzkKf
605030436348301300,Sun May 31 15:17:51 +0000 2015,Happy birthday @stratonwilhelm 😇⛲️ https://t.co/4TOL8D51Pk
602517390430228500,Sun May 24 16:51:54 +0000 2015,Cheers #Paris, couldn't have asked for a better way to spend the day. #EUROnlyoungonce #thuglife https://t.co/rcmEIMWotV
601554830595891200,Fri May 22 01:07:02 +0000 2015,Barcelona it was fun, now off to PARIS #PARIS #france #EUROnlyoungonce #fashion #onelove #thuglife… https://t.co/6svGmfyYPO
601554749637419000,Fri May 22 01:06:43 +0000 2015,Barcelona it was fun, now off to PARIS #PARIS #france #EUROnlyoungonce #fashion #onelove #thuglife… https://t.co/R5saZh3R9N
600754600786833400,Tue May 19 20:07:12 +0000 2015,My first basketball camp is coming up. Enter "WitheyBlocks20" for 20% off. Grades 3-9  Horizon high school San Diego http://t.co/jcOJ5ATpvW
600075095911039000,Sun May 17 23:07:06 +0000 2015,Ibiza... I love you. #Spain #Ibiza #EUROnlyoungonce #thuglife #eurotrip https://t.co/IQjGalGI46
599007885050413000,Fri May 15 00:26:23 +0000 2015,Off to Ibiza ✈️ #Spain #Ibiza #friends #thuglife #vacation #EUROnlyoungonce https://t.co/8fVi6xJuS4
598539117111201800,Wed May 13 17:23:40 +0000 2015,The high line #newyork #soho #spontania2015 #selfie #thuglife #2blessed https://t.co/ORvdu47lM7
598145031531274200,Tue May 12 15:17:43 +0000 2015,🌆 #nyc #brookyln #bridge #thuglife #blessed https://t.co/rfHnpZPtlj
597876612005265400,Mon May 11 21:31:06 +0000 2015,My 1st Jeff Withey Block Party camp will be held June 29, 30, and July 1 at Horizon High School in… https://t.co/3Dkv8s9JXP
595692353714843600,Tue May 05 20:51:39 +0000 2015,Chilling with my son today. #Nola #cincoDEmayo #🐶 https://t.co/22eDGogQj5
594257371511320600,Fri May 01 21:49:32 +0000 2015,#Repost a_hudy  ・・・ #Jayhawks #💪🏽 https://t.co/1EgR39rhmB
593552017815109600,Wed Apr 29 23:06:43 +0000 2015,Me and my sis mwithey7 hanging out at the Fly. #nola #🚲 #☀️#uptown https://t.co/NajHasyr9y
588762114225008600,Thu Apr 16 17:53:21 +0000 2015,The squad! #playoffbound #pels #nola #squad #myclique #notdoneyet https://t.co/vi9wK6zS3k
588378541391151100,Wed Apr 15 16:29:10 +0000 2015,RT @_ASAPLAME: Be great today @PelicansNBA @AntDavis23 @TyrekeEvans @QuincyPondexter @Jrue_Holiday11 @ryananderson33 @JeffWithey @pg30_Cole
588097894705733600,Tue Apr 14 21:53:59 +0000 2015,A win tomorrow puts us in the playoffs! We control our own destiny #Repost @pelicansnba #pels #nola https://t.co/cnsJrs3JDX
587080834630426600,Sun Apr 12 02:32:33 +0000 2015,#Repost jameskemp0 ・・・ #NOLA #waybacksat #birthdayparty https://t.co/eBdep7XpZy
585678796864561200,Wed Apr 08 05:41:21 +0000 2015,RT @GoNOLA504: .@JeffWithey, player for the @PelicansNBA, shares his favorite things to eat, see and do around New Orleans: http://t.co/IU0…
584055748348510200,Fri Apr 03 18:11:56 +0000 2015,Got to hang out with the boys last night in Sacramento. @jlambs88 @stratonwilhelm #snapchat https://t.co/OuQy01temI
581583013944901600,Fri Mar 27 22:26:10 +0000 2015,Should I wear the Headband tonight? #Pels #headband #gameday https://t.co/xzvChAgZhT
581209221200396300,Thu Mar 26 21:40:51 +0000 2015,RT @AjincaAlexis42: Me and @JeffWithey had a great time at St Tammany Junior High Student we were talking about math#GeauxPels#Louisiana ht…
579518929539846100,Sun Mar 22 05:44:14 +0000 2015,Dinner with these hotties @agoldejeans taytayjean 💯 https://t.co/fz3PkzywtP
578973050378580000,Fri Mar 20 17:35:06 +0000 2015,Rock chalk tournament time! https://t.co/IN25DB9cHJ
575786770425638900,Wed Mar 11 22:33:58 +0000 2015,The Man bun is almost here.! 😁 https://t.co/1rNOsAvrHJ
566305684162363400,Fri Feb 13 18:39:31 +0000 2015,Go check out my brothers music video, it's  HOT 🔥literally. Someone needs to put the fire out!! Call… http://t.co/nHstbCiOmF
566303805927485440,Fri Feb 13 18:32:03 +0000 2015,Go check out my brother Chris Withey's HOTT new music video. http://t.co/zeAvIJKa2w
566283120354525200,Fri Feb 13 17:09:51 +0000 2015,*** Reunited with family #mardigras #nola http://t.co/IHwb2oEg2I
563480138407350300,Thu Feb 05 23:31:48 +0000 2015,#tbt getting fancy while riding around in Amsterdam. #lastsummer http://t.co/vYKUHFot2W
556872171474411500,Sun Jan 18 17:54:06 +0000 2015,So happy because it's game day!! #Nola #NBA http://t.co/dUbeHTjJbI
555844212181454850,Thu Jan 15 21:49:21 +0000 2015,Liberty Bell with the boys @stratonwilhelm rjanderson33 and Craig #repost #Philly http://t.co/SIBPORC2YX
555487958271553540,Wed Jan 14 22:13:44 +0000 2015,Game day! I spy rjanderson33 @AntDavis23 @theofficialeg10 and O http://t.co/lZLXfzlY9x
555122632962502660,Tue Jan 13 22:02:04 +0000 2015,Transformation Tuesday.  1997 Boys &amp; girls club Allstar  #imthankful http://t.co/VXuMOUTK3m
553320502371291140,Thu Jan 08 22:41:02 +0000 2015,#Repost jameskemp0 ・・・ Brothers until the end. http://t.co/baxE3JGczr
552148289165205500,Mon Jan 05 17:03:05 +0000 2015,Game day! #NOLA http://t.co/3mjc06GtLA
551932536897945600,Mon Jan 05 02:45:45 +0000 2015,Just mowgli being mowgli. #thatsmyboy http://t.co/LqpqCQ83NO
550494633923325950,Thu Jan 01 03:32:03 +0000 2015,friends come and go, but with a precious few you should hold on. The older you get, the more you need… http://t.co/P3hquGPYlP
548187066870530050,Thu Dec 25 18:42:36 +0000 2014,Merry Christmas! My favorite gift this year, my sister painted this! mwithey7 #nolaliving http://t.co/NdzNZ7Zb3k
546869692628221950,Mon Dec 22 03:27:49 +0000 2014,Good team win, now off to Indiana. http://t.co/r2FtrEgajQ
546797481091006460,Sun Dec 21 22:40:53 +0000 2014,RT @NamesJaysmith: Dec 21, 1891 was a good day! #BasketBallDay #RockChalk http://t.co/t59y1RGceE
544700416400044000,Tue Dec 16 03:47:53 +0000 2014,Glad we were able to give back tonight.. Here's the boyz rjanderson33 @AntDavis23 And I doing an… http://t.co/ppgoHabXCD
544242730638266400,Sun Dec 14 21:29:13 +0000 2014,・・・ Happy holidays from our family to yours. http://t.co/3K04ms4o5O
542547660188954600,Wed Dec 10 05:13:36 +0000 2014,Dallas bound ✈️ http://t.co/wyCKBcMORt
542010107643453440,Mon Dec 08 17:37:34 +0000 2014,Good team win last night against the lakers! Now back to NOLA. #pels #GodisGood http://t.co/oWRO6kkuwz
540663277051596800,Fri Dec 05 00:25:44 +0000 2014,Game day! Keeping it 💯 http://t.co/uQKNujq3l5
540009356226351100,Wed Dec 03 05:07:18 +0000 2014,RT @Sir_Saudade: #BasedKing @jeffwithey and @jamielynnspears before the game! http://t.co/kQXT2X9YPM
539276012648169500,Mon Dec 01 04:33:15 +0000 2014,This selfie is for you Beth RIP... #walkingdead #sosad http://t.co/Uugdz8BZbi
538157556800442400,Fri Nov 28 02:28:54 +0000 2014,New post... http://t.co/r6gTdW4by9 http://t.co/IXAg4a6Y8a
538033166858985500,Thu Nov 27 18:14:37 +0000 2014,Happy thanksgiving! There are so many things to be thankful for! I hope everyone has a wonderful day.… http://t.co/ntJOfIuSPm
537118221665849340,Tue Nov 25 05:38:57 +0000 2014,Just changed my blog name to something a little more suitable for me... http://t.co/USi6neLo1m go check it out.
536391172525006850,Sun Nov 23 05:29:55 +0000 2014,Bye west coast. Back to #Nola rjanderson33 http://t.co/yXn45GujIw
536256477284298750,Sat Nov 22 20:34:42 +0000 2014,“@TJFsports: @rustindodd @mctait @JeffWithey or "Withey Blog Party." cc @zerwekh”( I like this also haha)
536256268886085600,Sat Nov 22 20:33:52 +0000 2014,“@rustindodd: Jeff, the KU media has discussed this and we think this blog clearly needs to be called Big Withey Style. (lol good idea)
536254098971308000,Sat Nov 22 20:25:14 +0000 2014,Decided to make a blog go check it out and let me know what you think. http://t.co/WeXihGCxxB http://t.co/8674ZY8PLi
534951379471568900,Wed Nov 19 06:08:42 +0000 2014,“@Ty22B: @JeffWithey http://t.co/pDWvZZIh52”(haha this is awesome, miss Kansas so much!)
534879489252417540,Wed Nov 19 01:23:02 +0000 2014,#RockChalk http://t.co/4YM8YZfRc6
534070121028136960,Sun Nov 16 19:46:54 +0000 2014,Great passage from chapel the other night.  #Godisgood http://t.co/lIFe286E8V
533009480255307800,Thu Nov 13 21:32:17 +0000 2014,Shoutout to @ryananderson33 for sharing his story and bringing more awareness to suicide prevention. Love ya bro: http://t.co/8Zaf56zhZC
532994334837473300,Thu Nov 13 20:32:06 +0000 2014,RT @SInow: Love, Loss &amp; Survival: Ryan Anderson tries to move forward after his girlfriend's suicide http://t.co/qOSH84zBjv http://t.co/o40…
532994334837473300,Thu Nov 13 20:32:06 +0000 2014,RT @SInow: Love, Loss &amp; Survival: Ryan Anderson tries to move forward after his girlfriend's suicide http://t.co/qOSH84zBjv http://t.co/o40…
530850161879429100,Fri Nov 07 22:31:55 +0000 2014,Just landed in Texas rjanderson33 http://t.co/8VKRyDZCZw
526226189858644000,Sun Oct 26 04:17:55 +0000 2014,I appreciate all the fans that came out and supported us today in our open practice. #gopels #neworleans http://t.co/3uFfqjTyon
526140398763528200,Sat Oct 25 22:37:00 +0000 2014,RT @krisa56: Had a lot of fun today at the @PelicansNBA open practice!!! Enjoyed watching @JeffWithey #RockChalk #KU http://t.co/If8Vh7SuOP
519317985505595400,Tue Oct 07 02:47:10 +0000 2014,RT @jimmerfredette: We have to keep improving and getting better!   Always Love how hard our team plays.   #Pelicans
516373838146199550,Sun Sep 28 23:48:11 +0000 2014,Mortal Kombat with @ryananderson33 👊💢 http://t.co/f3nqlDtfw2
510463642962497540,Fri Sep 12 16:23:11 +0000 2014,Mowgli has the keys to my heart lol 😍 http://t.co/ZOR0XQY1YI
508340561862869000,Sat Sep 06 19:46:49 +0000 2014,The newest member of the Withey family! Mobley! http://t.co/wj5wZCGfjZ
507900231938084860,Fri Sep 05 14:37:06 +0000 2014,#FlashbackFriday #ku http://t.co/i3PU8nKUR3
505195409329750000,Fri Aug 29 03:29:06 +0000 2014,#repost of a #repost of a #repost of @jimmerfredette, @ryananderson33 and @stratonwilhelm and I  at… http://t.co/FABqjEkMgl
504996490906206200,Thu Aug 28 14:18:40 +0000 2014,Psalms 34. Great reminder in tough times! God always has our back. #GodisGreat http://t.co/5M581CxVsI
504710433027420160,Wed Aug 27 19:21:58 +0000 2014,The seasons around the corner. Can't wait. 😁 http://t.co/RMqoL2JPhW
501420487566577660,Mon Aug 18 17:28:54 +0000 2014,@derektpierce challenge accepted. I challenge justinwesley jameskemp0 and @ryananderson33 you guys… http://t.co/Rghts88lU5
500304578865152000,Fri Aug 15 15:34:41 +0000 2014,@BigPatYoung4 &amp; are I are excited for the @chevron Hoops for Kids 3-on-3 tourney tomorrow-Teams can still sign up at Peter Atkins' Park!
497559481832599550,Fri Aug 08 01:46:39 +0000 2014,Broncos game! @derektpierce http://t.co/CcSONuItKf
496703932216131600,Tue Aug 05 17:07:00 +0000 2014,RT @BWeeks00: Just something to think about... http://t.co/tLhVr6RnE6
495785698964697100,Sun Aug 03 04:18:16 +0000 2014,Weezer concert with my sis. mwithey7 http://t.co/wA52kg3dWO
495270363257786400,Fri Aug 01 18:10:30 +0000 2014,Who else is ready for basketball season to start up?? #gopels http://t.co/bnwp0ey9Vt
494977988077695000,Thu Jul 31 22:48:43 +0000 2014,Great night with great people. @colea45 @ryananderson33 big thanks to @djvice http://t.co/ln6gqqvWen
494530152710172700,Wed Jul 30 17:09:11 +0000 2014,RT @BenMcLemore: @mjverbeck @JoelEmbiid @22wiggins @WayneSeldenJr @JeffWithey @KevinYoung40 @T_2releFOUR @KansasTwin21 @MookMorris2 @PElliz…
493841348928106500,Mon Jul 28 19:32:07 +0000 2014,RT @ChiIIVlbes: Let go of those who bring you down and surround yourself with those who bring out the best in you.
492756543587090400,Fri Jul 25 19:41:29 +0000 2014,My new ride http://t.co/XQ5vGQ3wxW
490944288143192060,Sun Jul 20 19:40:14 +0000 2014,#repost. Hanging out with my Ku teammates last night @chasebuford b_morningstar http://t.co/hcutZrLYhn
489607486199332860,Thu Jul 17 03:08:15 +0000 2014,I feel like I've been in Vegas forever. At least I have an amazing view. 🎉 http://t.co/BxBSgYOYuL
489118425726218240,Tue Jul 15 18:44:54 +0000 2014,She's been with me through the good and the bad. She's always had my back, and I will always have… http://t.co/LBfVYC8QWC
488767055835836400,Mon Jul 14 19:28:41 +0000 2014,RT @PelicansNBA: "I've gained a lot of weight so I feel a lot more comfortable in the paint." - @JeffWithey http://t.co/3ySomYEoWE | http:/…
484830087418634240,Thu Jul 03 22:44:35 +0000 2014,We get buckets!!! http://t.co/UG1LZ3ofDQ
482233300204154900,Thu Jun 26 18:45:52 +0000 2014,Repost!! #USA #USA #USA #USA http://t.co/3ExGq6wZ48
478950872479563800,Tue Jun 17 17:22:41 +0000 2014,Please help @Morgan_Beal win her intern challenge! Rebecca Minkoff is having an online sale beginning… http://t.co/r7MnOg9jAa
478949177955598340,Tue Jun 17 17:15:57 +0000 2014,Early access sale for @rebeccaminkoff happening now online til 9:00am tomorrow morn. Use promo code RMMB for additional 10% off sale items
477233644574998500,Thu Jun 12 23:39:02 +0000 2014,#tbt Paris with marebeal #wannagoback http://t.co/RoDEBzxFNN
467755965937647600,Sat May 17 19:58:07 +0000 2014,Just posted a video http://t.co/yKvoGZh3uo
467581032770703360,Sat May 17 08:23:00 +0000 2014,Barcelona #spontania2014 http://t.co/zHAvXxHw1T
461279599800750100,Tue Apr 29 23:03:21 +0000 2014,RT @PelicansNBA: #WeAreOne http://t.co/8TllLwSetr
460627484455608300,Mon Apr 28 03:52:05 +0000 2014,“#kickofthenight #what #kotd @a_elegado http://t.co/Ykybe2ojHU”  damn Jeff u outchea!!! #Shwagg big fella 😎” trying to be like u @J_mari31
460624577534914560,Mon Apr 28 03:40:31 +0000 2014,#kickofthenight #what #kotd @a_elegado http://t.co/oJr67uXJl3
460592696122687500,Mon Apr 28 01:33:50 +0000 2014,Lunch in Santa Monica with justinwesley jameskemp0 @cathymariee http://t.co/DOjrMyUqgd
460262584948883460,Sun Apr 27 03:42:06 +0000 2014,#repost. jameskemp0 http://t.co/kRZikaZkGZ
457911046133403650,Sun Apr 20 15:57:55 +0000 2014,RT @JLin7: Happy Easter!! Jesus is risen...sin and death were conquered! Romans 6:8-11
449246150227656700,Thu Mar 27 18:06:43 +0000 2014,Being a rookie is tough! jasonstix @ryananderson33 @mranthonymorrow http://t.co/FfBK6RUxV1
436631543277420540,Thu Feb 20 22:40:46 +0000 2014,RT @tyshawntaylor: Tbt -- @trobinson0 @t_2relefour j_mari31 @jeffwithey --no idea why I was doing that http://t.co/kS94DZgfX5
427671933690208260,Mon Jan 27 05:18:29 +0000 2014,Last 45 min to vote. @RecognizeGood "brown" #saythanksaustin - every vote counts http://t.co/TouK9sF5ee
427222270939897860,Sat Jan 25 23:31:41 +0000 2014,@RecognizeGood brown #saythanksaustin
425348856071483400,Mon Jan 20 19:27:24 +0000 2014,RT @PelicansNBA: A special #Pelicans visit to St. Jude's Children's Research Hospital is a great way to begin this Memphis road trip. http:…
423319078992740350,Wed Jan 15 05:01:47 +0000 2014,@RecognizeGood I'm voting Brown! #saythanksaustin
422796858813988860,Mon Jan 13 18:26:41 +0000 2014,@RecognizeGood Brown #saythanksaustin
422595839882575900,Mon Jan 13 05:07:54 +0000 2014,Vote "Brown" to @RecognizeGood with #saythanksaustin every day until Jan 26th!
405775183736078340,Wed Nov 27 19:08:37 +0000 2013,Check out @yngandreckless Black Friday product... http://t.co/m2zmUNSeES
403211482885660700,Wed Nov 20 17:21:23 +0000 2013,RT @TyrekeEvans: Just watched the premiere of Grudge Match great movie. Thanks @JGlushon
379352522973933600,Sun Sep 15 21:14:24 +0000 2013,RT @chargers: WE WIN!!! 60 points? Not today. #SDvsPHI http://t.co/HHWQ5JHrKB
374654754909335550,Mon Sep 02 22:07:08 +0000 2013,... http://t.co/2huY9wiTiX
368543988325707800,Sat Aug 17 01:25:08 +0000 2013,Saints game with @just_jkemp and marebeal http://t.co/c0Vfncl1S1
359022846980268000,Sun Jul 21 18:51:31 +0000 2013,Summer league was cool can't wait to get out to New Orleans!
352996464294764540,Fri Jul 05 03:44:50 +0000 2013,“@PierreJackson55: @JeffWithey ahhh snaps lol” haha
352563773220991000,Wed Jul 03 23:05:28 +0000 2013,marebeal you're so sexy when you're mad http://t.co/ikRfJrZgNm
352107854783709200,Tue Jul 02 16:53:49 +0000 2013,RT @A_Hudy: Look who's in town for workouts! #workoutface @JeffWithey http://t.co/nXhHgVKnuv
351852862541795300,Tue Jul 02 00:00:34 +0000 2013,“@pdxtrailblazers: @JeffWithey You decide on a number yet?” #10
351505510987595800,Mon Jul 01 01:00:19 +0000 2013,RT @phoggg: So @Trobinson0 and @JeffWithey are back together. Watch out Portland. #kubball
351019527288537100,Sat Jun 29 16:49:11 +0000 2013,RT @SageNatty: @JeffWithey How'd you pick No. 5 in the first place? Fit in with the other bigs; LaMarcus Adridge 12, Meyers Leonard 11, Jef…
350795628131000300,Sat Jun 29 01:59:29 +0000 2013,RT @flsku: @JeffWithey You know what to do... #blazers #kubball #nbadraft http://t.co/5yzNTENuTg
350778693536321540,Sat Jun 29 00:52:12 +0000 2013,“@T_Self11: @JeffWithey 6.... Lummi” hahaha not yet
350770333160185860,Sat Jun 29 00:18:59 +0000 2013,#ripcity what should my new jersey number be?
350471564099194900,Fri Jun 28 04:31:46 +0000 2013,I know God has put me right where I need to be! I feel so blessed to be going to Portland
344497167630745600,Tue Jun 11 16:51:39 +0000 2013,In Brooklyn about to rob my man tee_y 😜 http://t.co/md1OO77Ybt
344225421560254460,Mon Jun 10 22:51:50 +0000 2013,“@GorguiDieng: Are you back in LA or you still on the road @JeffWithey” still on the road I get back to la this weekend
343077304093794300,Fri Jun 07 18:49:38 +0000 2013,Happy birthday to my brother from another mother @jamesrkemp
342801955241988100,Fri Jun 07 00:35:29 +0000 2013,“@evan_manning10 crazy talk
342793998936707100,Fri Jun 07 00:03:52 +0000 2013,Spurs in 6
339592964294713340,Wed May 29 04:04:06 +0000 2013,RT @BrianFReynolds: Just met @JeffWithey &amp; @BigDealBigBeal8 in Westwood.. Incredibly nice couple. Wishing him nothing but the best in the d…
339585285232934900,Wed May 29 03:33:35 +0000 2013,Thanks to my new friend Henri for the much needed hair cut #longhairdontcare #shorthairdocare http://t.co/dqxZUx6KjQ
335760528658034700,Sat May 18 14:15:22 +0000 2013,Trying to raise money for orphans Check this out!  http://t.co/PYrjtkAlVH And if u want to donate to the cause go to: http://t.co/su05emQn1t
335108915589177340,Thu May 16 19:06:06 +0000 2013,“@BigDealBigBeal8: Annoyed that @JeffWithey has a freakin blue checkmark on twitter. #EveryoneKnowsYoureNotAsCoolAsMe" BIG DEAL BIG BEAL 😎😘
335090435078893600,Thu May 16 17:52:40 +0000 2013,Just got done with my first workout in the #nbacombine feeling pretty good #Godisgood
327617301992046600,Fri Apr 26 02:57:06 +0000 2013,Missing marebeal already http://t.co/b5yCrub0AK
325726684886204400,Sat Apr 20 21:44:28 +0000 2013,In Garden City tonight barnstorming! Come out and show me @elijahjohnson15 @KevinYoung40, and @T_2releFOUR some love!
325342718609985540,Fri Apr 19 20:18:43 +0000 2013,RT @T_2releFOUR: Hey KU fans Come out &amp; support your seniors. You guys will have the chance to take pic &amp; get autographs. http://t.…
320029207323369500,Fri Apr 05 04:24:43 +0000 2013,I wish I was good at video games and didn't lose to @BigDealBigBeal8 every single time. She's a rockstar 🚗💨💨
319647497318445060,Thu Apr 04 03:07:56 +0000 2013,RT @KansasQuidditch: If you wanna come see quidditch and the Res Halls blockin' shots like @JeffWithey come out to the Cage Cup south of ...
315129464549941250,Fri Mar 22 15:54:53 +0000 2013,RT @ZFleishman: Shout out to the horizon boys playin for state today... Bring that ring back! #horizonbasketball
314472017606897660,Wed Mar 20 20:22:26 +0000 2013,Happy birthday to one of my best friends little baby @rach_ortiz aka Beyonce
312612170791784450,Fri Mar 15 17:12:04 +0000 2013,RT @AIA_Basketball: @JeffWithey Help us recruit w your RT: Take your talents 2 the world 4 the Lord's purposes. I did. Apply at http://t ...
310139893055635460,Fri Mar 08 21:28:07 +0000 2013,I want to thank everyone for the birthday wishes yesterday.
307274043382456300,Thu Feb 28 23:40:15 +0000 2013,RT @JocksNitchKU: @JeffWithey Can't wait to see you throw down in these! What do you think? #kubball #kumcbb #RockChalk http://t.co/G3AB ...
302623294266437600,Sat Feb 16 03:39:50 +0000 2013,KUCMB #HarlemShake anyone... http://t.co/qGPjMjgg
301209521622237200,Tue Feb 12 06:02:00 +0000 2013,I had to pull out the @Trobinson0 (trob) after that dunk. S/O big homie
301118196654686200,Mon Feb 11 23:59:07 +0000 2013,The comeback kids... http://t.co/gXTqLWoi
300088740104261600,Sat Feb 09 03:48:25 +0000 2013,RT @A_Hudy: 👍@JeffWithey in Norman, OK http://t.co/XwYbCzic
299394417373089800,Thu Feb 07 05:49:26 +0000 2013,Before his downfall a man's heart is proud, but humility comes before honor.(Proverbs 18:12)- God is good yesterday, today, and tomorrow!!
298956317811429400,Wed Feb 06 00:48:35 +0000 2013,RT @A_Hudy: Just landed in Fort Worth with the stiff guy @JeffWithey http://t.co/4srkhA8f
296025947575029760,Mon Jan 28 22:44:20 +0000 2013,RT @Dorsey_Montana: @Humb1e_Hungry23 @jeffwithey Shoutout to a die hard KU fan waiting in line for this WVU game #RockChalk #KU http://t ...
295668335155236860,Sun Jan 27 23:03:19 +0000 2013,RT @A_Hudy: Just landed in West Virginia with stiff @JeffWithey http://t.co/q0MOQRqk
295606398568513540,Sun Jan 27 18:57:12 +0000 2013,RT @Beetovnlvr: @JeffWithey &amp; @CoachBillSelf looking stylish in the "Withey Block Party" video!  http://t.co/ZWkA1gQw  #kubball #wit ...
294965677624786940,Sat Jan 26 00:31:12 +0000 2013,Taking my young boys out to dinner #pack @T_Self11 @evan_manning10
293939550701629440,Wed Jan 23 04:33:44 +0000 2013,Good win. I love my team. #Godisgood
292438068693196800,Sat Jan 19 01:07:23 +0000 2013,@justinwesleyIV we need some jack in a box ASAP!
292437325902925800,Sat Jan 19 01:04:26 +0000 2013,RT @N_Roberts20: Can we get to this hotel already 😒
290955998380822500,Mon Jan 14 22:58:10 +0000 2013,RT @jordansarmo: Life without God is a hopeless depressing life #truth
290676318729797600,Mon Jan 14 04:26:49 +0000 2013,We throw down! @just_jkemp @jerrellagnew @ericjohnnn http://t.co/mIkPPVSJ
289806604801564700,Fri Jan 11 18:50:53 +0000 2013,RT @MFresh6000: @JeffWithey You know you got that fan base in SD bro keep it up #letsplayzombies http://t.co/ragD3dZO
289207233508700160,Thu Jan 10 03:09:12 +0000 2013,RT @treed14: One thing you've gotta love about Lawrence....only place in the country that keeps the bank open until 8 #RockChalk @Humb1e ...
286879310185373700,Thu Jan 03 16:58:52 +0000 2013,RT @Humb1e_Hungry23: @tyshawntaylor @sharpetharpe @t_2relefour @j_mari31 @kingfreddy08 @n_roberts20 @jeffwithey @elijahjohnson15 same we ...
285923608826621950,Tue Jan 01 01:41:15 +0000 2013,20,000 people worshipping God into the New Year.. This is crazy! #Godisgood http://t.co/qBBcOAii
283632076396310530,Tue Dec 25 17:55:31 +0000 2012,RT @JaredDudley619: RT @bubbawatson: Greatest gift ever is Jesus Christ &amp; what he did for us! Christ was born to save us from sin! # ...
282649239920730100,Sun Dec 23 00:50:04 +0000 2012,“@JasonStarr_: @JeffWithey is my favorite player!” Thanks J-Star!
281457806035517440,Wed Dec 19 17:55:44 +0000 2012,RT @chasebuford: Big up 2 @evan_manning10 with a nice reverse last nite and @N_Roberts20 with the toney parker floater @T_Self11 the sta ...
280527985898037250,Mon Dec 17 04:20:58 +0000 2012,“@rach_ortiz: @just_jkemp @JeffWithey come to San Diego, this is dumb.  Sincerely, Rach”... 7 days ⏳
278973076518080500,Wed Dec 12 21:22:19 +0000 2012,RT @jamokee: Mic check 12/12/12
277916569118597120,Sun Dec 09 23:24:08 +0000 2012,“@Curlyyfries9 I still have to take classes next semester to be able to play haha but I am officially graduated.
277862152541450240,Sun Dec 09 19:47:54 +0000 2012,Graduation!!! 🎓
277861898324701200,Sun Dec 09 19:46:53 +0000 2012,RT @urpalbri: Graduating with @JeffWithey today. Wouldn't be upset if he jumped out of line and swatted my diploma
277558992685895680,Sat Dec 08 23:43:15 +0000 2012,RT @Conley1520: @JeffWithey I took this today! http://t.co/fpfHWTaI
277523638238986240,Sat Dec 08 21:22:46 +0000 2012,RT @HiteHitej: Talk about playin above the rim! @JeffWithey so strong #blockparty http://t.co/alQPIZOv
277278872687480830,Sat Dec 08 05:10:09 +0000 2012,⚡ Flash... Ahhhhhhh... Savior of the universe ⚡
276165048081195000,Wed Dec 05 03:24:13 +0000 2012,I'm going to marry a Victoria Secret model! 😇
275068417260789760,Sun Dec 02 02:46:35 +0000 2012,Keep your heads up girls you made a lot of people proud! And you know you're #1 in our book #kuvball #RCJH
274724294876090370,Sat Dec 01 03:59:10 +0000 2012,S/O to @JaimarieM @BossKittyAlbers @cattdaddy32 @Curlyyfries9 @BigDealBigBeal8 @b_riley3 and the rest of the team! Great win!! #kuvolleyball
273588044001583100,Wed Nov 28 00:44:07 +0000 2012,RT @cthib9: RT @calnewby my gameday poster yesterday was an epic foreshadowing to @JeffWithey's KU record 12 blocks http://t.co/T8r19i4K
273477515698384900,Tue Nov 27 17:24:55 +0000 2012,RT @phoggg: The Phog Photo of the Day: Goes to @JeffWithey for his amazing triple-double. Jeff Withey is a Triple Threat. #kubball http: ...
271681311926800400,Thu Nov 22 18:27:27 +0000 2012,So many things to be thankful for! But most of all I'm thankful for Jesus dying on the cross for ALL our sin. #godisgood
271325461802520580,Wed Nov 21 18:53:25 +0000 2012,Woke up this morning with a black eye lol physical game last night http://t.co/w77R6r4s
270764327835930620,Tue Nov 20 05:43:40 +0000 2012,#Godisgood
270223338452959230,Sun Nov 18 17:53:59 +0000 2012,Vote for Sean! Text "vote1" to 46786 as many times as you can and tell your friends to do the same!
269529732142473200,Fri Nov 16 19:57:50 +0000 2012,“@Zpetas: @T_Self11 @cgarrett_21 @evan_manning10 @n_roberts20 @jeffwithey let me just clear this up..  The pack is back so don't be whack!!
269504995030888450,Fri Nov 16 18:19:32 +0000 2012,“@N_Roberts20: Lol this is what happens when @evan_manning10 is in his zone http://t.co/mAieTYTl” haha 😫
268552477530542080,Wed Nov 14 03:14:34 +0000 2012,“@friedrichsenb: Strength doesn't come from success. Strength comes from struggle.
267116651638554620,Sat Nov 10 04:09:07 +0000 2012,Good win.. Be patient with us, we have a young team. Rock chalk! Give all the glory to GOD!!
267115979279040500,Sat Nov 10 04:06:26 +0000 2012,“@ahitsanna13: Like I have butterflies in my stomach because I get to watch @JeffWithey regularly. RT💙💙❤❤🙏 🏀” 😀
266635257766350850,Thu Nov 08 20:16:13 +0000 2012,Forgive! no one is perfect. Luke 6:28 --&gt; bless those who curse you, pray for those who mistreat you.
266599334953512960,Thu Nov 08 17:53:29 +0000 2012,RT @RevRunWisdom: Stop telling God how big your problems are and start telling your problems how BIG your God is
266405332086046720,Thu Nov 08 05:02:35 +0000 2012,I am so amazed at how much Jesus loves each and every one of us!!
265532071911514100,Mon Nov 05 19:12:33 +0000 2012,Trying to get closer to my dreams
264518557331759100,Sat Nov 03 00:05:13 +0000 2012,RT @phoggg: The Phog Photo of the Day: Goes to @JeffWithey. So glad he found his way to KU. Photo by Steve Hebert. #kubball http://t.co/ ...
264195214523105280,Fri Nov 02 02:40:22 +0000 2012,S/O to @T_Self11 #wolfpack #yadigg
263387578470895600,Tue Oct 30 21:11:06 +0000 2012,🏀
261647226684706800,Fri Oct 26 01:55:34 +0000 2012,RT @AlexEdmisson: @JeffWithey you are my son Abe's favorite player!!! He loves you alot. http://t.co/IBNcWuNi
260153254489497600,Sun Oct 21 22:59:03 +0000 2012,😂 http://t.co/b2aOwZ36
259833154565705730,Sun Oct 21 01:47:06 +0000 2012,What's everyone in Lawrence doing tonight?
259512256050638850,Sat Oct 20 04:31:58 +0000 2012,RT @jerrellagnevv: Why do pretty girls always be with the bummiest dudes I swear.... I'm confused!
258341680275652600,Tue Oct 16 23:00:30 +0000 2012,RT @Lina_Adame: "12,000 YouTube views in 4 days. #kubball #GangnamStyle"  http://t.co/swC4qQXX" Moves like: @T_2releFOUR @JeffWithey @Ke ...
258053306876829700,Tue Oct 16 03:54:37 +0000 2012,“@LandenLucas33: @JeffWithey your chargers are failing big time! Haha” you have no idea how made I am right now haha failed!
257627966878650370,Sun Oct 14 23:44:28 +0000 2012,RT @RevRunWisdom: Be yourself http://t.co/VtKLIl9L
257304499889262600,Sun Oct 14 02:19:07 +0000 2012,RT @vintagexrachel: I think this emoji was made for @JeffWithey 👐
257303684524957700,Sun Oct 14 02:15:53 +0000 2012,We like bling! ✨💍💎✨ http://t.co/OCxrg3Fc
257188491555901440,Sat Oct 13 18:38:09 +0000 2012,RT @Bens_jamin_: @elijahjohnson15, @JeffWithey @T_2releFOUR at Late Night. Photos by UDK. #kubball http://t.co/u7qBQ2Y7 I wanted to be t ...
256964769783873540,Sat Oct 13 03:49:09 +0000 2012,RT @T_Self11: Late night was awesome! Couldn't have been more fun! So happy to be a jayhawk #JAYHAWKNATION #rockchalk #RCJH
255345138279280640,Mon Oct 08 16:33:19 +0000 2012,RT @phoggg: The Phog Photo of the Day: Comeback Kids featuring @JeffWithey,@T_2releFOUR, @elijahjohnson15 &amp; @KevinYoung40. #kubball  ...
255033963930853380,Sun Oct 07 19:56:49 +0000 2012,Beat Cody in pop-a-shot at least 5 times in a row last night.. That should make me a frat-star right? @codyk http://t.co/EAcuRyoG
254985545523007500,Sun Oct 07 16:44:26 +0000 2012,Just keep praying! God hears everything and knows the desires of your heart. He just wants you to trust Him
254324698073153540,Fri Oct 05 20:58:27 +0000 2012,RT @JocksNitchKU: @JeffWithey If you ain't Withey us, ya BLOCKED!! #5 Jerseys now in, Get Withey it! #RockChalk #KUbball http://t.co/Fmo ...
254255474034237440,Fri Oct 05 16:23:23 +0000 2012,RT @GRIFF24SEVEN: Think about it! #REALTALK http://t.co/C3FytAXp
253958882110607360,Thu Oct 04 20:44:50 +0000 2012,“@shelbyoooo: Congrats on Pre Season All Big XII @jeffwithey. Can't wait to watch you dominate.” Thanks
253841526742982660,Thu Oct 04 12:58:30 +0000 2012,“@lakynnbaconn: @JeffWithey waiting for you to show up for Casa Cakes at Theta???” What's that?
253678696781721600,Thu Oct 04 02:11:29 +0000 2012,1 Peter 5:7 cast all your cares on God, for He cares for you...  #godisgood
253572184868519940,Wed Oct 03 19:08:14 +0000 2012,RT @L_C_3: #KUCMB front page of http://t.co/TjMhdTEb @KevinYoung40 @Humb1e_Hungry23 @JeffWithey @J_mari31 @Ntharpe1 http://t.co/xu0TG7z4
253560456550166530,Wed Oct 03 18:21:38 +0000 2012,“@JackSawyer68: “@JeffWithey: Done for the day.. What should I do??” Practice dancing for late night?” I don't need practice
253553270407176200,Wed Oct 03 17:53:05 +0000 2012,“@newbyy23: @JeffWithey wish me a happy birthday! (:” happy birthday!
253552921428496400,Wed Oct 03 17:51:41 +0000 2012,@LandenLucas33 happy birthday bro
253552674295910400,Wed Oct 03 17:50:42 +0000 2012,Done for the day.. What should I do??
252955428969926660,Tue Oct 02 02:17:28 +0000 2012,“@Ntharpe1: @JeffWithey Shorty.” Dang bro I can't love?!?
252954875212734460,Tue Oct 02 02:15:16 +0000 2012,There are three women in my life that I love more then anything.. (My mom, my sister, and The last one knows who she is)
252769356679897100,Mon Oct 01 13:58:05 +0000 2012,#SPARTANSSSS  @rach_ortiz  http://t.co/bAg9YYSi
252477617729593340,Sun Sep 30 18:38:49 +0000 2012,Go Chargers Go (Arnold Schwarzenegger voice) ⚡🏈⚡
252164242365640700,Sat Sep 29 21:53:35 +0000 2012,RT @AndrewWhite03: @jeffwithey is the Cover Boy 🔥🔥 http://t.co/4ZlIRP6Y
252121078846083070,Sat Sep 29 19:02:04 +0000 2012,This has been the worst month of my life! Got dumped, and now my Xbox broke.. What am I supposed to do with my free time now?!?
252118303630311420,Sat Sep 29 18:51:02 +0000 2012,NOOO! http://t.co/GazjZBj8
251490429088960500,Fri Sep 28 01:16:05 +0000 2012,Chill don't pay the bills
251112251547844600,Thu Sep 27 00:13:20 +0000 2012,Someone special once gave me this.. Its something we should all look for!  http://t.co/V84hKbdy
251110802340323330,Thu Sep 27 00:07:35 +0000 2012,My family  http://t.co/XeVtxuev
250717769170026500,Tue Sep 25 22:05:48 +0000 2012,RT @RGIII: God provides me the strength to endure all of life's tests. If I couldn't handle it, he wouldn't allow it in my life #StrongF ...
248583617238941700,Thu Sep 20 00:45:27 +0000 2012,@Morgan_Beal ps. Me and @Zpetas would beat you and @BigDealBigBeal8 in sand vball fo sho
248582658551074800,Thu Sep 20 00:41:38 +0000 2012,“@Morgan_Beal: @JeffWithey that's why you play basketball dipwad...😜” idk I've been told I should quit bball and focus on tennis haha
248577908455649280,Thu Sep 20 00:22:46 +0000 2012,Got to work on my tennis game. Me and @Zpetas were 0-3 today playing doubles... I need a new partner
247830615225954300,Mon Sep 17 22:53:17 +0000 2012,RT @ZFleishman: Hey twitter hackers: I know Facebook isn't giving away free iPods and I know you didn't "catch me on video" stop sending ...
247215650399993860,Sun Sep 16 06:09:38 +0000 2012,👉👠👇 RACH!  http://t.co/GmA1BPfI
245380994755076100,Tue Sep 11 04:39:22 +0000 2012,RT @TyGardner: @JeffWithey Gotta be honest, in 22 yrs I've never felt the need to post a pic of a bloody wolf w/no explanation. Must be  ...
245371826446946300,Tue Sep 11 04:02:56 +0000 2012,Wolf Pack   http://t.co/Y8WkPffE
245298472922800130,Mon Sep 10 23:11:28 +0000 2012,“@rach_ortiz: @JeffWithey @just_jkemp don't remind me about James I'm still depressed. (I feel u I'm super depressed right now)
245204715338600450,Mon Sep 10 16:58:54 +0000 2012,Much needed BFF time coming up this weekend right @rach_ortiz.. To bad @just_jkemp didn't get the memo
243418198416953340,Wed Sep 05 18:39:55 +0000 2012,“@tyshawntaylor: I hate being in west coast time ..” cuz u don't belong there Iil guy that's my hood.. Lol
243120182866882560,Tue Sep 04 22:55:43 +0000 2012,“@kylepetz: @JeffWithey You ready get get killed this week in our fantasy matchup?” it's on brother!
242767025812934660,Mon Sep 03 23:32:24 +0000 2012,“@rach_ortiz: @JeffWithey stop RT "people are crazy" or I'm not helping you clean” Rach! It's a song. Get with the program
242723505307799550,Mon Sep 03 20:39:27 +0000 2012,“@LKshawver: “@JeffWithey: God is great.. Beer is good 🎧” I was just listening to this...👍” great minds think alike
242713553843404800,Mon Sep 03 19:59:55 +0000 2012,RT @JayhawkFan2011: @JeffWithey and people are crazy
242713533446488060,Mon Sep 03 19:59:50 +0000 2012,RT @key_bear05: @JeffWithey and people are crazy
242713496922501120,Mon Sep 03 19:59:41 +0000 2012,RT @thebigJA: @JeffWithey people are crazy!
242710121136934900,Mon Sep 03 19:46:16 +0000 2012,God is great.. Beer is good 🎧
242331368334454800,Sun Sep 02 18:41:15 +0000 2012,RT @tyshawntaylor: happy BDAY to the homies @MookMorris2 @Keefmorris #teamfoe !!! #RN
242102477791563780,Sun Sep 02 03:31:43 +0000 2012,Love Ku!
239781090691268600,Sun Aug 26 17:47:21 +0000 2012,You can't handle the truth! Lol
239780354171498500,Sun Aug 26 17:44:25 +0000 2012,RT @waynesimien: "If there is one thing that I learned in college it is that Jesus is worthy of all my life"- @remped. Strong bro. Reall ...
239780354171498500,Sun Aug 26 17:44:25 +0000 2012,RT @waynesimien: "If there is one thing that I learned in college it is that Jesus is worthy of all my life"- @remped. Strong bro. Reall ...
239515404114993150,Sun Aug 26 00:11:36 +0000 2012,RT @Zpetas: Watching season 5 of breaking bad with @JeffWithey #FlowBros
238761222542073860,Thu Aug 23 22:14:46 +0000 2012,RT @KU_Hoops: LJW photo shoot w/ @elijahjohnson15 @T_2releFOUR @JeffWithey @KevinYoung40. Nick Krug photographer #KUbball http://t.co/DW ...
238295226169585660,Wed Aug 22 15:23:03 +0000 2012,rach_ortiz's photo http://t.co/a6k7Mdmg
232213707676086270,Sun Aug 05 20:37:16 +0000 2012,1, 2, 👊💢✨ m'yeah #creepmode #nofilter  http://t.co/v5bHJ8I1
231189647500402700,Fri Aug 03 00:48:01 +0000 2012,We need to get @DJBamboozle out to #KU for midnight madness.. How do we make this happen??
229619244957057020,Sun Jul 29 16:47:48 +0000 2012,where sin abounded, grace abounded much more, (Romans 5:20) #GodisGood
223829556858077200,Fri Jul 13 17:21:39 +0000 2012,RT @tyheeney: I'm tweeting @JeffWithey because I can. That's right, we took english 102 together. We're pals
222189168829276160,Mon Jul 09 04:43:20 +0000 2012,Just got done paintballing.. I got sniper skills😲🔫 http://t.co/6Bm2nprD
219580231571357700,Sun Jul 01 23:56:21 +0000 2012,hahaha “@J_mari31: Follow back??? 🐶 I don't kno u!!”
218502058834276350,Fri Jun 29 00:32:05 +0000 2012,Congrats @Trobinson0 You deserve every blessing. @tyshawntaylor your next bro
214389936080695300,Sun Jun 17 16:11:58 +0000 2012,RT @JaredDudley619: Happy Fathers Day to everyday Dad and Single Mom taking responsibility in taking care of you kids spiritually, finan ...
211575195331334140,Sat Jun 09 21:47:12 +0000 2012,“@SamuelLgriffin: @JeffWithey where ya headed to?” back to Lawrence from dodge city
211574558971527170,Sat Jun 09 21:44:40 +0000 2012,My view for the next 6 hours http://t.co/moPr2QJ7
210811085303975940,Thu Jun 07 19:10:54 +0000 2012,Happy birthday to my best friend @just_jkemp
208606063950438400,Fri Jun 01 17:08:56 +0000 2012,RT @jamokee: #Run tell dat... http://t.co/VM4drRgJ
208285310692499460,Thu May 31 19:54:22 +0000 2012,I'm going to miss this guy.. @trobinson0   http://t.co/7aH4oDeO
207191649401569280,Mon May 28 19:28:33 +0000 2012,@JerrellAgnew let's go to la jolla
207182075298709500,Mon May 28 18:50:30 +0000 2012,RT @phoggg: The Phog Photo of the Day:  Thanks to all the troops and veterans for their service to this country. http://t.co/npy6OK0x
206687347042025470,Sun May 27 10:04:38 +0000 2012,Miss her #nolie http://t.co/ffD1ulun
206678092838739970,Sun May 27 09:27:51 +0000 2012,RT @iLuvRell: Love life.. Coo night with the bros @JeffWithey @just_jkemp @ThatsKidR @rach_ortiz
206677226396200960,Sun May 27 09:24:25 +0000 2012,Great night @DJBamboozle went off again and got to see the homie @JaredDudley619 San Diego I have missed you!
206665590927142900,Sun May 27 08:38:11 +0000 2012,RT @Jwinne123: @JeffWithey can i get a retweet&gt;??? it'd make my day! actually it'd make my year
205909789887307780,Fri May 25 06:34:54 +0000 2012,@justinwesley in n out.. Two  3x3's animal style  http://t.co/WAHkhI1V
205165319503876100,Wed May 23 05:16:38 +0000 2012,@rach_ortiz @JerrellAgnew @BWeeks00 @just_jkemp @ericjohnnn 👉👟👇 (put yo shoes on!)
204480681395503100,Mon May 21 07:56:08 +0000 2012,“@MervDiggity22: @JeffWithey wiTHey” mr. MERV
204473087675219970,Mon May 21 07:25:57 +0000 2012,@hannahjoya12 yeah ur missing out
204471314222825470,Mon May 21 07:18:54 +0000 2012,@JaredDudley619 thanks bro I see u doing work too if your in sd hit me up
204470442516418560,Mon May 21 07:15:27 +0000 2012,@hannahjoya12 yup
204466609706905600,Mon May 21 07:00:13 +0000 2012,The homie @DJBamboozle is killing it @barwest tonight
204427894926221300,Mon May 21 04:26:22 +0000 2012,@DJBamboozle I might need ur help to get in I'm not big time like you.. Can u put me on the list?
204402577432002560,Mon May 21 02:45:46 +0000 2012,“@DJBamboozle: You wont even be able to get in unless I give the okay.." haha you don't have enough swag to run that joint
204399418785529860,Mon May 21 02:33:13 +0000 2012,@DJBamboozle your not dj-ing at bar west tonight tho
202969606841843700,Thu May 17 03:51:39 +0000 2012,RT @MarkHunterOrr: @JeffWithey Just a shout out to my favorite big man! (Played HS BBall vs. Reed)  Love your game!  #RockChalk Sgt Mark ...
202964527715860480,Thu May 17 03:31:28 +0000 2012,“@N_Roberts20: @JeffWithey I was just there” ur in San Diego too? dang i must have just missed u on the way up 👍...👎
202957719911677950,Thu May 17 03:04:25 +0000 2012,To get to this http://t.co/vXys7Xbd
202957572079239170,Thu May 17 03:03:50 +0000 2012,Hiked this mountain today  http://t.co/yfQ4QAa6
201106679172038660,Sat May 12 00:29:03 +0000 2012,Home sweat home  http://t.co/yGNNWyh3
198921875697569800,Sat May 05 23:47:25 +0000 2012,“@Colt3nShor3s: @JeffWithey @justiniwesley well maybe if you werent 7 foot tall you could actually use good clubs!” I think that might be it
198904768867991550,Sat May 05 22:39:27 +0000 2012,@justiniwesley I second that.. Golf is stupid! ⛳👎
198273092865376260,Fri May 04 04:49:23 +0000 2012,What's everyone doing tonight? @tygardner
198130946485137400,Thu May 03 19:24:33 +0000 2012,RT @SnapBackCarter: #ThrowBack @jeffwithey  http://t.co/14RhMzOO
198070625829535740,Thu May 03 15:24:51 +0000 2012,RT @jamokee: Only the gospel of Jesus Christ can heal the deepest wounds of the human heart.   #thinkonthesethings  #JESUS2012
197776686614454270,Wed May 02 19:56:51 +0000 2012,RT @nfl: RIP Junior Seau. http://t.co/KhlIQyce http://t.co/pAlmmpAb
196828109981499400,Mon Apr 30 05:07:32 +0000 2012,http://t.co/VaEGuXmf
196332723114229760,Sat Apr 28 20:19:03 +0000 2012,RT @big_baba20: @JeffWithey---yea buddy!!
195941445583118340,Fri Apr 27 18:24:15 +0000 2012,Boogie time http://t.co/lz1G6JwJ
192666771575156740,Wed Apr 18 17:31:52 +0000 2012,New trunks for summer what do you think?? http://t.co/DY2olcLq
192315614797365250,Tue Apr 17 18:16:30 +0000 2012,RT @GimitationKU: OMG @JeffWithey WATCHED US SING! If you want to attend our concert on May 4 at 7:30 pm in Woodruff Aud, we'd be okay w ...
192279483804426240,Tue Apr 17 15:52:55 +0000 2012,Ready for class 👍 http://t.co/e9o2MzOI
191917797318737920,Mon Apr 16 15:55:43 +0000 2012,RT @SnapBackCarter: May needs to hurry up
191582474030166000,Sun Apr 15 17:43:15 +0000 2012,Everyone needs to go vote for Mike to win a much needed handicapped van, the code for voting is 956. Spread the word http://t.co/JHYD10Ou
191402817506918400,Sun Apr 15 05:49:22 +0000 2012,Everyone needs to go vote for mike to win a much needed handicapped van the code is 956  http://t.co/JHYD10Ou
191283200557985800,Sat Apr 14 21:54:03 +0000 2012,Just got done reading to some kids at the Lawrence library with @justiniwesley
190484013864071170,Thu Apr 12 16:58:22 +0000 2012,RT @KU_Hoops: Check out the hardware that arrived today: Withey's Big12 Defensive Player of the Year Trophy. #kubball http://t.co/iFKLVjoc
190463891397021700,Thu Apr 12 15:38:25 +0000 2012,RT @RevRunWisdom: Dear Lord, please continue to supply the happy.. (“Happy are they whose God is the Lord”) Psalm 144:15
189832628340391940,Tue Apr 10 21:50:00 +0000 2012,“@SnapBackCarter: @JeffWithey yo go bald headed like waheed...” haha I got a couple years left before that happens
189832066303668220,Tue Apr 10 21:47:46 +0000 2012,“@rach_ortiz: @JeffWithey buzz it. You can't pull off the "long hair don't care" look like me 😌”Im saving that 4 next years bball season
189831665177202700,Tue Apr 10 21:46:10 +0000 2012,“@johnnyFyeah: @JeffWithey Get a short mohawk...” that's a possibility
189829385224863740,Tue Apr 10 21:37:06 +0000 2012,About to get a cut.. Thinking about buzzing my head before summer
189053466969251840,Sun Apr 08 18:13:53 +0000 2012,RT @JerrellAgnew: Happy Easter Everyone 🙌
188355760495935500,Fri Apr 06 20:01:27 +0000 2012,“@KevinYoung40: Yo.has anyone noticed how nice it is outside?” yeah I've noticed
188332222636507140,Fri Apr 06 18:27:55 +0000 2012,RT @TimTebow: Thank you Jesus.   Mark 10:34 - "And they will mock him and spit on him, and flog him and kill him. And after three days h ...
187917054765043700,Thu Apr 05 14:58:11 +0000 2012,RT @jamokee: #FACT Jesus rose from the dead.
187611017948315650,Wed Apr 04 18:42:06 +0000 2012,“@T_2releFOUR: “@JeffWithey: Today feels weird, no practice what am I gonna do for the rest of the day??” zombies?”yes thing
187604226963283970,Wed Apr 04 18:15:07 +0000 2012,@justiniwesley what are u up to?
187603994561097730,Wed Apr 04 18:14:12 +0000 2012,Today feels weird, no practice what am I gonna do for the rest of the day??
187164520488247300,Tue Apr 03 13:07:53 +0000 2012,RT @vancanfan03: @JeffWithey Romans 12:12 Rejoice in our constant hope. Be patient in trouble, and keep on praying.
186915512624754700,Mon Apr 02 20:38:25 +0000 2012,Philippians 4:6, 7
186202585856868350,Sat Mar 31 21:25:30 +0000 2012,RT @rckchalkjhawk: @JeffWithey check out Isaiah 40:25-31
185150415355129860,Wed Mar 28 23:44:33 +0000 2012,Just landed down in New Orleans.. Couldn't be more excited!
183434760213905400,Sat Mar 24 06:07:09 +0000 2012,“@JJuenemann25: Hallelujah. Praise God. In Jesus Name We Play. Rock Chalk!” that's right.. I can do ALL things through Christ..
182975018039394300,Thu Mar 22 23:40:18 +0000 2012,RT @JJuenemann25: Thank you @adidasUS!! Crazy Light II.  http://t.co/zLPRRoE6
181587500639326200,Mon Mar 19 03:46:48 +0000 2012,RT @RealSkipBayless: That was a terrific college basketball between teams that fought their guts out. Purdue, Hummel gave it all they ha ...
181443042199347200,Sun Mar 18 18:12:46 +0000 2012,“@maxthehooper: @jeffwithey @JeramiahPierre0 and me back in the day! http://t.co/S9ar73Wm” haha way back in the day
180107504150265860,Thu Mar 15 01:45:49 +0000 2012,RT @JackieJayhawk15: @JeffWithey Withey Wednesday.(: http://t.co/vfh5mSTY
180098172117467140,Thu Mar 15 01:08:44 +0000 2012,RT @jordan_claussen: @JeffWithey can I get a follow back from your biggest fan?:)
179612782398935040,Tue Mar 13 16:59:59 +0000 2012,@J_mari31 @N_Roberts20 @SharpeTharpe @Humb1e_Hungry23 hope your ready to get destroyed in UNO!! 🙌
177495924984135680,Wed Mar 07 20:48:20 +0000 2012,“@ZFleishman: Happy birthday @JeffWithey http://t.co/U7BzJvui” hahahha thanks bro
177483181497389060,Wed Mar 07 19:57:42 +0000 2012,Thanks everyone for the happy birthday tweets it means a lot!
177186888220807170,Wed Mar 07 00:20:20 +0000 2012,RT @waynesimien: Join in on the March Madness and see if your clutch from the line.  Wayne Simien Free Throw Challenge http://t.co/ezfmt ...
176716007119925250,Mon Mar 05 17:09:13 +0000 2012,RT @TheOnlyTJReid: Biggest fan right here! 3 row behind the bench. Chanting "JEFF, JEFF, JEFF" "Jeff you da man" member us? @JeffWithey
175799347420741630,Sat Mar 03 04:26:45 +0000 2012,“@BrandiBeeson: Jeff Withey Portrait(: @JeffWithey http://t.co/qJ7jq3rD” wow that's good!! Thank you!
175727324837322750,Fri Mar 02 23:40:33 +0000 2012,I'm trying to see project x tonight! 🎥
175293483005906940,Thu Mar 01 18:56:37 +0000 2012,RT @AllenFieldhaus: Hey, @jeffwithey, it's your favorite building's 57th birthday. Can a Fieldhaus get a RT? #kubball
175004896435781630,Wed Feb 29 23:49:53 +0000 2012,Delight yourself also in the Lord, And He shall give you the desires of your heart. (Psalm 37:4)
175004778152206340,Wed Feb 29 23:49:25 +0000 2012,(Psalm 37:3) Trust in the Lord, and do good; Dwell in the land, and feed on His faithfulness.
174363581314371600,Tue Feb 28 05:21:31 +0000 2012,so blessed to be apart of #kubball #8str8 is a great accomplishment now its time to work for that National championship!!🏆🎉🏆🎉
173669223376236540,Sun Feb 26 07:22:24 +0000 2012,@just_jkemp... #caliswag
173653964229853200,Sun Feb 26 06:21:46 +0000 2012,Tonight has been so much fun.. Hanging with my best friend @just_jkemp and new friend @FakeJeffWithey
173606315376128000,Sun Feb 26 03:12:25 +0000 2012,Thanks for all the support jayhawk nation my foot is fine I sprained it but I'll be ready to play Monday. Rock chalk
173565344542244860,Sun Feb 26 00:29:37 +0000 2012,@Trobinson0 showed the world today why he deserves POY.. So proud of my team
172756977703858180,Thu Feb 23 18:57:27 +0000 2012,RT @AllenFieldhaus: Okay... http://t.co/mkQt4VJU is the greatest website to ever exist EVER. @fakejeffwithey @jeffwithey #kubball #rockchalk
172068808033447940,Tue Feb 21 21:22:55 +0000 2012,Good practice about to head to Texas A&M hopefully we'll see some crimson and blue in the stands tomorrow night
171673246171791360,Mon Feb 20 19:11:06 +0000 2012,RT @JackieJayhawk15: My 1,500th tweet goes to @JeffWithey a RT would really mean a lot. #myinspiration #biggestfan (: #rockchalk
169818729457262600,Wed Feb 15 16:21:54 +0000 2012,RT @phoggg: The Phog wants to celebrate @JeffWithey week, so here we go.  All I ask is that u retweet. The 1st one:  NOPE. #kubball http ...
169817299988131840,Wed Feb 15 16:16:14 +0000 2012,RT @phoggg: The Phog wants to celebrate @JeffWithey's week. Here is the 2nd one: WITHEY.  All I ask is that u retweet. #kubball http://t ...
169297503857033200,Tue Feb 14 05:50:44 +0000 2012,If God is for us, who can be against us?! Romans 8: 31
169296762698342400,Tue Feb 14 05:47:48 +0000 2012,Man I love my team.. #Blessed
169296336414453760,Tue Feb 14 05:46:06 +0000 2012,“@rschwartzel: @JeffWithey dude you DESTROYED tonight! Keep up the good work dude!” thank big guy
169296010802245630,Tue Feb 14 05:44:49 +0000 2012,RT @matt_theman: @jeffwithey you played your  butt of tonight. Made me proud to be a fan. Your my favorite player. Can I get a huge retweet?
167692259687534600,Thu Feb 09 19:32:04 +0000 2012,RT @johnnyFyeah: Foam hands? Psshh... TAPE MEASURES!!!!!! @JeffWithey http://t.co/xz4EaJeI
167477885630808060,Thu Feb 09 05:20:14 +0000 2012,“@MFresh6000: @JeffWithey Can you give little baby Michael a follow? Haha  got it LBM
167477485389357060,Thu Feb 09 05:18:38 +0000 2012,Back in Kansas.. Thanks to all the fans, you guys are the best. But most of all I thank Jesus for blessing me and my teammates
164949507249946620,Thu Feb 02 05:53:21 +0000 2012,RT @FakeJeffWithey: Love it. Well done RT @brie_stewart: @FakeJeffWithey @JeffWithey done and done @sqwerl23 http://t.co/IHtS79Aj
164144139183730700,Tue Jan 31 00:33:07 +0000 2012,RT @DizzleDonDidIt: Hey @JeffWithey Withey is the coolest last name
164083296446328830,Mon Jan 30 20:31:21 +0000 2012,RT @_tee_y: I say "ayeeee" to everything now lol
164021318159843330,Mon Jan 30 16:25:04 +0000 2012,RT @ajayhawk: @JeffWithey hoping for a RT because we have the same birthday!  Woot for March 7th. Maybe this means I'll be a great bball ...
163834838737109000,Mon Jan 30 04:04:04 +0000 2012,@rach_ortiz will do and she's comin in may so we gotta show her a good time
163832249521942530,Mon Jan 30 03:53:46 +0000 2012,@rach_ortiz hahahahahaha no to the movie.. I'm to young
163831830469034000,Mon Jan 30 03:52:06 +0000 2012,Wow The Grey was has the worst ending of all time!!!
163830017124605950,Mon Jan 30 03:44:54 +0000 2012,“@rach_ortiz: I can't wait to see The Vow, so romanticccc 💙💜💗💚❤” Marianne says "YES" hahah
163745327625678850,Sun Jan 29 22:08:23 +0000 2012,About to go see The Grey.. It better be good
163079463993753600,Sat Jan 28 02:02:28 +0000 2012,Starting to cramp up on this long bus ride.. Wish we would have flown  ✈&gt;🚌
162682495328981000,Thu Jan 26 23:45:04 +0000 2012,RT @_tee_y: Watched this video yesterday ;;; #tough Gameday: The Allen Fieldhouse Experience http://t.co/BMNcRBg9
162623168186560500,Thu Jan 26 19:49:19 +0000 2012,RT @Relay4LifeofKU: @JeffWithey  RT? Help spread the word about Relay For Life of KU 2012! To join a team or make your own, check out ht ...
162309628665937920,Wed Jan 25 23:03:25 +0000 2012,“@justiniwesley: The burger place?? Yes lol  RT @JeffWithey: @justiniwesley five guys???” hahaha
162307137962377200,Wed Jan 25 22:53:31 +0000 2012,@justiniwesley five guys???
161873637803175940,Tue Jan 24 18:10:57 +0000 2012,RT @gphoward7: RT @JTimpani:Nothing is better than knowing at the end of the day,beginning of your day,and every part of your day God is ...
160929488308420600,Sun Jan 22 03:39:14 +0000 2012,Trying to get back on my twitter game
160928847955632130,Sun Jan 22 03:36:41 +0000 2012,“@rach_ortiz: @JeffWithey getting superrrrr faded, you know me 😌”Rachel I thought u would learn after going to rehab 3 times
160926890062917630,Sun Jan 22 03:28:55 +0000 2012,“@STREETZZtheDJ: Way to be Clutch tonight @JeffWithey we(the fans) appreciate you” thanks man. And I appreciate y'all
160925380054749200,Sun Jan 22 03:22:55 +0000 2012,What's everyone doing tonight???
159155561324224500,Tue Jan 17 06:10:17 +0000 2012,RT @jbrockchalk: @JeffWithey I'm so happy you got a haircut that I've decided to get one tomorrow. #kubball
159155306054688770,Tue Jan 17 06:09:16 +0000 2012,RT @_tee_y: AAAAYYYEEE !!!!
156100481305939970,Sun Jan 08 19:50:29 +0000 2012,RT @ZFleishman: Rare picture of Tim tebow arriving at the game today. http://t.co/0G9hPz0w
153998600903475200,Tue Jan 03 00:38:22 +0000 2012,@Morgan_Beal you mean I know who.. Haha and don't worry I got your back
153994198595534850,Tue Jan 03 00:20:52 +0000 2012,@Morgan_Beal Oregon's helmets&gt;&gt;&gt;&gt;&gt;&gt;&gt; 👍
151320344752439300,Mon Dec 26 15:15:56 +0000 2011,RT @MervDiggity22: ✈💤💤
150279898588651520,Fri Dec 23 18:21:35 +0000 2011,Another day in San Diego http://t.co/wxrxxwFa
149318912218107900,Wed Dec 21 02:42:57 +0000 2011,@rach_ortiz stop tweeting about @jerrellagnew
149318656197799940,Wed Dec 21 02:41:56 +0000 2011,@Jerrellllll true you did do work but that's cuz your always cooped up in ur room playing video games and never go out with the homies
149314283996594180,Wed Dec 21 02:24:34 +0000 2011,@Jerrellllll whatever man your just mad cuz I'm the man on that call of duty thing
149305570036420600,Wed Dec 21 01:49:56 +0000 2011,@Jerrellllll your super ugly ughhh❕👎
149301423358746620,Wed Dec 21 01:33:27 +0000 2011,Just landed in LA ✌💪
149300303198568450,Wed Dec 21 01:29:00 +0000 2011,@ZFleishman haha you can def rock those #swag
149281156909641730,Wed Dec 21 00:12:55 +0000 2011,@ZFleishman what they look like z
149227429188210700,Tue Dec 20 20:39:26 +0000 2011,I'm going going back back to Cali Cali haha 🏀🏄
145638670240710660,Sat Dec 10 22:58:59 +0000 2011,Great win.. The field house was crazy today. Jayhawk nation your the best!
144497915073802240,Wed Dec 07 19:26:02 +0000 2011,RT @dreyboi30: @JeffWithey good game last night man. Can a huge jayhawk fan get a retweet?
144463707471220740,Wed Dec 07 17:10:06 +0000 2011,“@dshel91: http://t.co/wuAhrJYo @JeffWithey lookin like a beast! Congrats on the W and the great game tonight man. thats tough. thanks
144120622790877200,Tue Dec 06 18:26:48 +0000 2011,RT @nwitters1823: @JeffWithey  please tweet #ATB he was a 17 year old that just lost a 3 year battle to cancer #ATB #ATB #ATB
144120586279469060,Tue Dec 06 18:26:40 +0000 2011,RT @ceeeesquared: @JeffWithey can we get a S/O to #ATB, a 17 yr old who lost his battle with cancer in the Kansas City area? trying to g ...
143859762549899260,Tue Dec 06 01:10:14 +0000 2011,@jerrellagnew you trying to hope on the duty tonight?? 🔫💣
142427355334451200,Fri Dec 02 02:18:22 +0000 2011,@jerrellagnew what's up ugly guy 👻
142426896100106240,Fri Dec 02 02:16:32 +0000 2011,@SnapBackCarter what's good bro how's the season going
139772481023115260,Thu Nov 24 18:28:50 +0000 2011,So many things to be thankful for.. God bless and have a great day everyone
138521467544535040,Mon Nov 21 07:37:46 +0000 2011,Great day in Maui can't wait for the game tomorrow
131581730057494530,Wed Nov 02 04:01:43 +0000 2011,Thank you jayhawk nation
131581380634222600,Wed Nov 02 04:00:20 +0000 2011,“@ZFleishman: @JeffWithey TRIPLE DOUBLE?!?!?!?!? Whats good!!!!” haha z fleish I learned from the best.
126822926149365760,Thu Oct 20 00:51:56 +0000 2011,@rach_ortiz shut it 
118382805343404030,Mon Sep 26 17:53:54 +0000 2011,RT @RevRunWisdom: My prayers, my life, my trust, my world, my hope & my strength is in #MYGOD!! He's all I got & all Ill ever need #Mytruth 
116295034567004160,Tue Sep 20 23:37:51 +0000 2011,RT @mr_taylor10: good run with the fellahs ;;
113374188751945730,Mon Sep 12 22:11:27 +0000 2011,@DerekTPierce Kyle Orton better do work tonight he's one of my fantasy fball QBs if he doesn't he's getting cut 
111869743148957700,Thu Sep 08 18:33:19 +0000 2011,@BWeeks00 right ppl always come up to me when we're with @jerrellagnew n @just_jkemp n say how sweet I am 2 spend time with such ugly ppl
111867476098293760,Thu Sep 08 18:24:19 +0000 2011,@BWeeks00 right bro.. @just_jkemp is a copycat when it comes to swag so he's ugly and @jerrellagnew just has no swag so he's ugly
111865793242865660,Thu Sep 08 18:17:38 +0000 2011,Haha your crazy man.. N ur super ugly.. It goes @just_jkemp, you, @BWeeks00, then me! from ugliest to prettiest
111859001662259200,Thu Sep 08 17:50:38 +0000 2011,@jerrellagnew @just_jkemp I agree with jerrell 100%
111266099131191300,Wed Sep 07 02:34:39 +0000 2011,“@KingWesley5: RT @KingWesley5: @b_riley3 Crusty Riley” super crusty
105140792045223940,Sun Aug 21 04:54:52 +0000 2011,Twinning!
104596337722523650,Fri Aug 19 16:51:24 +0000 2011,#airportbound
103868655145725950,Wed Aug 17 16:39:51 +0000 2011,@N_Roberts20 just checked my twitter and I see u got jokes about me hoping on the duty huh?? #rude
99673963050962940,Sat Aug 06 02:51:39 +0000 2011,RT @J_mari31: #Ku #SwagUniversity
98947811600629760,Thu Aug 04 02:46:11 +0000 2011,On that call of duty who's try to get murked?? Get at me.. Neutron AB
98947368690528260,Thu Aug 04 02:44:25 +0000 2011,@e_byron what's good fam
98597829064400900,Wed Aug 03 03:35:28 +0000 2011,@jerrellagnew @just_jkemp @cathymariee @carlyfridell @petestrokes @bweeks00 @stephbuckets @jruby1 &lt;--- lehhhhgooooo ooooo
98500486314987520,Tue Aug 02 21:08:40 +0000 2011,Time to BBQ and hit up the beach! You feel me @jerrellagnew
98498043749466110,Tue Aug 02 20:58:58 +0000 2011,Just got a good work out in with the homies @BWeeks00 and @just_jkemp
97362646935932930,Sat Jul 30 17:47:18 +0000 2011,It's a great day to be in San Diego.. And happy birthday to my brother. It's gonna be a good day
93844814013009920,Thu Jul 21 00:48:41 +0000 2011,Just got done working out now time to do work on the COD #grindtime
92711369748647940,Sun Jul 17 21:44:47 +0000 2011,Everyone follow @DerekTPierce
92711030970531840,Sun Jul 17 21:43:26 +0000 2011,RT @waynesimienctg: Just wasn't our time. USA we are still proud of you.  Congrats to Japan a team of destiny and a country in need of h ...
92416637898199040,Sun Jul 17 02:13:38 +0000 2011,Had a good day.. Now it's time to have a good night.. Me @DerekTPierce and @KingWesley5 are on our #dj-grind
92105602129608700,Sat Jul 16 05:37:41 +0000 2011,My mojo's so dope
91645848131346430,Thu Jul 14 23:10:47 +0000 2011,Just got done with another good workout and now one of my best friends @DerekTPierce is in town. It's going to be a great weekend
91301937244413950,Thu Jul 14 00:24:12 +0000 2011,Just joined the iPhone club #Leggo
90256155846250500,Mon Jul 11 03:08:39 +0000 2011,@N_Roberts20 you need more followers enchilada
90253284933255170,Mon Jul 11 02:57:14 +0000 2011,#jalapeno "@KingWesley5: #peno RT @N_Roberts20: damnnnnn my man @J_mari31 with the craaaazzyyy yatttt.....gotta #stepmygameup"
89101864095846400,Thu Jul 07 22:41:54 +0000 2011,@ZFleishman you trying to get on that zombies tonight?
88643615588483070,Wed Jul 06 16:20:59 +0000 2011,starting to feel stronger.. hudys doing a great job getting everyone right. Be excited jayhawk nation its going to be a great year!
88381561107521540,Tue Jul 05 22:59:40 +0000 2011,@DJBamboozle when are u going to make ur way to lawrence to put on a show?
87973112754339840,Mon Jul 04 19:56:39 +0000 2011,@KingWesley5 you've had that tooth pick in your mouth for a good 4 hours bro http://t.co/c493CIB
87971365830926340,Mon Jul 04 19:49:42 +0000 2011,Happy 4th of July everyone we are truly blessed to live in the #USA
87966608429027330,Mon Jul 04 19:30:48 +0000 2011,RT @The_Deezer: @JeffWithey happy 4th, big man! You're gonna turn some heads this season,bro!! I feel it! New follower btw!! #topekajayh ...
86975931247366140,Sat Jul 02 01:54:12 +0000 2011,Jack In The Box tacos are amazing
86957129797341180,Sat Jul 02 00:39:29 +0000 2011,Been a long day.. almost to Austin good driving @KingWesley5 #uturn
84983897171034110,Sun Jun 26 13:58:34 +0000 2011,Waking up early to go to church with @KingWesley5. Hope everyone has a great day
84323035552821250,Fri Jun 24 18:12:32 +0000 2011,Congrats @Kansastwin21and @KansasTwin22 do work in the league
84321382338527230,Fri Jun 24 18:05:58 +0000 2011,Just got a massage with my girlfriend on mass.. so relaxed
81224653149978620,Thu Jun 16 05:00:41 +0000 2011,@JaimarieM happy birthday
77584121970429950,Mon Jun 06 03:54:30 +0000 2011,@treed14 keep my city out yo mouth lol
77120032756342780,Sat Jun 04 21:10:23 +0000 2011,@AJ_Walton I won't be on until later tonight but best believe ill hit u up when I go on
77115829078069250,Sat Jun 04 20:53:41 +0000 2011,@AJ_Walton hit me up on the cod.. da withey
77115829078069250,Sat Jun 04 20:53:41 +0000 2011,@AJ_Walton hit me up on the cod.. da withey
76152740253929470,Thu Jun 02 05:06:42 +0000 2011,@KingWesley5 how did u get back to lawrence from the airport?
75583552766492670,Tue May 31 15:24:57 +0000 2011,RT @AJ_Walton: F o r e v e r!!! RT @CoryJay34: TWO more days and I'm back in the states...seems like forever
75302801571454980,Mon May 30 20:49:21 +0000 2011,RT @AJ_Walton: Just gotta good shoot around with the team. We ready for tomorrow. #Leggoooo!!!
73703306958082050,Thu May 26 10:53:32 +0000 2011,@KingWesley5 idk that's a tough one but I have to say Austin bro and get some jet skis #youfeelme
70262832951869440,Mon May 16 23:02:19 +0000 2011,RT @JNitch22: @JeffWithey can you help w/my internship spread the word that when students buy a PC over $699 they can get a free xbox #w ...
70259008681947140,Mon May 16 22:47:07 +0000 2011,@KingWesley5 make sure they bring a house warming gift
68883552166608900,Fri May 13 03:41:33 +0000 2011,@just_jkemp what's up adam sandler
68881608660361220,Fri May 13 03:33:49 +0000 2011,@just_jkemp what's up Mike Bibby
67111046070026240,Sun May 08 06:18:14 +0000 2011,You feel me @KingWesley5
67110863609413630,Sun May 08 06:17:31 +0000 2011,Night 2 was a success.. I love ku... rock chalk
66742418661322750,Sat May 07 05:53:27 +0000 2011,Tonight is a good night.. nothing like going out and having a good time you feel me @KingWesley5
66684694619635710,Sat May 07 02:04:04 +0000 2011,http://t.co/miHj6fh
66655061727645700,Sat May 07 00:06:19 +0000 2011,RT @JaredDudley619: Bulls vs Hawks! I'm goin with The bulls in a tight one.Boozer 20+PTS 10+REB.Lakers vs Mavs! I have to pick Lakers. C ...
66654470834106370,Sat May 07 00:03:58 +0000 2011,About to go eat at the oread with @KingWesley5
27266951102,Wed Oct 13 18:46:23 +0000 2010,RT @KingJames: 17 Miners Rescued, 16 To Go. Let's Go!!
21257063607,Sun Aug 15 20:26:47 +0000 2010,Last night was the sketchiest night ever.. san diego underground fight club lol yeah it was sketch!
20994467126,Thu Aug 12 18:00:10 +0000 2010,Good workout this morning now time to have fun.. jetski all day. I think so! No place like san diego
20247640405,Tue Aug 03 20:21:37 +0000 2010,Dang melo ain't got nothing on @DerekTPierce he was straight ballin today. NBA tryouts next year I think so dtp
20169029383,Mon Aug 02 21:32:07 +0000 2010,Wow high school kids are so funny I'm glad me and @jameskemp4 were voted the nations coolest high school kids in 08
20112374152,Mon Aug 02 03:59:58 +0000 2010,@ryan_brooke lol #realtalk time jwithey is #1 ;)
20092644738,Sun Aug 01 22:36:38 +0000 2010,Thank God for REAL friends @DerekTPierce and the kid @jameskemp4
20025342335,Sat Jul 31 23:34:51 +0000 2010,Finally in highland ranch.. yesss sirrr shout out to the rcd's for a fun week but the real fun starts tonight right @DerekTPierce
19997193403,Sat Jul 31 15:03:00 +0000 2010,On my way to colorado me n @DerekTPierce are about to rap all the whole way
19996975729,Sat Jul 31 15:00:10 +0000 2010,@MegG1207 wow taking that tweet a lil to far lol
19971601515,Sat Jul 31 05:56:08 +0000 2010,*Failure  Sorry twitter I can't spell
19971439086,Sat Jul 31 05:52:57 +0000 2010,Hawk tonight was a failor but at least @ryan_brooke keeping me company.. headed off to colorado tomorrow with @DerekTPierce
19952540748,Sat Jul 31 00:50:56 +0000 2010,@ryan_brooke tell josh ship that he's #1
19952350958,Sat Jul 31 00:47:52 +0000 2010,@jameskemp4 get ready.. sd in T Minus 7 days
19883501066,Fri Jul 30 04:34:56 +0000 2010,Dtp and j dub about to hit the club We singing "show me a good time"
19798214172,Thu Jul 29 04:18:52 +0000 2010,hanging out with the Colorado homies.. hope everyone has a great night
17135583352,Sun Jun 27 03:00:32 +0000 2010,wondering if i should go out tonight.. gotta show the freshman a good time.. you got any suggestions twitter?
14414733524,Fri May 21 08:05:37 +0000 2010,RT @ZFleishman: Hangin out with @JeffreeWithey reminiscing on the old days... Been hoopin together since  1999... Wow.. Time flies...
14384177932,Thu May 20 20:38:56 +0000 2010,Getting ready to hoop at horizon.. man there's no place like home
