id,created_at,text
1221832226356322300,Mon Jan 27 16:27:57 +0000 2020,RT @NYPD9Pct: Today we remember Patrolman Gregory Foster &amp; Patrolman Rocco Laurie, partners and assigned to @NYPD9Pct. Forty-eight years ag…
1216476371163254800,Sun Jan 12 21:45:42 +0000 2020,RT @NFL: Former @Steelers head coach Bill Cowher has been selected to the @ProFootballHOF Centennial Class of 2020!  His reaction is everyt…
1216476318629494800,Sun Jan 12 21:45:30 +0000 2020,@NFL @steelers @ProFootballHOF @NFLonCBS @CowherCBS WAY TO GO, BILL!!! GO, STEELERS!!!!!
1199722644289081300,Wed Nov 27 16:12:22 +0000 2019,@HaynesKphaynes1 I’m doing all new covers for EVERY Burroughs novel, a total of around 80. First time one artist ha… https://t.co/PffpGNqNdK
1199555623144296400,Wed Nov 27 05:08:41 +0000 2019,@ronmarz Haha. Sorry, Ron.
1199536296164839400,Wed Nov 27 03:51:53 +0000 2019,My first four Tarzan covers for the new EDGAR RICE BURROUGHS AUTHORIZED LIBRARY https://t.co/jhqEMM2ktS https://t.co/Pb2c7QqFmK
1199535817414320000,Wed Nov 27 03:49:59 +0000 2019,https://t.co/jhqEMM2ktS
1199535310255853600,Wed Nov 27 03:47:58 +0000 2019,THE EDGAR RICE BURROUGHS AUTHORIZED LIBRARY! I am thrilled to finally reveal my first four covers in what I conside… https://t.co/iZBzcdUbLG
1169267616642416600,Wed Sep 04 15:14:58 +0000 2019,@VicTafur The Steelers always know when to put the trash out.
1166223037143900200,Tue Aug 27 05:36:54 +0000 2019,My HERO INITIATIVE Cap 100 original art cover ends in a little over 11 hours! Don’t forget to bid! We can do better… https://t.co/Yb3dyoOO6j
1132676744811561000,Sun May 26 15:55:54 +0000 2019,@COMICSBLOGFRA Surfer #3 is my favorite comic of all time! I would kill to see those pages!
1132676457812111400,Sun May 26 15:54:46 +0000 2019,@COMICSBLOGFRA Surfer #3 is my favorite comic of all time! I would kill to see those pages!!
1107687806309154800,Mon Mar 18 16:58:47 +0000 2019,@TheRock DADDY’S GOTTA GO TO WORK!!!  Congrats!!
1103772864245874700,Thu Mar 07 21:42:12 +0000 2019,HAPPY CAPTAIN MARVEL WEEKEND! I hope it makes a bazillion dollars just to shut up all the sabotaging, misogynistic… https://t.co/rlEBF9qqsG
1093926606333186000,Fri Feb 08 17:36:41 +0000 2019,RT @ERBurroughsFan: I have a well-developed sense of humor – when the joke is not on me. THE PEOPLE THAT TIME FORGOT, Ch. 1  #OTD in 1918,…
1092110563663061000,Sun Feb 03 17:20:23 +0000 2019,NFL SUPERPRO makes his yearly appearance!   I’m shocked at how popular this cover (as well as the character) still… https://t.co/XyTFb7yha6
1091355845483548700,Fri Feb 01 15:21:24 +0000 2019,As a staunch STEELERS fan, it will surprise no one as to which team I'll be rooting for on Sunday! @steelers… https://t.co/dqluqToyau
1089608601331744800,Sun Jan 27 19:38:29 +0000 2019,@jpalmiotti @AmandaRantsAlot Thanks, Scott!
1089608346871758800,Sun Jan 27 19:37:28 +0000 2019,@jpalmiotti Lol
1089549500430143500,Sun Jan 27 15:43:38 +0000 2019,@jpalmiotti I still have my layouts for the second half of the book. We should finish it one day!
1089549140319789000,Sun Jan 27 15:42:12 +0000 2019,@jpalmiotti Yeah, the cover was done after the fact. It’s obviously her on the interiors. I posed for all the Punis… https://t.co/yYgnDWiwyT
1089548536537104400,Sun Jan 27 15:39:48 +0000 2019,@jpalmiotti @AmandaRantsAlot We had so much fun shooting the ref that weekend! I still have all the photo ref.… https://t.co/t45rWDFFL1
1089544676212904000,Sun Jan 27 15:24:28 +0000 2019,@WWE Kudos to Steven Chorney on a cool homage to my 1991 poster!
1077012271421894700,Mon Dec 24 01:25:10 +0000 2018,Worst 4th quarter team in football
1076949636521381900,Sun Dec 23 21:16:16 +0000 2018,GO, STEELERS!!!!! @GoodBuddysPub @Linda730 https://t.co/nUKFSRsX71
1074799729953960000,Mon Dec 17 22:53:19 +0000 2018,https://t.co/8KbRj4pnew &lt;https://t.co/6fyJa7o50Q&gt;
1074799626954465300,Mon Dec 17 22:52:54 +0000 2018,I did a lengthy interview for COMIC BOOK CREATOR #19, due out Feb, ‘19. Contains a lot of things I guarantee no one… https://t.co/dsJT0iw3wh
1066445455343738900,Sat Nov 24 21:36:24 +0000 2018,Family dinner at our favorite local haunt! @GoodBuddysPub @Linda730 https://t.co/idDcG9UC27
1048030368874549200,Fri Oct 05 02:01:26 +0000 2018,@LiamRSharp Missing you buddy!
1047541013814943700,Wed Oct 03 17:36:54 +0000 2018,One Day Away! My first appearance at NYCC! Signing all weekend at the Midtown Comics booth! See you there!… https://t.co/jHoHGPgKe5
1035684280389828600,Sat Sep 01 00:22:29 +0000 2018,RT @JoeJusko: Sometimes dreams really do come true. ⁦@Linda730⁩ ⁦@EdgarRBurroughs⁩ ⁦@boxleitnerbruce⁩  https://t.co/fL3L288YST
1035551694971658200,Fri Aug 31 15:35:38 +0000 2018,RT @heroinitiative: Hey, #Chicago! This KILLER Thanos cover on the Hero-exclusive Overstreet #48 is by the mighty @JoeJusko! Only 500 copie…
1035536709134557200,Fri Aug 31 14:36:05 +0000 2018,Sometimes dreams really do come true. ⁦@Linda730⁩ ⁦@EdgarRBurroughs⁩ ⁦@boxleitnerbruce⁩  https://t.co/fL3L288YST
1030874104050708500,Sat Aug 18 17:48:33 +0000 2018,@JonCane @Linda730 @IGComics Thanks! 11”x17”
1030602681834975200,Fri Aug 17 23:50:01 +0000 2018,RETURN OF WOLVERINE #1 Midtown Comics Exclusive! @Linda730 @MidtownComics  https://t.co/BnKJrznZ2c https://t.co/9kNOHPb9YD
1030601725407846400,Fri Aug 17 23:46:13 +0000 2018,WHAT IF? The Punisher #1 Exclusive cover for IGCOMICSTORE  https://t.co/2rp3Nz1Z9q  An homage to the Michael J Zeck… https://t.co/t03uhYTWAv
1027991870683660300,Fri Aug 10 18:55:35 +0000 2018,@StoneGreg @StoneBrewing You are SO welcome, Greg! It looks fantastic!!!
1027991682665656300,Fri Aug 10 18:54:50 +0000 2018,RT @StoneGreg: Every time I look at a pic w/@joejusko’s awesome art on the wall of our new @StoneBrewing Tap Room-Shanghai, it makes me hap…
1021862406211989500,Tue Jul 24 20:59:17 +0000 2018,The Hero-exclusive Overstreet #48 with Joe Jusko cover is a limited edition of 500! Get yours NOW before they're go… https://t.co/k9B0JkibUz
1021821263772377100,Tue Jul 24 18:15:48 +0000 2018,My 2018 wootStout label art for STONE BREWING being made into a mural at their new Shanghai, China location! So psy… https://t.co/9C11PAfapV
1021817639302295600,Tue Jul 24 18:01:24 +0000 2018,Awesome book I’m happy to be doing covers for! Preorder your copies today!!!! https://t.co/MMf4RkuPyJ
1019689033385930800,Wed Jul 18 21:03:05 +0000 2018,SDCC 2018 is here! Stop by the HERO  #5003 &amp; IDW #2743 booths for exclusive editions of both my Price Guide cover a… https://t.co/yhtBEOSmyf
1019176025962483700,Tue Jul 17 11:04:34 +0000 2018,@MidtownComics Congrats and happy birthday!
1019082533605138400,Tue Jul 17 04:53:04 +0000 2018,RT @StoneBrewing: While San Diego is about to become the center of the nerd universe this week for #SDCC, that means one thing for us: #Hop…
1019080078628655100,Tue Jul 17 04:43:18 +0000 2018,My SDCC Signing and Panel Schedule @Linda730 @IDWPublishing @heroinitiative @CaptainAction66 https://t.co/YentQscrBl
1019078437514903600,Tue Jul 17 04:36:47 +0000 2018,RT @heroinitiative: THREE days out, tix moving FAST! Get your #HopCon tickets before they sell out! It's the coolest off-site party during…
1019078240906989600,Tue Jul 17 04:36:00 +0000 2018,RT @heroinitiative: Hero is PROUD and HONORED to have a great, all-star talent lineup @Comic_Con: Please welcome @JoeJusko @EmpoweredComic…
1019078104579440600,Tue Jul 17 04:35:28 +0000 2018,RT @heroinitiative: Behold the MAJESTY that is the Hero-exclusive Overstreet #48 with @JoeJusko cover! Get them from Hero starting at San D…
1018851000126459900,Mon Jul 16 13:33:02 +0000 2018,Signed and sketched in my very first copy of my new Marvel Masterpieces book at last week’s Atlanta Con! The ice ha… https://t.co/rURrly3eHw
1018558326827872300,Sun Jul 15 18:10:03 +0000 2018,RT @StoneBrewing: One week from tonight! Join us as we celebrate the meeting of beer geekery with #SDComicCon nerdery. And, naturally, a wh…
1016833957403480000,Tue Jul 10 23:58:01 +0000 2018,RT @heroinitiative: Folks, here's the ONLY way to get @CGCComics Signature Series for @rafaalbuquerque @TheBurnham @AmandaRantsAlot @davegi…
1015866668457873400,Sun Jul 08 07:54:22 +0000 2018,It was a privilege to create this piece in memory of our fallen brothers. Thanks to the Dallas PD for the honor. https://t.co/iz6YptLd4k
1007420440078377000,Fri Jun 15 00:32:04 +0000 2018,@McLauchlin @Linda730 @IDWPublishing HAHAHAHA
1007413118648180700,Fri Jun 15 00:02:58 +0000 2018,@yascomicsyas @Linda730 @IDWPublishing I will not be sketching at the show as my signing and panel schedule is inte… https://t.co/LlablUMMh2
1007411695147520000,Thu Jun 14 23:57:19 +0000 2018,@yascomicsyas @Linda730 @IDWPublishing It’s in the Link. ;-)
1007404201633353700,Thu Jun 14 23:27:32 +0000 2018,@aaronlopresti @Linda730 @IDWPublishing My company isn’t enough for you?? lol
1007402339051999200,Thu Jun 14 23:20:08 +0000 2018,Have you ever had the unfulfilled desire to talk to me about comics and art while watching me devour miscellaneous… https://t.co/eFDgmYeTRm
1004859533284560900,Thu Jun 07 22:55:56 +0000 2018,@topcowmatt And.....:-) https://t.co/m01FhCKqOo
1004844180651348000,Thu Jun 07 21:54:56 +0000 2018,@nonologiamx Don't ever apologize for not liking something. I'm not that fragile.
1004843480512942100,Thu Jun 07 21:52:09 +0000 2018,@SpikeTheWriter @Linda730 Loved him!
1004843388456329200,Thu Jun 07 21:51:47 +0000 2018,@aaronlopresti @Linda730 Thanks, buddy!
1004812927663296500,Thu Jun 07 19:50:45 +0000 2018,@Linda730 https://t.co/DMhTgaHenW
1004812499772985300,Thu Jun 07 19:49:03 +0000 2018,Herb Trimpe WOLVERINE tribute cover for the Gijon Comic Con in July. @Linda730 https://t.co/Idx7qFvtG8
1004074688795041800,Tue Jun 05 18:57:15 +0000 2018,@topcowmatt Justified
1003091296142217200,Sun Jun 03 01:49:36 +0000 2018,@bhall43211 @Linda730 @MidtownComics @DCComics @TomKingTK I’ve mentioned the issues people are having, so they are… https://t.co/Wg8qnQied1
1003079742906667000,Sun Jun 03 01:03:41 +0000 2018,So flattered by the response to my Catwoman painting! You never know which ones are going to strike a chord.
1003078230017036300,Sun Jun 03 00:57:40 +0000 2018,Batman #50 Variant Cover by Joe Jusko Features Stunning Catwoman https://t.co/fkDTnOZHpl @Linda730 @MidtownComics
1002995838543716400,Sat Jun 02 19:30:17 +0000 2018,@natbornkiller @MidtownComics @TomKingTK @DCComics We’re looking at late July as I’m all conned up before then! Hope to see you there!
1002619637161480200,Fri Jun 01 18:35:23 +0000 2018,@seanpphillips I buy almost no comics anymore, but I buy everything you do.
1002618872715993100,Fri Jun 01 18:32:21 +0000 2018,@ronmarz @Linda730 @MidtownComics @DCComics @TomKingTK I’m getting lazy and ambivalent in my old age.
1002618086120452100,Fri Jun 01 18:29:14 +0000 2018,BATMAN 50 Exclusive Midtown Comics Variant! @Linda730 @MidtownComics @DCComics @TomKingTK https://t.co/qIrnTIdB8V
1001142883519467500,Mon May 28 16:47:18 +0000 2018,In Honor Of All Who Died In The Service Of Our Country. @Linda730 https://t.co/MxcKFBATaO
1000817705392398300,Sun May 27 19:15:09 +0000 2018,BATMAN #50 Day 3  Coming along. On to the dress… https://t.co/fnMDwfoZSB
1000817685524041700,Sun May 27 19:15:05 +0000 2018,BATMAN #50  Day 2  I’ll go through a detailed… https://t.co/ODb7lDFo4t
1000817630389792800,Sun May 27 19:14:52 +0000 2018,BATMAN #50 pencil is done. On to paint tomorrow!… https://t.co/vIjvoWFggH
1000817569127944200,Sun May 27 19:14:37 +0000 2018,Exclusive BATMAN #50 Catwoman Variant Cover for… https://t.co/KuNXc0VwU3
999735758935216100,Thu May 24 19:35:53 +0000 2018,@ErikJLarsen This.
999685518475571200,Thu May 24 16:16:15 +0000 2018,It’s an honor to join such an esteemed group! https://t.co/kSxWLi1VvC
999289397261537300,Wed May 23 14:02:12 +0000 2018,Joe Jusko Hops to Hop-Con! https://t.co/KJcsYtOnhC
999025033069686800,Tue May 22 20:31:43 +0000 2018,@StoneBrewing @DrewCurtis @wilw @StoneGreg This was an honor, guys! Thank you!
998998358088970200,Tue May 22 18:45:43 +0000 2018,So honored to be asked to illustrate this year’s Hop Con label, benefiting The Hero Initiative! @Linda730… https://t.co/K6OQlduFqL
998003688311611400,Sun May 20 00:53:15 +0000 2018,@ErikJLarsen The cover to FF #72
998003406424993800,Sun May 20 00:52:08 +0000 2018,@topcowmatt Wishing you the best, Matt!
993948142168100900,Tue May 08 20:17:58 +0000 2018,RT @Newsarama: JOE JUSKO Joins CAPTAIN AMERICA #1 For Variant https://t.co/kqjUcVzwQd https://t.co/u0zYClhxsu
992388370318979100,Fri May 04 12:59:59 +0000 2018,@davegibbons90 Ooooooooooo. I want those!!!!
992388201083031600,Fri May 04 12:59:19 +0000 2018,Scoop - Where the Magic of Collecting Comes Alive! - Joe Jusko Brings Thanos to Overstreet, Hero Initiative… https://t.co/sBLb1V7gv0
991801018873733100,Wed May 02 22:06:04 +0000 2018,@davegibbons90 @Linda730 @heroinitiative @McLauchlin Always a pleasure to hear from The Gibb! Thanks, buddy! See you in Gijon!!!
991800537015308300,Wed May 02 22:04:09 +0000 2018,So much fun! Can’t wait for Comicon! https://t.co/xhqgzcVHxs
991430838402322400,Tue May 01 21:35:06 +0000 2018,THE MAD TITAN! This finally went live! So honored to be tapped for a cover a second time! Order yours today! I’ll b… https://t.co/TIaLFGT4r0
986843600347680800,Thu Apr 19 05:47:03 +0000 2018,Process shots of my recent Red Sonja painting. https://t.co/ryNUV6CP1n @Linda730 @DynamiteComics
984205624941666300,Wed Apr 11 23:04:41 +0000 2018,45th Anniversary RED SONJA painting for Dynamite Comics! Quite possibly the best thing I’ve ever painted. At the ve… https://t.co/6hfoA7GzjW
984204643570999300,Wed Apr 11 23:00:47 +0000 2018,RED SONJA 45th ANNIVERSARY  A $1,500 pledge gets you a ton of stuff, including an extremely limited original art co… https://t.co/fxA9nsKTsi
979472957130133500,Thu Mar 29 21:38:45 +0000 2018,Indiana Comic Con all weekend! Tables G7 &amp; G8! Hope to see you there! Spidey -after- Ditko, of course! @Linda730… https://t.co/hodVVdtwff
977974081126649900,Sun Mar 25 18:22:45 +0000 2018,@PaulRENAUDart Been a fave for years! Brilliant figurative artist and a really nice guy!
977973648937181200,Sun Mar 25 18:21:02 +0000 2018,After a winter this cold I am so ready for some TAMPA! https://t.co/carmdM6WqU @Linda730 @TampaComicCon https://t.co/DBZt2sLvY0
976704866134450200,Thu Mar 22 06:19:21 +0000 2018,RT @kenolin1: This is a photo of a man honoring the final moments of the last living Northern White male rhino. This is what extinction loo…
976704105929433100,Thu Mar 22 06:16:19 +0000 2018,@LiamRSharp That’s an amazing pace for such detailed work, buddy!
976498968225083400,Wed Mar 21 16:41:11 +0000 2018,Remembering AL WILLIAMSON on the day of his birth.   The Flash Gordon image that will never be… https://t.co/fDcIb5bThg
975731408873381900,Mon Mar 19 13:51:10 +0000 2018,Remembering the limitless imagination of the great Edgar Rice Burroughs (Sept 1, 1875 – March 19, 1950)   Spielberg… https://t.co/oTlpMSbaUf
973219073118167000,Mon Mar 12 15:28:03 +0000 2018,Looking forward to seeing all the great fans in Indiana! @Linda730 @indianacomiccon https://t.co/cLE4ysnLw7
971876038669201400,Thu Mar 08 22:31:18 +0000 2018,Ooooooo! Look what’s in the new Previews!!!! I wanna thank my buddy Bill Sienkiewicz for an awesomely complimentary… https://t.co/e1Gd5w834g
967900764982120400,Sun Feb 25 23:14:59 +0000 2018,@deharme I really think he’s enjoying all this. It’s the most attention that book will get. Beautiful painting.
967900467656298500,Sun Feb 25 23:13:48 +0000 2018,RT @deharme: I have nothing more to say to Terry Goodkind. https://t.co/qJXLPPe6dd
967811530497634300,Sun Feb 25 17:20:24 +0000 2018,EXCLUSIVE BEER PARTY – 3 Rivers Comicon https://t.co/6IVevpBpq6 via @3riverscomicon
966798076089335800,Thu Feb 22 22:13:18 +0000 2018,@EthanVanSciver Not sure if you saw this. https://t.co/dojp8LR9VT
966443614187544600,Wed Feb 21 22:44:47 +0000 2018,My JIMMY'S BASTARDS Exclusive Cover Is Now Available! https://t.co/U0nFTeYVVq @Linda730 @newburycomics @AfterShockComix
961050166500446200,Wed Feb 07 01:33:09 +0000 2018,Now THAT’S a fan! https://t.co/fNpYyZrtPG
960783121468809200,Tue Feb 06 07:52:01 +0000 2018,@blizzardtonight @SaturnKing7 @Linda730 @IDWPublishing These are not available, unfortunately.
960352882582347800,Mon Feb 05 03:22:24 +0000 2018,Congratulations to the Philadelphia Eagles from a very grateful Pittsburgh Steelers fan!!!!!! @Linda730 @steelers https://t.co/QlrOmWeFpF
960232952616620000,Sun Feb 04 19:25:50 +0000 2018,@CaptMarvelNews Hopefully, I’ll get that chance. ;-)
960230666347733000,Sun Feb 04 19:16:45 +0000 2018,@SaturnKing7 @Linda730 @IDWPublishing I just did them as a bonus in the book!
960230477289451500,Sun Feb 04 19:16:00 +0000 2018,@CaptMarvelNews @brielarson @captainmarvel @fleckryan1 @kellysue @mstohl This was a fun piece! Really looking forward to the movie!
960211094332674000,Sun Feb 04 17:58:59 +0000 2018,@ronmarz @Giants Gotta go Eagles to preserve the STEELERS rings record.
960206138716409900,Sun Feb 04 17:39:17 +0000 2018,10 new pieces done for IDW’s Joe Jusko’s MARVEL MASTERPIECES book! @Linda730 @IDWPublishing  https://t.co/wHs86R3AqG https://t.co/qXtQlxQyUv
960166668256337900,Sun Feb 04 15:02:27 +0000 2018,On the board! @Linda730 @DynamiteComics https://t.co/P96EJJxZUd
960166420792381400,Sun Feb 04 15:01:28 +0000 2018,GO, EAGLES! @Linda730 @steelers https://t.co/PkhudUSt54
958743443999686700,Wed Jan 31 16:47:04 +0000 2018,Happy Anniversary to my wonderful wife Linda! Five years ago I made the best decision of my life. Thank you for all… https://t.co/CAR6SDMUhA
955509080407314400,Mon Jan 22 18:34:51 +0000 2018,@LegionofSand I hope this makes up for it in some small way. :-)
955508876866179100,Mon Jan 22 18:34:03 +0000 2018,@JulioSoto77 @Pixel_Popper @Linda730 @IDWPublishing Yeah, it went “Hobby Only”, which meant it never went through D… https://t.co/CpjYl2BOMb
955507909286416400,Mon Jan 22 18:30:12 +0000 2018,@XLair Thanks, buddy!
955440630771208200,Mon Jan 22 14:02:52 +0000 2018,@Pixel_Popper @Linda730 @IDWPublishing Yeah, I was bummed that so many of the people that loved the first set were… https://t.co/zN0gwkeUo9
955325745525649400,Mon Jan 22 06:26:21 +0000 2018,JOE JUSKO'S 2016 MARVEL MASTERPIECES ART BOOK from IDW! I'm really excited about this, especially since the actual… https://t.co/paYpqfXiN6
943841323668398100,Thu Dec 21 13:51:21 +0000 2017,@ShaneLukas @Linda730 @HOWARDCHAYKIN HAPPY BIRTHDAY TO FRED!!!! Please say hello for Linda and me!
943628721973538800,Wed Dec 20 23:46:33 +0000 2017,DECEMBER 20th, 1977 Today marks exactly forty (!) years since Howard Chaykin gave me my start in the industry as hi… https://t.co/uk7VhEQSzd
943253291735142400,Tue Dec 19 22:54:44 +0000 2017,@zipyrich Yes! Love that it gave me exactly the effect I was going for!
942923466818375700,Tue Dec 19 01:04:07 +0000 2017,@ronmarz It's not real, people. Worry about something important.
942923270516551700,Tue Dec 19 01:03:21 +0000 2017,@ComicBook It's not real, people. Worry about something important.
942898820538622000,Mon Dec 18 23:26:11 +0000 2017,JIMMY'S BASTARDS Trade Vol. 1 On Sale date 02/07/18 All mocked up it has the vintage, non comic feel I'd hoped it w… https://t.co/T30mzpPaXw
940336672474005500,Mon Dec 11 21:45:07 +0000 2017,My artistic hero and major inspiration! https://t.co/bDXlkirq0x
940336386158354400,Mon Dec 11 21:43:59 +0000 2017,Another great time at Good Buddy’s Pub! Great food, great drinks! @GoodBuddysPub @Linda730 https://t.co/fPFvX2Z5EH
929214885380141000,Sat Nov 11 05:11:07 +0000 2017,@UFO_GUY @Linda730 Thanks, bud!!
929214775451627500,Sat Nov 11 05:10:41 +0000 2017,@Paulieflix @Linda730 The image will be used on the cover, like the other corner box covers I did a few months back.
929187576694571000,Sat Nov 11 03:22:36 +0000 2017,@SupanovaExpo @mark_raats @TheRealStanLee That’s a great piece by Mark!
929186651707977700,Sat Nov 11 03:18:55 +0000 2017,Exclusive Corner Box Cover for MARVEL Two-In-One #1, available only from Sanctum Sanctorum Comics!… https://t.co/OsfT3HCH4i
923361632742465500,Thu Oct 26 01:32:23 +0000 2017,Always LOVED this piece! https://t.co/kaQ89QU479
923321761336299500,Wed Oct 25 22:53:57 +0000 2017,My original design for the 2016 Marvel Masterpieces FRANKENSTEIN card, which was subsequently printed sans the film… https://t.co/HK2a4mRZeF
922146346081153000,Sun Oct 22 17:03:16 +0000 2017,Awwwwww. ;-) https://t.co/SU5oF4lTA1
922146079671554000,Sun Oct 22 17:02:12 +0000 2017,@2ndprints Thanks!!!
917046434381336600,Sun Oct 08 15:18:02 +0000 2017,That is so awesome! Thank you and congrats! https://t.co/HW9uZfKzEW
916919309401813000,Sun Oct 08 06:52:53 +0000 2017,@andeparks Everything right!
916813123226652700,Sat Oct 07 23:50:56 +0000 2017,Proud and Honored! https://t.co/DO3NM8VRrg @Linda730
915670463065489400,Wed Oct 04 20:10:25 +0000 2017,@LDryvalley @Linda730 @AfterShockComix @newburycomics Thanks!
915666804609044500,Wed Oct 04 19:55:53 +0000 2017,Torturous https://t.co/MhCgMaasoZ
915666716239294500,Wed Oct 04 19:55:32 +0000 2017,Highest of compliments, buddy!! https://t.co/JyBd5hQeWy
915649141774147600,Wed Oct 04 18:45:41 +0000 2017,JIMMY'S BASTARDS Trade Cover https://t.co/MUfZASAZA1 @Linda730 @AfterShockComix @newburycomics https://t.co/2G2q5ZTG02
913224809236099100,Thu Sep 28 02:12:16 +0000 2017,RT @ERBurroughsFan: "Breakout," by @JoeJusko  From #ERB's TARZAN THE MAGNIFICENT, Ch. 5 https://t.co/tJGo6OpTNj
913224678801645600,Thu Sep 28 02:11:44 +0000 2017,@WalterSimonson I have this! It's a time tunnel, for sure!
912680554063126500,Tue Sep 26 14:09:35 +0000 2017,3 HOURS LEFT!!!   Kirby 100th Birthday Wake Up and Draw: ULIK by JOE JUSKO  https://t.co/3sSIcSyzIJ via @eBay
910218322016337900,Tue Sep 19 19:05:33 +0000 2017,Cover to BARBARELLA #1. So much fun to paint!! https://t.co/C58xGEYyKL @Linda730 @DynamiteComics https://t.co/2511D6scwq
910206409005989900,Tue Sep 19 18:18:13 +0000 2017,Lots of great Kirby 100th birthday tribute pieces!! @Linda730 heroinitiative | eBay https://t.co/P33Fp2wDkE
910205622305660900,Tue Sep 19 18:15:05 +0000 2017,RT @The_ComicCorner: Two year mission is now complete Elvira &amp; Joe Jusko autographs on one cover. @TheRealElvira @JoeJusko @Marvel #Comics…
910203968256606200,Tue Sep 19 18:08:31 +0000 2017,Check out Kirby 100th Birthday Wake Up and Draw: ULIK by JOE JUSKO  https://t.co/3sSIcSyzIJ via @eBay
910203088618840000,Tue Sep 19 18:05:01 +0000 2017,Presenting my painting to Dallas Police Chief Paul Stokes at Police Headquarters, where it will be on permanent dis… https://t.co/n8ksBPI8Ah
908116865486028800,Wed Sep 13 23:55:07 +0000 2017,DALLAS POLICE DEPARTMENT  TRIBUTE for the 5 officers slain in a sniper attack in 2016. To be presented in Dallas th… https://t.co/PFFjtZGCTR
903596030440198100,Fri Sep 01 12:30:56 +0000 2017,@LenWein All the best to you, my friend!
903177549722906600,Thu Aug 31 08:48:02 +0000 2017,Fan Expo Canada starting today! Table P203! See you there! https://t.co/r8mqNXSRjr @Linda730 @FANEXPOCANADA
902242444183527400,Mon Aug 28 18:52:16 +0000 2017,RT @Kirby4Heroes: To say my grandfather was a visionary would be an understatement! From his "mind's eye" to the drawing table, a few examp…
902242269553614800,Mon Aug 28 18:51:34 +0000 2017,RT @sinKEVitch: #WakeUpAndDraw @heroinitiative @Kirby4Heroes #Darkseid https://t.co/ALz0Xi708u
902223025780731900,Mon Aug 28 17:35:06 +0000 2017,ULIK! for @heroinitiative Jack Kirby 100th Birthday Project #WakeUpAndDraw @Linda730 @McLauchlin https://t.co/3FeUJuR2BN
902178746542821400,Mon Aug 28 14:39:09 +0000 2017,Impossible to conceive a comic industry had Jack Kirby never been born. The single most influential creator to ever… https://t.co/KTqjBzVRiM
900352187624181800,Wed Aug 23 13:41:03 +0000 2017,Woke up with a Death Wish this morning! @Linda730 @DeathWishCoffee @ronmarz https://t.co/NOiubhnAy5
897559620021104600,Tue Aug 15 20:44:23 +0000 2017,Cover to DEATH WISH COFFEE Presents: Odinforce #2 https://t.co/mYVYvCBoHa
896841424909590500,Sun Aug 13 21:10:32 +0000 2017,Thanks to the crew of @BostonComicCon for a great show! Kudos to Kevin, Randy, Constance, et al! See you all next y… https://t.co/T0lbPHjzSu
896840553144475600,Sun Aug 13 21:07:05 +0000 2017,Thanks to the crew of @BostonComicCon for a really great show! Thanks, Kevin, Randy, Constance, et al!! @Linda730 https://t.co/dEFnm4ERu4
896518198220259300,Sat Aug 12 23:46:09 +0000 2017,RT @TheKubertSchool: Five years ago today.  We miss you, Joe.  #RIP #Legend #JoeKubert #comics #art https://t.co/kVsiMlZsA9
895667488209346600,Thu Aug 10 15:25:44 +0000 2017,SPECTACULAR SPIDER-MAN #1 Exclusive Boston Comic Con Edition Available this weekend at the show! See you there!… https://t.co/sT2R1BCGIk
888134067300028400,Thu Jul 20 20:30:37 +0000 2017,RT @sdunbier: Bernie Wrightson Memorial panel TODAY from 3:30 - 4:30 in Room 4! @WalterSimonson, @AH_AdamHughes, Frank Cho, Scott Hampton,…
885585418556723200,Thu Jul 13 19:43:11 +0000 2017,The biggest reason I'm sorry I won't be in SD this year. https://t.co/TcjpufVUS0
885300133356859400,Thu Jul 13 00:49:34 +0000 2017,https://t.co/QnE5CF73B1
885299634570178600,Thu Jul 13 00:47:35 +0000 2017,My contribution to the Bernie Wrightson Tribute book. Details here: https://t.co/BB17yhJNqO @Linda730 @lizwrightson… https://t.co/rYRsRiKNS1
883408329476902900,Fri Jul 07 19:32:13 +0000 2017,@lovethug_muffin Coming soon! Fell a bit behind due to work.
883408136564072400,Fri Jul 07 19:31:27 +0000 2017,@da4everkid @Linda730 @heroinitiative @heroesonline Not released to stores. Try EBay or the forum on blowout https://t.co/uBORxMHRHI
883407672615284700,Fri Jul 07 19:29:36 +0000 2017,@LiamRSharp I've got a wet one waiting for you, buddy!
883407388119879700,Fri Jul 07 19:28:28 +0000 2017,RT @relicscout: Couldn't be happier with this @JoeJusko exclusive cover for #1stprintcomics in Rochester, NY. #comics #comicbooks #007 #Jam…
876144559964684300,Sat Jun 17 18:28:35 +0000 2017,Bernie Wrightson Tribute panel Rm. 207D @ 2:30PM! @heroesonline @Linda730 @lizwrightson
876084320431210500,Sat Jun 17 14:29:13 +0000 2017,Shadow box of my Spider-Man painting, with all auction proceeds going to The Hero Initiative. ;-)@Linda730… https://t.co/jh1WA6YQgU
875710193576923100,Fri Jun 16 13:42:34 +0000 2017,RT @JoeJusko: I'll be there all weekend! AA-1601 @Linda730 https://t.co/G8wK7s3sWI
875394231917039600,Thu Jun 15 16:47:03 +0000 2017,I'll be there all weekend! AA-1601 @Linda730 https://t.co/G8wK7s3sWI
875393227846803500,Thu Jun 15 16:43:04 +0000 2017,RT @JoeJusko: SPIDER-MAN after John Romita. To be auctioned at HEROES CON! All proceeds go to HERO INITIATIVE @Linda730 @heroinitiative @he…
875393041766506500,Thu Jun 15 16:42:19 +0000 2017,RT @ERBurroughsFan: For #DejahThorisThursday, here's a recent commission by the great @JoeJusko. #DejahThoris #JohnCarter #ERB https://t.co…
875034626225471500,Wed Jun 14 16:58:06 +0000 2017,@Linda730 @heroinitiative @heroesonline  https://t.co/vRclA3LgFG
875033950460280800,Wed Jun 14 16:55:25 +0000 2017,SPIDER-MAN after John Romita. To be auctioned at HEROES CON! All proceeds go to HERO INITIATIVE @Linda730… https://t.co/57bDPvvcKs
874029715014783000,Sun Jun 11 22:24:57 +0000 2017,@ERBurroughsFan @scottjdutton My all time favorite Boris painting!
873690421502910500,Sat Jun 10 23:56:43 +0000 2017,RT @sinKEVitch: R.I.P. #AdamWest https://t.co/LXsy7d6Viq
872935055252914200,Thu Jun 08 21:55:10 +0000 2017,@aaronlopresti @BostonComicCon @Linda730 @Marvel @aaronlopresti @JoeJusko @BostonComicCon @Linda730 @Marvel See you at Heroes or Boston?
872925327403741200,Thu Jun 08 21:16:30 +0000 2017,BOSTON COMIC CON EXCLUSIVE CORNER BOX COVER! Spectacular Spider-Man #1 @BostonComicCon @Linda730 @Marvel https://t.co/1UWRHWuiVG
871453916080353300,Sun Jun 04 19:49:39 +0000 2017,@LiamRSharp That's humbling!!! I'm stunned that an idol of mine knew my work! Thanks!
871412070062977000,Sun Jun 04 17:03:22 +0000 2017,@LiamRSharp I totally get it. I would have loved to see his paint application in practice, though.
871411629245829100,Sun Jun 04 17:01:37 +0000 2017,@LiamRSharp That would have been awesome. You know what a huge DL fan that I am. Wish I could have met him. Would have learned so much.
871404093868265500,Sun Jun 04 16:31:40 +0000 2017,@LiamRSharp Wow! The DL influence is so strong on that piece, buddy! LOVE IT!
869730080091766800,Wed May 31 01:39:44 +0000 2017,@LiamRSharp Lawrence was amazing! Such prodigious output at a consistently high quality.
867542598222827500,Thu May 25 00:47:28 +0000 2017,@boxleitnerbruce @fc3roc Pleasure finally meeting up, my friend!
866530049612230700,Mon May 22 05:43:57 +0000 2017,@iamsteranko @GulacyArt @pgulacy1 @MikeZeck @DaveDorman @heroesonline @sheltondrum Back atcha, buddy! I miss our late night old movie chats!
866438930631200800,Sun May 21 23:41:53 +0000 2017,Thanks to the Flower City Comic Con, 1st Print Comics and all the fans for a great weekend in Rochester! @fc3roc @1stprintcomics @Linda730
866331656155693000,Sun May 21 16:35:37 +0000 2017,Met fellow ERB fan Bruce Boxleitner today! Nice when someone you're a fan of also turns out to be a great guy!… https://t.co/yQjWhYUB3r
865663297369985000,Fri May 19 20:19:47 +0000 2017,Get My Store Exclusive GI JOE #21 Cover at the Flower City Comicon this weekend! See you there! @fc3roc @Linda730… https://t.co/GgArlqCvlk
865264580901122000,Thu May 18 17:55:26 +0000 2017,@GulacyArt @pgulacy1 @iamsteranko @MikeZeck @DaveDorman @heroesonline @sheltondrum Looking forward to it!
862355504747642900,Wed May 10 17:15:48 +0000 2017,My ROCKET #1 Variant Cover hits today! @Linda730 @Marvel https://t.co/8gJyPMHuao
861561811493105700,Mon May 08 12:41:57 +0000 2017,RT @HeavyMetalInk: Silver Surfer Sunday comes to end with some @JoeJusko after John Buscema @JohnBuscemaArt #silversurfersunday #johnbuscem…
858554966377734100,Sun Apr 30 05:33:49 +0000 2017,RT @Bill_Templeton: @JoeJusko @trbradstreet @RWitterstaetter @EastCoastConNJ The immortals!
858470998852735000,Sun Apr 30 00:00:10 +0000 2017,PUNISHER ARTIST REUNION!  Jusko, Golden, Zeck, Beatty, Bradstreet!@Linda730 @trbradstreet @RWitterstaetter… https://t.co/ws9I6Qw06G
857940827829661700,Fri Apr 28 12:53:27 +0000 2017,RT @heroinitiative: Hero's at @EastCoastConNJ April 29-30, the ONLY place you can find Dennis O'Neil! Also see: @maguirekevin @JoeJusko, MO…
857256141276971000,Wed Apr 26 15:32:45 +0000 2017,RT @JohnCarterFilm: it's #JohnCarter2Tuesday  check out this amazing #JohnCarter image by @JoeJusko #BackToBarsoom  #JohnCarterForever  htt…
856908907826090000,Tue Apr 25 16:32:58 +0000 2017,Store Exclusive cover for GI JOE #21, reprinting the classic "silent issue"! Available from 1st Print Comics.… https://t.co/rUP3x2Pn8w
856521043149803500,Mon Apr 24 14:51:44 +0000 2017,@thejasonmasters @NSuszczyk Thanks for the compliment, Jason! Loved the interiors!
854014808932450300,Mon Apr 17 16:52:51 +0000 2017,ROCKET RACCOON #1 Some days my job is a lot more fun than others! On Sale 5/10 @Linda730 @Marvel https://t.co/OUmHS3skDG
852408349882818600,Thu Apr 13 06:29:22 +0000 2017,RT @RonGarney: It ain't perfect but sometimes you gotta know when to let go https://t.co/Cw2FTyy0IO
852408318568124400,Thu Apr 13 06:29:14 +0000 2017,@RonGarney Brilliant, buddy!
852372882030288900,Thu Apr 13 04:08:26 +0000 2017,RT @BernieWrightson: [Liz] https://t.co/z8zXuZl6s9
851616654928883700,Tue Apr 11 02:03:27 +0000 2017,RT @topcowmatt: GOLGOTHA is popular on @Kickstarter! https://t.co/3h5Uz2ePek
851558156757078000,Mon Apr 10 22:11:00 +0000 2017,Thanks to Sequential Tart for the great interview! https://t.co/fmxUryKFWM @Linda730 @jennifercontino @sequentialtart
851227977195167700,Mon Apr 10 00:18:59 +0000 2017,My favorite comic ever! https://t.co/5Vw2rz6DZj
850485833480196100,Fri Apr 07 23:09:58 +0000 2017,Proud to be part of this! https://t.co/PwRXR2uUA3
843691647552643100,Mon Mar 20 05:12:18 +0000 2017,@BernieWrightson This is still so hard to fully comprehend. Linda &amp; I are here if you need us. Love to you and the boys.
843434182244274200,Sun Mar 19 12:09:13 +0000 2017,RIP BERNIE WRIGHTSON Godspeed to a man whose work belied the most gentle of souls.@Linda730 @BernieWrightson… https://t.co/yecWVlST50
843093731846869000,Sat Mar 18 13:36:24 +0000 2017,RT @JoeJusko: TORONTO COMICON THIS WEEKEND! Booth P-24  See you all there!  https://t.co/S7390aTTLS @Linda730 @TorontoComiCon
842573652973568000,Fri Mar 17 03:09:47 +0000 2017,TORONTO COMICON THIS WEEKEND! Booth P-24  See you all there!  https://t.co/S7390aTTLS @Linda730 @TorontoComiCon
842152932015517700,Wed Mar 15 23:18:00 +0000 2017,@LiamRSharp @Linda730 HEROES CON?
837347973008851000,Thu Mar 02 17:04:48 +0000 2017,@GulacyArt @pgulacy1 @JoeJusko @MikeZeck @kristaferanka @heroesonline @sheltondrum See you there, buddy!
835965027416948700,Sun Feb 26 21:29:28 +0000 2017,RT @13th_Dimension: VARIANTS! Best of the Week! BLACK PANTHER #11 @JoeJusko @tanehisicoates https://t.co/UgGvFPYE7D https://t.co/GLJJelhiHC
834910032575754200,Thu Feb 23 23:37:18 +0000 2017,Our usual awesome food fest at Buddy's! @GoodBuddysPub @Linda730 https://t.co/5xLGF9JDek
834120168234164200,Tue Feb 21 19:18:39 +0000 2017,RT @13th_Dimension: HOT PICKS! On Sale This Week! AMAZING SPIDER-MAN #24 @JoeJusko @DanSlott https://t.co/qrijFUlPFx https://t.co/BrAYZtytoR
833119182279548900,Sun Feb 19 01:01:06 +0000 2017,RT @SalAbbinanti: The great  @JoeJusko @LukeCage https://t.co/4fYyYWN4jt
833107888436609000,Sun Feb 19 00:16:13 +0000 2017,RT @ERBurroughsFan: Illustration of Gahan's plight: "Banth on Board," by @JoeJusko https://t.co/Ru31Gd5MsX #ERB https://t.co/2JYhcKFiWd
832989525668421600,Sat Feb 18 16:25:53 +0000 2017,RT @13th_Dimension: VARIANTS! Best of the Week! Get ready for a lot of @JoeJusko, like ULTIMATES2 #4 https://t.co/xRxRxdxbZf https://t.co/5…
832851677883535400,Sat Feb 18 07:18:08 +0000 2017,RT @13th_Dimension: VARIANTS! Best of the Week! Get ready for a lot of @JoeJusko, like DAREDEVIL #17 @manwithoutfear https://t.co/xRxRxdxbZ…
832439241313484800,Fri Feb 17 03:59:15 +0000 2017,RT @13th_Dimension: VARIANTS! Best of the Week! Get ready for a lot of @JoeJusko, like INVINCIBLE IRON MAN #4  https://t.co/xRxRxdOMQN http…
829768330449940500,Thu Feb 09 19:06:00 +0000 2017,RT @13th_Dimension: EXCLUSIVE Preview: DOCTOR STRANGE #17 @JoeJusko https://t.co/c9nOw4viZZ https://t.co/6j8rrVFMlS
829481511057494000,Thu Feb 09 00:06:17 +0000 2017,RT @ERBurroughsFan: Ajor and "The Stalking Weiroo," by the great @JoeJusko Scene from Chapter 5 #ERB's THE PEOPLE THAT TIME FORGOT https://…
827979400494858200,Sat Feb 04 20:37:26 +0000 2017,RT @13th_Dimension: 13 Great CAPTAIN ACTION Artists: This week's spotlight is on @JoeJusko! @CaptainAction66 @megohunters https://t.co/4GTu…
827932540283523100,Sat Feb 04 17:31:14 +0000 2017,Biggest Fanboy job of my career! https://t.co/axDnjeAfBl
827329093335134200,Fri Feb 03 01:33:21 +0000 2017,RT @13th_Dimension: VARIANTS! Best of the Week! AVENGERS #4 @JoeJusko https://t.co/eT2PQB5JQK https://t.co/yRLeuK4aUH
826970376500555800,Thu Feb 02 01:47:56 +0000 2017,RT @RafDanvers: @JoeJusko OMMG!!!!!! So beautiful!!!! Thank you! Gonna tweet it from my @captmarvelnews
826966248751759400,Thu Feb 02 01:31:32 +0000 2017,RT @UniversComics: Cette #Gamora est tout simplement extraordinaire @JoeJusko @Guardians @MarvelFR https://t.co/0D6etM76jB
826966165020897300,Thu Feb 02 01:31:12 +0000 2017,@HndVcomics I will be in Europe, unfortunately. :-(
826965795238449200,Thu Feb 02 01:29:44 +0000 2017,RT @TorontoComiCon: #GuestNews Round One of the #TOCC17 Comic Book guests include @tonyharrisart, @JoeJusko, @PeterBagge1 and more: https:/…
826965721368363000,Thu Feb 02 01:29:26 +0000 2017,RT @comicsworth: TODAY | Grab @JoeJusko #art cover for  #Deadpool #26 vol.5 - selling out, will probably see future appreciation - @Marvel…
826965623116804100,Thu Feb 02 01:29:03 +0000 2017,@RafDanvers Here ya go! https://t.co/jMJO1sU04E
826965418602537000,Thu Feb 02 01:28:14 +0000 2017,RT @Dave_DSG: Awesome covers of #InhumansvsXmen #4 art by @JoeJusko @michaelcho @leinilyu and @TerryDodsonArt, out next week! https://t.co/…
826965222032277500,Thu Feb 02 01:27:27 +0000 2017,RT @OrionSTARB0Y: This is an upcoming "Corner Box" variant cover for Venom #4 by @JoeJusko (after Mark Bagley). Definitely getting this one…
825841187881963500,Sun Jan 29 23:00:57 +0000 2017,RT @ERBurroughsFan: "Barricade," by @JoeJusko Image of the scene from Chapter 3 in #ERB's A FIGHTING MAN OF MARS https://t.co/wUIpcLboc5 Th…
823941290341580800,Tue Jan 24 17:11:26 +0000 2017,@RonGarney Thanks, buddy!!
823688562004684800,Tue Jan 24 00:27:11 +0000 2017,RT @Crewylou: Finally got my signed Conan corner box print by @JoeJusko framed. The hunt for more wall space begins. https://t.co/ns1GB8zVHP
823688471239946200,Tue Jan 24 00:26:49 +0000 2017,RT @13th_Dimension: 13 Great CAPTAIN ACTION Artists: This week we salute Murphy Anderson! @GulacyArt @JoeJusko @f_francavilla https://t.co/…
823688399504740400,Tue Jan 24 00:26:32 +0000 2017,RT @comicscritic: First Look: Daredevil #17 by @CharlesSoule &amp; @RonGarney – New Story Arc Begins in Feb. @Marvel https://t.co/9BVjoBfszd @J…
814192939752706000,Wed Dec 28 19:34:58 +0000 2016,HAPPY BIRTHDAY, STAN LEE! 94 and still going strong!! @TheRealStanLee @StanLeeComicCon @Linda730 https://t.co/ezEcUL4g2h
813910955906265100,Wed Dec 28 00:54:28 +0000 2016,Definite ripple in the Force, today. https://t.co/5iPnqgB7fA
810869950562836500,Mon Dec 19 15:30:36 +0000 2016,UPPER DECK CHRISTMAS COOKIES! Happy Holidays and thanks to everyone there! @Linda730 @UpperDeckEnt https://t.co/zpJ04ooGDw
805886195330904000,Mon Dec 05 21:26:56 +0000 2016,So cool to see this as the cover!! https://t.co/q6ALPYlFMh
805520275404193800,Sun Dec 04 21:12:54 +0000 2016,GO, STEELERS!!! @steelers https://t.co/DhOxItv5sT
801453457232326700,Wed Nov 23 15:52:49 +0000 2016,Joe Jusko Marvel Corner Box Variants in February https://t.co/9jyCMmzJOB via @Scoop_Gemstone
801196653441073200,Tue Nov 22 22:52:22 +0000 2016,RT @Newsarama: Marvel Revives Classic Corner Boxes https://t.co/1eCyle0FbB https://t.co/oDfGhyWvcv
801187189249966100,Tue Nov 22 22:14:45 +0000 2016,I am so psyched to be doing these! Most fun I've had in years!! @Linda730 @Marvel  https://t.co/uP9odDHbkf
801186581189193700,Tue Nov 22 22:12:20 +0000 2016,@BillRosemann @AgentM It would be criminal not to.
796813835252469800,Thu Nov 10 20:36:37 +0000 2016,JLA/SUICIDE SQUAD #1 Store Variant Cover  Order at https://t.co/KUeYwp1UzK @buymetoyscom @Linda730 https://t.co/zBvwFecUAB
793165896126652400,Mon Oct 31 19:01:00 +0000 2016,At the Edgar Rice Burroughs panel with Tracy Scott Griffen, Cathy Mann Wilbanks, Jim Sullos and Bob Zeuschner.… https://t.co/jfSQFec321
792634492200464400,Sun Oct 30 07:49:24 +0000 2016,RT @B_Silvestri: Legends of comics panel earlier 2day @HotTopic main stage @StanLeeComicCon w/ @TheRealStanLee @JoeJusko #DavidFinch and @M…
792634446600024000,Sun Oct 30 07:49:13 +0000 2016,@B_Silvestri @HotTopic @StanLeeComicCon @TheRealStanLee @Marc_Silvestri This was the most awesome time!!
792409706320932900,Sat Oct 29 16:56:10 +0000 2016,LEGENDS OF MARVEL panel today at 1PM with the one and only Stan Lee and others! This should be fun! @Linda730 @StanLeeComicCon
792142738644807700,Fri Oct 28 23:15:20 +0000 2016,Setting up for the fun weekend ahead. Here's hoping for a busy show! @StanLeeComicCon @Linda730 https://t.co/4RKeCA8t2q
792115692547952600,Fri Oct 28 21:27:52 +0000 2016,I'll be set up all weekend at Stan Lee's LA Comic Con, Booths B26 &amp; B28! Stop on by! @Linda730 @StanLeeComicCon https://t.co/CLSWnNhRCZ
791602667135066100,Thu Oct 27 11:29:17 +0000 2016,Hope to see you all this coming weekend! @StanLeeComicCon @Linda730 https://t.co/Y8hhiixVdz
789657018181312500,Sat Oct 22 02:37:58 +0000 2016,Great food and drinks at Good Buddy's Pub! @GoodBuddysPub @Linda730 @ErinnM17 @Philliephan82 https://t.co/QKMJZgQzAj
786641043781476400,Thu Oct 13 18:53:34 +0000 2016,@Devilpig666 @matthewdowsmith @JoeJusko You never let me down, Dave!
784768036192546800,Sat Oct 08 14:50:54 +0000 2016,RT @ERBurroughsFan: Meet @JoeJusko at the panel "Tarzan and #ERB: What's Next?" October 30 at Stan Lee's L.A. Comic Con https://t.co/rjfAhk…
784437758706257900,Fri Oct 07 16:58:30 +0000 2016,RT @pepemelan: #ff @SBianchiArt @JoeJusko @SteveEpting @mike_mayhew inspiring and fueling my artcave creativity! #creativegeniusatwork
782038427390844900,Sat Oct 01 02:04:25 +0000 2016,RT @StanLeeComicCon: We have so many amazing Comic artists and writers. Make sure you see Marvel Master himself @JoeJusko  https://t.co/apX…
781929128731762700,Fri Sep 30 18:50:06 +0000 2016,@TheRealStanLee @StanLeeComicCon @robertliefeld @GerryDuggan @SteveNiles @JoeJusko  Looking forward to it, guys!!!
781928800003186700,Fri Sep 30 18:48:48 +0000 2016,Gonna be a great show!! https://t.co/PwvFDgEAot
780489747605192700,Mon Sep 26 19:30:31 +0000 2016,RT @HOVAAA: Picked up some awesome WWF prints this weekend..thanks @1811Comics &amp; @JoeJusko #BrotherJackDude https://t.co/5upD2tWbK4
778014350816735200,Mon Sep 19 23:34:10 +0000 2016,RT @grinningEZRA: I won this @JoeJusko print 3 years ago from @IDWLimited @IDWPublishing and finally got @RealStanLee signature! https://t.…
777994165531607000,Mon Sep 19 22:13:58 +0000 2016,I agree! Really fun read!! https://t.co/nsgGQQCiAx
777228640492945400,Sat Sep 17 19:32:02 +0000 2016,@DukeOfAwesome  I'll do my best to have some!
777228472422961200,Sat Sep 17 19:31:22 +0000 2016,RT @LegionofSand: A little @JoeJusko appreciation https://t.co/HtB5Hlt1lN
775409832790728700,Mon Sep 12 19:04:45 +0000 2016,Pulled Pork @GoodBuddysPub! I'm good for the week! @Linda730 https://t.co/OwEsrMcTX7
774057562643628000,Fri Sep 09 01:31:18 +0000 2016,RT @StarStuff_ivan: StarTrek art by @joejusko https://t.co/tbmLMfDfjN https://t.co/svn7Rs4wY3
774012765941948400,Thu Sep 08 22:33:18 +0000 2016,RT @WalterSimonson: Archie Goodwin. September 8, 1937.  Happy birthday, pal.  Never forgotten. https://t.co/D7yA8iZTub
773510734806413300,Wed Sep 07 13:18:24 +0000 2016,Thank you for all the birthday wishes!! https://t.co/SQ0tQ8wsDO
773254624711180300,Tue Sep 06 20:20:43 +0000 2016,I am such a fan! Great chatting art with the awesome Paolo Rivera! Hope to do it at length at a future show! https://t.co/RtfTX50LWf
770151670676357100,Mon Aug 29 06:50:41 +0000 2016,So cool, Ryan! THANKS!! Hope you like 'em!  https://t.co/nZ2UQs1GMc
767792923819860000,Mon Aug 22 18:37:52 +0000 2016,RT @WalterSimonson: Lee Weeks Work in Progress for the variant cover for Ragnarök 12.   Can't wait to see it finished. https://t.co/b3tJgg3…
767792830353924100,Mon Aug 22 18:37:30 +0000 2016,RT @ERBurroughsFan: This may be my personal favorite: Bradbury on why we still read #ERB. [@JoeJusko art] https://t.co/CqkPcEVsfp
761695149630128100,Fri Aug 05 22:47:29 +0000 2016,RT @pepemelan: #ff @JoeJusko @SBianchiArt @mike_mayhew @SteveEpting inspiring my indie comic projects daily!  #creativegeniusatwork
761616066736975900,Fri Aug 05 17:33:15 +0000 2016,RT @ERBurroughsFan: Beautiful! For sale: @JoeJusko's "Tarzan and the City of Gold" https://t.co/Nb9dOwoMyW #Tarzan #QueenNemone #ERB https:…
759515904396914700,Sat Jul 30 22:27:57 +0000 2016,Great time @GoodBuddysPub for Linda's B-Day! #goodbuddyspub @Linda730 https://t.co/46Qku1kZAI
759494159837368300,Sat Jul 30 21:01:33 +0000 2016,That's what I like to hear, Trevor!! lol Thanks!!  https://t.co/6GEDxdTcbi
758478974888636400,Thu Jul 28 01:47:34 +0000 2016,RT @JaspysHobbyland: Another sick @JoeJusko auto on Punisher from @UpperDeckEnt Marvel! Wow.  Get a pack here: https://t.co/RSnJRyiyP9 http…
758071290964152300,Tue Jul 26 22:47:34 +0000 2016,RT @ComicCrusaders: Captain America Vs Red Skull by @JoeJusko after Jack Kirby https://t.co/YuMDdasjLL
757687987438231600,Mon Jul 25 21:24:28 +0000 2016,RT @KevinNowlan: I think this one is for the cover of Dr. Strange 13. Pencils &amp; final color: https://t.co/W5LfT9sAZP
756279013056909300,Fri Jul 22 00:05:42 +0000 2016,RT @JaspysHobbyland: Awesome Black Cat @JoeJusko autograph from @UpperDeckEnt Marvel Masterpieces!  https://t.co/7FS3GqKJxh https://t.co/1a…
755855720499802100,Wed Jul 20 20:03:41 +0000 2016,RT @sportscards: 2016 Upper Deck #Marvel Masterpieces by @JoeJusko now on #epack! https://t.co/Nhvzd8YWRw #collect @UpperDeckSports https:/…
755538195790569500,Tue Jul 19 23:01:57 +0000 2016,RT @JaspysHobbyland: Wow! Amazing @JoeJusko Wolverine autograph from @UpperDeckEnt Marvel!  Catch 'em all here: https://t.co/RSnJRyiyP9 htt…
755528381341589500,Tue Jul 19 22:22:57 +0000 2016,I'm a proud papa! Marvel Masterpiece’s Return Puts a Miniature Art Gallery in Your Hands [Review] https://t.co/UwSUKybzGS @comicsalliance
755512599454871600,Tue Jul 19 21:20:15 +0000 2016,RT @BRIANMBENDIS: 📷 comicbookwomen: X-Men -Joe Jusko https://t.co/wpD70Xx2ia
755253629939048400,Tue Jul 19 04:11:11 +0000 2016,Too flattered! https://t.co/MQ3eLe6JDQ
755161260883382300,Mon Jul 18 22:04:09 +0000 2016,RT @ComicCrusaders: Batman by @JoeJusko #comicart https://t.co/DyJN0e0Ivu
755160634636075000,Mon Jul 18 22:01:40 +0000 2016,RT @ComicCrusaders: Secret Wars by @JoeJusko #comicart https://t.co/XfuiucdGqd
755158898152239100,Mon Jul 18 21:54:46 +0000 2016,I see LUKE CAGE debuts on Netflix Sept. 30th.   Here's my Cage piece from the new Marvel Masterpieces card set. https://t.co/nMB2mclW7e
751545417209352200,Fri Jul 08 22:36:05 +0000 2016,RT @pepemelan: #ff @SBianchiArt @JoeJusko @SteveEpting @mike_mayhew motivating and fueling my artcave creativity daily! #creativegeniusatwo…
751219606799446000,Fri Jul 08 01:01:25 +0000 2016,RT @BlowoutBuzz: Added @UpperDeckEnt Marvel Masterpieces checklist at the end of gallery here https://t.co/MIEiTscCLh #collect https://t.co…
751219550881022000,Fri Jul 08 01:01:12 +0000 2016,RT @GTSDistribution: LIVE NOW! @Marvel Masterpieces @UpperDeckEnt featuring @JoeJusko #collect #thehobby https://t.co/LBECZZcI8h https://t.…
751219347830501400,Fri Jul 08 01:00:24 +0000 2016,RT @sportscards: Updated tiers &amp; odds for 2016 Upper Deck Marvel Masterpieces Base Gold Foil Signature Series https://t.co/Nhvzd8YWRw https…
751207186991308800,Fri Jul 08 00:12:04 +0000 2016,What HE said! ;-) https://t.co/FmkMLgzPGf
750550288214491100,Wed Jul 06 04:41:47 +0000 2016,RT @ERBurroughsFan: From @CBR The Art of Tarzan: Celebrating The Iconic Ape-Man's Most Influential Artists https://t.co/aEckFOdhOM #ERB #Ta…
750411755604566000,Tue Jul 05 19:31:19 +0000 2016,New SFX magazine includes my art &amp; commentary in a feature covering the enduring appeal of Tarzan @EdgarRBurroughs https://t.co/OGgcOPzmmr
750352178733285400,Tue Jul 05 15:34:34 +0000 2016,@Danny_D_Pearson @HulkHogan WWE owns the rights. Posters pop up on Ebay occasionally
750004193155571700,Mon Jul 04 16:31:48 +0000 2016,@Danny_D_Pearson @JoeJusko @HulkHogan This painting was everywhere back then!
749980848204685300,Mon Jul 04 14:59:02 +0000 2016,@Danny_D_Pearson @HulkHogan Signed by his right foot
749979850182692900,Mon Jul 04 14:55:04 +0000 2016,@Danny_D_Pearson @HulkHogan Yeah, I painted this and the 1991 &amp; 92 Royal Rumble posters.
749711490106753000,Sun Jul 03 21:08:42 +0000 2016,@PaulRENAUDart Thank you, buddy! ;-)
749689740786556900,Sun Jul 03 19:42:17 +0000 2016,Flattered to be included alongside such an incredible array of talent! https://t.co/GC4uwygPhE
749401989176520700,Sun Jul 03 00:38:52 +0000 2016,@MrkojimaJr  So cool!  These were such fun jobs
749401858112942100,Sun Jul 03 00:38:20 +0000 2016,This is great! I loved working for the then WWF!  https://t.co/C1VHir61Hd
749388663755341800,Sat Jul 02 23:45:55 +0000 2016,RT @daveysockrocker: @GTSDistribution @UpperDeckEnt @Marvel @JoeJusko https://t.co/rHzNJYMAdl
749374091333886000,Sat Jul 02 22:48:00 +0000 2016,@ronmarz Damn. I need to flop it!
749371138703261700,Sat Jul 02 22:36:16 +0000 2016,@ronmarz @JoeJusko RIGHT!! https://t.co/7zyhQ3tYyF
749370061983510500,Sat Jul 02 22:32:00 +0000 2016,@ronmarz Totally assholes, those guys! https://t.co/y09XKSwWka
749368981895651300,Sat Jul 02 22:27:42 +0000 2016,@ronmarz What ass would do THAT??
749364870471090200,Sat Jul 02 22:11:22 +0000 2016,https://t.co/BPAvHjbeRJ
749364818822463500,Sat Jul 02 22:11:09 +0000 2016,https://t.co/ihJbZzRh6R
749364609681858600,Sat Jul 02 22:10:20 +0000 2016,The "What If?" 1st appearance variants are my favorite cards from the new MM set! @UpperDeckEnt @beckettmedia https://t.co/7ayae20tXg
749282087316951000,Sat Jul 02 16:42:25 +0000 2016,RT @pepemelan: #ff @JoeJusko @mike_mayhew @SteveEpting @SBianchiArt motivating my artcave creativity continuously!  #creativegeniusatwork
749010583874314200,Fri Jul 01 22:43:33 +0000 2016,RT @KurtFleischer: Saw @Tarzan2016July this morning thought it was a rousing old fashioned adventure story that ERB would proud of.
748975183088660500,Fri Jul 01 20:22:53 +0000 2016,LOVE this cover! https://t.co/xemLGD27w2
748971458546659300,Fri Jul 01 20:08:05 +0000 2016,@CoolComicArt Always liked this sketch! Re-envisioned  for the new Marvel Masterpieces set.
748953788849860600,Fri Jul 01 18:57:52 +0000 2016,So incredibly flattered, Robert!  https://t.co/o0U1qd8Yla
748939863731281900,Fri Jul 01 18:02:32 +0000 2016,RT @ERBurroughsFan: @JoeJusko Wonderful post, such a classic image. Many thanks!
748939004725239800,Fri Jul 01 17:59:07 +0000 2016,Shanna, Ina &amp; Biri are off to see Legend of Tarzan! I wouldn't talk during the movie if I were you! @EdgarRBurroughs https://t.co/miF12lXMUH
748936092536025100,Fri Jul 01 17:47:33 +0000 2016,Legend of Tarzan opens today! Promises to be the best Tarzan film in decades! @EdgarRBurroughs @Tarzan2016July https://t.co/ti7IDNhEOI
748930934242631700,Fri Jul 01 17:27:03 +0000 2016,Here's hoping for a big weekend for our favorite ape man! @EdgarRBurroughs @Tarzan2016July @ronmarz https://t.co/7f79hswYal
748880960138215400,Fri Jul 01 14:08:29 +0000 2016,Scoop - Where the Magic of Collecting Comes Alive! - Marvel Masterpieces Redux: Upper Deck 2016 https://t.co/wLPtPdbyJO via @Scoop_Gemstone
748709794203177000,Fri Jul 01 02:48:19 +0000 2016,@UpperDeckEnt  My pleasure, guys! Let's do 300 more! ;-)
748709366388392000,Fri Jul 01 02:46:37 +0000 2016,RT @CreatureFrank: @UpperDeckEnt @JoeJusko these are the most beautiful trading cards I have ever seen. I just wish I could get more. Sold…
748709334650159100,Fri Jul 01 02:46:30 +0000 2016,@CreatureFrank @UpperDeckEnt THANKS, FRANK!  :-)
748709085911117800,Fri Jul 01 02:45:31 +0000 2016,RT @UpperDeckEnt: Thank you @JoeJusko for all your hard work. 2016 Marvel Masterpieces is amazing!  What do you all think? https://t.co/Juy…
748704510902726700,Fri Jul 01 02:27:20 +0000 2016,RT @Jasonwi80090341: @JoeJusko @UpperDeckEnt ....time to open it up!!!! Just got it through the he mail! https://t.co/nAKHPqzovm
748582212526870500,Thu Jun 30 18:21:22 +0000 2016,Nice to see that another property I'm so closely associated with is getting some love this week! https://t.co/mDw2xctqTK
748580760819499000,Thu Jun 30 18:15:35 +0000 2016,@CavalierCards From the set but not one of mine. :-(
748573765613817900,Thu Jun 30 17:47:48 +0000 2016,RT @AJayeWilliams: @JoeJusko @sketchcards @UpperDeckEnt I see your 'Yikes' &amp; raise you a WOW! But not surprised where your artwork in conce…
748545955843182600,Thu Jun 30 15:57:17 +0000 2016,RT @GTSDistribution: LIVE NOW! @Marvel  Masterpieces  @UpperDeckEnt  featuring @JoeJusko  #collect #thehobby https://t.co/LBECZZcI8h https:…
748517851447832600,Thu Jun 30 14:05:37 +0000 2016,Yikes! Wish I had 100 of them! lol  https://t.co/audikiASKB
748360047915319300,Thu Jun 30 03:38:33 +0000 2016,RT @JaspysHobbyland: Sweet #/10 @JoeJusko auto out of @upperdeckent #Marvel Masterpieces  Break more with us on https://t.co/SRuzsOfB5A! ht…
748332781235744800,Thu Jun 30 01:50:13 +0000 2016,RT @RedNailsII: @UpperDeckEnt Jusko Marvel Masterpieces in stock today. https://t.co/JCE2NxFB9H https://t.co/24fzotBEcc
748332607151177700,Thu Jun 30 01:49:31 +0000 2016,RT @UpperDeckEnt: Left from 1992, right 2016. Time has passed and the art is still amazing. 2016 Marcel Masterpieces by @JoeJusko https://t…
748332498942369800,Thu Jun 30 01:49:05 +0000 2016,This was a labor of love. Thanks for your patience in letting me put out the best work possible!  https://t.co/Sh8iFOxKED
748317139627610100,Thu Jun 30 00:48:03 +0000 2016,Kind post from a fan about my Marvel Masterpiece cards. Things like this make all the hard work worth it. Humbled. https://t.co/bQFN92kCY6
748275726214897700,Wed Jun 29 22:03:30 +0000 2016,RT @sportscards: Years in the making, 2016 Upper Deck #Marvel Masterpieces by @JoeJusko is out now! Checklist https://t.co/Nhvzd8YWRw https…
748198907348459500,Wed Jun 29 16:58:15 +0000 2016,RT @GTSDistribution: THE WAIT IS OVER! @Marvel Masterpieces  @UpperDeckEnt featuring @JoeJusko #collect #thehobby https://t.co/LBECZZcI8h h…
748198699919106000,Wed Jun 29 16:57:25 +0000 2016,RT @UpperDeckEnt: That feeling you get when you finally get to open a box of 2016 Marvel Masterpieces by @JoeJusko. #worththewait https://t…
748198511125069800,Wed Jun 29 16:56:40 +0000 2016,RT @UpperDeckEnt: Let's get cracking!  2016 Marvel Masterpieces by @JoeJusko https://t.co/wNIHC329n3
748189386030846000,Wed Jun 29 16:20:24 +0000 2016,2016 MARVEL MASTERPIECES Release Day! Almost 3 years of work finally sees the light! @UpperDeckEnt @beckettmedia https://t.co/2Q1HH9wK84
748166454080643100,Wed Jun 29 14:49:17 +0000 2016,RT @juanny28rm: Wolverine for Marvel Masterpieces after @JoeJusko #wolverine #logan #xmen  #joejusko @copicmarker @UpperdeckEnt https://t.c…
747961296935596000,Wed Jun 29 01:14:04 +0000 2016,RT @chicagogeekdad: 4 of my sketch cards for Marvel Masterpieces 2016, along with the originals by @JoeJusko @copicmarker @UpperDeckEnt htt…
747943933582413800,Wed Jun 29 00:05:04 +0000 2016,RT @Hamskillet: @JoeJusko @UpperDeckEnt @beckettmedia I seriously cannot wait!!!
747917785871818800,Tue Jun 28 22:21:10 +0000 2016,RT @JaspysHobbyland: Stop by our shop or email us if you'd like to buy a box or case - @UpperDeckSports Marvel Masterpieces feat @JoeJusko…
747917672889847800,Tue Jun 28 22:20:43 +0000 2016,RT @JaspysHobbyland: We also have a group break if you wanna get a huge hit for a fraction of the price!   https://t.co/P1A4EdUyvE  @UpperD…
747904330804662300,Tue Jun 28 21:27:42 +0000 2016,RT @EdgarRBurroughs: Ed Catto: A Guy and His Lion – #Tarzan’s New Logo https://t.co/hffsEeTBB7 https://t.co/wsGoMT9iss
747895187754655700,Tue Jun 28 20:51:22 +0000 2016,THE BLACK CAT Marvel Masterpieces Day is tomorrow!! Here's a bonus preview card!   @UpperDeckEnt @beckettmedia https://t.co/g8wfnkPIGL
747887385866821600,Tue Jun 28 20:20:22 +0000 2016,@MLukeBrown @comicsalliance @Linda730 Nice interview, Luke! Thanks for the coverage!
747887065216454700,Tue Jun 28 20:19:06 +0000 2016,Joe Jusko and the Making of a (Marvel) Masterpiece [Interview] https://t.co/s2XP3QX47n @comicsalliance
747885589643563000,Tue Jun 28 20:13:14 +0000 2016,RT @comicsalliance: Joe Jusko and the Making of a (Marvel) Masterpiece [Interview] https://t.co/Kk6ky34Gnf https://t.co/HooUG1gQcQ
747788877809713200,Tue Jun 28 13:48:56 +0000 2016,RT @ERBurroughsFan: Not much longer now! #LegendOfTarzan #ERB https://t.co/brXitVsl15
747778607058124800,Tue Jun 28 13:08:07 +0000 2016,ROGUE Marvel Masterpieces Day is tomorrow!! @UpperDeckEnt @beckettmedia https://t.co/8MygQqiPKr
747400493714968600,Mon Jun 27 12:05:38 +0000 2016,GIANT-MAN 3 days until the 2016 Marvel Masterpieces cards are released! @UpperDeckEnt @beckettmedia https://t.co/ljU3enjoa8
747239993370869800,Mon Jun 27 01:27:52 +0000 2016,@ronmarz @aaronlopresti @beckettmedia If I had a nickel....
747114411618349000,Sun Jun 26 17:08:51 +0000 2016,Thanks,Steve! Means a lot!  https://t.co/o9nH79KiK2
747090323449462800,Sun Jun 26 15:33:08 +0000 2016,MAN-THING 4 days until the 2016 Marvel Masterpieces cards are released!@UpperDeckEnt @beckettmedia https://t.co/1XDM8uSBrr
746863711739052000,Sun Jun 26 00:32:39 +0000 2016,RT @ProudFenian: Thanks @LiamRSharp  and @JoeJusko !!! I'll send you another pic when they are framed!!! https://t.co/zyJUMgHpPH
746707315399721000,Sat Jun 25 14:11:11 +0000 2016,RT @pepemelan: #ff @SBianchiArt @SteveEpting @mike_mayhew @JoeJusko bring inspiring art to the world!  #creativegeniusatwork
746706262038052900,Sat Jun 25 14:07:00 +0000 2016,SATANA 5 days until the 2016 Marvel Masterpieces cards are released! @UpperDeckEnt @beckettmedia https://t.co/mnMwd5HRoK
746585960310313000,Sat Jun 25 06:08:58 +0000 2016,@muggle_4_life @UpperDeckEnt @beckettmedia Thanks, buddy! So happy you're liking the new card previews!
746585632026280000,Sat Jun 25 06:07:40 +0000 2016,RT @muggle_4_life: @JoeJusko @UpperDeckEnt @beckettmedia looks FANTASTIC!!!  Love your artwork and I need to find my old sets!
746330020809945100,Fri Jun 24 13:11:57 +0000 2016,DAREDEVIL 6 days until the 2016 Marvel Masterpieces cards are released! @UpperDeckEnt @beckettmedia https://t.co/2lFYhB0vNh
746156754501787600,Fri Jun 24 01:43:27 +0000 2016,RT @DeathWishCoffee: Fake it til you make it https://t.co/2r0qHjHgz8
746092302452559900,Thu Jun 23 21:27:21 +0000 2016,RT @RichMolinelli: 2016 Joe Jusko Marvel Masterpieces Sketch Cards.  @JoeJusko #marvel @Marvel #xmen @UpperDeckEnt https://t.co/qxHYw4AHLo
745986947320062000,Thu Jun 23 14:28:42 +0000 2016,GHOST RIDER 7 days until the 2016 Marvel Masterpieces cards are released. @UpperDeckEnt @beckettmedia https://t.co/7TX5XLRz0H
745664461420265500,Wed Jun 22 17:07:16 +0000 2016,LOKI 8 days until the 2016 Marvel Masterpieces cards are released! @UpperDeckEnt @beckettmedia https://t.co/NxdmISwEMO
745663489981710300,Wed Jun 22 17:03:24 +0000 2016,RT @JoeJusko: SCARLET WITCH 8 days until the 2016 Marvel Masterpieces cards are released! @UpperDeckEnt @beckettmedia https://t.co/EEMtMRg4…
745656096942137300,Wed Jun 22 16:34:01 +0000 2016,SCARLET WITCH 8 days until the 2016 Marvel Masterpieces cards are released! @UpperDeckEnt @beckettmedia https://t.co/EEMtMRg4Sg
745646454467764200,Wed Jun 22 15:55:42 +0000 2016,RT @beckettmedia: 2016 Upper Deck #Marvel Masterpieces checklist. And yes, it's filled with new @JoeJusko art https://t.co/fnhyJfx5Ri https…
745047226817216500,Tue Jun 21 00:14:35 +0000 2016,RT @sportscards: 2016 Upper Deck #Marvel Masterpieces checklist is here! https://t.co/Nhvzd8YWRw #collect @JoeJusko @UpperDeckEnt https://t…
743255171619233800,Thu Jun 16 01:33:36 +0000 2016,@allan_wrench @UpperDeckEnt Hoping you like them as much as I  liked painting them, Allan!
743254942052458500,Thu Jun 16 01:32:41 +0000 2016,RT @allan_wrench: @UpperDeckEnt Hoping in two weeks I'll have my hands full with the New Marvel Masterpieces @JoeJusko #droolingwithanticip…
740696977298628600,Thu Jun 09 00:08:15 +0000 2016,@LiamRSharp I'll write a bad one for you so you don't get a swollen head. I'm a friend that way. ;-)
740694855601520600,Wed Jun 08 23:59:49 +0000 2016,@LiamRSharp Congrats on all the great WW press, buddy! I knew it would be forthcoming (and well deserved)!
740272638937997300,Tue Jun 07 20:02:05 +0000 2016,@Alejandrobot @MyZombies WHERE???
739291150268440600,Sun Jun 05 03:02:00 +0000 2016,LOL. Replying to @ronmarz goofing on mu Yankee shirt!  https://t.co/a4qVa1xtrR
739242675065524200,Sat Jun 04 23:49:22 +0000 2016,Met fans. &gt;yawn&lt; https://t.co/oBPVD0DjdR
738847044840751100,Fri Jun 03 21:37:17 +0000 2016,Best Green Room Ever @NFComicCon! Linda and I have seen wedding buffets that pale in comparison! @Linda730 https://t.co/N9nhAAOH7R
738439361923043300,Thu Jun 02 18:37:18 +0000 2016,Looking forward to seeing everyone at the Niagara Falls Comic Con this weekend! @Linda730 @NFComicCon  https://t.co/I3gbepg92Y
737156671156281300,Mon May 30 05:40:20 +0000 2016,This could not be more true https://t.co/cMk279Yz77
736780463662997500,Sun May 29 04:45:25 +0000 2016,Missing the cold Smithwick's! And  these guys, of course!  https://t.co/bl97oTepLD
736464241402609700,Sat May 28 07:48:52 +0000 2016,RT @MyZombies: #BFF lol, @JoeJusko @LiamRSharp @yourfriendandy @JohnPValiant @Linda730
736400767188246500,Sat May 28 03:36:39 +0000 2016,RT @MyZombies: Amazing dinner! Amazing people! @fredvanlente @JoeJusko @yourfriendandy @LiamRSharp @JohnPValiant @ValiantComics https://t.c…
735894770757832700,Thu May 26 18:06:00 +0000 2016,@LiamRSharp @JoeJusko But mainly you just wanna see me, right? :-)
735632545581289500,Thu May 26 00:44:00 +0000 2016,Looking forward to seeing my buddy Big Liam Sharp at https://t.co/pbrJ6ugJ5M this weekend! @LiamRSharp @Linda730 @Space
734880950077755400,Mon May 23 22:57:26 +0000 2016,Tiny painting (6"x8.5") but one of my favorites from my ERB card set. Still want to repaint it much larger. One day. https://t.co/5h1Y51LM2Q
734055197522034700,Sat May 21 16:16:11 +0000 2016,Bring out your inner Viking with @DeathWishCoffee! @ronmarz @Linda730 https://t.co/ghhoL3m0i1
733358165459390500,Thu May 19 18:06:26 +0000 2016,Preview of my 19 page profile in ILLUSTRATORS Quarterly #14!  Order your copies here:  https://t.co/f7zKUAgXbZ https://t.co/qR8uOrLQvw
733188120376692700,Thu May 19 06:50:44 +0000 2016,I have a 19 page profile in the new ILLUSTRATORS Quartery #14! Available now! https://t.co/glkvFIA3BL
732632488602947600,Tue May 17 18:02:51 +0000 2016,RT @ronmarz: ICYMI, nice piece on @DeathWishCoffee comic me me, Rick Leonardi and @JoeJusko. Odinforce! https://t.co/OLcfHYecE9 https://t.c…
732299788293668900,Mon May 16 20:00:49 +0000 2016,RT @ronmarz: Holy crap, it's not just the headline, @Stelfreeze and @colorista not mentioned in the article anywhere.  https://t.co/ig5rpCG…
732286973499560000,Mon May 16 19:09:54 +0000 2016,RT @DynamiteComics: Tip o’ the hat to @EdgarRBurroughs, our partners on WARLORD OF MARS and LORD OF THE JUNGLE! https://t.co/YNwWkR69iv htt…
732286799033319400,Mon May 16 19:09:12 +0000 2016,RT @DeathWishCoffee: I can make an entire pot of coffee disappear. #MyUselessSuperpower #OkNotTotallyUseless
732012009429045200,Mon May 16 00:57:17 +0000 2016,Proud that my work has gotten me to be so closely associated with ERB! @ERBurroughs
732011916546216000,Mon May 16 00:56:55 +0000 2016,Tarzan fever is running high with the new movie coming out! @ERBurroughs
732011735448731600,Mon May 16 00:56:12 +0000 2016,Contributing a profile piece to an article on the history of Tarzan for Britain's SFX magazine! @ERBurroughs
731275672203694100,Sat May 14 00:11:21 +0000 2016,RT @AJayeWilliams: @DynamiteComics @JoeJusko Loved Joe's covers on Warlord of Mars! Would love to see a collection of his covers in 1 volum…
731264678505136100,Fri May 13 23:27:40 +0000 2016,@DynamiteComics Too kind, guys!! Thanks!!
731264573781774300,Fri May 13 23:27:15 +0000 2016,RT @DynamiteComics: #FF @JoeJusko, fantasy painter extraordinaire! Check out his WARLORD OF MARS cover! https://t.co/NGmfG4BKMm https://t.c…
731150778006638600,Fri May 13 15:55:04 +0000 2016,Scoop - Where the Magic of Collecting Comes Alive! - May 27-29: Space City Comic Con https://t.co/8kz4CQKoMT via @Scoop_Gemstone
731149884577960000,Fri May 13 15:51:31 +0000 2016,RT @Newsarama: Creator Darwyn Cooke Receiving Palliative Care for Aggressive Cancer https://t.co/N7kyvysAtq
731138306742861800,Fri May 13 15:05:30 +0000 2016,RT @Newsarama: .@RonMarz, LEONARDI &amp; @JoeJusko Put Some Vikings In Their Coffee With ODINFORCE  https://t.co/c9qR7cbKwu https://t.co/Aspolo…
730870846923915300,Thu May 12 21:22:43 +0000 2016,RT @LiamRSharp: My first page for issue 1 of #WonderWoman! @ruckawriter https://t.co/c9xeY1mbyO
730870805148618800,Thu May 12 21:22:33 +0000 2016,@LiamRSharp How awesome is that for 19??
730795623868473300,Thu May 12 16:23:48 +0000 2016,@LiamRSharp @MidtownComics @DCComics @WonderWomanFilm Lets not talk about how you got the gig. ;-)
730781083772592100,Thu May 12 15:26:02 +0000 2016,Man, @LiamRSharp is kicking ass on this book! I can't believe the amount of work on these pages!  https://t.co/pDCzgVuD0B
730779791813677000,Thu May 12 15:20:54 +0000 2016,Thanks for the care package, guys!! @DeathWishCoffee @ronmarz https://t.co/gD8rt3bLxi
730201096342392800,Wed May 11 01:01:22 +0000 2016,RT @LiamRSharp: Film or no film I'm just excited beyond words to be drawing the new comic series! :-)  @ruckawriter @NicolaScottArt  https:…
730201038616199200,Wed May 11 01:01:08 +0000 2016,RT @ronmarz: The @DeathWishCoffee comic I did with Rick Leonardi and @JoeJusko will be offered again. Give 'em a follow.  https://t.co/bDtn…
729745501197881300,Mon May 09 18:51:00 +0000 2016,@ronmarz @Bonkya1 I WANT ONE!!!  ;-)
729744912275615700,Mon May 09 18:48:39 +0000 2016,RT @ronmarz: Didja see the @JoeJusko cover for our @DeathWishCoffee comic? Didja?! https://t.co/smHfQsgkPU
729145976200499200,Sun May 08 03:08:42 +0000 2016,RT @ronmarz: @ChrisPartin @JoeJusko @DeathWishCoffee Free with an order on the Death Wish website today.
729104514750500900,Sun May 08 00:23:57 +0000 2016,Great FCBD signing my Death Wish Coffee Presents cover! @ronmarz @ComicDepotLLC @Linda730 @DeathWishCoffee https://t.co/bI1nwGx73x
729101638749851600,Sun May 08 00:12:31 +0000 2016,After FCBD drinks at Good Buddy's Pub. Love this place!! @GoodBuddysPub @Linda730 https://t.co/1AeQmjeTOE
729067734978469900,Sat May 07 21:57:48 +0000 2016,RT @ronmarz: The @JoeJusko cover for our @DeathWishCoffee comic. Epic! https://t.co/kU6U7aL2sE
728670334795255800,Fri May 06 19:38:40 +0000 2016,Cool MM  promo video! Yeah, it says Summer 2015, but, well...oops! The wait is almost over! https://t.co/A6ABLII9oL
728639265307942900,Fri May 06 17:35:12 +0000 2016,RT @nelsonblake2: @ronmarz @JoeJusko @DeathWishCoffee That's really cool.
728303874440892400,Thu May 05 19:22:29 +0000 2016,Get "Death Wish Coffee Presents #1; Odinforce" by Ron Marz and Rick Leonardi! Cover by me! @ronmarz @ComicDepotLLC https://t.co/FRJSVfC7H6
728296555686547500,Thu May 05 18:53:24 +0000 2016,RT @Devilpig666: Black Cat, sitting on a black cat. So meta. https://t.co/R1oWcgjPbu
728292279610380300,Thu May 05 18:36:25 +0000 2016,RT @ronmarz: This Saturday, FCBD at @ComicDepotLLC in Saratoga, with me, @JoeJusko and the debut of @DeathWishCoffee comic. https://t.co/J0…
728273380491800600,Thu May 05 17:21:19 +0000 2016,RT @ComicDepotLLC: FCBD this Saturday!  Sale, FCBD comics, cosplay, &amp; Facepainting! Guests: @ronmarz @Bonkya1 @JoeJusko &amp; Kevin Conrad  htt…
727932239565099000,Wed May 04 18:45:44 +0000 2016,RT @ronmarz: For FCBD this Saturday, I will be at @ComicDepotLLC in Saratoga, along with @JoeJusko, from noon to 4 p.m. #FCBD2016
727932095260143600,Wed May 04 18:45:10 +0000 2016,RT @ronmarz: We'll have copies of our @DeathWishCoffee comic to give away, art by Rick Leonardi, cover by @JoeJusko. #FCBD2016 https://t.co…
727291911665520600,Tue May 03 00:21:18 +0000 2016,@LiamRSharp @JoeJusko  Beers are on you. LOLOL
727289585873604600,Tue May 03 00:12:04 +0000 2016,My buddy @LiamRSharp is killing it on Wonder Woman! https://t.co/sgCBp9JM1g
727288956119834600,Tue May 03 00:09:34 +0000 2016,RT @LiamRSharp: Wow!!!! What a lovely response for the #WonderWoman pages! So great to be working with @ruckawriter, Laura Martin, and @Nic…
727274016461967400,Mon May 02 23:10:12 +0000 2016,RT @ComicDepotLLC: Free Comic Book Day is this Saturday and we just added @JoeJusko to our line up!  https://t.co/82JCubRTSm
726088104004714500,Fri Apr 29 16:37:48 +0000 2016,RT @pepemelan: #ff @SBianchiArt @mike_mayhew @JoeJusko @SteveEpting @ljbermejo  Inspiring my artcave creativity &amp; the worlds daily!  #creat…
723984506135433200,Sat Apr 23 21:18:51 +0000 2016,Can't wait for the cover to be released. Ron and Rick dud great work on this!  https://t.co/Uk614KjbKC
723880945347113000,Sat Apr 23 14:27:21 +0000 2016,GODZILLA; Oblivion #2!!! @fc3roc @1stprintcomics https://t.co/7jGnMdTrcv
723863408316145700,Sat Apr 23 13:17:39 +0000 2016,1st Print Comics store exclusive GODZILLA cover premieres today at Flower City Comic Con! @fc3roc @1stprintcomics https://t.co/U2SCVlMunj
723860840584237000,Sat Apr 23 13:07:27 +0000 2016,Day 1 of the Flower City Comic Con in Rochester, NY! @fc3roc
723546110183260200,Fri Apr 22 16:16:50 +0000 2016,MORE MM COVERAGE!! 20 Years Later, Joe Jusko Returns to Paint a New Set of Marvel Masterpieces https://t.co/ZywVZSH5kQ @comicsalliance
723150625794613200,Thu Apr 21 14:05:19 +0000 2016,https://t.co/gpKdGU89Fz
722993569913548800,Thu Apr 21 03:41:14 +0000 2016,RT @ArtOfJason: @JoeJusko @beckettmedia finally!!!! Honored to contribute sketchcards for this set.  Can't wait to see this one.
722950354325807100,Thu Apr 21 00:49:30 +0000 2016,THEY'RE ALMOST HERE!!  2016 Upper Deck Marvel Masterpieces Returns to the Brand’s Roots via @beckettmedia https://t.co/cbfL6yo3rK
720282832053133300,Wed Apr 13 16:09:44 +0000 2016,Just finished a cool piece for @ronmarz! Can't show it yet, but it was so much fun! Almost as cool as another thing we wanna do together!
720281139299094500,Wed Apr 13 16:03:00 +0000 2016,RT @ronmarz: So @JoeJusko just sent me something really cool. No, you can't see it yet. Soon.
720280913238745100,Wed Apr 13 16:02:06 +0000 2016,@ronmarz Now THAT belongs in my kitchen!
720279671603077100,Wed Apr 13 15:57:10 +0000 2016,SHOWWWWW THEMMMMM!!!!! lol https://t.co/eIUVC9br1C
718599191681986600,Sat Apr 09 00:39:32 +0000 2016,Apologies to all for canceling out of #SuperMegaFest this weekend. A lot of Masterpieces end project clean up and sketch cards are due.
718598449730560000,Sat Apr 09 00:36:35 +0000 2016,MARVEL MASTERPIECES trading cards are DONE! Painting 135 of 135! Black Bolt vs. Vulcan!! https://t.co/fK7o9H6Vme
716303410644000800,Sat Apr 02 16:36:56 +0000 2016,GODZILLA;Oblivion #2 Store exclusive cover for 1st Print Comics in Rochester, NY https://t.co/OVWQIPQz7x
715931800695083000,Fri Apr 01 16:00:17 +0000 2016,RT @pepemelan: #ff @SBianchiArt @SteveEpting @JoeJusko @ljbermejo @mike_mayhew inspiring creativity in my artcave!  #creativegeniusatwork
715650065533153300,Thu Mar 31 21:20:46 +0000 2016,RT @megafestcon: Meet artist @JoeJusko at #SuperMegafest https://t.co/zB6MhfgjtX #artists #comicbooks #comiccon https://t.co/8SiXOoZ0yD
715649995479851000,Thu Mar 31 21:20:29 +0000 2016,The last of 135 Marvel Masterpiece paintings  is now on the board! Finish line in sight!!!
713411272218439700,Fri Mar 25 17:04:36 +0000 2016,RT @GeekyNerfherder: #ArtOfTheDay: 'Warlord Of Mars' #24 by @JoeJusko https://t.co/EtLwNIc608 @DynamiteComics https://t.co/1oABVwBfnu
709873558588158000,Tue Mar 15 22:46:59 +0000 2016,RT @JohnCarterFilm: it's #JohnCarter2Tuesday  check out this amazing #JohnCarter image by @JoeJusko #BackToBarsoom  #JohnCarterForever  htt…
709508552176566300,Mon Mar 14 22:36:35 +0000 2016,Joe Jusko's Process Of Painting Moon Knight - Bleeding Cool Comic Book, Movie, TV News https://t.co/jViN85osjz
706963385183817700,Mon Mar 07 22:03:00 +0000 2016,Our boy Chewie is such the romantic! https://t.co/Uwe8vGcnDX
704755904701472800,Tue Mar 01 19:51:16 +0000 2016,RT @megafestcon: .@JoeJusko is a #SuperMegafest guest in April, https://t.co/GQlwk7ZSP5 #comiccon #Spiderman https://t.co/y0YUWAZTxY
704443427644112900,Mon Feb 29 23:09:35 +0000 2016,@ARTOFJONHAWARD @Soulman_Inc @artofmmignola @JoeJusko Coolness! Thanks!!
701899634927673300,Mon Feb 22 22:41:28 +0000 2016,@ronmarz @JoeJusko  Exactly!
701896680870977500,Mon Feb 22 22:29:43 +0000 2016,@ronmarz Been dying to paint this scene for 40 years!
701894766733213700,Mon Feb 22 22:22:07 +0000 2016,@ronmarz Just doing one right now, but it's THE one.
701892914423722000,Mon Feb 22 22:14:45 +0000 2016,So excited to be reunited with the huge Cimmerian after more than 25 years! I really miss the big guy! https://t.co/SytNJ4NBW4
700375832280354800,Thu Feb 18 17:46:25 +0000 2016,@ComicCrusaders No biggie. Just clarifying. Happens a lot. :-)
700362078469681200,Thu Feb 18 16:51:46 +0000 2016,@ComicCrusaders Great piece, but not by me. ;-(
699708495285899300,Tue Feb 16 21:34:39 +0000 2016,RT @ZonaNegativa: El Capi y los Comandos Aulladores, por @JoeJusko https://t.co/LNWUTvoRBI
699657112809553900,Tue Feb 16 18:10:29 +0000 2016,I KNEW IT! I'm a savant! LOL https://t.co/cDi8YQvcD4
699336396662771700,Mon Feb 15 20:56:04 +0000 2016,Some cool Conan and REH news coming! So excited to be reunited with the big Cimmerian 25 years after my last Savage Sword of Conan cover!
699334252853383200,Mon Feb 15 20:47:33 +0000 2016,RT @JohnCarterFilm: it's #JohnCarter2Tuesday  check out this amazing #JohnCarter image by @JoeJusko #BackToBarsoom  #JohnCarterForever  htt…
699334235820322800,Mon Feb 15 20:47:29 +0000 2016,@JohnCarterFilm One of my favorite covers.
695003464917581800,Wed Feb 03 21:58:33 +0000 2016,RT @Elreynetwork: That time Conan fought Ninjas.  Art by @JoeJusko. #Fantasy https://t.co/8fUO39dH5f
692496625114206200,Wed Jan 27 23:57:16 +0000 2016,@pgulacy1 @JoeJusko at #CalComicCon  this coming Sunday!
692495976548954100,Wed Jan 27 23:54:41 +0000 2016,I'll be at the CalComicCon this coming weekend! https://t.co/YuV7h9GKta #CalComicCon #PaulGulacy
691310606008344600,Sun Jan 24 17:24:27 +0000 2016,RT @GulacyArt: .@JoeJusko + @pgulacy1 will be @ https://t.co/l0kfqeE7sL on Jan 31 2016! #CalComicCon #Gulacy #Jusko #YorbaLinda 🍊🍋 https://…
691310578690867200,Sun Jan 24 17:24:20 +0000 2016,@GulacyArt @pgulacy1 Looking forward to seeing you, buddy! It's been way too long!
690650202617856000,Fri Jan 22 21:40:14 +0000 2016,RT @pepemelan: #ff @SBianchiArt @JoeJusko @mike_mayhew @ljbermejo @SteveEpting inspiring creativity in my artcave daily! #creativegeniusatw…
688886397080592400,Mon Jan 18 00:51:30 +0000 2016,One fumble and the season is over. &gt;sigh&lt;
688839335148433400,Sun Jan 17 21:44:30 +0000 2016,#HereWeGo!
688809443249623000,Sun Jan 17 19:45:43 +0000 2016,https://t.co/g6hd5dYZ0T
688778124432138200,Sun Jan 17 17:41:16 +0000 2016,Super nice! I am such a huge Rick Leonardi fan!  https://t.co/brTaT1LLXi
688559348465938400,Sun Jan 17 03:11:56 +0000 2016,@ronmarz  I have that itch, too!  Hmmm, what to do???
688547378434052100,Sun Jan 17 02:24:22 +0000 2016,Great work you both did on these issues! Hope your Mars itch gets scratched again soon! ;-) https://t.co/IR6Sbf4pYo
686278502040076300,Sun Jan 10 20:08:39 +0000 2016,I woulda tased you https://t.co/gqvum8vDEn
686278235869544400,Sun Jan 10 20:07:36 +0000 2016,@ronmarz   ;-)
686270165651210200,Sun Jan 10 19:35:32 +0000 2016,I loved these books! https://t.co/X8VJ4EedUC
686269951632666600,Sun Jan 10 19:34:41 +0000 2016,@ronmarz Makes you almost wanna do something like this, doesn't it? ;-)
686255970994008000,Sun Jan 10 18:39:08 +0000 2016,@ronmarz  I'm in my glory! https://t.co/o0xv5wemZG
686255573877284900,Sun Jan 10 18:37:33 +0000 2016,TARZAN by Hal Foster. Every bit as good as his later Prince Valiant work! https://t.co/Ro0PVMJaro
684998903809310700,Thu Jan 07 07:23:59 +0000 2016,@ronmarz @LostDrawings   Took me years to convince people this is McGinnis!
684998436240932900,Thu Jan 07 07:22:08 +0000 2016,One of my all time favorite paperback artists! Love the Bob Abbett TARZAN and MARS covers! https://t.co/MfWEz9YUYP
684498421437329400,Tue Jan 05 22:15:15 +0000 2016,RT @ERBurroughsFan: Here is some of @JoeJusko's best-known #JohnCarter art. #Barsoom #DejahThoris #ERB https://t.co/1UY2DwJYn7
684496743233392600,Tue Jan 05 22:08:35 +0000 2016,@ERBurroughsFan @JoeJusko   Oof. Here's a an accurate scan. One of my favorite covers! https://t.co/tk3ua442rv
684487728105271300,Tue Jan 05 21:32:46 +0000 2016,Should this ever get off the ground I would kill to be a production designer on this film. https://t.co/biapvstdx9
681516448125206500,Mon Dec 28 16:45:57 +0000 2015,Man, I would love to see you tackle this! I would kill to do just one Sunday!  https://t.co/QIxkzYvHrV
679710116204134400,Wed Dec 23 17:08:14 +0000 2015,RT @pepemelan: #ff @mike_mayhew @SBianchiArt @JoeJusko @SteveEpting @ljbermejo inspiring my artcave creativity this holiday season!  #creat…
679709999610884100,Wed Dec 23 17:07:46 +0000 2015,RT @ERBurroughsFan: MT @bobbynash @AmazingStories0: "The Art of Pellucidar" https://t.co/DkKLzvqj64 #ERB #Frazetta @JoeJusko https://t.co/D…
675766900475998200,Sat Dec 12 19:59:18 +0000 2015,MERRY CHRISTMAS, buddy! I'm gonna make out on this deal. lol https://t.co/zpmPlZKdXd
674776983574855700,Thu Dec 10 02:25:44 +0000 2015,Wowza! https://t.co/6BMCwUHVfY
670524263569293300,Sat Nov 28 08:46:56 +0000 2015,@TomTaylorMade @davegibbons90 @JoeJusko @Bob_Layton @SupanovaExpo Awesome time!!
669400268711338000,Wed Nov 25 06:20:35 +0000 2015,RT @Bob_Layton: @JoeJusko @Linda730 and me on board the plane to Brisbane for part 2 of our Aussie adventure. #Supanova https://t.co/8AkjZ1…
669400238470373400,Wed Nov 25 06:20:28 +0000 2015,Off on another adventure in Oz.  https://t.co/4mja7dRr3I
667988574613049300,Sat Nov 21 08:51:01 +0000 2015,RT @SeanFewster: So far at @SupanovaExpo, I've had the pleasure of meeting @davegibbons90, @JoeJusko, @Bob_Layton &amp; @mrosenbaum711. Wonderf…
667986026900549600,Sat Nov 21 08:40:54 +0000 2015,RT @TomTaylorMade: Great catch up with @davegibbons90 @Bob_Layton &amp; @JoeJusko at @SupanovaExpo. Thanks to all who came to our signings. htt…
665312172516462600,Fri Nov 13 23:35:57 +0000 2015,https://t.co/kjuQof120f
665265267602255900,Fri Nov 13 20:29:34 +0000 2015,RT @1stprintcomics: Our Bond books have arrived, not shaken nor stirred. If you are getting it, you can start getting these as early... htt…
665265209070719000,Fri Nov 13 20:29:20 +0000 2015,RT @1stprintcomics: We started selling tickets to two separate raffles today with the prize for each being a full body sketch by Joe... htt…
665236997406122000,Fri Nov 13 18:37:14 +0000 2015,RT @pepemelan: #ff @SBianchiArt @SteveEpting @JoeJusko @mike_mayhew @ljbermejo motivating creativity in my artcave continuously!  #creative…
664127348879552500,Tue Nov 10 17:07:53 +0000 2015,LOLOLOL ;-) https://t.co/3a3HQCtI1F
663897924842188800,Tue Nov 10 01:56:14 +0000 2015,RT @ArtOfJason: @JoeJusko @UpperDeckEnt so awesome!!!! I got to paint sketchcards for this set too!!!
663894667562491900,Tue Nov 10 01:43:17 +0000 2015,@TheArcticBeast   Yes! New 135 card Marvel Masterpiece set due out around April, 2016. I painted all of the cards!
663831534651199500,Mon Nov 09 21:32:25 +0000 2015,@WalterSimonson  It's "HEDLEY"!
663818896458326000,Mon Nov 09 20:42:12 +0000 2015,3 days of Marvel Masterpieces autograph card signing! Time to ice my hand! Cards are gorgeous!  @UpperDeckEnt https://t.co/VTfEAFUZmx
663524939941720000,Mon Nov 09 01:14:08 +0000 2015,RT @ERBurroughsFan: #JohnCarter's attack, by @JoeJusko @DynamiteComics' WARLORD OF MARS #13 cover (2011): https://t.co/72vFVhQMMk #ERB http…
662042027413143600,Wed Nov 04 23:01:34 +0000 2015,@f_francavilla @JoeJusko  Huge compliment! Thanks!
662026659177066500,Wed Nov 04 22:00:30 +0000 2015,"THE NAME IS BOND, JAMES BOND!" A James Bond piece was on my bucket list and impossible to turn down!  https://t.co/vrOXj54nhQ
660980025190187000,Mon Nov 02 00:41:33 +0000 2015,RT @ARTOFJONHAWARD: Great Devils dumplings painting by @JoeJusko #vampirella 😍 fang-tastic night folks https://t.co/WeFhDFDJQd
660978779792240600,Mon Nov 02 00:36:36 +0000 2015,@UpperDeckEnt @Marvel  Signing the most amazing autograph cards for the new Marvel Masterpieces set! Great job, UD! #BestLookingCardsEVER
660228976959488000,Fri Oct 30 22:57:09 +0000 2015,@ronmarz YES! Yes WE will! ;-)
660225726910738400,Fri Oct 30 22:44:14 +0000 2015,@ronmarz because I Tweet once every 6 months! LOL
660220909270249500,Fri Oct 30 22:25:05 +0000 2015,First thing I ever had published! Letters page of The Monster Times #10 (1972) https://t.co/9WPHU4EhY8
660177604239040500,Fri Oct 30 19:33:01 +0000 2015,RT @pepemelan: #ff @SBianchiArt @mike_mayhew @JoeJusko @ljbermejo @SteveEpting motivating and inspiring my creativity daily!  #creativegeni…
660176696814002200,Fri Oct 30 19:29:24 +0000 2015,RT @smoke62: @JoeJusko @boxleitnerbruce AWESOME!!! My super cool high school alum and Luke Macahan!!!!!!!!
660123852471672800,Fri Oct 30 15:59:25 +0000 2015,Holy crap! Scarecrow is a fan of my work!! My day just got totally surreal!  https://t.co/N3g9P9FAqA
660123414028529700,Fri Oct 30 15:57:41 +0000 2015,@boxleitnerbruce  Holy crap! Huge fan of yours, as well! SO flattered that you like my work! I'm floored!
659841528156823600,Thu Oct 29 21:17:34 +0000 2015,RT @ERBurroughsFan: On #DejahThorisThursday, let's see @JoeJusko's detailed process for this iconic piece: https://t.co/jchL9Vk0u8 #ERB htt…
659436167608279000,Wed Oct 28 18:26:48 +0000 2015,RT @Elreynetwork: We're gonna need a bigger breath mint. Art by @JoeJusko https://t.co/cRmHdThhOS
649617423323263000,Thu Oct 01 16:10:37 +0000 2015,@ERBurroughsFan It's another at the top of my list.
649616873353576400,Thu Oct 01 16:08:26 +0000 2015,RT @ERBurroughsFan: @JoeJusko Many, many others would be happy to see that happen!
649616722383794200,Thu Oct 01 16:07:50 +0000 2015,RT @ERBurroughsFan: Personal favorite @JoeJusko cover with a fitting quote from Ray Bradbury about reading #ERB http://t.co/GZbaHXAI8B
649616662321365000,Thu Oct 01 16:07:36 +0000 2015,RT @ERBurroughsFan: Thanks for your comments, Joe!  Here's more iconic @JoeJusko art featuring great #ERB characters! http://t.co/3w8sR3OE9s
649616541579911200,Thu Oct 01 16:07:07 +0000 2015,@ERBurroughsFan  That's our son Brennan and our dog Stella!
649605979244494800,Thu Oct 01 15:25:09 +0000 2015,@ERBurroughsFan I love the property! All ERB, actually. If I could just paint his books for the rest of my life I think I'd be content :-)
649600597356859400,Thu Oct 01 15:03:46 +0000 2015,RT @ERBurroughsFan: WARLORD OF MARS #28 @JoeJusko, 2013: "Easily one of my favorite covers from the run so far!" http://t.co/soA26JrrTm htt…
649600578096599000,Thu Oct 01 15:03:41 +0000 2015,@ERBurroughsFan One of mine, as well!  Hope to do more in the future. Those covers are some of the best work I've ever done!
638928831248789500,Wed Sep 02 04:17:58 +0000 2015,RT @ERBurroughsFan: Happy 56th Birthday to Joe Jusko, born this day in New York City! @JoeJusko has illustrated many #ERB subjects. http://…
638761573629198300,Tue Sep 01 17:13:21 +0000 2015,@ronmarz Thanks, buddy!
637405082527658000,Fri Aug 28 23:23:08 +0000 2015,Too kind! https://t.co/Fnus6Ql70H
637404793670107100,Fri Aug 28 23:21:59 +0000 2015,RT @DynamiteComics: #FF Great Creators We're Proud to Work With!  @jessebsnider @jimzub @jock4twenty @joeharris @joejusko @johnreppion @jtk…
634032804645466100,Wed Aug 19 16:02:55 +0000 2015,RT @UpperDeckSports: @VishwasAragam @JoeJusko Yep, getting down to the last paintings, can't wait to share!
628660734524788700,Tue Aug 04 20:16:13 +0000 2015,@HattFunk i think you'll be happy, Matt! ;-)
628660627905617900,Tue Aug 04 20:15:48 +0000 2015,@HattFunk @UpperDeckSports
627254035138150400,Fri Jul 31 23:06:30 +0000 2015,Happy Hour at the Tampa Bay Comic Con http://t.co/X7O76kGnTG
626574551770628100,Thu Jul 30 02:06:28 +0000 2015,RT @ComicConSketch: See @JoeJusko @Barry_Kitson @bob_layton @maguirekevin @jorge_molinam @themonsterman @estria @WhilcePortacio at the 2015…
617860687285616600,Mon Jul 06 01:00:41 +0000 2015,RT @CullyHamner: "No photos have been doctored in any way... to suggest otherwise is rather laughable.”  #riiiiiight http://t.co/2A5Qx6Gxe8
613234612383404000,Tue Jun 23 06:38:19 +0000 2015,RT @ronmarz: I made @JoeJusko happy, so that's pretty good, right?
613234589289590800,Tue Jun 23 06:38:14 +0000 2015,@ronmarz Yes, you did! Up to me to return the favor.
611965037561950200,Fri Jun 19 18:33:29 +0000 2015,RT @UpperDeckSports: @HurcsChachkies @JoeJusko is still plugging away on the set. We are hoping to share more details in the fall!
611964955743637500,Fri Jun 19 18:33:09 +0000 2015,@UpperDeckSports light at the end of the tunnel! Can't wait for everyone to see the cards!!
602266241772847100,Sun May 24 00:13:56 +0000 2015,New MARVEL SECRET WARS box art for Upper Deck http://t.co/Ckg75k7CjU
586682825346170900,Sat Apr 11 00:11:00 +0000 2015,RT @pepemelan: #ff @mike_mayhew @SBianchiArt @JoeJusko @ljbermejo @SteveEpting @EdgarRBurroughs  #creativegeniusatwork #artlife
584145946306551800,Sat Apr 04 00:10:21 +0000 2015,RT @DynamiteComics: #FF Great Creators We're Proud to Work With!  @jessebsnider @jimzub @jock4twenty @joeharris @joejusko @johnreppion @jtk…
581637600991150100,Sat Mar 28 02:03:05 +0000 2015,RT @nonsport: .@JoeJusko @UpperDeckEnt @batfandotcom I'm sure they'll be worth the wait Joe!
580472312148922400,Tue Mar 24 20:52:38 +0000 2015,@batfandotcom @UpperDeckEnt ;-) Promise you won't be disappointed!
580468539473154000,Tue Mar 24 20:37:39 +0000 2015,@batfandotcom @UpperDeckEnt Paintings are taking a bit longer than expected as I'm determined to put my best possible work out there. Soon!
559470786185281540,Sun Jan 25 22:00:04 +0000 2015,@DannyGarnell @paddypower @FSM_Editor ;-)
559468957925908500,Sun Jan 25 21:52:48 +0000 2015,@DannyGarnell @paddypower @FSM_Editor  Thanks, Danny!!!
515642311527923700,Fri Sep 26 23:21:21 +0000 2014,@DynamiteComics @JesseBSnider @JimZub @jock4twenty @joeharris @johnreppion @jtkrul @leahmoore          Thanks, guys! ;-)
507609897102344200,Thu Sep 04 19:23:25 +0000 2014,@mannymederos @UpperDeckEnt @Marvel  Can't wait to see 'em, Manny!
492269630031810560,Thu Jul 24 11:26:40 +0000 2014,RT @ARTOFJONHAWARD: The brilliant paintings of @JoeJusko #painting #art #icons @Marvel from the new collectible card set http://t.co/XTRQZm…
491973554158592000,Wed Jul 23 15:50:10 +0000 2014,Upper Deck Artist Spotlight – Joe Jusko Resurrects Marvel Masterpieces http://t.co/wzhXtl2Lzx
487363558682808300,Thu Jul 10 22:31:41 +0000 2014,RT @StanLeeComikaze: We are honored 2 have @JoeJusko w us 4 @StanLeeComikaze #Comikaze14 #Comikaze http://t.co/8PXzjO5XGG Get yr tix #RT ht…
481542759526854660,Tue Jun 24 21:01:55 +0000 2014,RT @atomicmike: new X-Men 100 @heroinitiative original cover project up and ready for auction today.With @TonyParkerArt @JoeJusko @johnmccr…
468783021592965100,Tue May 20 15:59:16 +0000 2014,RT @heroinitiative: Uncanny X-Men 100 Project gallery is UP! Art from @AaronSowd @andysmithart @tytempleton @Shadowlinecomic, MORE!  http:/…
456496859725324300,Wed Apr 16 18:18:27 +0000 2014,@JVGray  I know my market. Marvel didn't agree. lol
456487595531186200,Wed Apr 16 17:41:38 +0000 2014,@JVGray  wow! Now there's an oldie! Her fingers were whited out and moved in the bullpen so her hand wasn't cupping her breast. Lol.
452795913811922940,Sun Apr 06 13:12:13 +0000 2014,@ARTOFJONHAWARD  Thanks, Jon!
452460926168363000,Sat Apr 05 15:01:05 +0000 2014,@f_francavilla  Thanks, Francisco! Having a blast!
452457627880927200,Sat Apr 05 14:47:59 +0000 2014,@davegibbons90  "The Gibb and Jusk". We need to open a pub, Dave!
448946678570041340,Wed Mar 26 22:16:43 +0000 2014,RT @EMSM2: Another normal day at work #CaptainAmerica cupcakes!! :) @MarvelUK #yummy #superherocupcakes http://t.co/D3DUm7FKbA
443001481478680600,Mon Mar 10 12:32:38 +0000 2014,Cat's outta the bag! 2014 MARVEL MASTERPIECES!  http://t.co/AE6cREHMGl
439430067840483300,Fri Feb 28 16:01:07 +0000 2014,2014 MARVEL MASTERPIECES! Cat's outta the bag!  http://t.co/AE6cREHMGl
433631801878143000,Wed Feb 12 16:00:52 +0000 2014,My buddies at DYNAMITE are celebrating their 10th anniversary with a 50% OFF sale on Comixology! http://t.co/OSYXfVn9v6
430178654677913600,Mon Feb 03 03:19:18 +0000 2014,@DNHills @JoeJusko HAHA. Nice riff.
422845538434695200,Mon Jan 13 21:40:07 +0000 2014,@Linda730 @JoeJusko Never seen a dog skirt getting neutered more than him. Someone has a Fairy Dogmother.
421670974564466700,Fri Jan 10 15:52:49 +0000 2014,@pepemelan @mikescigliano @RAHeight @CheeksGalloway @christhorneart @mike_mayhew Thanks, buddy!
418145075458105340,Tue Dec 31 22:22:09 +0000 2013,RT @ronmarz: Love this Superman cover by @JoeJusko and @Devilpig666. Nice job, fellas. http://t.co/1ze43Dw8Id
418127502158987260,Tue Dec 31 21:12:19 +0000 2013,@Devilpig666 @ronmarz @JoeJusko   Thanks, Ron! You made it shine, Dave!
413316537345257500,Wed Dec 18 14:35:16 +0000 2013,RT @rockshockpop: New @DarkHorseComics release of Savage Sword Of Conan Volume 15 reviewed http://t.co/pCFxYkjF45 #conan #comics #comicrevi…
412354089318510600,Sun Dec 15 22:50:50 +0000 2013,RT @CurioHouse: New monster of a print from @sinKEVitch available at http://t.co/7dlJDRZc1J! http://t.co/ArPrPOSYl1
406960454691348500,Sun Dec 01 01:38:28 +0000 2013,RT @ERBurroughsFan: Thuvia, Maid of Mars, by @JoeJusko (via @PulpCovers)      http://t.co/TMgynqIrWB #ERB http://t.co/a3QDh8iSFy
404836514187997200,Mon Nov 25 04:58:41 +0000 2013,The great Joe Sinnott and me with the Thing I drew for him at the Syracuse comic con. http://t.co/ESYAJmN1d5
397791521098854400,Tue Nov 05 18:24:23 +0000 2013,RT @heroinitiative: LAST CHANCE for 26 great auctions ending NOW at http://t.co/3emNnZtH2u, inc @JoeJusko http://t.co/EEmChy8Due http://t.c…
397165435591749600,Mon Nov 04 00:56:33 +0000 2013,Linda, me and Stan the Man at COMIKAZE! http://t.co/w7ayOKcKVw
397164895818362900,Mon Nov 04 00:54:24 +0000 2013,Linda, me and Cassandra (Elvira) Peterson at COMIKAZE. I only hang out with the best looking women! http://t.co/3VgpPoDY5l
397114817657335800,Sun Nov 03 21:35:25 +0000 2013,STAN LEE/JOE JUSKO signing moved to 3:30 at the Stan Lee Mega Museum. #Comikaze
397059416169537540,Sun Nov 03 17:55:16 +0000 2013,COMIKAZE Mars Attacks! signing with STAN LEE @12:15!!!
397057436902641660,Sun Nov 03 17:47:24 +0000 2013,COMIKAZE Day 3. Time changed screwed my alarm. I'll be at AA table 912 @10:30
396669593097211900,Sat Nov 02 16:06:15 +0000 2013,Day 2 at COMIKAZE! Artist Alley table #912!
396404839363538940,Fri Nov 01 22:34:13 +0000 2013,Brian Haberlin's ANOMALY and SHIFTER mobile device enhanced graphic novels are amazing!!!
396384881137438700,Fri Nov 01 21:14:54 +0000 2013,COMIKAZE! Come see me at table 912 in Artist Alley for your ELVIRA print! http://t.co/Ey05K7xGXz
395909176804651000,Thu Oct 31 13:44:38 +0000 2013,Jusko and Lee Combine for One Fine Print! http://t.co/98Q2duZCFr
395893508995055600,Thu Oct 31 12:42:22 +0000 2013,RT @StanLeeComikaze: Stan Lee’s Comikaze brings sci-fi, fantasy, comics fans to L.A. http://t.co/ExfFV8wbq0 via @LATherocomplex
395893397115781100,Thu Oct 31 12:41:55 +0000 2013,OFF TO COMIKAZE!!!! See you all there!!!!!
395591903921455100,Wed Oct 30 16:43:54 +0000 2013,My HERO INITIATIVE Jack Kirby Day "Wake Up &amp; Draw" THING is live at auction! PLEASE SHARE    http://t.co/zcKl6WGCU3 http://t.co/I4wtuZZIqf
395268505249271800,Tue Oct 29 19:18:50 +0000 2013,RT @StanLeeComikaze: Hey don't miss out on artist @JoeJusko  HE IS COMING to #Comikaze13 get those tickets!!
393780908467048450,Fri Oct 25 16:47:39 +0000 2013,RT @RealMarsAttacks: It's @TheRealStanLee signing our Mars Attacks "Stan Strikes" print by @JoeJusko!  Get em at @StanLeeComikaze Nov.1-3! …
393452403925585900,Thu Oct 24 19:02:17 +0000 2013,@f_francavilla  THANKS! :-)
393451461234798600,Thu Oct 24 18:58:32 +0000 2013,Exclusive 11"x17" ELVIRA print for COMIKAZE EXPO Nov 1-3! http://t.co/ghkabliFyB
392710324312219650,Tue Oct 22 17:53:32 +0000 2013,@TheRealElvira @matt__harris @JoeJusko  Yup! Cover to the 1988 Marvel Comics magazine adaptation of the first movie.  REALLY fun painting!
391600067225743360,Sat Oct 19 16:21:46 +0000 2013,@TheRealElvira Looking forward to seeing you again at COMIKAZE!
391318770163015700,Fri Oct 18 21:43:59 +0000 2013,@akagi68 @StanLeeComikaze @TheRealElvira  Thanks, Andy!
391226990549676000,Fri Oct 18 15:39:17 +0000 2013,I will be at the  COMIKAZE EXPO from Nov 1-3!!!! Come get a Stan Strikes MARS ATTACKS print signed by me &amp; The Man! http://t.co/PQgPlMFNKD
381542272501678100,Sat Sep 21 22:15:41 +0000 2013,MARS ATTACKS Roc Con in Rochester, NY http://t.co/chtOPrutxt
376132281892479000,Fri Sep 06 23:58:18 +0000 2013,My Super Special Comikaze exclusive  "STAN STRIKES" Mars Attacks! card hot off the press!! http://t.co/Ibvvy3PVOy
375430377860395000,Thu Sep 05 01:29:11 +0000 2013,COOLEST birthday gift EVER!! Thank you , Justin, Alison &amp; Brennan! &lt;3 http://t.co/gVT0OLryEW
374059361175236600,Sun Sep 01 06:41:16 +0000 2013,@Linda730 @JoeJusko   Thank you, baby. I love youuu!
373513364053319700,Fri Aug 30 18:31:40 +0000 2013,RT @EdgarRBurroughs: Check out this amazing piece of art by @JoeJusko #tarzan #art #comic #fun http://t.co/lFcwLRMAR0
373120992412827650,Thu Aug 29 16:32:31 +0000 2013,First time painting one of my all time favorite villains, created by the late, great John Buscema.
373113419492126700,Thu Aug 29 16:02:25 +0000 2013,Rendering doesn't hide bad drawing, it only amplifies it. You can't ice a cake before it's baked.
373113353897406460,Thu Aug 29 16:02:10 +0000 2013,I see a LOT of beautifully rendered, technically proficient paintings ruined by the artists' lack of attention to the foundation drawing.
373085687244783600,Thu Aug 29 14:12:14 +0000 2013,The only road one should travel. http://t.co/O13SYQBEvB
373078740844032000,Thu Aug 29 13:44:37 +0000 2013,My special Stan Lee promo card for the new MARS ATTACKS! Card set! Get one at Comikaze! http://t.co/P0p3sMKhkS
372830288147382300,Wed Aug 28 21:17:22 +0000 2013,As my inaugural tweet here's my HERO INITIATIVE Wake Up &amp; Draw piece for Jack Kirby Day! http://t.co/iVGDw6wlmh
