id,created_at,text
397360483889455100,Mon Nov 04 13:51:36 +0000 2013,#Musher : the cautious explorer. First trip to the beach #Biarritz http://t.co/1x1KFq9Bck
378643457616527360,Fri Sep 13 22:16:49 +0000 2013,#Spinoza http://t.co/MJma65SnkB
374216392720936960,Sun Sep 01 17:05:15 +0000 2013,Thank you @ManavGangwani for the beyond-gorgeous sari! And thank you @NaomiCampbell for the introduction Xx http://t.co/q26JefkqKi
354292749211693060,Mon Jul 08 17:35:48 +0000 2013,Wales #atticroom http://t.co/3pklRsOfw0
343835900628832260,Sun Jun 09 21:04:01 +0000 2013,The Deforestation of Indonesia- A heart touching film about Green, an orang-utan and her last days. Watch at http://t.co/ss8ffzscLg
342246848486055940,Wed Jun 05 11:49:41 +0000 2013,RT @UNESCO: Don’t buy more food than you really need. It takes about 1000 litres of water to produce 1 litre of milk! #ThinkEatSave #WorldE…
342246095218413600,Wed Jun 05 11:46:42 +0000 2013,RT @UNESCO: Buy locally! Flying food across continents increases transportation emissions http://t.co/FdLRIUjNhO #WorldEnvironmentDay #Thin…
334976166668689400,Thu May 16 10:18:36 +0000 2013,"@PopSci: A team of nerds creates real-life Mario Kart, complete with shells, bananas, and mushrooms http://t.co/gBHmTCLGcv" Fantastic!!
327882514859454460,Fri Apr 26 20:30:57 +0000 2013,Thank you all for the kind tweets! We're very excited! :)
326243531041673200,Mon Apr 22 07:58:13 +0000 2013,Off to the Big Apple!
325680864891637760,Sat Apr 20 18:42:23 +0000 2013,Thank you, @FashionTV xx
325256446503694340,Fri Apr 19 14:35:54 +0000 2013,Me &amp; Mush relaxing after work http://t.co/wp731vqo3X
324856036966166500,Thu Apr 18 12:04:49 +0000 2013,Shooting with my favorite @nextofficial crew in #Paris today :D
324853363680346100,Thu Apr 18 11:54:12 +0000 2013,"@WattsUpPhoto: Place de la Concorde ??? Place de la  #shhhhh on set with @Kendra_Spears #shhhhh http://t.co/U5ts33CFwe" @leongorman WHOOP!
324507891556044800,Wed Apr 17 13:01:25 +0000 2013,One thing I love about my job: shooting in great apartments http://t.co/XFdIbpGGhO
324395269783449600,Wed Apr 17 05:33:53 +0000 2013,Paris &lt;3 - dim spring morning on my way to work http://t.co/NQS1iG22vc
323471111138459650,Sun Apr 14 16:21:37 +0000 2013,"@FRASCOGNAMIGLIO: @Kendra_Spears in Milan too :) http://t.co/vMHAgmHLPe" Amazing! X
323468549379194900,Sun Apr 14 16:11:26 +0000 2013,Spring in Paris http://t.co/WHTItO1eGs
322784597853237250,Fri Apr 12 18:53:39 +0000 2013,@xTeamHailee @Carvalhogra @WattsUpPhoto @realmagdalena @1JessicaHart Thank you! #FF
322249748578975740,Thu Apr 11 07:28:21 +0000 2013,"@PanospHair: And the beauty award goes to... @kendra_spears  #kendraspears http://t.co/3Ny8UoOZDh" Thank you! And see in soon x
321662457225551900,Tue Apr 09 16:34:41 +0000 2013,New family member: Musher! &lt;3    Adopt if you can- There are a lot of amazing dogs waiting to be saved! http://t.co/P94mQRpGpz
317283608408776700,Thu Mar 28 14:34:41 +0000 2013,RT @ckallaniotis: For a moustache @Kendra_Spears 🌟🌟🌟 http://t.co/Hpx0R7IRRk
316199107637157900,Mon Mar 25 14:45:16 +0000 2013,Just in case you were waiting on me, Spring, I'm ready for you.
315607784165081100,Sat Mar 23 23:35:34 +0000 2013,RT @thegarance: Over 2,243 people killed by gun violence in the 98 days since Sandy Hook. MAP: http://t.co/SjguRkq5qm via @huffpostpol
314798219982954500,Thu Mar 21 17:58:39 +0000 2013,New ME + @Dior + @VOGUERussia + @ClaudiaKnoepfel http://t.co/YRqZTEEJ2E
314796603397525500,Thu Mar 21 17:52:13 +0000 2013,@Nurayka97 That's sweet of you to say xx
314796465975345150,Thu Mar 21 17:51:40 +0000 2013,@Benj_bo Thank you :)
314796231924789250,Thu Mar 21 17:50:44 +0000 2013,@FRASCOGNAMIGLIO CIAO xxx
313995300832423940,Tue Mar 19 12:48:08 +0000 2013,RT @VogueParis: Come behind the scenes with us at Damien Blottière's photo shoot with model @Kendra_Spears for Vogue March 2013: http:// ...
313974959770845200,Tue Mar 19 11:27:18 +0000 2013,RT @VogueParis: Découvrez en exclu les coulisses de la série beauté Cosmétique Rupturiste de Damien Blottière http://t.co/WPbo6OCfpu @Ke ...
311927412852146200,Wed Mar 13 19:51:05 +0000 2013,South Beach, bringin the heat #Miami http://t.co/CpJXh5ERY5
311824137599451140,Wed Mar 13 13:00:42 +0000 2013,RT @VogueParis: Quote of the day: "I defend one thing: never be embarrassed by your differences, or your origins" @JPGaultier http://t.c ...
310745365014011900,Sun Mar 10 13:34:03 +0000 2013,States bound http://t.co/7vramNO3ad
310740998391230460,Sun Mar 10 13:16:41 +0000 2013,#Nails http://t.co/Beoea76COI
310427251378380800,Sat Mar 09 16:29:58 +0000 2013,RT @PopSci: A U.S. man has had 75 percent of his skull replaced with a 3-D-printed implant http://t.co/e62A503KBk
310112610500636700,Fri Mar 08 19:39:42 +0000 2013,All in a day's work http://t.co/mNyw5wFSIq
309396192083714050,Wed Mar 06 20:12:55 +0000 2013,My saucy hotel get-up for @LouisVuitton today #PFW is over :) http://t.co/6aq88cKpor
309185552433946600,Wed Mar 06 06:15:54 +0000 2013,RT @TheEconomist: American regulators have released rules to help reveal the ties between doctors and drug firms http://t.co/8HslJLB3EF
309027411213815800,Tue Mar 05 19:47:30 +0000 2013,They love me with bangs! :O #shooting http://t.co/8sZG9DaJK7
308992670762680300,Tue Mar 05 17:29:28 +0000 2013,@fashculine Thank you :) x
308805698760880100,Tue Mar 05 05:06:30 +0000 2013,RT @StrikeTwoPoses: @Kendra_Spears and @GintaLapina89 at the Studio Africa Live party by Diesel and Edun http://t.co/O1ZfU9AHnd
308324678819278850,Sun Mar 03 21:15:06 +0000 2013,Out with @GintaLapina89 &amp; @agrensigrid for the @DIESEL party!! #PFW http://t.co/If0FB8PyiG
308232662957580300,Sun Mar 03 15:09:28 +0000 2013,Sunny Versailles http://t.co/uZuXeX4Au1
306483615712309250,Tue Feb 26 19:19:23 +0000 2013,@IsabeliFontana1 , Karmen Pedaru, and ME backstage at @anthonyvacc show feeling very free ;) http://t.co/ChUFMHJxgw
303477524959203300,Mon Feb 18 12:14:15 +0000 2013,ME and @fridagustavsson strolling along in @LouisVuitton http://t.co/FvkYoa0J
302806187714420740,Sat Feb 16 15:46:35 +0000 2013,Tallying up the week- 4 different countries, 2 of them twice #Sigh
302549169158119400,Fri Feb 15 22:45:17 +0000 2013,A great travel gift from a great friend @NikaLauraitis .. Off to London #LFW http://t.co/oQZqh2fA
301320422987808800,Tue Feb 12 13:22:41 +0000 2013,RT @NextModels: Stunning supermodel @Kendra_Spears in @MWWorld and @JimmyChooLtd  at the @ELLEUK style awards http://t.co/KEKMaquj
301010531186253800,Mon Feb 11 16:51:17 +0000 2013,I made it to London for the Elle Style Awards despite the snow #Relieved
300313908529463300,Sat Feb 09 18:43:10 +0000 2013,One of many great pics from my new Vogue China editorial shot by @CamillaAkrans http://t.co/uNnldRRf
300312358016909300,Sat Feb 09 18:37:00 +0000 2013,Kendra with bangs! What do you think?? http://t.co/LSXFHwNe
300184667129270300,Sat Feb 09 10:09:36 +0000 2013,RT @NextModels: Gorgeous #VogueChina editorial featuring @Kendra_Spears See the full story on our #blog http://t.co/DCzTVTRt http://t.co ...
299202166072172540,Wed Feb 06 17:05:29 +0000 2013,Thank you for a great day! @clk1604 @ClaudiaKnoepfel
297088676553433100,Thu Jan 31 21:07:14 +0000 2013,Having dinner with the girls from @FashionForFutur ! Check out their foundation http://t.co/AeWzGKo9 and help out if you're able!
296987548876693500,Thu Jan 31 14:25:24 +0000 2013,@Clarkson1460 No Gucci there- only Celine
296986174126424060,Thu Jan 31 14:19:56 +0000 2013,@JenevieveOfTroy To Paris actually.
296984906939105300,Thu Jan 31 14:14:54 +0000 2013,My bags are packed. I'm ready to go... http://t.co/2PS7cxp4
296538655265280000,Wed Jan 30 08:41:40 +0000 2013,Love this campaign PINKO by  @giampaolosgura http://t.co/rPNyiPw1
296533716694618100,Wed Jan 30 08:22:02 +0000 2013,And a tiny sneak preview of me in SS13 TOD'S campaign. http://t.co/GvLk3zoL
292555741884211200,Sat Jan 19 08:54:58 +0000 2013,@NikaLauraitis @alexina_graham @gungalo Yay!! Fly safely x
291846577985843200,Thu Jan 17 09:57:01 +0000 2013,"@seansboxx: @VogueParis Top Models of the year list is @Kendra_Spears http://t.co/QnZ4Sd2j"
290734831082561540,Mon Jan 14 08:19:19 +0000 2013,Back to work @VogueParis
287995055069880320,Sun Jan 06 18:52:26 +0000 2013,Hello ESCADA!      @ClaudiaKnoepfel @clk1604 @jamespecis http://t.co/8uRKvZMn
287990099889762300,Sun Jan 06 18:32:45 +0000 2013,Hello PINKO!       @giampaolosgura @alineweber_real http://t.co/BHPpBrUb
286673722142781440,Thu Jan 03 03:21:56 +0000 2013,@jimmyfallon Sunset Equinox- enough said. #myweirdgymstory
286360432527171600,Wed Jan 02 06:37:02 +0000 2013,I love my man!
286177926666407940,Tue Jan 01 18:31:49 +0000 2013,I hope everyone survived the celebrations and goes on to have the best year ever! #2013
285866592133345280,Mon Dec 31 21:54:41 +0000 2012,RT @VogueParis: Happy New Years Eve! Before saying goodbye to 2012 take a look back at the top Vogue Paris models from this year http:// ...
285052116052090880,Sat Dec 29 15:58:15 +0000 2012,Thank you @VogueParis for including me in your Top Models of 2012!! http://t.co/D3RtvBZ8
283010496670597120,Mon Dec 24 00:45:35 +0000 2012,See, wrapping your gifts in trash can be cute! #Christmas http://t.co/RinFTZmo
281469814579544060,Wed Dec 19 18:43:27 +0000 2012,RT @modelmgmt: We #adore #beautiful @Kendra_Spears and her #amazing #outfit in this #photo #shoot for @Vogueoz http://t.co/3WYjmwmB
280744333769064450,Mon Dec 17 18:40:40 +0000 2012,My dark character for @iD_magazine editorial by Greg Kadel. http://t.co/tv9Xwr8w
279074099039449100,Thu Dec 13 04:03:45 +0000 2012,It's no wonder America is over weight! This is one meal... for one person :o http://t.co/0NEgZzp7
278795872362430460,Wed Dec 12 09:38:10 +0000 2012,Shoot 10hrs, fly 6hrs, drive 3hrs, sleep 2hrs, shoot again #InADaysWork
278463320502186000,Tue Dec 11 11:36:44 +0000 2012,Don't forget about my December cover for Vogue Japan! @voguejp http://t.co/n5gDgwvM
278176188210491400,Mon Dec 10 16:35:46 +0000 2012,Shooting for the ever cool @rag_bone #NYC
276742009354592260,Thu Dec 06 17:36:51 +0000 2012,RT @armani: The art of seduction is no secret to the @Armani Code Woman | http://t.co/cIUx8Wpy
273185914405150720,Mon Nov 26 22:06:12 +0000 2012,@meghancollison I hear you're in Sydney! Let's meet up if you have some free time
272403666533765120,Sat Nov 24 18:17:49 +0000 2012,Thanks @iD_magazine for the i-Profile :) http://t.co/nKOlCFyL I can't wait to see the full ed.
272075060192358400,Fri Nov 23 20:32:03 +0000 2012,@alexina_graham was nice to see you too!! Hope you have a nice trip xx
272074413594259460,Fri Nov 23 20:29:29 +0000 2012,RT @iD_magazine: "Always check your pockets for tissues before you do the laundry." @kendra_spears' shares her wisdom and her editorial  ...
271344225646436350,Wed Nov 21 20:07:59 +0000 2012,RT @anthonyvacc: @anjarubikblog @mlleloudoillon @SaifMahdhi @kendra_spears @Carodemaigret  @VogueSpain #anthonyvaccarello http://t.co/zS ...
270918436002091000,Tue Nov 20 15:56:03 +0000 2012,Thank you, @voguemagazine for including me in the Best Dressed list! Check it out at http://t.co/DToITCL0
270463701079957500,Mon Nov 19 09:49:05 +0000 2012,RT @giampaolosgura: kendra_spears getting ready!!! http://t.co/8LC9aHh5
270443144737349630,Mon Nov 19 08:27:24 +0000 2012,An exciting shoot with @giampaolosgura and @alineweber_real #Milan
269736296698769400,Sat Nov 17 09:38:39 +0000 2012,@alexina_graham Yes! I'm back in Paris on Tuesday
269437172476674050,Fri Nov 16 13:50:02 +0000 2012,@xTeamHailee haha!
269431498824904700,Fri Nov 16 13:27:29 +0000 2012,"@PanospHair: Always great working with beautiful and intelligent girls @Kendra_Spears &lt;3 http://t.co/tF3ELqOy" Aw thanks Panos xx
269342776322310140,Fri Nov 16 07:34:56 +0000 2012,RT @NextModels: Kendra Spears has been named one of Vogue's Best Dressed in a special edition of the magazine.  See the full... http://t ...
268797085296500740,Wed Nov 14 19:26:33 +0000 2012,@Pret A Manger in the airport?! #Genius
268274064899047420,Tue Nov 13 08:48:16 +0000 2012,RT @NextModels: That's our model @Kendra_Spears! RT @CindyCrawford Is it just me or does this remind you of anybody? My doppelganger! ht ...
266654411927986180,Thu Nov 08 21:32:20 +0000 2012,RT @VogueParis: Kati Nescher, Nadja Bender, @coraemmanuel @Kendra_Spears @anjarubikblog découvrez les tops du Vogue de novembre http://t ...
266332612216373250,Thu Nov 08 00:13:37 +0000 2012,@theohurts If I can ever get home!
266326730845847550,Wed Nov 07 23:50:15 +0000 2012,I was in Buenos Aires before this just to clarify. No bikini and coat combo for me ;)
266324581067939840,Wed Nov 07 23:41:42 +0000 2012,Thank goodness I packed a coat with my bikini cause it's snowing like crazy in NY!
265781466783420400,Tue Nov 06 11:43:34 +0000 2012,RT @annadellorusso: Fur Story on @Voguejp Dec12 &gt; Kendra in @givenchy http://t.co/0Q7Mb2y3 http://t.co/ARdG12jc
265250662667939840,Mon Nov 05 00:34:20 +0000 2012,RT @CindyCrawford: What a difference a comma can make - - Thought this was so funny! http://t.co/FivCRZuf
264015952335749120,Thu Nov 01 14:48:02 +0000 2012,Off to #BuenosAires today. I have two days off- any suggestions on things to do?
262634103944392700,Sun Oct 28 19:17:04 +0000 2012,Driving PCH on the way to the airport. Bye #Malibu !! http://t.co/bYr67vbp
261595396315435000,Thu Oct 25 22:29:37 +0000 2012,@xTeamHailee You're too sweet. Thanks for all the support! Xx
261595074046087170,Thu Oct 25 22:28:20 +0000 2012,"@robinhosking: @Kendra_Spears You are my favourite human mannequin of all time. xoxo" But not your fav mannequin overall?? ! ;)
261472937205452800,Thu Oct 25 14:23:00 +0000 2012,RT @annadellorusso: #AdR Fur Story on @voguejp Dec12 issue by @giampaolosgura with @Kendra_Spears &gt; http://t.co/WJjeFGCL http://t.co/ ...
261472796159402000,Thu Oct 25 14:22:27 +0000 2012,RT @StrikeTwoPoses: @Kendra_Spears for Vogue Paris ♥ http://t.co/zGT8O31U
261472522384580600,Thu Oct 25 14:21:21 +0000 2012,RT @annadellorusso: Amazing @Kendra_Spears in Fendi fur on the new Vogue Japan cover Dec12 http://t.co/VvmqDQch http://t.co/XNqJdygV
260997934504607740,Wed Oct 24 06:55:31 +0000 2012,Long haul today- Paris to LA
260275068515536900,Mon Oct 22 07:03:06 +0000 2012,RT @AlbertaFerretti: Kendra Spears looks breathtaking in a chiffon and satin dress from Alberta Ferretti FW 2012 - Vogue Germany http:// ...
259308618007072770,Fri Oct 19 15:02:46 +0000 2012,Thanks for the post! Xx @VogueParis
259308517171806200,Fri Oct 19 15:02:22 +0000 2012,RT @VogueParis: Kendra Spears pose ce mois-ci dans la série Miss Vogue du numéro d'octobre. Toute son actualité est à voir ici http://t. ...
258953810964271100,Thu Oct 18 15:32:54 +0000 2012,@RealToniGarrn @tracymurphymua AHH! Say hi to Tracy and the rest of the team :)
258924986780221440,Thu Oct 18 13:38:22 +0000 2012,RT @rcollete: Vogue Japan - Issue: December 2012 - Top model Kendra Spears @Kendra_Spears becomes the ravishing covergirl of Vog http:// ...
255673945544609800,Tue Oct 09 14:19:53 +0000 2012,A backstage pic of me and Dominique at the shooting of the new #ArmaniCode commercial @armani http://t.co/L2B8zpkd
254254522283745280,Fri Oct 05 16:19:36 +0000 2012,RT @TwopTwips: FOOL your neighbours into thinking you work for Apple by suing them for having a similar house. (via @davefinchett)
252783064386785280,Mon Oct 01 14:52:33 +0000 2012,I have 4 must see Vogue editorials out this month: @VogueParis @VogueSpain @Vogue_Germany &amp; @voguejp
251357846409732100,Thu Sep 27 16:29:15 +0000 2012,Definitely get up at 6am to fit. I need my beauty sleep :P #QuizzFWSS13  @constancejab
250986989627793400,Wed Sep 26 15:55:36 +0000 2012,RT @InstantFashion: #models @RealToniGarrn &amp; @Kendra_Spears by Kasia Struss #fashionweek #film http://t.co/PFimCizl http://t.co/mT71mQUO
250475649574248450,Tue Sep 25 06:03:43 +0000 2012,RT @NextModels: Kendra Spears walking the #Fendi S/S13 show #MFW @Kendra_Spears http://t.co/NBWu3XeY
250475550148284400,Tue Sep 25 06:03:19 +0000 2012,"@amodelanonymous: @Kendra_Spears is really beautiful. Thats really rare these days, don't you think?" Thank youxx
249120076073160700,Fri Sep 21 12:17:09 +0000 2012,@blacknblessed Leo &amp; Dragon!
249119849433952260,Fri Sep 21 12:16:15 +0000 2012,@COACD Thanks for the post!! Miss you xx
249119636908560400,Fri Sep 21 12:15:24 +0000 2012,RT @ClaudiaKnoepfel: #LoVE to @VogueParis october issue with @Kendra_Spears @NextModels @jamespecis THANK YOU! x @ClaudiaKnoepfel http:/ ...
249119045608165380,Fri Sep 21 12:13:03 +0000 2012,RT @TonyCK__: @kendra_spears on a great shoot by @Lachlan_Bailey for @voguespain great!! http://t.co/jUaerQsd
249118988150374400,Fri Sep 21 12:12:49 +0000 2012,@fabjjo probably the fireworks ;)
249118861939576830,Fri Sep 21 12:12:19 +0000 2012,@LouMenizzi Thank you xx
248840272673394700,Thu Sep 20 17:45:18 +0000 2012,@RealToniGarrn haha!! I have to say he was probably thinking the same thing as my driver :D
248749709248851970,Thu Sep 20 11:45:26 +0000 2012,@RealToniGarrn and me backstage at #Scervino show! @escervino #MFW http://t.co/ce531dIy
248530328879243260,Wed Sep 19 21:13:42 +0000 2012,N 21- Beautiful show. I want every outfit, but I NEED the shoes @AleDellAcqua http://t.co/EgqOqCni
247709017902825470,Mon Sep 17 14:50:06 +0000 2012,@BofA_Help Is this what my banking customer service has come to- TWITTER?!?!
247051895959588860,Sat Sep 15 19:18:56 +0000 2012,@annadellorusso  ADR, you're the best! #FashionShower is genius! http://t.co/d0NGPduz
246877561618038800,Sat Sep 15 07:46:12 +0000 2012,@Model_Followa I guess you never know how bad it is till you experience something better- it's like an abusive relationship! Haha
246865121438208000,Sat Sep 15 06:56:46 +0000 2012,@BofA_Careers Aspiration: Be CEO of a bank that needs $45BIL in govt bailout &amp; get +$9MIL bonus. Did my taxes or my bank fees pay for that?
246861649678581760,Sat Sep 15 06:42:58 +0000 2012,@BofA_Tips TIP: Switch banks
246861315958788100,Sat Sep 15 06:41:38 +0000 2012,How does BOA still exist? We should have let them die in the recession @BofA_News
246610048061677570,Fri Sep 14 14:03:13 +0000 2012,Cover of @HM magazine- Fall is here!!! http://t.co/JGDW2EIR
246609066951057400,Fri Sep 14 13:59:19 +0000 2012,ME + @YSL @Chanel @TiffanyAndCo @giampaolosgura http://t.co/JjiFGXtx
246606278590345200,Fri Sep 14 13:48:13 +0000 2012,@LeorDimant Didn't make it to NY this time
246606108121251840,Fri Sep 14 13:47:32 +0000 2012,RT @tarsha_: EXCLUSIVE FIRST LOOK! @Kendra_Spears @NextModels for Giorgio @Armani Code Ultimate fragrance commercial : http://t.co/mRENdmDe
246606012449177600,Fri Sep 14 13:47:09 +0000 2012,@AlexisSOS @giampaolosgura @VOGUE_Germany Thank you xx
244340812073275400,Sat Sep 08 07:46:03 +0000 2012,@SorawrityGurl Thanks for th FF
244010124002340860,Fri Sep 07 09:52:02 +0000 2012,Did you check out the Models When Kids slideshow on @TheCut? So cute! http://t.co/YSzlKK6X http://t.co/hSpY9p3I
244006749722529800,Fri Sep 07 09:38:37 +0000 2012,@supermodelscom Thanks for the picks xx
244006571946954750,Fri Sep 07 09:37:54 +0000 2012,@joansmalls @karliekloss Great news you two! Can't wait to see
241032787468111870,Thu Aug 30 04:41:09 +0000 2012,@andreeadiaconu_ Your pics for Argentina are incredible! Hope you're having fun xx
241031808945377280,Thu Aug 30 04:37:16 +0000 2012,@RealToniGarrn @LOrealParisDE You look amazing! Proud of my girl xx
241029581086281730,Thu Aug 30 04:28:26 +0000 2012,Sometimes the one you love isn't ideal, but you make it work #EllieAndLeo http://t.co/CT57rTIw
236506304309501950,Fri Aug 17 16:54:31 +0000 2012,Girl!! Don't worry. Thanks for the afterthought though ;) @ariel_day
236505992127447040,Fri Aug 17 16:53:17 +0000 2012,Thanks Joel! Xx @joelwilkenfeld
236505745275895800,Fri Aug 17 16:52:18 +0000 2012,Thanks for the post @models !! Don't forget @paolakudacki  :P
236505307570913280,Fri Aug 17 16:50:34 +0000 2012,@paolakudacki The pictures are great! I hope you're enjoying your summer xx
236505112024064000,Fri Aug 17 16:49:47 +0000 2012,RT @paolakudacki: So beautiful @Kendra_Spears @NextModels for my @HarpersBazaarUS Sept 2012 http://t.co/xXBf64H8
236505027726946300,Fri Aug 17 16:49:27 +0000 2012,Still a surprise flipping thru a magazine on the plane and finding a fold out with me in it- The new @Armani Code http://t.co/esDPhHO1
236504228179345400,Fri Aug 17 16:46:17 +0000 2012,Good morning #Hawaii http://t.co/KACVlvem
235965649774596100,Thu Aug 16 05:06:10 +0000 2012,Dinner time ;) #supermodel http://t.co/Wnc68wDm
235504250984226800,Tue Aug 14 22:32:43 +0000 2012,Sweaty afternoon coffee with @NikaLauraitis #NYC http://t.co/SdEz8MHV
232360745172615170,Mon Aug 06 06:21:33 +0000 2012,Thank you everyone for all the birthday wishes!!!
231082028903325700,Thu Aug 02 17:40:23 +0000 2012,RT @Mango: Introducing Slim Medium Rise jeans by MANGO! #theperfectfittingjeans http://t.co/TxhFA6pr
231081455692959740,Thu Aug 02 17:38:06 +0000 2012,@AshJavierParlor thaaank you!
228731238578520060,Fri Jul 27 05:59:11 +0000 2012,@giampaolosgura It looks great!!
223036779022925820,Wed Jul 11 12:51:26 +0000 2012,@RainerTorrado Coudn't For a whole month all I could listen to was Take Care! Lol.. Missed you too. A job took me away from Paris- next time
223036152351952900,Wed Jul 11 12:48:57 +0000 2012,Cool video! It was so great to do your show! @anthonyvacc @jastookes @bijochzuzanna
223035842854264830,Wed Jul 11 12:47:43 +0000 2012,RT @anthonyvacc: @kendra_spears @jastookes @bijochzuzanna http://t.co/mLzmthGY
222917561455616000,Wed Jul 11 04:57:42 +0000 2012,Let's all do it again soon Xxx @giampaolosgura @karolinakurkova @RealToniGarrn
222669386241150980,Tue Jul 10 12:31:33 +0000 2012,Thank you @VogueParis !! Xx
222669264807665660,Tue Jul 10 12:31:04 +0000 2012,RT @VogueParis: Who are the 20 best models to follow on Twitter? http://t.co/Wem7Sh42 @Poly_Natasha @anjarubikblog @Kendra_Spears @jasto ...
222021629075669000,Sun Jul 08 17:37:35 +0000 2012,Love my dress from @Chanel Haute Couture #PFW http://t.co/APqTTelB
220537837580337150,Wed Jul 04 15:21:32 +0000 2012,RT @VogueParis: Happy 4th of July to our American friends @jastookes @Kendra_Spears @proenzaschouler @marcjacobs @CalvinKlein @TommyHilf ...
219422135981051900,Sun Jul 01 13:28:08 +0000 2012,@GintaLapina89 Happy late birthday!! Xxx
218615514711330800,Fri Jun 29 08:02:55 +0000 2012,@BaylorBearBoy Thanks for thinking of me but I not much of an actress :) Good luck in finding the right person x
217464829445804030,Tue Jun 26 03:50:31 +0000 2012,Can't sleep, but at least there is something nice to look at from bed #London http://t.co/PnX338dz
216837378202026000,Sun Jun 24 10:17:14 +0000 2012,@carolinabrasch Happy birthday, Cinta! I wish you the best xx
216549239965237250,Sat Jun 23 15:12:16 +0000 2012,@andreeadiaconu_ haha Don't worry about it. I just woke up from a six hour nap :P Are you back in Paris for couture?
216239482918277120,Fri Jun 22 18:41:25 +0000 2012,Me &amp; @Rag_Bone in @voguemagazine http://t.co/jFb7Qs8x
216239010325073920,Fri Jun 22 18:39:32 +0000 2012,Pic from the latest @VOGUE_Germany editorial by @ClaudiaKnoepfel http://t.co/eQVQESom
215782024286437380,Thu Jun 21 12:23:38 +0000 2012,@andreeadiaconu_ @yadim haha! I just looked at the pic, saw the shoes and I knew!
215596821748252670,Thu Jun 21 00:07:42 +0000 2012,@giampaolosgura Ah, I love this pic. Say hi to them for me xx
215050784063225860,Tue Jun 19 11:57:57 +0000 2012,@Abby_Milano Thank you!! I'm here for a very exciting shoot. X
215050413358059520,Tue Jun 19 11:56:28 +0000 2012,Thank you!! @lkrss1
214772591167160320,Mon Jun 18 17:32:30 +0000 2012,RT @Moschinofficial: The making of the Moschino Pink Bouquet campaign video: @giampaolosgura and @Kendra_Spears ♥ http://t.co/x0FANaIv ♥ ...
212523999933112320,Tue Jun 12 12:37:24 +0000 2012,@ClaudiaKnoepfel My pleasure! Can't wait to see the rest!
212523167980335100,Tue Jun 12 12:34:06 +0000 2012,RT @ClaudiaKnoepfel: our cover &amp; story @VOGUE_Germany July with beautiful @Kendra_Spears @nextmodelsnyc great @jamespecis @ClaudiaKn ...
211607005457154050,Sat Jun 09 23:53:36 +0000 2012,At the @NYCBallet with @nimuesmit to see A Midsummer Night's Dream http://t.co/gKAlnjlF
211473739467063300,Sat Jun 09 15:04:03 +0000 2012,Thank you! How's everything going? @marklphoto
211097958337347600,Fri Jun 08 14:10:51 +0000 2012,A backstage pic of Meee during the shoot in #HongKong for the current Emporio Armani (@Armani) campaign http://t.co/z4g46OxZ
210915447506337800,Fri Jun 08 02:05:35 +0000 2012,Thanks for the #FF @MrCMA_
209962519144566800,Tue Jun 05 10:59:01 +0000 2012,See the girly Kendra in Moschino's (@Moschinofficial) new #PinkBouquet fragrance by shot by @giampaolosgura http://t.co/hBNVaDaY
209692448434290700,Mon Jun 04 17:05:50 +0000 2012,@andreeadiaconu_ direct message!!
209624456887402500,Mon Jun 04 12:35:39 +0000 2012,Thank you xx @nathalyyaa
209618068677214200,Mon Jun 04 12:10:17 +0000 2012,A picture by @inezandvinoodh during NY FW http://t.co/gkTGcbIm
208245532978720770,Thu May 31 17:16:18 +0000 2012,RT @VogueParis: American beauty @Kendra_Spears is featured on our homepage today. Learn more: http://t.co/R3x3ESIK
207605130323968000,Tue May 29 22:51:34 +0000 2012,Thank you! That was such a sweet post xx       @MelodieJeng
207435577895825400,Tue May 29 11:37:50 +0000 2012,@milanoabby yup, back to work today
202750063863275520,Wed May 16 13:19:16 +0000 2012,@LuigiJavier normally yes, but I've been veggie for a month now :(
202547105003343870,Tue May 15 23:52:47 +0000 2012,"@GABRIDIOR: @Kendra_Spears superstunning in @Armani http://t.co/MPJrs4kJ" thank you x
202546738341482500,Tue May 15 23:51:20 +0000 2012,"@TeamVsAngel: @Kendra_Spears And @RealToniGarrn For Muse =) http://t.co/ZPvpwzBT" @Muse_Mag
202105107490414600,Mon May 14 18:36:27 +0000 2012,Victorian inspired hair today at @CHANEL cruise show in Versailles http://t.co/uZmPisL5
201340988113944580,Sat May 12 16:00:06 +0000 2012,Haha #iworkout @andreeadiaconu_
199887902518427650,Tue May 08 15:46:04 +0000 2012,RT @cher: No problem babe!Only people u respect can Hurt u! Look at their lang.RT @natashacherfa sorry sweetie people r geving u a hard  ...
199479941547556860,Mon May 07 12:44:58 +0000 2012,RT @VogueParis: Today's homepage: model Kendra Spears faces our little black dress shopping guide http://t.co/npvQaFQ9 @Kendra_Spears @C ...
198428777167061000,Fri May 04 15:08:01 +0000 2012,I'm so happy to be in @VogueParis Model's of the Month! Check it out at http://t.co/j5EM92sD
198175105069756400,Thu May 03 22:20:01 +0000 2012,Back to Paris for a week for some very exciting jobs... Stay tuned!
197708717628735500,Wed May 02 15:26:46 +0000 2012,"@GavinHarwinHair: http://t.co/WlZpZpiz" In studio.
197681190684213250,Wed May 02 13:37:23 +0000 2012,Can't wait for the pics to come out! @giampaolosgura @voguejp @annadellorusso
197680913977577470,Wed May 02 13:36:17 +0000 2012,RT @giampaolosgura: My gorgeus @Kendra_Spears on set for  @voguejp with @annadellorusso http://t.co/AwaHhcgy
196501100361302000,Sun Apr 29 07:28:07 +0000 2012,RT @annadellorusso: Second day with @giampaolosgura to shooting editorial for Japan Vogue,starring Kendra and Kasia!
195765972739686400,Fri Apr 27 06:46:59 +0000 2012,Buongiorno Milano!
194970140738191360,Wed Apr 25 02:04:38 +0000 2012,Lucky!!! Post a pic for me :P @marklphoto
194408341097816060,Mon Apr 23 12:52:15 +0000 2012,@MarianoVivanco Not the Japanese case you just got :(((((
194407124208599040,Mon Apr 23 12:47:24 +0000 2012,Hello, @nathalyyaa Thank you, that's sweet of you! xx
194406858809810940,Mon Apr 23 12:46:21 +0000 2012,@andreeadiaconu_ AWWW! I didn't even think to get any :(
194406643331629060,Mon Apr 23 12:45:30 +0000 2012,@Palimpus No, I was there for a wedding. Very exciting place to study!
194049558144225280,Sun Apr 22 13:06:36 +0000 2012,#Istanbul is such a beautiful city! Can't wait to go back. http://t.co/f7VlWccT
193016032628183040,Thu Apr 19 16:39:42 +0000 2012,It is me! @titanlight
193015958393200640,Thu Apr 19 16:39:25 +0000 2012,RT @titanlight: @Kendra_Spears is this you overlooking 14th and 9th for #armaniexchange ??? http://t.co/oCE6QBjl
191963670635487230,Mon Apr 16 18:58:00 +0000 2012,Celebrating my 3-year anniversary with @NextModelsNYC today!!
190629050983792640,Fri Apr 13 02:34:42 +0000 2012,RT @ClaudiaKnoepfel: our new edito in May Issue @VogueParis with sublime @Kendra_Spears @nextmodelsnyc http://t.co/vhaIdE9C
190202769364353020,Wed Apr 11 22:20:48 +0000 2012,@AshJavierParlor Haha... One day I'll share my jokes about hair stylist with you ;)
190139227705581570,Wed Apr 11 18:08:19 +0000 2012,@AshJavierParlor How?! How?!
190131348005072900,Wed Apr 11 17:37:00 +0000 2012,@hotnewroommate who's der?
190087241169768450,Wed Apr 11 14:41:44 +0000 2012,And we &lt;3 Marc Jacobs!! @MarcJacobsIntl @MarianoVivanco @RealToniGarrn  @MUSE_Mag #SS12
189657331599020030,Tue Apr 10 10:13:26 +0000 2012,RT @MarcJacobsIntl: Exquisite beauties...we &lt;3 @Kendra_Spears & Toni Gaarn in #SS12 shot by @MarianoVivanco for @MUSE_mag http://t.co ...
189323987392798720,Mon Apr 09 12:08:50 +0000 2012,RT @unbreakable_di: @Kendra_Spears   by Sebastian Kim for Numéro #132 in @dolcegabbana - @Swide @stefanogabbana @iwork4DG  http://t.co/H ...
187630775192141820,Wed Apr 04 20:00:41 +0000 2012,I'm all smiles in Milan after this surprise http://t.co/bCJ4LmXb
187200014316089340,Tue Apr 03 15:28:56 +0000 2012,@andreeadiaconu_  Yummmmm!
186382229994344450,Sun Apr 01 09:19:21 +0000 2012,RT @ClaudiaKnoepfel: lovely day in the office @Kendra_Spears @jamespecis http://t.co/0x14HGLJ
185269310711791600,Thu Mar 29 07:37:00 +0000 2012,Being afraid of spiders doesn't make one unfit for outdoors.. #StTropez with @jamespecis and @ClaudiaKnoepfel.
184324878818742270,Mon Mar 26 17:04:10 +0000 2012,Awesome video! It was so nice to meet you all xx Kendra @WhoWhatWear
184323597697957900,Mon Mar 26 16:59:04 +0000 2012,RT @WhoWhatWear: J’adore! Top model @Kendra_Spears shares an insider’s view of Paris Fashion Week http://t.co/oCb3C4rL #ad
183169392195018750,Fri Mar 23 12:32:40 +0000 2012,Spent the last 3 days doing amazing work with @giampaolosgura and @annadellorusso. Now time to relax in Paris before St. Tropez
183168780099264500,Fri Mar 23 12:30:14 +0000 2012,@iartbilly Thank you! It's really cool xx
181762413312479230,Mon Mar 19 15:21:51 +0000 2012,So thrilled to be on the cover of @Muse_Mag with @RealToniGarrn by @MarianoVivanco #Majooooor http://t.co/ZDCTIBHd
181426907747860480,Sun Mar 18 17:08:40 +0000 2012,Making my way to Milan today to see @giampaolosgura. Goodbye Malibu!
180798894341500930,Fri Mar 16 23:33:10 +0000 2012,@TracyMurphyMUA What's up mama?
179093526372548600,Mon Mar 12 06:36:40 +0000 2012,Beautiful day in #Malibu http://t.co/T1m2boLI
177665444063346700,Thu Mar 08 08:01:58 +0000 2012,Goodbye Prais! It has been fun but I must go to LA now xx http://t.co/eVNjFIiG
177432500019277820,Wed Mar 07 16:36:19 +0000 2012,DONE DONE DONE FINISHED DONE COMPLETE OVER DONE #PFW #JustFinishedAMarathonFeeling
177279288096202750,Wed Mar 07 06:27:33 +0000 2012,The beautiful set from the @Chanel show yesterday morning. #PFW http://t.co/4bu5avNs
177036151050354700,Tue Mar 06 14:21:24 +0000 2012,FIVE shows today! 2 down.. And a little glimps of me backstage at Hakaan #PFW http://t.co/0ANvvEem
176640833192345600,Mon Mar 05 12:10:31 +0000 2012,RT @JPGaultier: @Kendra_Spears & @MILAGROSSCHMOLL looking fabulous backstage http://t.co/NaDCg8Z7
176330380679446530,Sun Mar 04 15:36:56 +0000 2012,NIALS by #GarethPugh #PFW http://t.co/YEip9KLI
176261791670743040,Sun Mar 04 11:04:22 +0000 2012,Happy 10th anniversary to Alber @LanvinOfficial. As always, it was such a pleasure doing the show! xx http://t.co/hNIyRh26
176038671986864130,Sat Mar 03 20:17:44 +0000 2012,RT @JPGaultier: The JPG girls rock! @AnneV @Kendra_Spears @agrensigrid @Anais_Pouliot @JoanSmalls1 @karliekloss @fridagustavsson @Kristi ...
176026501458833400,Sat Mar 03 19:29:24 +0000 2012,Backstage @JpGaultier with @milagrosschmoll http://t.co/9brySyuu
175976020158062600,Sat Mar 03 16:08:47 +0000 2012,xx "@Allure_magazine: A makeup artist strategically applies black shadow on @kendra_spears at @lanvinofficial http://t.co/BR0pfyP7"
175671353662373900,Fri Mar 02 19:58:09 +0000 2012,Whoop! "@Marjorie_Chung: And once again @Kendra_Spears is wearing one of my fav looks! You go girl! #IsabelMarant #PFW http://t.co/jJ76opSa"
175617064856334340,Fri Mar 02 16:22:25 +0000 2012,A great afternoon doing #IsabelMarant. Now getting hair done by @GuidoPalau for @LanvinOfficial show. #PFW
175275485847224320,Thu Mar 01 17:45:06 +0000 2012,RT @VogueParis: Kendra Spears en veste en cuir noire à boutons dorés d'inspiration militaire au défilé Balmain #PFW #Balmain http://t.co ...
175222563985821700,Thu Mar 01 14:14:49 +0000 2012,Backstage at @BalmainParis. So thrilled to be doing the show!! #PFW
175203873366097920,Thu Mar 01 13:00:33 +0000 2012,"@takepills: what to see in Seattle?" Gas Works Park one of my fav places and Capitol Hill for great food & drinks.
175203247118753800,Thu Mar 01 12:58:03 +0000 2012,:))))))))) "@models: Also an early #ff to @kendra_spears !!!! Making our #pfw brighter! &lt;3"
174822497047425020,Wed Feb 29 11:45:08 +0000 2012,Who says I'm addicted to my phone? Fashion week Q&A in picture form... #GalaxyNote @SamsungMobile http://t.co/R2PX088R
174523295037796350,Tue Feb 28 15:56:10 +0000 2012,RT @AshJavierParlor: Super and uber Lady Models. The reason for why I do what I do! @Kendra_Spears @RealToniGarrn and me... http://t.co/ ...
174456110760214530,Tue Feb 28 11:29:12 +0000 2012,@AshJavierParlor Yeah, it was so weird that I ended up in your check-out lane.
174441041242497020,Tue Feb 28 10:29:19 +0000 2012,RT @show_moda: @Kendra_Spears pulling the punches Backstage at @ALTUZARRASTUDIO #NYFW #AW12 http://t.co/47j5v2dP via @show_moda
174219590405070850,Mon Feb 27 19:49:24 +0000 2012,A picture of my vibrant look from the @Armani show this morning #MFW http://t.co/xqIJpKok
174218037724057600,Mon Feb 27 19:43:11 +0000 2012,In Paris now!!!
173354176779255800,Sat Feb 25 10:30:31 +0000 2012,Ohh btws yesterday was @MoschinoOfficial #Iceberg and @Versace.... Great day! Will post some pics from them soon! #MFW
173353151292915700,Sat Feb 25 10:26:29 +0000 2012,Got to sleep in and have a nice breakfast with @mothermodel.. What a great start! http://t.co/cTtTksiz
172645082854469630,Thu Feb 23 11:32:49 +0000 2012,RT @VogueParis: Kendra Spears backstage at Fendi #MFW #Fendi http://t.co/79CKARg1
172640950282227700,Thu Feb 23 11:16:27 +0000 2012,A quick collage on my #GalaxyNote of my favorite pieces from #Fendi. #MFW @SamsungMobile http://t.co/AW0HhbSL
172591595961593860,Thu Feb 23 08:00:17 +0000 2012,@JLJablonski and I backstage preping for the Fendi show with @sammcknight1 #MFW
172384255744290800,Wed Feb 22 18:16:23 +0000 2012,Thank you for your support!! Being a Twitter newb is hard... @tweetstomodels
172379241005068300,Wed Feb 22 17:56:28 +0000 2012,RT @SamsungMobile: See a fashion show through the eyes of model @Kendra_Spears and #GALAXYNote. #NYFW (via @marieclaire) http://t.co/jgS ...
172079302844747780,Tue Feb 21 22:04:40 +0000 2012,Had a super-late-it-was-almost-dinner with @andreeadiddy @RealToniGarrn today at Duomo today #MFW http://t.co/9YCKjArL
171997064849408000,Tue Feb 21 16:37:50 +0000 2012,RT @nextmodelsnyc: Look who's in the famous Armani billboard in Milan this season! Ciao, @Kendra_Spears! http://t.co/WP6ezQ1v
171890215844184060,Tue Feb 21 09:33:15 +0000 2012,Xxxx Hope to see you this week. "@giampaolosgura: With the GOrgeAUS @Kendra_Spears today on set!!!!!! http://t.co/27egXMBS"
170898868895088640,Sat Feb 18 15:54:00 +0000 2012,@giampaolosgura When are you arriving in Milan?
170828058582982660,Sat Feb 18 11:12:37 +0000 2012,After a hectic shoot yesterday I rushed to the airport. Now I'm one stop away from Milan. #NYFWdone
170530176021708800,Fri Feb 17 15:28:56 +0000 2012,@jamespecis Hi
170515911097331700,Fri Feb 17 14:32:18 +0000 2012,My heart skipped a beat when I saw this. Too early for this strange location. More to come.... http://t.co/mBIvK4nr
170485072980484100,Fri Feb 17 12:29:43 +0000 2012,RT @marieclaire: It sure looks hectic there! Model @Kendra_Spears takes us backstage at #nyfw: http://t.co/XKGQCQke
170485011739447300,Fri Feb 17 12:29:28 +0000 2012,@hotnewroommate Ahhhh! Did you fill it up yet?
170160633898217470,Thu Feb 16 15:00:31 +0000 2012,Great! Wave hello from the side :P @EmeseS
170104516618878980,Thu Feb 16 11:17:31 +0000 2012,Good morning NY! On my way to the Ralph Lauren show right now. #NYFW
169920289466089470,Wed Feb 15 23:05:31 +0000 2012,Me and Ms. Ferretti at the Philosophy show this morning #NYFW http://t.co/2D9urvUH
169575787543015420,Wed Feb 15 00:16:32 +0000 2012,Same to you girls! xx"@andreeadiddy: @Kendra_Spears @RealToniGarrn@enikoeva @Lisanne_DJ happy valentines daaaay! &lt;3 http://t.co/wI1SehUl"
169575279151427600,Wed Feb 15 00:14:31 +0000 2012,Love this picture! "@someslashthings: ETIENNE RUSSO with KENDRA SPEARS-LANVIN SS2012 dress rehersal.. http://t.co/q7NiUzRZ"
169574718440091650,Wed Feb 15 00:12:21 +0000 2012,I did a little Valentines doodle for my followers... Happy Vday xxxxx http://t.co/r4ExIvRh
169300104493277200,Tue Feb 14 06:01:05 +0000 2012,"Limitless paper in a paper-less world" ???!? @andreeadiddy @RealToniGarrn #LateNightOffice
169171536400486400,Mon Feb 13 21:30:15 +0000 2012,Ahhh NY. I passed by the rehearsal for the Moncler show in Central Park- I'll just say it's not a show I could do... http://t.co/ugueMetg
169166958204432400,Mon Feb 13 21:12:00 +0000 2012,Hiiiii! @ilona_hamer
169129857115103230,Mon Feb 13 18:44:34 +0000 2012,Got to change the pace this morning shooting in a peaceful gallery. Now back to fashion week madness #NYFW
168893033776037900,Mon Feb 13 03:03:34 +0000 2012,Just finished @TommyHilfiger show! http://t.co/kE91cLfo
168876585582215170,Mon Feb 13 01:58:10 +0000 2012,Had a fantastic day! One more fitting then JENGA!! Who doesn't love playing Jenga?
168777029666340860,Sun Feb 12 19:22:34 +0000 2012,Hello! From @DVF @MAC_Debbie_F
168775256964730880,Sun Feb 12 19:15:31 +0000 2012,Haha you mean zomby ;)"@RealToniGarrn: These temperatures turned me into a zombie http://t.co/6XLAxCkA"
168710220711866370,Sun Feb 12 14:57:05 +0000 2012,RT @VogueParis: Backstage at the Altuzarra Fall 2012-2013 show http://t.co/2UfLbb90 #NYFW @Kendra_Spears @alineweber_real
168530507477418000,Sun Feb 12 03:02:58 +0000 2012,RT @billyrood: Photo: @kendra_spears @hervelegerbyma by billy rood #nyfw #fonyfw (Taken with instagram) http://t.co/WPRInARk
168391451242278900,Sat Feb 11 17:50:25 +0000 2012,As Valentines day approaches I can't help but think of the 120 roses Stefan got you. @clk1604
168389813685334000,Sat Feb 11 17:43:54 +0000 2012,Quick coffee break at the Lincoln Center between Jil Stuart and Herve Leger shows.. Starbucks is so hot right now #NYFW
168127617944399870,Sat Feb 11 00:22:02 +0000 2012,Hanging with @RealToniGarrn before heading out to a late night fitting #nonstop
168040089690189820,Fri Feb 10 18:34:14 +0000 2012,RT @MichaelKors: #FF: The brand new @VogueParis! Fab video! @KarmenPedaru @AnjaRubik @Kendra_Spears http://t.co/0C1w22Ee #followfriday #nyfw
167742348288196600,Thu Feb 09 22:51:09 +0000 2012,Playing with my new #GalaxyNote with @Katie_Fogs at @Pier59Studios waiting to see @InezandVinoodh.. #loadedtweet http://t.co/30mOulRv
167673750895067140,Thu Feb 09 18:18:32 +0000 2012,"@EmeseS: Can't stop playing with my @samsung #galaxynote it is a problem. Right @Kendra_Spears?" Same!!
166966278018441200,Tue Feb 07 19:27:20 +0000 2012,NEW PHONE!! #SamsungGalaxy http://t.co/EgmWhZ5D
166564571052646400,Mon Feb 06 16:51:03 +0000 2012,RT @JenniferNeyt: Discover Emmanuelle Alt's exclusive video for the new Vogue.fr http://t.co/1T6qTFmN @anjarubikblog @JasTookes @Kendra_ ...
166329388336562180,Mon Feb 06 01:16:31 +0000 2012,WOW #MADONNA!
165899653030748160,Sat Feb 04 20:48:54 +0000 2012,Had so much fun last night with @MarianoVivanco @RealToniGarrn and @andreeadiddy
165633615961661440,Sat Feb 04 03:11:46 +0000 2012,RT @MarianoVivanco: Me and the new SUPERMODELS!!! XX @RealToniGarrn  @andreeadiddy @marynalinchuk1 @Kendra_Spears http://t.co/nHcz2DtE
165231474415648770,Fri Feb 03 00:33:48 +0000 2012,RT @rag_bone: Denim shoot... http://t.co/nkpE1kXt
165122274649841660,Thu Feb 02 17:19:52 +0000 2012,Shooting @Rag_Bone lookbook today. I could live in their jeans!
165054790903152640,Thu Feb 02 12:51:43 +0000 2012,Paris, I miss you.
163314724249939970,Sat Jan 28 17:37:19 +0000 2012,Just UrbanDictionary.com 'ed "Kendra" and I'm feeling pretty special.
162611707305410560,Thu Jan 26 19:03:46 +0000 2012,@RealToniGarrn haha same thing happen to me. See you soon!
162596208144171000,Thu Jan 26 18:02:11 +0000 2012,Love Mariano! @MarianoVivanco: http://t.co/tnBMwIGZ Huffington Post Interview... http://t.co/vEFofAt2
162594661033181200,Thu Jan 26 17:56:02 +0000 2012,:)))) “@JPGaultier: For her JPGaultier debut, @Kendra_Spears did very well!  http://t.co/DKZwkEXt”
162198050054475780,Wed Jan 25 15:40:03 +0000 2012,@JPGaultier show was the best way to finish the #HauteCouture shows. Back to NY tomorrow.
162195877245620220,Wed Jan 25 15:31:25 +0000 2012,RT @sammcknight1: @kendra_spears Great to see you @CHANEL  and on twitter Kendra! http://t.co/sZeaq3eU
161581124160729100,Mon Jan 23 22:48:36 +0000 2012,@eli221981 I was definitely not a cheerleader! #offended
161580430586429440,Mon Jan 23 22:45:51 +0000 2012,@andreeadiddy haha for sure. I'm still craving a Ruc Burger!
161580293541732350,Mon Jan 23 22:45:18 +0000 2012,The @Etam_France show tonight was crazy!... I always enjoy dancing around in undies on live TV
161420677805637630,Mon Jan 23 12:11:03 +0000 2012,Even though the call time for @Versace was 6:30am it was definitely worth it! #HauteCouture http://t.co/lBjMufx2
161222378658078720,Sun Jan 22 23:03:05 +0000 2012,What I did this morning #gagaeyes http://t.co/8uSPAcb6
161220655113707520,Sun Jan 22 22:56:14 +0000 2012,@eli221981 I'm currently in a very serious relationship with fashion.
160827789321310200,Sat Jan 21 20:55:08 +0000 2012,French hot dog http://t.co/BCI41buf
159759563422310400,Wed Jan 18 22:10:22 +0000 2012,RT @giampaolosgura: Gorgeaus @Kendra_spears for Vogue Paris Story by Giampaolo Sgura http://t.co/qXDSguxi
159759358866100220,Wed Jan 18 22:09:33 +0000 2012,Thanks! x“@evirago: that's my favourite wall in #milan at the moment:love @Kendra_Spears & her amazing look.another ace for emporio @armani"
159330858631831550,Tue Jan 17 17:46:53 +0000 2012,Whoa! &lt;3 @VogueParis @giampaolosgura http://t.co/QDvxtQGp
159328454880407550,Tue Jan 17 17:37:19 +0000 2012,Just arrived in Milan and... http://t.co/6Q08D77T
158591577286119420,Sun Jan 15 16:49:13 +0000 2012,"My philosophy? No pain, no pain" -George Carlin
157906883158618100,Fri Jan 13 19:28:29 +0000 2012,Just realized it's Friday the 13th! I think I'm going to celebrate by sleeping.
157906404043259900,Fri Jan 13 19:26:35 +0000 2012,@premadona thank you :)
157906284228775940,Fri Jan 13 19:26:06 +0000 2012,@mothermodel Helloooo
157593856794300400,Thu Jan 12 22:44:38 +0000 2012,I will be in Paris when I wake up #redeye
157197972008992770,Wed Jan 11 20:31:31 +0000 2012,The way to my heart is not giving me a massage but getting me a massage #spaday
157197099098845200,Wed Jan 11 20:28:03 +0000 2012,@hyonikang I'm in NY! How's your store? Me, you, and @NikaLauraitis should get lunch soon.
157195645747347460,Wed Jan 11 20:22:17 +0000 2012,@NikaLauraitis @alexina_graham @stefani_pappas @CHRISARUNDEL @hotnewroommate Imagine that! Nika excited to be in Paris...
157195467137097730,Wed Jan 11 20:21:34 +0000 2012,@Model_Followa You should have said HI!
156446940182233100,Mon Jan 09 18:47:11 +0000 2012,#work @MarianoVivanco &lt;3 http://t.co/CvuKeZgM
156242703439503360,Mon Jan 09 05:15:38 +0000 2012,After 15 hours in studio I'm back at home.. I'm going to sleep like a baby tonight!
156241659586289660,Mon Jan 09 05:11:29 +0000 2012,RT @MrbillyB: @kendra_spears WERKING O/T N NYC on W15 w @MarianoVivanco  http://t.co/2DXDL9TE
156241556561604600,Mon Jan 09 05:11:04 +0000 2012,RT @AshJavierParlor: @kendra_spears is rocking our shoot today and I'm Moroccan!!!!
156110964914274300,Sun Jan 08 20:32:09 +0000 2012,In the studio today with @MarianoVivanco, @mrbillyb, and @ashjavierparlor !
155782294920101900,Sat Jan 07 22:46:08 +0000 2012,RT @AskDrRuth: On 1/5 1939 I was put on a train to escape Holocaust. Never saw my family again. Saddest day of my life yet also day my l ...
155781021101592580,Sat Jan 07 22:41:04 +0000 2012,I'm an adult. I can buy a gd box of Lucky Charms just to pick out the marshmallows if I want!
155391346297942000,Fri Jan 06 20:52:38 +0000 2012,@Feonarr Thank you!
155387421230497800,Fri Jan 06 20:37:04 +0000 2012,I like lamps http://t.co/EMWQveV3
155384172691730430,Fri Jan 06 20:24:08 +0000 2012,My first night in NY in 2012 @NikaLauraitis.. What other firsts will happen today?
153124529869291520,Sat Dec 31 14:45:07 +0000 2011,I could get used to waking up this way #paradise  http://t.co/zStyzeWt
152780994666172400,Fri Dec 30 16:00:02 +0000 2011,RT @art8amby: Tao Okamoto, Wang Xiao & @Kendra_Spears are the #SS2012adcampaign girls of Emporio Armani
152108921899843600,Wed Dec 28 19:29:27 +0000 2011,Another rainy day in Seattle but I'll be in the sun tomorrow! @NikaLauraitis @mad0789 #NeedVitD
150990255485501440,Sun Dec 25 17:24:16 +0000 2011,@MarianoVivanco Yes! And I'm loving all the pictures your posting from Peru. Merry Christmas xx
150734983659659260,Sun Dec 25 00:29:55 +0000 2011,Merry Christmas #snoopdogg http://t.co/cALz7dQW
149311475364794370,Wed Dec 21 02:13:24 +0000 2011,RT @NikaLauraitis: That awkward moment when the dentist decides to have a convo when all his utensils are in your mouth. #really?
149311348340297730,Wed Dec 21 02:12:54 +0000 2011,@greeneyeddanger I think I like everything in the store haha
149310996564029440,Wed Dec 21 02:11:30 +0000 2011,RT @MarianoVivanco: Hey! Meet my baby niece Valentina @CindyCrawford  @Kendra_Spears. She has a mole just like my faves! http://t.co/nxI ...
149310972690051070,Wed Dec 21 02:11:24 +0000 2011,@stevierayphotog Yup! The picture just came out in @MUSE_Mag.
149310537338060800,Wed Dec 21 02:09:40 +0000 2011,Thank you Trader Joes for having delicious frozen foods.
146340229442318340,Mon Dec 12 21:26:44 +0000 2011,RT @MarianoVivanco: MY. NEW. VIDEO. "@MUSE_Mag: MAGAZINE Madame X video w/ Mariano Vivanco http://t.co/FRNGWDEq" @Kendra_Spears @Mariano ...
146340161767219200,Mon Dec 12 21:26:28 +0000 2011,@MarianoVivanco @MUSE_Mag AHHHHH!!! I want to be that girl ;) Love!
144251112642461700,Wed Dec 07 03:05:19 +0000 2011,RT @fashgonerogue: Kendra Spears by Benny Horne for Exit F/W 2011 http://t.co/gybzdTbl
143823593116155900,Mon Dec 05 22:46:31 +0000 2011,The guy beneath me blasts a station on Pandora I guess is called Power Pop Women n signs along like he's on AGT- Can't wait to meet him #NYC
143821174642704380,Mon Dec 05 22:36:54 +0000 2011,@Model_Followa Thanks for following me from the beginning!
143821025761701890,Mon Dec 05 22:36:19 +0000 2011,@NikaLauraitis Ecstatic!!
143028722772099070,Sat Dec 03 18:07:59 +0000 2011,@dlowe72 I was there yesterday. Whether you saw me or not I cannot say.. Do you work there ;)
143003193104801800,Sat Dec 03 16:26:32 +0000 2011,Happy Holidays from location in LA!! http://t.co/PJM6f1ZY
142050125995446270,Thu Dec 01 01:19:23 +0000 2011,RT @MUSE_Mag: @Kendra_Spears photographed by @MarianoVivanco for @MUSE_Mag  #28 http://t.co/NE9H7cCL
141627637557768200,Tue Nov 29 21:20:34 +0000 2011,LA today.
141626806993293310,Tue Nov 29 21:17:16 +0000 2011,@NikaLauraitis haha YES! If you wear the headphones you can get away with wearing sweats
141216403020709890,Mon Nov 28 18:06:28 +0000 2011,@rakins1977 In your neighborhood and thought I would say hello!
141215332999245820,Mon Nov 28 18:02:13 +0000 2011,RT @MarianoVivanco: http://t.co/eKzYbVuJ  Behind the scene shot of Beth Fenton, @Kendra_Spears  and me for the NEW issue of MUSE!!!!
140584202298073090,Sun Nov 27 00:14:20 +0000 2011,Sweet Subaru! http://t.co/EXxs2Vri
140099736601505800,Fri Nov 25 16:09:14 +0000 2011,Good morning Washington! http://t.co/iBmqbFMo
139781892462489600,Thu Nov 24 19:06:14 +0000 2011,Happy Thanksgiving! Gobble gobble
139781288839229440,Thu Nov 24 19:03:50 +0000 2011,Happy Thanksgiving to u too! @nextmodelsnyc @karliekloss @katie_fogs @hailey_clauson @hayleywheeler1 @nikalauraitis
138314869547081730,Sun Nov 20 17:56:49 +0000 2011,Worst travel day ever!!! A 10 hour commute has turned into a 20 hour commute.. #getmebacktoNY
136523520707534850,Tue Nov 15 19:18:38 +0000 2011,Ahhh Paris, it's so romantic here in the fall! Very happy to be back #feelslikelove
136523149142528000,Tue Nov 15 19:17:09 +0000 2011,@COACD @nextmodellondon That's right! xxx
135546577157763070,Sun Nov 13 02:36:36 +0000 2011,@LuvKendraSpears @samgradoville haha yes, but even I had to take a second look!
135424905029234690,Sat Nov 12 18:33:08 +0000 2011,@SamGradoville haha “@LuvKendraSpears: Kendra Spears ( @Kendra_Spears ) and Rose Smith post JaegerLondon S/S '12  http://t.co/Y9glbP3Z”
135423752304459780,Sat Nov 12 18:28:33 +0000 2011,haha “@LuvKendraSpears: Model Style:  Kendra Spears ( @Kendra_Spears ) and Rose Smith post JaegerLondon S/S '12  http://t.co/Y9glbP3Z”
135411227970125820,Sat Nov 12 17:38:47 +0000 2011,11/11/11 11:11 made me remember how badly I wanted to be born on 8/8/88. Mom, why couldn't u have held out another 3 days?
134599074883174400,Thu Nov 10 11:51:34 +0000 2011,Good morning! Off to London for a couple of days to see @MarianoVivanco
132863003321311230,Sat Nov 05 16:53:03 +0000 2011,Flying to Palm Springs today.. Work work work #work
130228429583958020,Sat Oct 29 10:24:11 +0000 2011,Spent the day shooting on a barge in Hong Kong. Such a unique experience! #SeaLegs
128859671959306240,Tue Oct 25 15:45:14 +0000 2011,RT @NumeroTOKYO: Numero TOKYO #52 December 2011 issue. The cover girl is Kendra Spears:) http://t.co/fsWT6wp8
128859501259538430,Tue Oct 25 15:44:33 +0000 2011,@LuvKendraSpears thank you for the recommendations. Hopefully I'll have a chance to check them out
128529808522096640,Mon Oct 24 17:54:28 +0000 2011,Rolling out to Hong Kong for the week. Any suggestions on things to do in my down time?? #ChinaWeek
128290629779329020,Mon Oct 24 02:04:04 +0000 2011,What a day
128288364255383550,Mon Oct 24 01:55:04 +0000 2011,RT @MarianoVivanco: My god I am so Excited!!! Kendra!!!! TeanVivanco http://t.co/bTzbA5so
125211280918327300,Sat Oct 15 14:07:50 +0000 2011,Breakfast with my @NikaLauraitis.. Going to be an amazing day- I can feel it!! http://t.co/09jF6fEV
124597094425182200,Thu Oct 13 21:27:16 +0000 2011,I just had a love affair with Dutch apple pie. Back to NY tomorrow.
124554237983195140,Thu Oct 13 18:36:59 +0000 2011,@NikaLauraitis so happy!!!
124039204173922300,Wed Oct 12 08:30:25 +0000 2011,Nimue made the transition from sunny Ibiza to rainy Amsterdam much easier with yummy cider and syrup waffles. Where's her twitter anyway?
123085432706707460,Sun Oct 09 17:20:28 +0000 2011,RT @MarianoVivanco: Is #teamvivanco officially obsessed with @kendra_spears ?? http://t.co/G4soNron
123085167865769980,Sun Oct 09 17:19:25 +0000 2011,Couldn't have asked for a more amazing day! Ibiza with @MarianoVivanco.... And it begins
122222988119642110,Fri Oct 07 08:13:25 +0000 2011,Finally relaxing after a month of fashion. I can't explain how nice it is to wear sneakers!
121479507973640200,Wed Oct 05 06:59:06 +0000 2011,RT @RichterFit: Photo: Kendra Spears and Nimue Smit backstage at Doo.Ri S/S 2012. © Aaron Richter http://t.co/mC6HELiM
120244518619590660,Sat Oct 01 21:11:41 +0000 2011,Kayne West show have me saying futuristic.. #PFW
119823179295358980,Fri Sep 30 17:17:26 +0000 2011,It was about 100 degrees inside the tents at Lanvin! I don't know how I'm still alive!!
118436903740653570,Mon Sep 26 21:28:52 +0000 2011,RT @ChristopherDied: Photo: Zac Posen Spring 2012 Look #25. Model Kendra Spears. http://t.co/MQef9iCm
118083364912766980,Sun Sep 25 22:04:02 +0000 2011,“@karagonchar: Photo: Model street style inspiration from Kendra Spears and Kasia Struss! http://t.co/SwFGThP0” Omg! From years ago.
118082723389779970,Sun Sep 25 22:01:29 +0000 2011,Great day! Dolce & Gabbana, Ferragamo, and Versus... Two more tomorrow then off to Paris! http://t.co/McjLR03g
117259859442929660,Fri Sep 23 15:31:43 +0000 2011,So thrilled to be doing Versace tonight! #MFW
116964785412771840,Thu Sep 22 19:59:12 +0000 2011,Ahhh Milano! D&G was fantastic. All the girls were bombshells! And you can't have anything better than Prince to walk to. #MFW
115192765482147840,Sat Sep 17 22:37:50 +0000 2011,#Jaeger and #Issa shows today in London. They were both so springy that I forgot it was pouring outside.
114361528936964100,Thu Sep 15 15:34:47 +0000 2011,Took a nice break from shows yesterday shooting with Nino Munoz. #BillBlass this morning then off to London.
113644489410756600,Tue Sep 13 16:05:32 +0000 2011,A quick walk through Central Park on my way to Marchesa at the Plaza is just what I need. #NYFW
113627258492682240,Tue Sep 13 14:57:04 +0000 2011,At #VeraWang. It's a little hectic backstage but I'm excited for the show!
113035009526480900,Sun Sep 11 23:43:41 +0000 2011,Just left #ZacPosen show. It was jaw dropping gorgeous!
112961290670051330,Sun Sep 11 18:50:45 +0000 2011,Backstage @DVF show at Lincoln Center. The collection is great, as usual!
112289793068634110,Fri Sep 09 22:22:27 +0000 2011,#DooRi show today was very relaxed. I think the beautiful colorful prints were making everyone happy!
112143434332110850,Fri Sep 09 12:40:52 +0000 2011,Good morning! In hair and make up getting ready for Peter Som at Milk Studios
110173132173754370,Sun Sep 04 02:11:36 +0000 2011,RT @DULCISSIMAS: Kendra Spears, leelo: http://t.co/gfDbzLb #sexy #famosas
110035950238830600,Sat Sep 03 17:06:29 +0000 2011,Honoring the 80s today in studio with Nino Munoz and Charles Varenne.
107171471725563900,Fri Aug 26 19:24:04 +0000 2011,Mmmmmm biscuits, gravy, and home fries at Uncle Dave's Cafe.. Starting the day off right
106900217697284100,Fri Aug 26 01:26:12 +0000 2011,@Nika367 I don't know, but i think a better question is who clips their toe nails in the terminal?? #yuck!!
106899619342073860,Fri Aug 26 01:23:50 +0000 2011,Packing for the fashion weeks! Just went shopping to get some last minute pieces. Love @jcrew_insider and @anthropologie!
106415485096169470,Wed Aug 24 17:20:03 +0000 2011,@janitajaya Thank you for the blog posts!
106414661200642050,Wed Aug 24 17:16:46 +0000 2011,@kninja4 What are you wearing it to?
102840714785861630,Sun Aug 14 20:35:12 +0000 2011,Harper's Bazaar Australia with Ben Mendelsohn by Will Davidson. Check it out! http://t.co/QxxtVUm
102837104958119940,Sun Aug 14 20:20:51 +0000 2011,@Feonarr I'll be doing shows this season, so keep an eye out for me!
101353508950913020,Wed Aug 10 18:05:34 +0000 2011,Making my way to South Hampton today. Shooting on the beach with Lachlan Bailey then a fun day in the city with @Nika367!
98886423276560380,Wed Aug 03 22:42:15 +0000 2011,Live every week like it's #sharkweek!!
90264549344813060,Mon Jul 11 03:42:00 +0000 2011,Thank you Olympic National Forest for letting me have a weekend without any electronics :)
