id,created_at,text
1260005887919489000,Tue May 12 00:36:28 +0000 2020,RT @RachelBros: The partnership between @KingBritLee &amp; @ImDariusdeHaas (Shy’s gorgeous singing voice) has been incredible to watch unfold.…
1259983363772952600,Mon May 11 23:06:57 +0000 2020,@scott_revis @MaiselTV @PrimeVideo Wow!  Now THAT is heart-warming to hear!  I feel exactly the same way about Shy.
1259983146533208000,Mon May 11 23:06:06 +0000 2020,@HeleneMSantoro @MaiselTV @PrimeVideo Thank you for saying that!
1259983056628220000,Mon May 11 23:05:44 +0000 2020,@LindaRockey52 @MaiselTV @PrimeVideo In the interim, you can catch me as Cecil Franklin (Aretha Franklin's brother… https://t.co/ASLzGhf3zv
1259982460902875100,Mon May 11 23:03:22 +0000 2020,@iloveTVcontent @RachelBros I have a theory about that....
1259982359841116200,Mon May 11 23:02:58 +0000 2020,@gingetonic @RachelBros Great minds think alike!  Lol.  Thank you for being so generous with your words!  This show… https://t.co/V2RrEIWLYN
1259978120268054500,Mon May 11 22:46:07 +0000 2020,Stephanie Hsu for the win! #MaiselMonday
1259976491972145200,Mon May 11 22:39:39 +0000 2020,@RachelBros @_MarinHinkle Gotta love Marin!!!  @_MarinHinkle
1259975855847211000,Mon May 11 22:37:07 +0000 2020,@gingetonic @RachelBros Mine too!
1259975573155328000,Mon May 11 22:36:00 +0000 2020,@MizerAndMoore Ok.  I'll take your word for it!
1259974663784013800,Mon May 11 22:32:23 +0000 2020,@MizerAndMoore Burn it!  Lol.
1259974490953584600,Mon May 11 22:31:42 +0000 2020,The non-verbal communication during White Christmas is PRICELESS! #MaiselMonday
1259973520605536300,Mon May 11 22:27:51 +0000 2020,There was actually a take of "White Christmas" where the music and shot started but I wasn't on the stage.  They, i… https://t.co/kUSjI2uSm7
1259972825022189600,Mon May 11 22:25:05 +0000 2020,@_MarinHinkle @MaiselTV YES!  I remember that!  You were TERRIFIC in Miami!!!
1259972674274680800,Mon May 11 22:24:29 +0000 2020,@markitaprescott VERY deep.  Unbreakable!
1259972515612561400,Mon May 11 22:23:51 +0000 2020,RT @BrennynLark: We may or may not have come up with a rap group alter ego of the Silver Belles too 😬 #MaiselMonday
1259972359353753600,Mon May 11 22:23:14 +0000 2020,"Berkeley Square" was so much fun to create, rehearse and shoot!  One of my favorite songs of the season!… https://t.co/R48ohxh7Aj
1259971765293453300,Mon May 11 22:20:52 +0000 2020,Still can't get "One Less Angel" outta my head.  Thanks Tom and Curtis!!!#MaiselMonday @MaiselTV @PrimeVideo
1259971457788129300,Mon May 11 22:19:39 +0000 2020,Couldn't have asked for anything more in Darius De Haas.  His voice is HEAVENLY and was instrumental to me in creat… https://t.co/WOWmmOsEOx
1259970629056503800,Mon May 11 22:16:21 +0000 2020,Marguerite Derricks was a life-saver!  Best choreographer out there!   #MaiselMonday @mpderricks
1259970207818420200,Mon May 11 22:14:41 +0000 2020,Nothing beats performing for HUNDREDS of energetic and enthusiastic actors!  Hard not to feel like a star!… https://t.co/p4Kln7EKCm
1259969295427219500,Mon May 11 22:11:03 +0000 2020,It's the SILVER BELLES!!! #MaiselMonday
1259968506449272800,Mon May 11 22:07:55 +0000 2020,Gotta love that opening!  All in one shot!  #MaiselMonday @MaiselTV @PrimeVideo @AmazonPrimeVideo
1259967712354349000,Mon May 11 22:04:46 +0000 2020,One of my FAVORITE weeks of filming on a set!  Freezing cold, but the feeling inside the hangar was electric.… https://t.co/3OTpC7tGSG
1259966761606230000,Mon May 11 22:00:59 +0000 2020,@LindaRockey52 So glad you liked it!
1259966215478562800,Mon May 11 21:58:49 +0000 2020,@MimiJudith Thank you so much!!!
1259965158744567800,Mon May 11 21:54:37 +0000 2020,Join us!  Starts in 5 minutes! https://t.co/Z5MyHgMAYS
1259964826933235700,Mon May 11 21:53:18 +0000 2020,It's almost time for #MaiselMonday!  Join us as we visit Season 3, Episode 1:  "Strike up the Band".  Loved, loved,… https://t.co/GyB9XwKh1o
1259948467935469600,Mon May 11 20:48:18 +0000 2020,RT @MaiselTV: Who's excited to kick off #MaiselMonday? It's the first of eight weeks celebrating Season 3 of #MrsMaisel and spotlighting th…
1259895158113525800,Mon May 11 17:16:28 +0000 2020,RT @MaiselTV: We have an amazing guest list for our first #MaiselMonday! Tweet with @RachelBros, @ZegenMichael, @_marinhinkle, @kevinpollak…
1259868880752820200,Mon May 11 15:32:03 +0000 2020,RT @RachelBros: Come hang with us tomorrow while we watch Ep 301, chat behind the scenes tidbits and support an important cause! 💕
1259868834183499800,Mon May 11 15:31:51 +0000 2020,RT @MaiselTV: Get ready for our first #MaiselMonday on 5/11! Join us for an Ep 301 Twitter Watch Party, followed by an #AmazonLive conversa…
1258908645636608000,Fri May 08 23:56:25 +0000 2020,Join the cast and crew of THE MARVELOUS MRS. MAISEL every Monday for the next eight weeks for Maisel Mondays! https://t.co/LRLXLhJEgf
1257899642450260000,Wed May 06 05:07:00 +0000 2020,RT @MizerAndMoore: Amazing interview with the gorgeously talented, generous  @KingBritLee
1257899590449332200,Wed May 06 05:06:47 +0000 2020,RT @GoldDerby: Leroy McClain (‘The Marvelous Mrs. Maisel’) on crooner Shy Baldwin and his ‘gnawing loneliness from just not being able to l…
1254280135831965700,Sun Apr 26 05:24:22 +0000 2020,@zakiyyahwashere Binged it so fast!  Loved it!
1254167017957007400,Sat Apr 25 21:54:53 +0000 2020,@__RODERICK Can't believe you're saying it either.
1254097538279510000,Sat Apr 25 17:18:47 +0000 2020,@america_vest @JoeBiden Not a chance.  I'm good.
1252380981970890800,Mon Apr 20 23:37:48 +0000 2020,@zakiyyahwashere Pickled beets are amazing!
1252367611972575200,Mon Apr 20 22:44:41 +0000 2020,@DamoneWilliams_ Ha!  Well, it was worth a try!
1252343865656262700,Mon Apr 20 21:10:19 +0000 2020,@DamoneWilliams_ After you see it, lemme know how it is!  Lol.
1252335342063157200,Mon Apr 20 20:36:27 +0000 2020,@DamoneWilliams_ Ummmmmmm.......
1251661660558893000,Sat Apr 18 23:59:29 +0000 2020,RT @oaktownrob2: @KingBritLee..I just wanted to express my appreciation, for the spotless performances you bring to 'The Marvelous Mrs Mais…
1251661620603994000,Sat Apr 18 23:59:19 +0000 2020,@oaktownrob2 Thank you so much for the shout out, the wonderful words of support and for watching the show!  Much appreciated!
1249193269348765700,Sun Apr 12 04:30:58 +0000 2020,@coreyallenx We'll make that journey back to our changed Brooklyn together, my friend!
1248029390912532500,Wed Apr 08 23:26:08 +0000 2020,@DamoneWilliams_ Octavia Butler and Ray Bradbury.
1246306448646307800,Sat Apr 04 05:19:47 +0000 2020,@DamoneWilliams_ I completely understand.  Lol.  Glad you are staying safe, though.  Right now, I'm in Austin w/ family.  How about you?
1246304953481781200,Sat Apr 04 05:13:50 +0000 2020,@DamoneWilliams_ Btw, how are you doing?  Staying safe?  Crazy days, man. Crazy days.
1246300477404446700,Sat Apr 04 04:56:03 +0000 2020,@DamoneWilliams_ The soundtrack is gorgeous, too.
1246297842777501700,Sat Apr 04 04:45:35 +0000 2020,@DamoneWilliams_ I LOVED that film!!
1244690535140544500,Mon Mar 30 18:18:43 +0000 2020,@twloudmouth Thanks, man!  It's good to know that you have enjoyed the ride so far!  It's a fantastic show to be in… https://t.co/jT5vGr7JbF
1243417817895948300,Fri Mar 27 06:01:24 +0000 2020,@MichaeIDevine I know I don't have to tell you this, but:  please take care of yourself, my friend.
1243248889412673500,Thu Mar 26 18:50:08 +0000 2020,We got a Christmas release date!!! Aretha Franklin Biopic ‘Respect’ Starring Jennifer Hudson Opening Christmas Day… https://t.co/C4bLoe9hDf
1240718062862495700,Thu Mar 19 19:13:32 +0000 2020,I just wrote a @theactionnet letter: EMERGENCY ACTION NEEDED: Protect live entertainment workers as they experience… https://t.co/oIESU8i0ti
1240700199384707000,Thu Mar 19 18:02:33 +0000 2020,@ohneKlippo Honored to share quarantine space with you!  You'll get to hear every song in the Shy Baldwin catalogue.
1237638775221747700,Wed Mar 11 07:17:32 +0000 2020,@HoneyPenny13 @MaiselTV Thank you!!!
1237573342162333700,Wed Mar 11 02:57:32 +0000 2020,@YachtRockFriday @MaiselTV Thank you so much!!!  Totally understand what you were saying!
1237573073638813700,Wed Mar 11 02:56:28 +0000 2020,@dtab92 @MaiselTV Thank you!!!
1237572992839716900,Wed Mar 11 02:56:09 +0000 2020,@mursaki9 @MaiselTV Thank you so much!!
1237572824589406200,Wed Mar 11 02:55:29 +0000 2020,@MiniKingslay @MaiselTV Happy Birthday to you, too!
1235234941664997400,Wed Mar 04 16:05:34 +0000 2020,@LieslTommy For fuck's sake!!!
1234996905957941200,Wed Mar 04 00:19:42 +0000 2020,I love politics. #SuperTuesday
1234649641263796200,Tue Mar 03 01:19:47 +0000 2020,@Jay_Smooth1998 @HardballChris @SteveKornacki Completely agree.  He is one of the main reasons I'm into politics, t… https://t.co/BLg1BchlOp
1234648513344086000,Tue Mar 03 01:15:18 +0000 2020,@HardballChris Thank you for your tenacity, insight and passion for politics.  I watched your show every night.  Take care!
1233656970441363500,Sat Feb 29 07:35:16 +0000 2020,@atxhobogrl @MaiselTV Yep!  "Loyal Forever"!  Guilty as charged.
1232125164965507000,Tue Feb 25 02:08:25 +0000 2020,@DamoneWilliams_ Absolutely!!!  Sounds good to me!
1232123197929250800,Tue Feb 25 02:00:36 +0000 2020,@DamoneWilliams_ Amen!
1232095013284253700,Tue Feb 25 00:08:37 +0000 2020,@HardballChris You are a class act.  Great apology on your show tonight!  I wish this kind of 'mea culpa' was more… https://t.co/er85Z6qZkE
1232046249970458600,Mon Feb 24 20:54:50 +0000 2020,Kobe.
1224539060787650600,Tue Feb 04 03:43:57 +0000 2020,@ted_berz If you will miss Shy so much, then why the hell are you gunning for me, my band and Reggie...aka the ENTI… https://t.co/8vQZPp8aLs
1220759727895871500,Fri Jan 24 17:26:14 +0000 2020,@DamoneWilliams_ Let's talk about this.  Maybe we're cousins or some shit?!?
1219688530974298000,Tue Jan 21 18:29:41 +0000 2020,@calshakes @MaiselTV An interesting side note:  That production of HAMLET was directed by Liesl Tommy (@LieslTommy… https://t.co/7sWCGdWl7p
1219687523057905700,Tue Jan 21 18:25:40 +0000 2020,@calshakes @MaiselTV Thank you for this AMAZING shout-out!  Being allowed to portray Hamlet at Cal Shakes is, to th… https://t.co/6Cyd4Ieubn
1219361944957788200,Mon Jan 20 20:51:56 +0000 2020,RT @WFrancoV: Outstanding Performance by an Ensemble in a Comedy Series The Marvelous Mrs. Maisel Caroline Aaron,Alex Borstein, Rachel Bros…
1219143470520184800,Mon Jan 20 06:23:48 +0000 2020,So proud and honored to be a member of this amazing ensemble of artists! https://t.co/7IaJCQqBfc
1219101567204446200,Mon Jan 20 03:37:18 +0000 2020,RT @awards_watch: Caroline Aaron, Alex Borstein, Rachel Brosnahan, Marin Hinkle, Stephanie Hsu, Joel Johnstone, Jane Lynch, Leroy McClain,…
1219101543364014000,Mon Jan 20 03:37:12 +0000 2020,RT @awards_watch: Outstanding Performance by an Ensemble in a Comedy Series: THE MARVELOUS MRS. MAISEL (Prime Video) #SAGawards
1219101273154179000,Mon Jan 20 03:36:07 +0000 2020,RT @justdoodirty2: Yes... #marvelousmrsmaisel already has 2 wins.. congrats on Best Actor in Comedy &amp; Best Ensemble Cast Comedy .. Shout ou…
1217925770649251800,Thu Jan 16 21:45:06 +0000 2020,RT @calshakes: #tbt to 2012 when the talented @KingBritLee starred as Hamlet at Cal Shakes (left). We LOVED seeing him as Shy Baldwin on se…
1217195348340375600,Tue Jan 14 21:22:40 +0000 2020,@DamoneWilliams_ Never considered myself an "experimental eater", but I got 9.
1216929632601215000,Tue Jan 14 03:46:48 +0000 2020,@DamoneWilliams_ Agreed.
1215798637978103800,Sat Jan 11 00:52:38 +0000 2020,@holIaIude Life goals, eh?  Continue to reach for the stars, youngin.
1215797254109483000,Sat Jan 11 00:47:08 +0000 2020,@holIaIude Now I have read some STUPID tweets in my day, but this one has to be somewhere near the top of the list.  Like, really close.
1215795837168771000,Sat Jan 11 00:41:30 +0000 2020,@DamoneWilliams_ There are so many nasty, hateful things that I have the urge to say to this person (and those like… https://t.co/3elkyRFgJB
1214989946685214700,Wed Jan 08 19:19:11 +0000 2020,@MaiselTV Thanks for the shout-out and the love, @MaiselTV!
1214594106208538600,Tue Jan 07 17:06:15 +0000 2020,@CeeScara I love Lakeith.  I'll take that as a compliment.
1213607287442608000,Sat Jan 04 23:44:59 +0000 2020,@Winn3317 No it wasn't.  And the performances were hardly five minutes each.
1208143556751351800,Fri Dec 20 21:54:04 +0000 2019,RT @TirrellWhittley: Y’all not ready for this one☝🏾#RespectMovie  Starring the dynamic @iamjhud with an incredible filmmaking team includin…
1208066386657984500,Fri Dec 20 16:47:26 +0000 2019,COMING SOON!  Incredibly proud to be a part of this film as Cecil Franklin!  We are creating something truly specia… https://t.co/6b4tbfSLO1
1207173271730425900,Wed Dec 18 05:38:30 +0000 2019,@markgar10373572 It was my absolute pleasure to meet you both, Mark!!
1205570280833372200,Fri Dec 13 19:28:48 +0000 2019,Midge will be back for more!! https://t.co/3FKMMQ14H8
1205540476067160000,Fri Dec 13 17:30:22 +0000 2019,@MizerAndMoore @MaiselTV @amazonmusic I told you this would be a hit!  Now you have a gazillion people all over the… https://t.co/QfdB0uX3Sd
1205296724102799400,Fri Dec 13 01:21:47 +0000 2019,RT @MaiselTV: Where would #MrsMaisel be without her marvelous family? Congratulations to our cast on receiving a #SAGAwards nomination for…
1203405849332453400,Sat Dec 07 20:08:07 +0000 2019,@BrennynLark Shy appreciates your loyalty!  SHY AND THE SILVER BELLES FOREVER!!!
1203359238208336000,Sat Dec 07 17:02:54 +0000 2019,One of the best work days EVER!  Midge and Shy on the high seas!  Season 3 of The Marvelous Mrs. Maisel is now out… https://t.co/RQkUzR3Ld3
1201548767742382000,Mon Dec 02 17:08:44 +0000 2019,RT @markitaprescott: Presenting Shy Baldwin &amp; The Silver Belles, ready to take the stage! The Marvelous Mrs. Maisel premieres in 4 days onl…
1192252396908486700,Thu Nov 07 01:28:17 +0000 2019,@coreyallenx Awesome group!
1120703674823716900,Tue Apr 23 14:59:12 +0000 2019,@westratenick She definitely deserves it.  She is one of the few so far that are willing to be EXTREMELY detailed i… https://t.co/8FmQomQ3o1
1116236515934441500,Thu Apr 11 07:08:18 +0000 2019,@westratenick "I don't need to SEE that!"
1116001130465644500,Wed Apr 10 15:32:58 +0000 2019,@westratenick Bloody hell!  What a glorious interaction!
1115315994958999600,Mon Apr 08 18:10:29 +0000 2019,RT @MykWatford: I am blessed to know so many talented people! While watching a new show directed by the amazing @liesltommy I ran into an o…
1111255423464759300,Thu Mar 28 13:15:13 +0000 2019,@model_minority I saw that play.  And ever since I've started judging every couple I see that meets that description.
1110869580652707800,Wed Mar 27 11:42:01 +0000 2019,@AlphakirA It was my pleasure!  Such a fantastic crowd of enthusiastic and supportive artists!  Made my day!
1108358885096603600,Wed Mar 20 13:25:25 +0000 2019,Celebrating the Premiere of Jordan Peele's "US" @ MoMA &amp; Nobu 57.  Thank you @Lupita_Nyongo for the invite!  ASTOUN… https://t.co/2uhQoy4X4B
1108240581996802000,Wed Mar 20 05:35:19 +0000 2019,@MichaeIDevine @JeanHanffKoreli Fantastic news!
1108087163558813700,Tue Mar 19 19:25:41 +0000 2019,@MaiselTV Oh, it's almost completed.  Totally.  Management is working on that.
1107337473913471000,Sun Mar 17 17:46:41 +0000 2019,Excited to be with this great group of amazingly funny people!  Should be a thrilling season ahead!… https://t.co/4D2x48R3pa
1090666722082857000,Wed Jan 30 17:43:04 +0000 2019,RT @KamalaHarris: .@JussieSmollett is one of the kindest, most gentle human beings I know. I’m praying for his quick recovery.   This was a…
1083013752042254300,Wed Jan 09 14:52:54 +0000 2019,@coreyallenx I'll go see it with you if you do.  But I don't get back until late Jan.
1080949291735232500,Thu Jan 03 22:09:28 +0000 2019,@westratenick Yep
1080143693192093700,Tue Jan 01 16:48:19 +0000 2019,@Narunosuke45 Happy New Year!  Love you!
1071878123149516800,Sun Dec 09 21:23:53 +0000 2018,@MichaeIDevine @MaiselTV Awww...hadn't seen the pic on the left before!
1059882437910630400,Tue Nov 06 18:57:19 +0000 2018,VOTE!!!!!  No excuses!
1055211052600868900,Wed Oct 24 21:34:54 +0000 2018,@westratenick Ummmm....you are totally forgetting about Don Lemon.
1048297672984219600,Fri Oct 05 19:43:36 +0000 2018,Remember how in 2016 people got angry when people proclaimed the importance of voting for President due to the bala… https://t.co/bOEgnbLlBs
1045474074779095000,Fri Sep 28 00:43:38 +0000 2018,Absolutely disgraceful display of PRIVILEGE today during this "hearing".  What a complete dumpster fire.  Shameful.
1036128619138084900,Sun Sep 02 05:48:07 +0000 2018,RT @MichaeIDevine: Just wrapped up a wonderful week of shooting @MaiselTV. Had a blast and loved working with the brilliant @RachelBros @Al…
1000415767601537000,Sat May 26 16:38:00 +0000 2018,@LieslTommy Grossly annoying.
996115828801265700,Mon May 14 19:51:35 +0000 2018,@zaccxav @tariqnasheed Ummm...there is a play called BENT.  You should google it before you jump to conclusions.
991507137837830100,Wed May 02 02:38:17 +0000 2018,@TyMHenderson Were you ravaged by the vulture?  If so, please post pics!
983386410559385600,Mon Apr 09 16:49:25 +0000 2018,I couldn't be more proud to support and endorse this remarkable slate of candidates #FWOC15! https://t.co/HYnJovXU2P
980987952145760300,Tue Apr 03 01:58:48 +0000 2018,RT @CouncilFairWage: The #FWOC15 will advocate for Wages, Inclusion, Participation and Engagement across contracts and across the country.…
977286299747991600,Fri Mar 23 20:49:45 +0000 2018,Ha! https://t.co/zpcxqUWTTe
973928108897308700,Wed Mar 14 14:25:30 +0000 2018,RT @Dangermmm: @KingBritLee just watched The Happy Sad. Great movie. Keep up the good work.
973928079776211000,Wed Mar 14 14:25:23 +0000 2018,@Dangermmm Thanks for the kind words and support!
965832481558728700,Tue Feb 20 06:16:22 +0000 2018,RT @MichelleObama: Congrats to the entire #blackpanther team! Because of you, young people will finally see superheroes that look like them…
903298585105764400,Thu Aug 31 16:48:59 +0000 2017,@LieslTommy Fantastic!  How about a viewing party?
902256880675938300,Mon Aug 28 19:49:38 +0000 2017,RT @EricHolthaus: Harvey's forecast of 50" in five days is near the theoretical maximum rainfall event possible in U.S. PMP = "Probable Max…
897118231961448400,Mon Aug 14 15:30:28 +0000 2017,@EmilyBergl Not sure what or who Trump has been working for since Jan., but it sure as hell hasn't been "for free"...on many levels.
890238548510691300,Wed Jul 26 15:53:04 +0000 2017,RT @theatermania: .@AtlanticTheater announces complete casting for @StephensSimon's NY premiere of ON THE SHORE OF THE WIDE WORLD → https:/…
866811564980150300,Tue May 23 00:22:36 +0000 2017,RT @morphizm: @therealelp https://t.co/q7wtQHSxaz
866810744372949000,Tue May 23 00:19:20 +0000 2017,The day after and I still can't get the Twin Peaks Return out of my head.  David Lynch is a genius.  Brilliant.  #TwinPeaks #TwinPeaks2017
852931458893217800,Fri Apr 14 17:08:01 +0000 2017,Much love and respect to you, @westratenick, dear friend!  Unending gratitude for all that you are, all you represe… https://t.co/FrIxImfpGk
850913368227680300,Sun Apr 09 03:28:50 +0000 2017,RT @thenerdmachine: Why 'Twin Peaks' Was a Cultural Phenomenon https://t.co/MQCdOcXsIE https://t.co/C0e9PKRNBh
850912097156423700,Sun Apr 09 03:23:47 +0000 2017,RT @SHO_TwinPeaks: Exactly 27 years ago we entered #TwinPeaks, and the rest is history… https://t.co/Bewgue9IVc
845822193225359400,Sun Mar 26 02:18:20 +0000 2017,RT @ava: For all who are not aware and for all who care... https://t.co/zXjQhQCfbC
845821986026782700,Sun Mar 26 02:17:30 +0000 2017,RT @jfreewright: Trumpcare was never about the well-being of Americans. It was about trying in vain to erase Barack Obama from the history…
844898281197113300,Thu Mar 23 13:07:02 +0000 2017,RT @CouncilFairWage: We are proud to announce 8 candidates for @ActorsEquity Council: Elrod, Felciano, Karpen, Koster, Lanzarone, Omura, Ov…
836653405976281100,Tue Feb 28 19:04:50 +0000 2017,Happy Pancake Day to one and all!  A dangerous day for me, indeed.
836652110116716500,Tue Feb 28 18:59:41 +0000 2017,Thanks for the shout out, man!  Much appreciated!  It's a great show! https://t.co/ytAscB8Bb0
836308495532232700,Mon Feb 27 20:14:17 +0000 2017,Still basking in all that Mahershala, Viola,  MOONLIGHT glow today!
835244084721770500,Fri Feb 24 21:44:42 +0000 2017,One of the highlights of my career thus far...portraying Boy Willie in Liesl Tommy's epic revival of THE PIANO LESS… https://t.co/nJwDBCPQTK
828467893268525000,Mon Feb 06 04:58:32 +0000 2017,@Keona_Shauntice Get yo' mind outta tha gutta!  Lol.  On the real, he is doing a great job!
813447437222346800,Mon Dec 26 18:12:36 +0000 2016,Absolutely!  He will be greatly missed. https://t.co/MINYjoOctL
813423121680240600,Mon Dec 26 16:35:59 +0000 2016,Another icon taken in 2016.  So young.  A true artist that will be greatly missed.  Thanks for all the amazing songs.  RIP #GeorgeMichael
813155176169242600,Sun Dec 25 22:51:16 +0000 2016,Whatever you are celebrating today, relish every second of it!  Peace, blessings and much love!
810191086283096000,Sat Dec 17 18:33:02 +0000 2016,Thanks for the shout out!  Glad that you enjoyed the film! https://t.co/6p3yKsTKAR
804352795419803600,Thu Dec 01 15:53:45 +0000 2016,Brilliant statement by one of my favorite playwrights working today! https://t.co/pTeSxeAaZX
798579023358160900,Tue Nov 15 17:30:50 +0000 2016,Stranger than fiction... https://t.co/0ime4FgIk0
798414992445939700,Tue Nov 15 06:39:02 +0000 2016,RT @kerrywashington: And we will miss her so. 🙏🏾 Go with God Ms. Ifill. With love &amp; gratitude... https://t.co/FsUFe8nAEX
798413808393928700,Tue Nov 15 06:34:20 +0000 2016,RT @TraceeEllisRoss: Rest in power Gwen Ifill, an extraordinary journalist who contributed so much to honest, thoughtful discourse. https:/…
796538958486323200,Thu Nov 10 02:24:21 +0000 2016,RT @larkieswiftie: Retweet if you are: -A woman -An immigrant -LGBT+ -Muslim -African American -Latino/Latina -In any other way completely…
796538574598537200,Thu Nov 10 02:22:49 +0000 2016,RT @obeyingjauregui: Imagine being so immature and taking your vote for granted like this when there are people out there wishing they coul…
796538306695745500,Thu Nov 10 02:21:45 +0000 2016,RT @freddoso: Sanders campaign statement, per CNN: "We have nothing polite to say right now."
796538099161563100,Thu Nov 10 02:20:56 +0000 2016,What a challenging day this has been.  The day after. Trying to come to grips with the results of this election. This is absolutely absurd.
796537620776026100,Thu Nov 10 02:19:02 +0000 2016,RT @Lynnbrooklyn: Pundits &amp; talking heads keep circling the real issue at the core of this tight election #racism #misogyny #white-privileg…
795785306708602900,Tue Nov 08 00:29:36 +0000 2016,@tuitey_fruity This is simply AMAZING!  Thanks!  Honestly one if the coolest things...art imitating art!
795784208601989100,Tue Nov 08 00:25:14 +0000 2016,RT @tuitey_fruity: It was back in 2012 but damn if @KingBritLee 's performance of Hamlet stuck with me. So I drew some #Hamlet fan art! htt…
795631775712165900,Mon Nov 07 14:19:32 +0000 2016,RT @AVAETC: This is real. Don't let it happen on our watch. Weekend vote today if you can. Tuesday is the big day. #ImWithHer https://t.co/…
793880528596377600,Wed Nov 02 18:20:42 +0000 2016,RT @chrislhayes: Just a regular day in November where it's almost 70 degrees in NYC and the Cubs are playing in Game Seven of the World Ser…
792363057494229000,Sat Oct 29 13:50:48 +0000 2016,Time for some sanity: https://t.co/lNrGyQDZME
792361956413939700,Sat Oct 29 13:46:26 +0000 2016,Probably the sentiments of many with this latest turn of events. https://t.co/r0QXRZf6ZP
790936438573568000,Tue Oct 25 15:21:56 +0000 2016,RT @AnikaNoniRose: Confirm where you vote https://t.co/fGop7qLlNc
790936313033846800,Tue Oct 25 15:21:26 +0000 2016,RT @chrislhayes: So the Black Jeopardy skit is legit brilliant https://t.co/9CoawYUoro
790395256512675800,Mon Oct 24 03:31:28 +0000 2016,@tim_nicolai We can talk no longer.  It sure was nice knowing you.  Lol.
790392960785510400,Mon Oct 24 03:22:21 +0000 2016,Amen! https://t.co/6oI2lmoxOi
790392640151887900,Mon Oct 24 03:21:04 +0000 2016,That season premiere was almost too much to take!  #WalkingDead
790039101978345500,Sun Oct 23 03:56:14 +0000 2016,Ouch. https://t.co/Pf7qTeBLNT
789512490623332400,Fri Oct 21 17:03:40 +0000 2016,Honored to work with such tremendous artists in this production of #Plenty at the @PublicTheaterNY. https://t.co/ZvhmHf8Xqp
788818665470918700,Wed Oct 19 19:06:40 +0000 2016,Classy.  Very classy. https://t.co/z8SHCCx67K
788818318467723300,Wed Oct 19 19:05:17 +0000 2016,RT @chrislhayes: This sounds crazy and naive, but I'd be really happy if the entire debate was on policy. Immigration, economy, taxes, clim…
787651819187167200,Sun Oct 16 13:50:02 +0000 2016,23 days to go! https://t.co/RDgLEaFJLm
787651458472837100,Sun Oct 16 13:48:36 +0000 2016,Congrats, Andy! https://t.co/cg8v6UWPSj
787650660518993900,Sun Oct 16 13:45:25 +0000 2016,RT @neiltyson: Full Moon this eve, across all Earth's lands. Rising gently in the east, as the curtain of twilight descends.
787650596069408800,Sun Oct 16 13:45:10 +0000 2016,RT @sarahkendzior: Trump team admits they are trying to suppress voter turnout among blacks, young women, and Sanders fans voting for HRC h…
787009868997820400,Fri Oct 14 19:19:09 +0000 2016,@tim_nicolai @thehill @mirrorworm Please, let this cratering continue!  Here's to hoping both AZ and UT flip blue this election cycle.
785539975538282500,Mon Oct 10 17:58:19 +0000 2016,@Lynnbrooklyn Rest up, Lynn!  So excited that you and I are working in the same building (at the same time) at long last!
785507042895269900,Mon Oct 10 15:47:27 +0000 2016,How anyone can still be "undecided" in this election is beyond me.  I'm with her. #debate #Election2016
785506435065143300,Mon Oct 10 15:45:02 +0000 2016,RT @jes_chastain: Im very proud of @HillaryClinton tonight. It was a very uncomfortable debate. When he went low, she went high. #imwithher…
770962214903746600,Wed Aug 31 12:31:30 +0000 2016,RT @Gingi1604: @KingBritLee You were a terrific Orlando tonight-all heart! Hats off to all for fighting thru the rain-incredibly satisfying!
770962131692953600,Wed Aug 31 12:31:10 +0000 2016,RT @EmilyBergl: I met @KingBritLee outside the Vineyard Theater because he is a @chris_shinn fan &amp; now we're doing a play at the Public #ci…
751823330668376000,Sat Jul 09 17:00:24 +0000 2016,Serena Williams.  In my book, the undisputed G.O.A.T.!  Congrats on #22!!!  #SerenaWilliams #Wimbledon2016
751822718560067600,Sat Jul 09 16:57:58 +0000 2016,RT @RollingOut: Serena Williams recites Maya Angelou's "Still I Rise" before her historic #Wimbledon win and it's EVERYTHING! https://t.co/…
746586739880366100,Sat Jun 25 06:12:04 +0000 2016,Sad day for Britain. #BrexitVote
687654802214547500,Thu Jan 14 15:17:35 +0000 2016,Bowie and now Rickman.  Terrible week.
686576385339572200,Mon Jan 11 15:52:20 +0000 2016,One of my favorites! https://t.co/qz5hr0eT3V
686464188802306000,Mon Jan 11 08:26:31 +0000 2016,Thank you for everything, Mr. Bowie.  Sad, sad, sad, sad day........ https://t.co/oh2IMB81rc
685548575258968000,Fri Jan 08 19:48:11 +0000 2016,@EricLenoxAbrams Currently working out of town.  Can you send me your email?  I promise I won't sell it to TMZ.  Lol.
685548031161315300,Fri Jan 08 19:46:02 +0000 2016,@EricLenoxAbrams Man, I've been in stealth mode.  Living in the shadows.  Lol.  Nah, been pretty busy.  Around.  I would love to reconnect!
684588025326780400,Wed Jan 06 04:11:18 +0000 2016,@EricLenoxAbrams It's been waaaaaaaaaaay tooooo long!  So much to say.  Miss you, buddy.
683485898596585500,Sun Jan 03 03:11:51 +0000 2016,RT @monaeltahawy: Serena Williams has won 21 Grand Slams yet she is put thru shit about her body - a glorious and powerful body https://t.c…
672943950802624500,Sat Dec 05 01:01:55 +0000 2015,RT @NYMF: RT to VOTE for REGGIE D. WHITE (@reggiedwhite - Heat 1)! #NextBroadwaySensation
662332130022793200,Thu Nov 05 18:14:19 +0000 2015,@TyMHenderson Miss you, my friend.  I need some mischief in my life!  Lol.
647177308969803800,Thu Sep 24 22:34:29 +0000 2015,@susanheyward OMG!  Is this THE Susan Heyward?!?  Lol.  Glad we can finally connect in the Twitterverse!
645964497660809200,Mon Sep 21 14:15:12 +0000 2015,@SarahTreem @_maleficentt my favorite moment too!
645963786864721900,Mon Sep 21 14:12:22 +0000 2015,RT @AudraEqualityMc: So annoying that the day that @violadavis and @UzoAduba made history some Twitter troll is the one trending for trying…
645962781003526100,Mon Sep 21 14:08:23 +0000 2015,RT @TelevisionAcad: .@kerrywashington's reaction to @violadavis' win. #Emmys http://t.co/B7uvQxaR3w
644939618677297200,Fri Sep 18 18:22:42 +0000 2015,RT @marykbruce: Hungary opening its door, busing refugees across the border from Croatia. http://t.co/iLKx0ElVvJ
644938839274950700,Fri Sep 18 18:19:36 +0000 2015,RT @traciethoms: But Ahmed... Nevermind.  http://t.co/eoQE3UeOXR
644546908673962000,Thu Sep 17 16:22:12 +0000 2015,I am ready for fall to hurry up and get here!  I'm definitely a cool/cold weather person.
643473384186245100,Mon Sep 14 17:16:24 +0000 2015,RT @terry_settle: @KingBritLee peace in our time lol
643094052825661400,Sun Sep 13 16:09:04 +0000 2015,@terry_settle Now THAT'S something that we can definitely agree on!  Lol.
643077763944050700,Sun Sep 13 15:04:21 +0000 2015,@terry_settle Nah, I think I'm siding with Billie and Steffi on this one.  Serena is the best, with Steffi close behind.
642728388424302600,Sat Sep 12 15:56:03 +0000 2015,In the same boat! https://t.co/aelTBqalmZ
642721598202597400,Sat Sep 12 15:29:04 +0000 2015,@MHPshow @lizzwinstead @jemelehill @marypilon Couldn't agree more!!
642720841982193700,Sat Sep 12 15:26:04 +0000 2015,@terry_settle Even Steffi says that Serena is the undisputed G.O.A.T.  You can bang your drum all you want, but even she disagrees with you.
642543637436481500,Sat Sep 12 03:41:55 +0000 2015,RT @ATPWorldTour: .@rogerfederer downs #Wawrinka 64 63 61 to move into the @usopen final. Read: http://t.co/erwGpseVXP http://t.co/FH1rjKJM…
642507907859370000,Sat Sep 12 01:19:57 +0000 2015,@SatanSitter Cool!  I can live with that!  Lol.
642491394070810600,Sat Sep 12 00:14:19 +0000 2015,@SatanSitter When Graf herself and Billie Jean King both say that Serena is the greatest, chances are that Serena is the greatest.
642473045484027900,Fri Sep 11 23:01:25 +0000 2015,@terry_settle Nope.  It's Serena.
642452185448611800,Fri Sep 11 21:38:31 +0000 2015,RT @WTA: Keep your head up @SerenaWilliams! An amazing 2015 &amp; the season is not over! #USOpen http://t.co/oZ8BcUG1gL
642450463594385400,Fri Sep 11 21:31:41 +0000 2015,RT @amoore9: My thoughts on the #USOpen match with @serenawilliams today! Love you @serenawilliams! XOOOX http://t.co/pmWMGRSNTI
642450023763079200,Fri Sep 11 21:29:56 +0000 2015,RT @289_698: @KingBritLee Wow!I heard that!!!!
642449918393585700,Fri Sep 11 21:29:31 +0000 2015,@Salchichon0728 *blank stare*
642434207415959600,Fri Sep 11 20:27:05 +0000 2015,Serena, regardless of what happened today..you are..WITHOUT A DOUBT....the G.O.A.T.  Let's go for the Golden Slam in 2016!  #SerenaWilliams
636184859501834200,Tue Aug 25 14:34:24 +0000 2015,RT @PascaleArmand: RT if you like what you see: http://t.co/0lNedkYV9y. Changes to my reel as well as info on Eclipsed tix @ the Public!
620840549541507100,Tue Jul 14 06:21:36 +0000 2015,Great day at the San Diego Zoo!  What an amazing place!  I had no idea Koala Bears sleep an avg. of 20 hours a day.  Jealous. #sandiegozoo
620839593433174000,Tue Jul 14 06:17:48 +0000 2015,RT @nytimes: On Tennis: It’s Time to Appreciate Serena Williams’s Greatness http://t.co/Pf930qZEAf
620118754702180400,Sun Jul 12 06:33:27 +0000 2015,@ReyXLP Hello fellow Yalie!!!
620117902767714300,Sun Jul 12 06:30:03 +0000 2015,Still beaming from @serenawilliams big win today!  We couldn't stop talking about it backstage tonight!  Lol.  Serena and Shakespeare day.
620062353476849700,Sun Jul 12 02:49:19 +0000 2015,RT @WTA: .@FLOTUS, @KobeBryant, @MCHammer &amp; more congratulate @SerenaWilliams​ after #Wimbledon​ win--&gt; http://t.co/WnFrSrEAlh http://t.co/…
620011898210091000,Sat Jul 11 23:28:50 +0000 2015,RT @serenawilliams: No words can describe the feeling I have right now. #SerenaSlam Wow this happened?? It happened in my… https://t.co/ChO…
620011654789500900,Sat Jul 11 23:27:52 +0000 2015,RT @andyroddick: If @serenawilliams didn't just lock up every major sports award for the year, I quit trying to understand the process.
620011398089719800,Sat Jul 11 23:26:51 +0000 2015,RT @KaceeMaree: Stop the hate. #SerenaWilliams is gorgeous, talented and humble. Too much ignorance in the world. http://t.co/GckfXVIs9W
620010687587221500,Sat Jul 11 23:24:01 +0000 2015,RT @espn: Grand Slam titles for Serena Williams: 21  Grand Slam titles for every other active player combined: 21 http://t.co/Z3Txle9EeM
620010514349862900,Sat Jul 11 23:23:20 +0000 2015,Serena Williams.  I sing your praises for everything you have and continue to accomplish!  Bravo!  #GOAT #Wimbledon http://t.co/AJMBqZteeS
619907836231835600,Sat Jul 11 16:35:20 +0000 2015,RT @SI_Tennis: Serena Williams wins her sixth #Wimbledon title, d. Muguruza 64, 64. http://t.co/s20xE90MrE http://t.co/OCD7qY7DVC
616163884416634900,Wed Jul 01 08:38:12 +0000 2015,RT @ClassicPixs: Philip Seymour Hoffman left us 1 year ago today. Rest in Peace. http://t.co/0YAyjqNDlc
607701874687369200,Mon Jun 08 00:13:12 +0000 2015,RT @serenawilliams: @stanwawrinka wow! Congrats! Just wow! I wanna play like that!
606645229710499800,Fri Jun 05 02:14:28 +0000 2015,RT @keithjosef: Look out for my newest SciFi venture. @actnowfilmstage #SciFi #BlackSciFi #TheAbandon http://t.co/wL6TlQMNbK
587331393178353700,Sun Apr 12 19:08:10 +0000 2015,@mmfa Wow.  Thoughtless.  Tactless.  Disgusting.  Not surprising.
565330852834709500,Wed Feb 11 02:05:53 +0000 2015,RT @AlmasiArts: @KingBritLee(in US) and @GideonJeph (in Zim) both originated the role of "Chilford" in THE CONVERT by @DanaiGurira. http://…
564958125267361800,Tue Feb 10 01:24:48 +0000 2015,@Breezy_king_25 Thanks, man!  Glad you enjoyed the film!!!
564957840750952450,Tue Feb 10 01:23:40 +0000 2015,@blackjpw Hey man!  Doing well!  Been a little low-key on Twitter lately, but getting back into the swing of things!  Lol.  Hope all is well
546358734042050560,Sat Dec 20 17:37:27 +0000 2014,@blackjpw Hey there!  I am hanging out with family for the holidays!  Nice to be out of NYC! I love family time!  Hope all is well with you!
537269706626195460,Tue Nov 25 15:40:54 +0000 2014,RT @mikebrowncover: Why is #Ferguson important?  Because war torn countries are sending messages of hope to US citizens. http://t.co/K6ahNj…
537269154202783740,Tue Nov 25 15:38:42 +0000 2014,RT @serenawilliams: Wow. Just wow. Shameful. What will it take???
532930054263558140,Thu Nov 13 16:16:40 +0000 2014,@SimonCMoreau Thanks @SimonCMoreau!  I really appreciate the kind words of support!  Thanks for reaching out!
532929798046089200,Thu Nov 13 16:15:39 +0000 2014,RT @SimonCMoreau: @KingBritLee You were amazing in Happy Sad! Great actor
527151325432516600,Tue Oct 28 17:34:04 +0000 2014,@blackjpw hey sir!  Been busy working on my current project, so I have been lazy about checking Twitter!  Lol.  Hope all is well!
527151012034134000,Tue Oct 28 17:32:49 +0000 2014,RT @Rahshib: @rodneybevans // #ThankYou 4 "The Happy Sad" // Watched on @netflix // @_CharlieBarnett @KingBritLee  // #Sunday #Relaxation #…
527150765220315140,Tue Oct 28 17:31:51 +0000 2014,RT @TyMHenderson: You know there is some amazing storytelling going on @CincyPlay @KingBritLee @keithjosef http://t.co/HZNlMquULu
515684639017812000,Sat Sep 27 02:09:33 +0000 2014,@blackjpw Hey man!  Hope all is well with you!  Here comes the weekend!
515684472873037800,Sat Sep 27 02:08:53 +0000 2014,RT @blackjpw: Waddup @KingBritLee I hope u have a great day my bro 😆
514253430534443000,Tue Sep 23 03:22:26 +0000 2014,RT @JohnWBrown1: @KingBritLee Greetings from ATL. Just finished watching "The Happy Sad." #wonderful
514253227093946400,Tue Sep 23 03:21:38 +0000 2014,RT @wellDUFFYsays: @KingBritLee I loved your movie.  Very good ♥
499599516157628400,Wed Aug 13 16:53:01 +0000 2014,@blackjpw Hey there!  Doing great!  Hope you have a great Wednesday!
499599333621530600,Wed Aug 13 16:52:17 +0000 2014,RT @blackjpw: Sup Leroy hope all is well wit ya man 😊 @KingBritLee
498582113558745100,Sun Aug 10 21:30:13 +0000 2014,RT @ChrissieEvert: Great, great tournament for Tsonga...Don't count him out for the US Open the way he's playing...
496709001560993800,Tue Aug 05 17:27:09 +0000 2014,@FirstbornSoul Thanks for the great remarks about The Happy Sad!  Much appreciated.   Thanks for reaching out!
496708682668072960,Tue Aug 05 17:25:53 +0000 2014,RT @FirstbornSoul: @kingbritlee Great job in "The Happy Sad."
496708558692839400,Tue Aug 05 17:25:23 +0000 2014,RT @SelinaNBrown: @KingBritLee I #SALUTE U #SoldiersofTheArts
494226222441041900,Tue Jul 29 21:01:28 +0000 2014,RT @Dorothy410berry: "… to take them through hard times—what they do not have are relatives from whom they can borrow significant amounts o…
494226217739227140,Tue Jul 29 21:01:27 +0000 2014,RT @Dorothy410berry: "While the people of color I know have many, many strengths—including resiliency, pride, and often a spiritual foundat…
493512660286443500,Sun Jul 27 21:46:01 +0000 2014,Ibsen meets Bergman.  Dressing room posing during NORA. http://t.co/UKt8VEEwNA
493511453845241860,Sun Jul 27 21:41:14 +0000 2014,@TyMHenderson @MissJambalaya Tyrone!!!  I miss you!  It has been waaaaay too long!  Hope you are doing well!
493505977766133760,Sun Jul 27 21:19:28 +0000 2014,@blackjpw Happy Sunday to you, too!  Hope you are having a great weekend!
493505840360730600,Sun Jul 27 21:18:55 +0000 2014,RT @blackjpw: Happy Sunday @KingBritLee 😛✌
492331404215463940,Thu Jul 24 15:32:08 +0000 2014,@blackjpw Doing well, sir!  Hope you have a great Thursday!
489455254048895000,Wed Jul 16 17:03:20 +0000 2014,@blackjpw Hey, sir!  Here's to a great Wednesday!  Be blessed and have a good one!
489454980819337200,Wed Jul 16 17:02:15 +0000 2014,RT @blackjpw: Good morning hope u have a good day @KingBritLee  😀😜😝
489454916076048400,Wed Jul 16 17:02:00 +0000 2014,@wopnfla Thanks for the message about The Happy Sad!!  So glad you enjoyed the film and thanks for the great words of support!
489454453935075300,Wed Jul 16 17:00:10 +0000 2014,RT @wopnfla: @KingBritLee just watched #thehappysad. What a great movie and you were the best part ...authentic performance
488344667881492500,Sun Jul 13 15:30:16 +0000 2014,@iAMBITIOUS Hey man!  Thanks for the awesome comments about the film!   Glad you enjoyed it!  Thank you for reaching out to me!
487610215807086600,Fri Jul 11 14:51:49 +0000 2014,@FollowMyLead99 Wow!  Thanks for the amazing words of support about the film!  Much appreciated!  Thanks for reaching out!
487609801300774900,Fri Jul 11 14:50:10 +0000 2014,RT @FollowMyLead99: @KingBritLee I just watched The Happy Sad... It was amazing and so were you! Best of luck on your next venture! #Cheers
486146236115083260,Mon Jul 07 13:54:29 +0000 2014,@blackjpw Good morning/Monday to you, too!  Smile, it's only five more days until Friday!  Lol.
486145915603128300,Mon Jul 07 13:53:13 +0000 2014,RT @blackjpw: Good morning... Hope u have a fantastic Monday.. ✌ @KingBritLee
485844797534781440,Sun Jul 06 17:56:40 +0000 2014,RT @SharkoTennis: .@DjokerNole returns to No 1 tomorrow #Emirates @ATPWorldTour rankings 1st time since Sept. 30, '13. 102nd week overall. …
484744524686983200,Thu Jul 03 17:04:35 +0000 2014,RT @DamoneWilliams_: Just watched @RodneyBEvans' #TheHappySad on @Netflix. Beautiful film. @_CharlieBarnett, @KingBritLee, &amp; @CamScoggs are…
484744386484658200,Thu Jul 03 17:04:02 +0000 2014,RT @Robynhoodfanz: Chilling with my cuties post show!! Love me some Huebert, @iamlarrypowell and @kingbritlee. Appreciate… http://t.co/wYjy…
483981641191546900,Tue Jul 01 14:33:09 +0000 2014,@Donalddatdude Hey there!  Thanks for watching and for your words of support!  Much appreciated!
483981404418867200,Tue Jul 01 14:32:13 +0000 2014,RT @Donalddatdude: I did just watch "The Happy Sad" great movie @KingBritLee big fan 🙌
483629545858555900,Mon Jun 30 15:14:03 +0000 2014,@blackjpw Happy Monday to you, sir!!
481520188089970700,Tue Jun 24 19:32:13 +0000 2014,RT @andyroddick: Rafa doesn't get enough credit for volleying well. I know he is coming in behind great approaches but you never see him br…
481519853690703900,Tue Jun 24 19:30:54 +0000 2014,RT @WTA: World No.1 @SerenaWilliams starts run for 6th #Wimbledon title w/ 61 62 win over Tatishvili--&gt; http://t.co/wmzBZaLwtr http://t.co/…
481519683766849540,Tue Jun 24 19:30:13 +0000 2014,RT @FIFAWorldCup: FINAL GROUP D STANDINGS: #CRC 7 pts (+3 GD) #URU 6 pts (0 GD) #ITA 3 pts (-1 GD) #ENG 1 pt (-2 GD) #WorldCup #joinin  htt…
481519252013588500,Tue Jun 24 19:28:30 +0000 2014,RT @EleVenbyVenus: Congrats @vicky_duval95, 1st round #Wimbledon win today. Go get 'em! #WinningInEleVen #teamelevenbyvenus http://t.co/8X0…
481518789759365100,Tue Jun 24 19:26:40 +0000 2014,RT @WCPlayhouse: @KingBritLee, @ShawnFaganActor, @stephjans, Liv Rooth, &amp; Lucas Hall join us for #WCPNora, starting 7/15. http://t.co/8E7By…
481226345603936260,Tue Jun 24 00:04:36 +0000 2014,@blackjpw Hope you had a great start to your week!
480847197995819000,Sun Jun 22 22:58:00 +0000 2014,RT @WTA: .@Wimbledon Day 1 OOP: Li Na v Kania, Azarenka v Lucic-Baroni, Venus v Torro-Flor, Radwanska v Mitu, Kvitova v Hlavackova #Wimbled…
479783800525037600,Fri Jun 20 00:32:26 +0000 2014,Yes, I'm upset that England lost the match in the World Cup today.  And, no, I don't wanna talk about it.  Lol.
479778625534050300,Fri Jun 20 00:11:52 +0000 2014,@blackjpw Hey there, sir!  I hope that all is going well for you!!  The weekend is almost here!
477630883420463100,Sat Jun 14 01:57:31 +0000 2014,RT @PCarrESPN: Soccer Power Index odds of Netherlands scoring 5 goals vs Spain were 0.4%, same as #USMNT winning the World Cup.
477630860469239800,Sat Jun 14 01:57:25 +0000 2014,RT @SportsCenter: Clockwork Oranje! Netherlands ROUTS Spain, 5-1, avenge 2010 World Cup final. Robben, van Persie both score a brace. http:…
477630661369802750,Sat Jun 14 01:56:38 +0000 2014,@blackjpw Happy Spooky Friday 13th to you, sir!!  Lol
477617855484424200,Sat Jun 14 01:05:45 +0000 2014,RT @allinwithchris: "How corrupt is FIFA?" - @chrislhayes  "If we were having a casting call for James Bond villains, FIFA could just line …
477616900852441100,Sat Jun 14 01:01:57 +0000 2014,RT @bgtennisnation: The newsman said there will not be another Friday the 13th with a full moon until 2049 are u kidding me, I will be 89 t…
477486592064376800,Fri Jun 13 16:24:09 +0000 2014,RT @maxcolefilms: Remember: It only takes one opportunity.
477228186158104600,Thu Jun 12 23:17:20 +0000 2014,RT @FIFAWorldCup: GOAL: Brazil 3-1 Croatia OSCAR scores for the hosts in injury time #joinin #worldcup #BRACRO – http://t.co/xxtmLp3e67
477228146077339650,Thu Jun 12 23:17:11 +0000 2014,RT @soccerly: BREAKING: Reports suggesting that the U.S. could be provided the 2022 World Cup http://t.co/x2aNw5g9yz
477226025990909950,Thu Jun 12 23:08:45 +0000 2014,RT @eonline: RIP Ruby Dee—remembering the Oscar nominee and activist: http://t.co/seBqbCVtxW http://t.co/FgGaIHyoiO
477225906952347650,Thu Jun 12 23:08:17 +0000 2014,RT @BKBMG: R.I.P. To Miss Ruby Dee an American Treasure http://t.co/3aoWAHdO7l
477225705105666050,Thu Jun 12 23:07:29 +0000 2014,RT @BarackObama: Retweet if you think it's time to act on the student loan debt crisis. #DegreesNotDebt http://t.co/tsV8qfRh2Q
477143968459681800,Thu Jun 12 17:42:41 +0000 2014,RT @andyroddick: That moment when you stand to get off a plane while not realizing your seatbelt is still buckled and you jerk back and kin…
477118900656562200,Thu Jun 12 16:03:05 +0000 2014,RT @ATPWorldTour: .@stepec78 denies #Murray 450th win &amp; 20th straight on grass, ousting Queen’s champ 76(10) 62. http://t.co/LvUIglXpSH htt…
477118411240009700,Thu Jun 12 16:01:08 +0000 2014,RT @keithjosef: @FLOTUS long-time black usher BANNED from all Bway theater after seeing YOU at Raisin on Bway.  http://t.co/FRJv88xIB2
477116508070375400,Thu Jun 12 15:53:34 +0000 2014,RT @dorianwarren: Reducing student loan debt @HuffPostBlog  http://t.co/Xji1HgumLq via @HuffPostPol
476975982889697300,Thu Jun 12 06:35:10 +0000 2014,@J9Nabers Drop Dead Fred was one of my FAVORITE movies growing up.  My sister and I were obsessed!
476909114249838600,Thu Jun 12 02:09:28 +0000 2014,"@traciethoms: @KingBritLee @CatfishMTV Aww, thanks LeRoy!" No doubt!
476907794214309900,Thu Jun 12 02:04:13 +0000 2014,@traciethoms @CatfishMTV Whaddup Tracie!  W/ family back home and watching your Catfish w/ niece. Needless to say, she's a new fan of yours!
476907228629594100,Thu Jun 12 02:01:58 +0000 2014,RT @traciethoms: I can always tell when @CatfishMTV is on. Holy Mentions! Hi y’all!
476907148123729900,Thu Jun 12 02:01:39 +0000 2014,Watching CATFISH with my favorite niece!  Bridging the generational divide......#catfish
476906471980945400,Thu Jun 12 01:58:58 +0000 2014,Super-hyped about the World Cup beginning!!!  It's gonna be tough for England, but I gotta keep the faith!
476904456206815200,Thu Jun 12 01:50:57 +0000 2014,RT @allinwithchris: Sen. Elizabeth Warren breaks news on @allinwithchris that she is going to Kentucky to campaign for @AlisonForKY #inners
476904383121473540,Thu Jun 12 01:50:40 +0000 2014,RT @bgtennisnation: Very pumped for a World Cup to start tomorrow, could be a very rough go for team USA in there brutal group
476602321757937660,Wed Jun 11 05:50:23 +0000 2014,Whoa!  There goes Eric Cantor.  Yikes!
476162472823365600,Tue Jun 10 00:42:34 +0000 2014,@blackjpw Hey man!  Doing great!  Hope you are having a tolerable Monday!  Lol.
475767038741581800,Sun Jun 08 22:31:16 +0000 2014,RT @delpotrojuan: Congratulations to Rafa, a great champion, and also Nole for the effort and the great match they played.
475766995582218240,Sun Jun 08 22:31:06 +0000 2014,RT @ATPWorldTour: No, it's not Throwback Thursday! How Rafa won number nine at @rolandgarros http://t.co/PuTfk0quQz #atp http://t.co/0MnRA2…
475766846134566900,Sun Jun 08 22:30:30 +0000 2014,RT @ATPWorldTour: .@DjokerNole moved to tears, draws strength &amp; motivation from ovation at #RG14. http://t.co/8bm8nSKyQX #atp #tennis http:…
475392976282071040,Sat Jun 07 21:44:52 +0000 2014,RT @blackjpw: @KingBritLee if u only knew haha.. U r very good man✌.. 😉
475383702311014400,Sat Jun 07 21:08:01 +0000 2014,RT @Martina: Congrats to both women for a great final! Simona fought her little heart out, kept coming back. But Maria too tough again- wel…
475383649701871600,Sat Jun 07 21:07:48 +0000 2014,RT @tomasberdych: Happy to be back in #London http://t.co/4l1ZGrGPFK
475383180099194900,Sat Jun 07 21:05:56 +0000 2014,@blackjpw LOL.  Happy Saturday to you, too!  I hope that watching the movie again was worthwhile!  Hope you have a great weekend!
475382818432753660,Sat Jun 07 21:04:30 +0000 2014,"@blackjpw: Good morning HAPPY Saturday to u ✌bet u can't guess what I watch last night haha 💯 @KingBritLee http://t.co/hod3GaogtA"
475382471886786560,Sat Jun 07 21:03:08 +0000 2014,RT @blackjpw: Good morning HAPPY Saturday to u ✌bet u can't guess what I watch last night haha 💯 @KingBritLee http://t.co/AsYC9u3tdP
475068637381160960,Sat Jun 07 00:16:04 +0000 2014,RT @blackjpw: Good morning Leroy hope u have a wonderful Friday... ✌ @KingBritLee http://t.co/hFMFloEWA6
475068600127332350,Sat Jun 07 00:15:55 +0000 2014,“@blackjpw: Good morning Leroy hope u have a wonderful Friday... ✌ @KingBritLee http://t.co/w9tphVtsfT” This is awesome!  Happy Friday!!!
474635898718400500,Thu Jun 05 19:36:31 +0000 2014,@blackjpw Hey man!  Having a great day so far!  Hope you are having a great one, too!
474171128194555900,Wed Jun 04 12:49:41 +0000 2014,"@blackjpw: Let's be all we can be.." Well said!
473970552512598000,Tue Jun 03 23:32:40 +0000 2014,@blackjpw Hope you had a great day, man!  Be well!
473545214985265150,Mon Jun 02 19:22:31 +0000 2014,RT @ATPWorldTour: .@andy_murray holds off @FerVerdasco 64 75 76(3) to set QF with @Gael_Monfils. #ATP #tennis http://t.co/xEIhWzrnHR http:/…
473543737701044200,Mon Jun 02 19:16:39 +0000 2014,RT @WTA: .@SvetlanaK27 is through to 7th career @RolandGarros QF w/ 63 64 victory over Safarova! http://t.co/Uc2XebcSjA #RG14 http://t.co/x…
473543596629831700,Mon Jun 02 19:16:06 +0000 2014,@blackjpw Good afternoon, kind sir!  I hope you have a fantastic day!!
473543428459208700,Mon Jun 02 19:15:26 +0000 2014,@sinyungwe Thank you for your amazing words regarding the film!  I'm glad it seems to be resonating with people.  Thanks for the support!
473247290380288000,Sun Jun 01 23:38:41 +0000 2014,RT @WTA: .@MariaSharapova survives R16 scare, into 5th @RolandGarros QF in 6 years! HIGHLIGHTS--&gt; http://t.co/9bcWPBwgdg #RG14 http://t.co/…
473247171169755140,Sun Jun 01 23:38:12 +0000 2014,RT @milosraonic: Si! Great match for me today! #paris #rolandgarros #NowTheTournamentIsJustStarting http://t.co/6lMV6qrzl4
473245954855149600,Sun Jun 01 23:33:22 +0000 2014,@blackjpw Hey!  Hope you had a great Sunday!
472925797888843800,Sun Jun 01 02:21:11 +0000 2014,RT @blackjpw: @KingBritLee Thanks LeRoy getting ready to watch ur movie again lol 👊✊👍
472867609512542200,Sat May 31 22:29:58 +0000 2014,@blackjpw Having a pretty good weekend so far!  Hope you are, too!!
472434036083023900,Fri May 30 17:47:06 +0000 2014,@blackjpw Happy Friday to you, too!  Glad the weekend is coming up.  Hope you have a good day!
472077985336799200,Thu May 29 18:12:17 +0000 2014,@blackjpw Good afternoon to you, sir!  Hope your day is going well!
471735322024230900,Wed May 28 19:30:39 +0000 2014,Not happy AT ALL about Venus and Serena losing today.  Both?!?  Here's to a great Wimbledon for them both!  It's time to bounce back! #RG14
471734311235108860,Wed May 28 19:26:38 +0000 2014,@blackjpw Thank you for your amazing message, man!  Glad we could meet in the Twitterverse!  I'm getting a little better at this now!  Lol.
471730720092983300,Wed May 28 19:12:22 +0000 2014,Taylor Townsend!!!
471684546921263100,Wed May 28 16:08:54 +0000 2014,@blackjpw Right back at you!  Hope you have an amazing day!!!
471684290334707700,Wed May 28 16:07:52 +0000 2014,RT @blackjpw: Ur so AMAZING... Hope u have a good day ☺ @KingBritLee
471335131685593100,Tue May 27 17:00:27 +0000 2014,RT @EleVenbyVenus: Down time in Paris! @serenawilliams #sisterlove http://t.co/Sy4MrcLFU7
471332179063349250,Tue May 27 16:48:43 +0000 2014,@blackjpw Good morning to you too, sir!  Here's to a great day and week!
471307736248889340,Tue May 27 15:11:35 +0000 2014,Crazy day so far at the French Open!  #RG14
471094625029988350,Tue May 27 01:04:45 +0000 2014,"Heaven, 2014" http://t.co/ysq1dopAiM
471039750246502400,Mon May 26 21:26:42 +0000 2014,@blackjpw Hey man! Day is going well!  Tennis-watching and then went to the Dance Africa celebration in Downtown Brooklyn. Hope u are good!
471023975423025150,Mon May 26 20:24:01 +0000 2014,RT @bgtennisnation: Holy Toledo after Stanimal won 2nd set went to dinner thinking this is over, then he gets blown out last 2sets shocking
470771918098796540,Mon May 26 03:42:26 +0000 2014,@TtocsBooksLLC Wow, thanks for the shout out and the love, man!  It's so good to know that you connected with the film and the work!
470728435028221950,Mon May 26 00:49:39 +0000 2014,RT @clemtan: Just saw what probably is the best staging of Hamlet. @calshakes should be so proud. Leroy McClain and Zainab Jah, two actors …
470728126146678800,Mon May 26 00:48:25 +0000 2014,RT @greginhollywood: Thursday Morning Man: Leroy McClain!: Several times at Outfest this year, I wandered into a movie I had on my ... http…
470727618497503200,Mon May 26 00:46:24 +0000 2014,RT @StageDoorDish: Stage and screen actor LeRoy McClain on The Happy Sad, his Broadway debut, and the future of theatre http://t.co/fKtKLOT…
470721643405262850,Mon May 26 00:22:40 +0000 2014,RT @LieslTommy: With my posse and my OBIE!! #obieawards http://t.co/66SckwR8so
470721444385914900,Mon May 26 00:21:52 +0000 2014,RT @KatoriHall: “@LieslTommy: With my posse and my OBIE!! #obieawards http://t.co/lPkP4AnkVt” Congrats to @LieslTommy for her Obie!!!!
470678016163852300,Sun May 25 21:29:18 +0000 2014,RT @MrWildah: Still beaming from this amazing week in NY. So glad I have a village of amazing actors to create with. It takes a village to …
470677457000214500,Sun May 25 21:27:05 +0000 2014,@J9Nabers Hey there, Janine!  Doing great!  Enjoying the weekend.  Hope all is well with you.  Hope to see you at some point soon!
470666529328353300,Sun May 25 20:43:39 +0000 2014,RT @tsonga7: Je suis assez satisfait de mon match aujourd'hui hui mais je sais que je peux faire mieux. Et je vais le faire pour vous. Next…
470665933808472060,Sun May 25 20:41:17 +0000 2014,@TtocsBooksLLC Thank you for your words about The Happy Sad and my performace!  Much appreciated, man!  Hope you are having a good weekend.
470633661600391200,Sun May 25 18:33:03 +0000 2014,RT @blackjpw: @KingBritLee man I gotta see all ur movies now lol wow... 💯 real talk
470629024323350500,Sun May 25 18:14:37 +0000 2014,HAMLET wants revenge!  (Hint: things don't end up going so well...) http://t.co/qj1Vmpro0e
470627170818469900,Sun May 25 18:07:16 +0000 2014,@blackjpw Thanks, man!  Had so much fun doing this!
470627014308028400,Sun May 25 18:06:38 +0000 2014,RT @blackjpw: @KingBritLee this pic is Amazing... ✌💯
470626611520630800,Sun May 25 18:05:02 +0000 2014,LeRoy McClain as Boy Willie in August Wilson's 'THE PIANO LESSON'. http://t.co/uXVdSVENiF
470626295811170300,Sun May 25 18:03:47 +0000 2014,On the set of the film "After". http://t.co/PDM3wNYaiB
470625900254748700,Sun May 25 18:02:13 +0000 2014,Fun and laughter in Kwame Kwei-Armah's 'ELMINA'S KITCHEN'.  Brutally honest look at London life. http://t.co/9BlQWlyiIn
470621399129014300,Sun May 25 17:44:19 +0000 2014,RT @adidasFR: La puissance de @tsonga7 a fait vibrer le public du court Philippe Chatrier ! #smashthesilence http://t.co/l9lrn5URpY
470621249061007360,Sun May 25 17:43:44 +0000 2014,RT @serenawilliams: After match streching... http://t.co/lsHWTDnfOX
470621009389703200,Sun May 25 17:42:47 +0000 2014,@rjfiato Glad you enjoyed the film, man!  Thanks for reaching out and supporting the movie!  We had a blast during filming.  Love and light!
470605517162037250,Sun May 25 16:41:13 +0000 2014,RT @blackjpw: @KingBritLee lol Thanks LeRoy glad I got you bro haha 💯✌
470600218472615940,Sun May 25 16:20:10 +0000 2014,RT @WTA: World No.1 @SerenaWilliams begins @RolandGarros title defense with 62 61 win over Lim--&gt; http://t.co/Iu6lS1l3yT #RG14 http://t.co/…
470599891300122600,Sun May 25 16:18:52 +0000 2014,@AndreStClair HAPPY BIRTHDAY, you AMAZING spirit!!!!
470599259700883460,Sun May 25 16:16:21 +0000 2014,“@blackjpw: You don't have to have a million followers to have THE BEST followers 💯✌ yup yup”.  Well said!!!
470598770489823200,Sun May 25 16:14:24 +0000 2014,RT @RobertDowneyJr: Loving all the love, folks. It's been a blast. Though can somebody please explain how anyone can keep their thoughts to…
470598332067631100,Sun May 25 16:12:40 +0000 2014,RT @BeingRelentless: #Negativity eats away at the human spirit. it disintegrates our #potential &amp; kills every cell dedicated to #progress. …
470588774368677900,Sun May 25 15:34:41 +0000 2014,@blackjpw Sounds fun! I love hiking.  Finishing up watching some stuff off of the DVR, then going out to find a movie to watch or something.
470587379192180740,Sun May 25 15:29:08 +0000 2014,@blackjpw Hey man!  Thanks!  I hope you enjoy yours too!
470553326082199550,Sun May 25 13:13:50 +0000 2014,¡Allez!  French Open Tennis starts today!  #RolandGarros #FrenchOpen
470448988454273000,Sun May 25 06:19:14 +0000 2014,RT @jfreewright: Twitter is a brilliant crystalline looking glass on how news media manipulation trips people right the @#$% out.
470283820055691260,Sat May 24 19:22:54 +0000 2014,@dorianwarren Great job hosting MHP last week!  Just getting to watch it on my DVR.  Congrats!
470245182299209700,Sat May 24 16:49:22 +0000 2014,RT @Lynnbrooklyn: @KingBritLee Indeed.  Lovely to connect.
470243849823354900,Sat May 24 16:44:05 +0000 2014,@jes_chastain Hey Jessica!  Remember me?  Lol.  LOVED this production in NYC!  Hope you are well!!!
470241842106478600,Sat May 24 16:36:06 +0000 2014,@Lynnbrooklyn The one, the only.... Lynn Nottage!  Hey, there, Lynn!  Glad we are now connected in the Twitter-verse!
470241118123069440,Sat May 24 16:33:13 +0000 2014,'born bad.' by debbie tucker green in NYC.  What a ride! http://t.co/9W7cdaY9rc
470240373931909100,Sat May 24 16:30:16 +0000 2014,Othello: myself, Philip Seymour Hoffman, Jessica Chastain and John Ortiz.  Missing you, Phil! http://t.co/4Bx7DQTyAZ
470237474711957500,Sat May 24 16:18:45 +0000 2014,Giant HAMLET banner immortalizing our triumph!  "To be or not to be...." http://t.co/vzXEzfoB1P
470236966240657400,Sat May 24 16:16:43 +0000 2014,Me.  Just me. http://t.co/5QDBr2yG39
470236825534365700,Sat May 24 16:16:10 +0000 2014,Me as HAMLET!  Bucket list role officially checked off! http://t.co/sPdR1nomid
470236533031960600,Sat May 24 16:15:00 +0000 2014,The Happy Sad in San Francisco! http://t.co/kMSLVKSwib
470236323262238700,Sat May 24 16:14:10 +0000 2014,Official HAPPY SAD movie poster! http://t.co/H7ojq1K0qr
470236049558749200,Sat May 24 16:13:05 +0000 2014,Pink shirt/White tie combo in full effect at Happy Sad premiere in NYC!  Me, director, co-star Cameron and writer! http://t.co/HtYJhwJVy9
470235545021726700,Sat May 24 16:11:05 +0000 2014,Me with co-star Charlie Barnett and director Rodney Evans after Happy Sad screening in NYC. http://t.co/YHrtkGeeeO
470235302154367000,Sat May 24 16:10:07 +0000 2014,Q&amp;A  from one of our many HAPPY SAD screenings! http://t.co/P5nwco0GBR
470234960968683500,Sat May 24 16:08:45 +0000 2014,Radio interview for PARTNERS.  Good times! http://t.co/wH4fX7Svr1
470233960497549300,Sat May 24 16:04:47 +0000 2014,On the set of The Happy Sad with our amazing director Rodney Evans. http://t.co/w5H97BZXGr
470229350768316400,Sat May 24 15:46:28 +0000 2014,@AVAETC Wishing you good luck on Selma!  You are working with a few of my friends on that film!  Can't wait to see it!
470227976991559700,Sat May 24 15:41:00 +0000 2014,RT @serenawilliams: Played a bit with @RafaelNadal and some kids at a @niketennis event in Paris. #endlesstennis http://t.co/KgEMXmwebm
470227872087830500,Sat May 24 15:40:35 +0000 2014,RT @ATPWorldTour: As @RafaelNadal bids for a 9th @RolandGarros title, we look at the key storylines: http://t.co/PfjPfCIW9k #atp http://t.c…
470227631754182660,Sat May 24 15:39:38 +0000 2014,RT @TheCoreyJenkins: Awww geesh @KingBritLee followed me!
470227487184519200,Sat May 24 15:39:04 +0000 2014,RT @ThePoetGod: @KingBritLee .... The Hurt, the pain, and the wisdom of it! Thank you for portraying it so brilliant
470227444398448640,Sat May 24 15:38:53 +0000 2014,RT @ThePoetGod: @KingBritLee So I just wanted to tell you that you were amazing in The Happy Sad ... I know the honesty in those characters…
470227367802060800,Sat May 24 15:38:35 +0000 2014,RT @blackjpw: @KingBritLee omg just watched a movie wit u in. Ur AMAZING bro. Hope u follow me. 💯✌have a good weekend
470224793078620160,Sat May 24 15:28:21 +0000 2014,@Blackjpw ™ ✌ Of course, man!  Thanks for taking the time to say hello!
470224344166457340,Sat May 24 15:26:34 +0000 2014,"@blackjpw: @KingBritLee THANK YOU ..LeRoy apreciate u much man 💯 ✊u made my day wit the follow.."
470220543518838800,Sat May 24 15:11:28 +0000 2014,@ThePoetGod Btw, jealous that you got to meet @ForestWhitaker!  He is one of my personal idols. Brilliant actor!
470219077303414800,Sat May 24 15:05:38 +0000 2014,French Open tennis starts tomorrow!!  This is gonna be a very interesting tournament.
470218202732314600,Sat May 24 15:02:10 +0000 2014,@ThePoetGod I am glad you could identify with the characters in the film.  Your compliments were great to wake up to!  Have a great weekend!
470217317239230460,Sat May 24 14:58:39 +0000 2014,@blackjpw Thank you, thank you, thank you for your amazing words of support and encouragement!  So glad you liked the film and reached out!
470021511995482100,Sat May 24 02:00:35 +0000 2014,Looking forward to the Memorial Day weekend!  Too bad it's raining cats and dogs here in NYC.
470020336436916200,Sat May 24 01:55:55 +0000 2014,@JoreyBlake Wow! Thanks for the compliments and for supporting the film!!  Much appreciated!!!
470016088395485200,Sat May 24 01:39:02 +0000 2014,@JoreyBlake Hey there!  Yep, this is the official LeRoy McClain Twitter account.
460216797015191550,Sun Apr 27 00:40:09 +0000 2014,RT @redBEAUXtie: ...@KingBritLee, too! #TheHappySad The film was very organic, but didn't lose it's edge.
460216790195269600,Sun Apr 27 00:40:07 +0000 2014,@redBEAUXtie Thanks for the kind words about the film!  Much appreciated!
460216326196174850,Sun Apr 27 00:38:17 +0000 2014,RT @LynchRicardo: @KingBritLee Hey man just saw the happy sad film man you nailed the character you played So freaking real some love from …
460216284135706600,Sun Apr 27 00:38:07 +0000 2014,@LynchRicardo Thanks for the amazing words of support!  I really appreciate it!  Thanks for watching and for reaching out.
452448493425012740,Sat Apr 05 14:11:41 +0000 2014,@DavidFarmer777 thanks for the love and support, David!  I really appreciate it!
452320579169706000,Sat Apr 05 05:43:24 +0000 2014,RT @ATLouisville: Cast of #Partners by @Dorothy410berry live on @ARTxFM w/@MarianneZickuhr now #humanafest http://t.co/EarFYQzkYz
452320221303291900,Sat Apr 05 05:41:59 +0000 2014,RT @ATLouisville: Final chapter in our #humanafest marathon w/ @ARTxFM Fun times with the cast of #Partners by @Dorothy410berry http://t.co…
452320037555040260,Sat Apr 05 05:41:15 +0000 2014,@Aaron815 Thanks for the kind words!  It means a TON.  Had a great time on that film!
437398380185415700,Sun Feb 23 01:27:54 +0000 2014,RT @Clijsterskim: @Venuseswilliams so happy for you Venus! So deserved !!
436814523110936600,Fri Feb 21 10:47:52 +0000 2014,bjsupuc283404
436814519273132000,Fri Feb 21 10:47:51 +0000 2014,vaneqjb659199
436814515506647040,Fri Feb 21 10:47:50 +0000 2014,djzeqy936457
436814511715008500,Fri Feb 21 10:47:49 +0000 2014,jlonyqud859919
436814507516506100,Fri Feb 21 10:47:48 +0000 2014,sosjc323194
436287382070235140,Wed Feb 19 23:53:12 +0000 2014,kuvoc112586
436287378412797950,Wed Feb 19 23:53:11 +0000 2014,ofasj286221
436287373987807200,Wed Feb 19 23:53:10 +0000 2014,mjmol99805
436287369483137000,Wed Feb 19 23:53:09 +0000 2014,zynoqofo811827
436287364592582660,Wed Feb 19 23:53:08 +0000 2014,tebic20496
388142351694458900,Thu Oct 10 03:22:02 +0000 2013,That moment you realize IT'S TIME FOR REBIRTH! #brandnewday #positivity #anythingispossible #hereicome
385250307942662140,Wed Oct 02 03:50:05 +0000 2013,Just saw A TIME TO KILL on Broadway.
372003917774987260,Mon Aug 26 14:33:40 +0000 2013,Looking forward to watching Serena and Roger IN PERSON at the U.S. Open tomight! #UsOpen #TENNIS #serenawilliams #Federer #arthurashe
369649963808358400,Tue Aug 20 02:39:53 +0000 2013,RT @tinseltine: LeRoy McClain @KingBritLee another new talent 2 watch 4 - meet him now on T &amp; T #TheHappySad http://t.co/KIkmRcMT1a http://…
368158732502695940,Thu Aug 15 23:54:16 +0000 2013,RT @Reelblack: Check out our interview w @rodneybevans and @kingbritlee from #THEHAPPYSAD Opens in NYC and LA this Friday.... http://t.co/W…
361343637977694200,Sun Jul 28 04:33:31 +0000 2013,Hmmm....decisions, decisions, decisions......
361343290055987200,Sun Jul 28 04:32:08 +0000 2013,@greghernandez Thanks for the shout-out, Greg!  I am humbled.  Truly appreciative of your words of support!!!  Outfest was a blast!
361342173368696800,Sun Jul 28 04:27:42 +0000 2013,RT @greghernandez: Today's Morning Man is Leroy McClain from "The Happy Sad": http://t.co/br6jnme4eG @KingBritLee @outfest
358626310647582700,Sat Jul 20 16:35:50 +0000 2013,Off to KPFA with Rodney Evans for interview about The Happy Sad.  Should be interesting!
358475619727704060,Sat Jul 20 06:37:02 +0000 2013,@traciethoms Absolutely! I'd be honored!  We can bask in our mutually-assured groupiedom!
358468875584684000,Sat Jul 20 06:10:14 +0000 2013,Happy to be in the temperate LA climate today.  NYC is ON FIRE!!! #HeatWave
358468058735575040,Sat Jul 20 06:06:59 +0000 2013,@traciethoms Uh oh...I'm an official Tracie Thoms twitter groupie now!!!  Lol.  Hey Tracie!!!
358467547726741500,Sat Jul 20 06:04:58 +0000 2013,The political polarization in this country is staggering. A statement about the need to value the lives of youths of color is controversial?
358236707235176450,Fri Jul 19 14:47:41 +0000 2013,Off to LA for screening of The Happy Sad!
358219401516285950,Fri Jul 19 13:38:55 +0000 2013,RT @AVAETC: These FRUITVALE STATION numbers are insane. On track to surpass BEASTS OF THE SOUTHERN WILD's opening wknd per screen. Holy mol…
358218209738379260,Fri Jul 19 13:34:11 +0000 2013,RT @directormaxcole: Say hello to progress. Say goodbye to procrastination.
358218151500455940,Fri Jul 19 13:33:57 +0000 2013,RT @directormaxcole: Make education your weapon of choice.
357721879509209100,Thu Jul 18 04:41:56 +0000 2013,RT @WTA: A BIG congrats to @SerenaWilliams for winning the @ESPN @ESPYS Best Female Athlete award! #ESPYS
356977160848166900,Tue Jul 16 03:22:42 +0000 2013,RT @Narunosuke45: Juror B37 There is no doubt as to the pernicious pestilential impact of artificial privilege and arbitrary barriers on th…
356972100864589800,Tue Jul 16 03:02:35 +0000 2013,RT @victoirec: Keep saying it has nothing to do with race and perhaps you'll soon convince yourself of that. #NOT #getreal #realtalk #wakeu…
356502471910240260,Sun Jul 14 19:56:27 +0000 2013,RT @Hugh_Moore: When you go back to work on Monday you might want to hold off on asking black people "how was your weekend?"
356493664291266560,Sun Jul 14 19:21:27 +0000 2013,@ElLargoWinch  Thanks again!  You'll be happy to know that THE HAPPY SAD will open theatrically in New York and L.A. on August 16th.
356442851321708540,Sun Jul 14 15:59:32 +0000 2013,RT @MaraKeisling: Today, I will listen to black/brown voices, what they say and feel. I have a voice but today, I will listen &amp; learn. I'll…
356442487642009600,Sun Jul 14 15:58:06 +0000 2013,RT @MMFlint: In FL, female victim of dom violence sent 2 prison for 20 yrs for firing WARNING shots in the AIR (yeah, she's black) http://t…
356442355399794700,Sun Jul 14 15:57:34 +0000 2013,RT @blackhollywd: The image of black people in the media has become so tainted there is no sympathy for a black person in need of justice. …
356441453284704260,Sun Jul 14 15:53:59 +0000 2013,@ElLargoWinch Thank you so much for your kind words are for coming to support the film!!!  Very much appreciated!
356282704402190340,Sun Jul 14 05:23:10 +0000 2013,Not guilty?!?!  Kiss my ass!
356172049573621760,Sat Jul 13 22:03:28 +0000 2013,In Philly for Philadelphia for Qfest to screen and promote The Happy Sad.  The roolout continues! #TheHappySad #artistliving
355883844181823500,Sat Jul 13 02:58:15 +0000 2013,0625_FRAMELINE37-775 http://t.co/6NtX15R6IS
354962547939606500,Wed Jul 10 13:57:21 +0000 2013,RT @AVAETC: Shame on @Walmart. Vile. "Wal-Mart says it will pull out of D.C. plans should city mandate ‘living wage’" http://t.co/JJbn7rxZOp
354699320982908900,Tue Jul 09 20:31:22 +0000 2013,"@SharonWashActor: Wow. Forgot how summer in NYC brings out the cray-cray in folks. #summerinthecity"...and I would add the body odor #bathe
354698384898134000,Tue Jul 09 20:27:39 +0000 2013,Rodney Evans' 'The Happy Sad' Theatrical Debut Set For 8/16 (NYC, LA)   New Poster Art | Shadow and Act http://t.co/6sJ9I2MUpt
354697612915511300,Tue Jul 09 20:24:35 +0000 2013,@SharonWashActor @DaRealWordBlaze - It is SERIOUSLY addictive stuff!  Imma be real...I watch ALL those shows on HGTV...nightly. I need help!
354452663712227300,Tue Jul 09 04:11:15 +0000 2013,It's official!  I am addicted to HGTV!!! Sigh...#househunters #loveitorlistit #HOMEiswhereleroyis
354451329491546100,Tue Jul 09 04:05:56 +0000 2013,Excited for the Centerpiece screening of The Happy Sad at Philly Qfest this Saturday!  So proud of what we created!
354450566828654600,Tue Jul 09 04:02:55 +0000 2013,RT @rodneybevans: THE HAPPY SAD @ Phily QFest, Sat., 7/13 @ 7pm, Ritz East &amp; Sat., 7/20 @ Outfest @ 1:30PM @ DGA http://t.co/vpqeM9U3K1 htt…
353927719874068500,Sun Jul 07 17:25:18 +0000 2013,Andy Murray!!!  You've done us proud, mate!!!  Congratulations!
353204438585983000,Fri Jul 05 17:31:15 +0000 2013,Fantastic 1st Men's semi-final today.  Well done Djoker and DelPo!!!  Now let's see if Andy can make it to the final!  #Wimbeldon
352975659699679200,Fri Jul 05 02:22:09 +0000 2013,Great July 4th dinner with Vaughn, Tijuana and Anthony #july4th #dinnerwithfriends
352866888063270900,Thu Jul 04 19:09:56 +0000 2013,Great match between Radwanska and Lisicki!  Should be an interesting Lisicki-Bartoli Women's final.  Still missing Serena though. #wimbledon
352866048212598800,Thu Jul 04 19:06:36 +0000 2013,RT @rodneybevans: First Official Teaser for THE HAPPY SAD. Opens in LA on Fri., Aug. 16th at Sundance Sunset Cinema!! http://t.co/WNaq5u7kt2
352586327423860740,Thu Jul 04 00:35:05 +0000 2013,Interesting report from Chris Hayes on companies forcing employees to have "payroll cards" which, in turn, charge employees for wage access.
352551237318742000,Wed Jul 03 22:15:39 +0000 2013,@westratenick How dare you, Nick?!?!  How dare you?!?  Lol.  She was completely misunderstood and taken out of context. She also apologized.
352502159331434500,Wed Jul 03 19:00:38 +0000 2013,Great match between Murray and Verdasco!  Good to see Del Potro pull through too!  Still bummed about Serena though. #Wimbeldon
352278718108020740,Wed Jul 03 04:12:46 +0000 2013,Bit of a set-back today.  Haven't felt like this for a while, but I vow to keep on reaching for the stars!  #ThinkPositive #livethedream
350026156310937600,Wed Jun 26 23:01:53 +0000 2013,@DaRealWordBlaze Radha, Radha, Radha, Radha, Radha!!!  It's about to get all types of REAL in the Twitter-verse now!  Connected for life!!!
344626173764071400,Wed Jun 12 01:24:17 +0000 2013,Let's see how the Spurs respond tonight in Game 3.  #nbafinals
344524129296326660,Tue Jun 11 18:38:48 +0000 2013,After a fantastic French Open, I'm excited for the grass court season!  This should be interesting...#tennis #wimbledon
311883417870532600,Wed Mar 13 16:56:15 +0000 2013,Opening Night tonight!  #raisininthesun
306993267772387300,Thu Feb 28 05:04:33 +0000 2013,Thanks Antonin Scalia for your ludicrous interpretation of the Voting Rights Act today #SupremeCourt
300799915087515650,Mon Feb 11 02:54:23 +0000 2013,Nothing like a WALKING DEAD marathon to warm the soul....
295298027269287940,Sat Jan 26 22:31:50 +0000 2013,RT @David_Cameron: I’ll be cheering on @andy_murray tomorrow in #ausopen – hoping he wins another Grand Slam, and inspires more people t ...
295258813077024800,Sat Jan 26 19:56:01 +0000 2013,@rashaadhall - Knock, knock.....!
295258067296194560,Sat Jan 26 19:53:03 +0000 2013,Was really pulling for Li Na to win the Open...great personality and game!  Congrats to Azarenka though!  Had the crowd against her #AusOpen
295257235720921100,Sat Jan 26 19:49:45 +0000 2013,Trying to get the hang of this twitter thing.  Doing something wrong, cuz I am actually LOSING followers!  Yikes. #ineptitude
294647572289687550,Fri Jan 25 03:27:10 +0000 2013,Super excited for the 2nd Men's Semi-Final b/w Fed and Murray!  I think this one's gonna be close.  #AusOpen
293983344826392600,Wed Jan 23 07:27:46 +0000 2013,@JenCapriati Wow, your remarks are truly depressing.  Not sure how you meant them to sound, but they came off to me as a little classless.
293944726296596500,Wed Jan 23 04:54:18 +0000 2013,Amazing match.  Damn, damn, damn, Serena... I was pulling for you!  Get that back healed and get back to winning!!!  Congrats, Sloane!
293770026345984000,Tue Jan 22 17:20:06 +0000 2013,With the Australian Open and the Inauguration happening, I am on overload at this point!  #AustralianOpen #inauguration2013
