id,created_at,text
1215628442730975200,Fri Jan 10 13:36:20 +0000 2020,Allô Facebook! As-tu ça toi une maison à louer à Percé, tout le mois de juillet 2020, pour une famille de 6 personn… https://t.co/Rp2fixiB8x
1212231961818910700,Wed Jan 01 04:39:56 +0000 2020,Bon MMXX  tout le monde. ✌️😎
1211447931825459200,Mon Dec 30 00:44:29 +0000 2019,Pour ceux qui aime #francineenvacences elle est maintenant sur Instagram sous @mamie_maisonbleue !  Ha oui, je risq… https://t.co/sWnfBJCOcb
1208195239846056000,Sat Dec 21 01:19:27 +0000 2019,Quote of the day: “Bon, chu rendu que le champagne me donne des brulements d’estomac... J’pense que c’est une raiso… https://t.co/UJZfQ79z8W
1205478955073048600,Fri Dec 13 13:25:54 +0000 2019,C’est si beau!!! Joli-Bois https://t.co/R7HQiDOVQQ
1204160395663040500,Mon Dec 09 22:06:25 +0000 2019,https://t.co/KAGDfXNEdB
1202007455070392300,Tue Dec 03 23:31:24 +0000 2019,À vos étoiles tout le monde... GO! 😁⭐️⭐️⭐️⭐️⭐️ https://t.co/7HuS0J3net
1200077837111308300,Thu Nov 28 15:43:47 +0000 2019,C'est Marc Messier qui le dit... ça doit être vrai! 😄 Guillaume Tellier Marilise Aubry Julie Roy https://t.co/541vQ6iqT0
1199446936698392600,Tue Nov 26 21:56:49 +0000 2019,Toi, cher Facebook!  As-tu ça dans ta poche quelqu'un qui peut m'aider sur la fusion de deux pages pro? Je l'ai déj… https://t.co/WYgO1CQOE6
1195790833129267200,Sat Nov 16 19:48:45 +0000 2019,Bonjour!  J’ai deux billets de disponibles pour Zéro avec Mani Soleymanlou à La chapelle aujourd’hui à 16h. Tu as le goût?  En privé svp!
1194392577530835000,Tue Nov 12 23:12:35 +0000 2019,https://t.co/O4ICM2lVEQ
1192857972050935800,Fri Nov 08 17:34:37 +0000 2019,https://t.co/wMbrVbbDUE
1192496934319202300,Thu Nov 07 17:39:59 +0000 2019,Pas mal fier de ceci!   Bravo à Guillaume Tellier, Marilise Aubry, Julie Roy, Sacha Ratcliffe, Éric Selton, Sébasti… https://t.co/xgMI5sAzp1
1189292982052294700,Tue Oct 29 21:28:37 +0000 2019,J'ai pas hâte du tout de voir ça. Du tout.  Non. https://t.co/VBflUMZrT6
1187344621325705200,Thu Oct 24 12:26:32 +0000 2019,Bistrot La Fabrique https://t.co/oxJoRGCUII
1179419008258494500,Wed Oct 02 15:32:58 +0000 2019,https://t.co/O5UY9P6WP1
1178986046513696800,Tue Oct 01 10:52:32 +0000 2019,Poste de coordonnateur (trice) et adjoint (e) aux projets | RuGicomm | Grenier aux Emplois https://t.co/CcxSd7Kkwh
1178460425354190800,Mon Sep 30 00:03:54 +0000 2019,Tu n’as pas vu ce spectacle? Si j’étais toi, j’irais le voir! https://t.co/cmgauOY2mJ
1175122391464325000,Fri Sep 20 18:59:45 +0000 2019,Tellement heureux pour toute lՎquipe de ce magnifique film. Bravo! https://t.co/FexLAaYvqL
1170142551766179800,Sat Sep 07 01:11:39 +0000 2019,Coordonnateur de projets (Services français) https://t.co/vLhprjwLoE
1161027945651146800,Mon Aug 12 21:33:27 +0000 2019,Histoire de taxi :  - Le chauffeur: Moi, je mange juste une fois par jour. Pis quand tu manges, tu peux pas toute m… https://t.co/m8IWYoxmDT
1154428157593829400,Thu Jul 25 16:28:15 +0000 2019,JE CA-PO-TE!  On a telllllllement hâte de voir ça. https://t.co/AFAU0SFPkj
1153772276791353300,Tue Jul 23 21:02:01 +0000 2019,Salut Facebook!  As-tu un ou une ami(e) psychologue un peu funky? C'est pour une de recherche scénaristique!  Merci là!
1150083668695756800,Sat Jul 13 16:44:48 +0000 2019,Cliquez ici pour soutenir la campagne Pour nos amis qui ont tout perdu dans un incendie organisée par Amies et fami… https://t.co/GBcRmUK1fp
1139567129106235400,Fri Jun 14 16:15:50 +0000 2019,À peine fier! 😄 https://t.co/YC3LrtHyUy
1138389650270281700,Tue Jun 11 10:16:57 +0000 2019,Quand ton amie Kim Furlong fait le front du cahier des affaires! Bravo mon amie! https://t.co/WXqHsZrWIJ
1138128050757996500,Mon Jun 10 16:57:27 +0000 2019,https://t.co/DU6ZHRsEep
1136302140350185500,Wed Jun 05 16:01:56 +0000 2019,https://t.co/VgUL9uVoA2
1136115708205654000,Wed Jun 05 03:41:07 +0000 2019,D’autres amis vendent leur magnifique condo! https://t.co/m3ut09FiTX
1135270085881413600,Sun Jun 02 19:40:55 +0000 2019,🤞 https://t.co/4iJuTdPpPr
1134549605927063600,Fri May 31 19:57:59 +0000 2019,Des amis vendent leur maison!   https://t.co/AsqeDK5Xot https://t.co/AsqeDK5Xot
1130943095959371800,Tue May 21 21:07:00 +0000 2019,Je capote!  Il y a de la nouveauté cette année, un nouveau duo. Selon vous, de qui s’est inspiré Mathieu Handfield… https://t.co/f5pPdnpIla
1124377528817340400,Fri May 03 18:17:47 +0000 2019,Histoire de taxi: - Monsieur, vous pouvez tourner ici sur Saint-Jean. - Saint-Jean, Saint-Jean, Saint-Jean, Saint-J… https://t.co/CMm0REPtC2
1123349051376844800,Tue Apr 30 22:10:59 +0000 2019,Merci à tous pour cette belle vague d'amour de fête! 😁🍾🥂🎂
1122846416081236000,Mon Apr 29 12:53:41 +0000 2019,Histoire de taxi : Si tu conduis comme un fou, donnes des coups de roues, freines super sec et que t’as l’air bête,… https://t.co/DnoPTrjZ2t
1121210887124209700,Thu Apr 25 00:34:41 +0000 2019,Je suis en amour! 😍 https://t.co/AseVPjT9x9
1116776308741161000,Fri Apr 12 18:53:15 +0000 2019,Histoire de taxi: Noooon, j’ai repogné le chiqueux de gomme à la bouche ouverte.  🤦‍♂️
1112910248862474200,Tue Apr 02 02:50:54 +0000 2019,Très heureux de vous annoncer que David Remington, Karine Lapierre et moi venons de créer l’Agence RBL.  Merci à no… https://t.co/251BwJVC7k
1104381141610623000,Sat Mar 09 13:59:17 +0000 2019,Coool! Bravo Brigitte! https://t.co/Pymrq33V1R
1104122285772996600,Fri Mar 08 20:50:41 +0000 2019,Vous êtes obligés d’aller voter pour Kevin Houle comme le Méchant de l’année! Merci de le faire!   👇👇👇👇👇👇👇👇👇👇👇👇👇👇 https://t.co/e11rI8b5l0
1103333715902636000,Wed Mar 06 16:37:11 +0000 2019,https://t.co/e4iZoJqJVf
1103283719232766000,Wed Mar 06 13:18:31 +0000 2019,Histoire de taxi : Marie-Claude Bouchard, une très grande pensée pour toi ce matin. Un long trajet sans musique à e… https://t.co/TKl8qIftpL
1102373698978398200,Mon Mar 04 01:02:25 +0000 2019,https://t.co/iSNOvNlGA4
1101967679433384000,Sat Mar 02 22:09:03 +0000 2019,12 trucs pour relaxer et payer moins cher au Village Suisse - Chalets Village Suisse https://t.co/voQFFn0f6L
1099366227028426800,Sat Feb 23 17:51:48 +0000 2019,https://t.co/FF3sZFDnnE
1098751277062869000,Fri Feb 22 01:08:12 +0000 2019,Court-métrage S.D.R Alexa-Jeanne et Marjorie https://t.co/TPGdiC8cWa
1098608407450447900,Thu Feb 21 15:40:30 +0000 2019,Histoire de taxi : Sérieux, dude, une discussion sur main libre tout le long de la ride? 😳
1097943589248819200,Tue Feb 19 19:38:45 +0000 2019,https://t.co/DcfvZMhd70
1096798553886916600,Sat Feb 16 15:48:47 +0000 2019,Un donateur ou une donatrice anonyme offre de doubler tous les dons reçus dans les 5 prochains jours!!! https://t.co/mPJ39UEgz8
1093291160464961500,Wed Feb 06 23:31:39 +0000 2019,Mon amoureux, Martin Watier, soutient encore l’organisme GRIS Montréal. Donnez généreusement là!!! https://t.co/mPJ39UEgz8
1087692298006216700,Tue Jan 22 12:43:46 +0000 2019,Ça vous stimule la consommation locale ça! https://t.co/zDPtF9z3Q0
1086026722569539600,Thu Jan 17 22:25:22 +0000 2019,On est une fichue belle gang! 😀 https://t.co/8YRtWaKOi2
1086026185992294400,Thu Jan 17 22:23:14 +0000 2019,OFFRE D'EMPLOI - Coordonnateur (trice) https://t.co/8YRtWaKOi2
1083506098668257300,Thu Jan 10 23:29:19 +0000 2019,https://t.co/AcbW1dp6Xs
1079759808226648000,Mon Dec 31 15:22:53 +0000 2018,“Tente-moi pas, Louis!” 😁  https://t.co/RyVg9MKBhy https://t.co/RyVg9MKBhy
1069319910709489700,Sun Dec 02 19:58:28 +0000 2018,Tomber sur un extrait inédit! #francineencances https://t.co/REpkXK7wJd
1068629374411386900,Fri Nov 30 22:14:31 +0000 2018,Hostoire de taxi :  - Aujourd’hui il y a beaucoup de traffic. Même pour aller à l’aéroport, parce qu’il y a des gens en voyage.
1067919149622616000,Wed Nov 28 23:12:20 +0000 2018,Pour aller avec ta nouvelle machine Philippe!🤘 https://t.co/4l8p2ExAqU
1058337842475229200,Fri Nov 02 12:39:39 +0000 2018,Histoire de taxi : Tsé, je suis dans ton char dude (Téo), pas obligé de me vendre ta compagnie T-O-U-T le long de la run. 😳
1056986887515181000,Mon Oct 29 19:11:26 +0000 2018,https://t.co/rvoQReB2b1
1051823521402376200,Mon Oct 15 13:14:04 +0000 2018,https://t.co/VnfWLHsKj7
1050347688796000300,Thu Oct 11 11:29:38 +0000 2018,Maude Beaupré? https://t.co/WZYR70hg52
1050139387420430300,Wed Oct 10 21:41:55 +0000 2018,Histoire de taxi : Je lui parle qu’en français, il me parle qu’en anglais et on est ben pareil. Des fois on rit aussi.
1045781081662853100,Fri Sep 28 21:03:34 +0000 2018,Histoire de taxi : Se faire offrir une demi-banane ✔️
1045288997185048600,Thu Sep 27 12:28:12 +0000 2018,Histoire de taxi : Ce matin, je vis une expérience hallucinante, mon chauffeur n’utilise pas de GPS! Oui, oui, il c… https://t.co/O21LiPDRmO
1044569889606971400,Tue Sep 25 12:50:43 +0000 2018,Appuyer collectes de don - GRIS-Montréal https://t.co/mPJ39UEgz8
1044203971756331000,Mon Sep 24 12:36:41 +0000 2018,Si vous avez besoin d’une talentueuse graphiste, mon amie Barbara se lance dans le merveilleux monde de la pige! https://t.co/1ieZCHC7ZE
1043189735433363500,Fri Sep 21 17:26:29 +0000 2018,https://t.co/aGMZilnnhI
1034525790275289100,Tue Aug 28 19:39:03 +0000 2018,WOW! https://t.co/ayYzjVi1Ia
1021806553773551600,Tue Jul 24 17:17:21 +0000 2018,https://t.co/E7Hs62TgH4
1016696202312802300,Tue Jul 10 14:50:38 +0000 2018,https://t.co/TDwYbENCR3
1008745740498296800,Mon Jun 18 16:18:20 +0000 2018,Grande nouvelle! https://t.co/uNTI1KO2sG
1007664195184324600,Fri Jun 15 16:40:40 +0000 2018,Pas peur fier de notre gang! 😁 https://t.co/hTOlPl2dQF
1007634726457413600,Fri Jun 15 14:43:34 +0000 2018,Pas peu fier de notre gang! ;-) https://t.co/pppJY1kTbQ
1007242191117353000,Thu Jun 14 12:43:46 +0000 2018,Histoire de taxi:  - Bonjour, vous allez bien? - Mais oui Monsieur et vous?  - Tres bien merci.   - Bon, comme c’es… https://t.co/ijgYZ3OqGL
992507606521516000,Fri May 04 20:53:47 +0000 2018,Histoire de taxi : un chauffeur de taxi portuguais qui décide d’être Rosetta Stone et vouloir nous apprendre tous l… https://t.co/4Hb3SuDV6s
991111596452843500,Tue May 01 00:26:33 +0000 2018,40 et feeling fabulous!  Merci tous pour vos bons vœux! https://t.co/S2xe07p7yh
984776260588056600,Fri Apr 13 12:52:11 +0000 2018,https://t.co/A6WxpmIASm
983395267058851800,Mon Apr 09 17:24:36 +0000 2018,À VOS CARTES DE CRÉDIT...1... 2... 3... GO!  Cette année, le Théâtre PÀP a 40 ans et j'ai décidé de m'impliquer au… https://t.co/mCRR51FfJN
982672033061498900,Sat Apr 07 17:30:44 +0000 2018,Quote of the day : Moi : Sur quel film croyez-vous qu’il serait bon de faire une sieste cet après-midi? Christine :… https://t.co/hqlIYL5lqU
976262608755019800,Wed Mar 21 01:01:58 +0000 2018,https://t.co/tvoE8KFvZN
967200522334851100,Sat Feb 24 00:52:28 +0000 2018,Histoire de taxi :  L’auto cogne fort à chaque trou.  - Monsieur, votre suspension à besoin d’amour. - Mais... https://t.co/3vnMqvV799
966823073478512600,Thu Feb 22 23:52:38 +0000 2018,Histoire de taxi : Vous saviez que la chose que je déteste le plus au monde est une discussion où le sujet... https://t.co/vrZOBERR28
965935639559581700,Tue Feb 20 13:06:17 +0000 2018,Histoire de taxi : C’est moi ou les chauffeurs ne connaissent plus les rues?  - Moi : Bonjour. Merci de prendre... https://t.co/u3l5ZUfznv
964549956483846100,Fri Feb 16 17:20:04 +0000 2018,https://t.co/iCUND0QR1b
962377603280760800,Sat Feb 10 17:27:55 +0000 2018,Quote of the day de Jean-Philippe Cyr: « J’arrive de Californie, y’a tellement de gens vegan là-bas, tu kick une... https://t.co/0e5mBwEvbk
960603308808392700,Mon Feb 05 19:57:30 +0000 2018,https://t.co/clpy1kKBiB
960283932968280000,Sun Feb 04 22:48:25 +0000 2018,https://t.co/BnQji8KoW3
957690301753299000,Sun Jan 28 19:02:15 +0000 2018,https://t.co/oI6cQXkNzW
957285483918356500,Sat Jan 27 16:13:39 +0000 2018,Vous voulez planifier une soirée Saint-Valentin? https://t.co/Yjp9WxjQUg
955924179626483700,Tue Jan 23 22:04:19 +0000 2018,Un petit nouveau! 😁 https://t.co/buiVttfYo4
954731466050625500,Sat Jan 20 15:04:54 +0000 2018,https://t.co/dJ1rr4yn03
953715489603313700,Wed Jan 17 19:47:46 +0000 2018,Moi je trouve ça ben drôle... et très juste! Bravo Catherine Ethier! https://t.co/CjL5h123Dh
952572921490427900,Sun Jan 14 16:07:37 +0000 2018,T'as 2$? 5$? 10$?  C'est des petits montants pour toi, mais pour GRIS Montréal c'est tout le contraire.... https://t.co/sqVpLbVwwu
949460188377047000,Sat Jan 06 01:58:43 +0000 2018,https://t.co/O0dTQSyPE9
942150386315558900,Sat Dec 16 21:52:11 +0000 2017,Histoire de chalet :  Panique TOTALE!  - Mon amie: J’ai perdu ma bague, j’ai perdu ma bague. Elle était là, mais... https://t.co/SnI7ef77dg
935140182512291800,Mon Nov 27 13:36:08 +0000 2017,Histoire de taxi : Molière, un chauffeur qui doit avoir au maximum 35 ans, écoute du Claude Barzotti dans l’tapis..… https://t.co/ekcnIewLGS
933331299896643600,Wed Nov 22 13:48:17 +0000 2017,Histoire de taxi : Réaction quand tu vois sur son application que le chauffeur qui a prit ta course est celui... https://t.co/0naqcAQTDQ
932654503173742600,Mon Nov 20 16:58:56 +0000 2017,RT @DiazSebastien: Une annonce importante au sujet de mon émission Formule Diaz : ce sera ma dernière saison. #FormuleDiaz https://t.co/BjG…
932647814416490500,Mon Nov 20 16:32:21 +0000 2017,https://t.co/Nn5P6lKtK9
928771218412621800,Thu Nov 09 23:48:08 +0000 2017,Histoire de taxi:  Se faire offrir un bonbon dans un petit bol en cristal vert en entrant dans l’auto, c’est... https://t.co/e5D6QCM3oi
928257288967778300,Wed Nov 08 13:45:58 +0000 2017,Histoire de taxi : - (en entrant) Bonjour monsieur. Ha! Qu’est-ce qui sent comme ça? Ça sent fort, mais ça sent... https://t.co/HSkZPArx7a
926055548457504800,Thu Nov 02 11:57:02 +0000 2017,Histoire de taxi : - Moi: Bonjour, vous allez bien? - Oui. - Je m’en vais au bureau à telle adresse, vous pouvez... https://t.co/MtjvyX3w3u
882979848939024400,Thu Jul 06 15:09:35 +0000 2017,Re-re tsé! #percé #rocherperce #percerock #gaspesie #goeland #quebec #gaspesiejetaime https://t.co/DBWezkUaCd
882977561793380400,Thu Jul 06 15:00:30 +0000 2017,Re-re tsé! #percé #rocherperce #percerock #gaspesie #goeland #quebec #gaspesiejetaime https://t.co/DBWezlbLtL
882973445000179700,Thu Jul 06 14:44:08 +0000 2017,Re-re-tsé! #gaspesie #goeland #passauvage #percé #gaspesiejetaime #quebec #rocherpercé… https://t.co/C1cXf3Go48
881664986292113400,Mon Jul 03 00:04:47 +0000 2017,Re-Tsé! #gaspesie #rocherpercé #nuages #ilebonaventure #quebec #gaspesiejetaime @ Percé, Quebec https://t.co/jwMmhXPF8y
881664039733964800,Mon Jul 03 00:01:02 +0000 2017,Re-Tsé! #gaspesie #rocherpercé #nuages #ilebonaventure #quebec #gaspesiejetaime @ Percé, Quebec https://t.co/jwMmhY7g06
868860711140827100,Sun May 28 16:05:10 +0000 2017,Martin : 0 - Blessure : 1 Genevieve : 1 - Blessure : 0 @ Ottawa, Ontario https://t.co/0bWEOvHtXa
868810792392679400,Sun May 28 12:46:49 +0000 2017,No. 4! #runottawa2017 #run #demimarathon #halfmarathon #ottawa #instagram #instagramsport #sport… https://t.co/Quz0XBrGc0
863072032371736600,Fri May 12 16:43:02 +0000 2017,Quand tu choisis les années 80 comme thème pour ton lunch de fête... bonne fête encore… https://t.co/iYinudl0Tg
862108426528337900,Wed May 10 00:54:00 +0000 2017,Si vous n'avez pas vu Aura, c'est plus qu'impressionnant, c'est puissant. @Moment_Factory, je… https://t.co/hqZI2gsaYd
861258356656414700,Sun May 07 16:36:08 +0000 2017,C'est mon gros nez! 🐴 #ishouldbequeen #queen #dachayan #ecuries #quarterhorse #chevalroux… https://t.co/02hZJwLbmI
857998514856636400,Fri Apr 28 16:42:41 +0000 2017,Quand ton festival de fête commence par un magnifique banquet homemade par tous les collègues!!!… https://t.co/pET6tLq4ZE
853768671151435800,Mon Apr 17 00:34:48 +0000 2017,Pâques c'est aussi la fête du petit Sir Big. Un gros toutou tellement doux de 17mains1/2 (pour… https://t.co/gKU3LYrNJf
832677182451249200,Fri Feb 17 19:44:45 +0000 2017,https://t.co/9j9bOv7uVW
829514091349807100,Thu Feb 09 02:15:45 +0000 2017,RT @vbp_vero: La photo qui fait la fierté de la mère de @jsgirard 😂 #vbp_vero https://t.co/lF6CwH4aB3
825721470487760900,Sun Jan 29 15:05:14 +0000 2017,RT @JustinTrudeau: To those fleeing persecution, terror &amp; war, Canadians will welcome you, regardless of your faith. Diversity is our stren…
822609276615225300,Sat Jan 21 00:58:29 +0000 2017,Dans les 3 restos à redécouvrir à cause de notre nouveau chef! #hakimchajar #chambreapart https://t.co/CEhPP3lh3w
822215116045291500,Thu Jan 19 22:52:14 +0000 2017,Dixit Mathieu: N'oubliez pas de reculer votre montre de 75 ans ce soir!
821534722165764100,Wed Jan 18 01:48:35 +0000 2017,Jetez un coup d’oeil à cette superbe propriété à vendre à Longueuil https://t.co/LykixJDaCd
820695319444918300,Sun Jan 15 18:13:06 +0000 2017,Ça risque d'être ben bon! https://t.co/vzAo4XZpWJ
820037887257350100,Fri Jan 13 22:40:42 +0000 2017,https://t.co/dzyzaRk0zH
819352470463905800,Thu Jan 12 01:17:06 +0000 2017,Histoire de taxis - Expliquer mon métier et ne pas comprendre ce que le chauffeur vient de comprendre parce que... https://t.co/aTXS3qcxi5
819208824833843200,Wed Jan 11 15:46:18 +0000 2017,Encore une fois, mon mari se joint au cabinet de campagne du GRIS Montréal. Donnez, donnez, donnez. Même un don... https://t.co/4vUHUaJHaY
818442650445643800,Mon Jan 09 13:01:48 +0000 2017,Histoire de taxi - "L'effet Téo taxi". Parce que le temps d'attente était trop long avec mon ami de tous les... https://t.co/7SKLeoH0c7
817130838336925700,Thu Jan 05 22:09:08 +0000 2017,Si t'as pas ton billet, ben je veux juste te dire qu'il n'en reste pas gros! https://t.co/3RagfKjMAM
817130333166563300,Thu Jan 05 22:07:07 +0000 2017,8 - Mani Soleymanlou | Place des Arts https://t.co/5Nbz3XJsz0
816822449966751700,Thu Jan 05 01:43:42 +0000 2017,Hey les amis, faites découvrir ce magnifique projet de Caroline Gendron en partageant ce vidéo.  J'ai assisté à... https://t.co/5teCQMVQKD
816782073776193500,Wed Jan 04 23:03:16 +0000 2017,Maison à paliers multiples à vendre Otterburn Park https://t.co/BM9KCDuKW6
815326356749873200,Sat Dec 31 22:38:46 +0000 2016,Hey toi, qui as eu une moins belle année 2016, oui toi, ben je te dédie la prochaine.  Pour les autres, "keep up... https://t.co/remoh598RA
813877780131774500,Tue Dec 27 22:42:38 +0000 2016,https://t.co/NX9fOZAGmP
812659823217152000,Sat Dec 24 14:02:55 +0000 2016,Les 15 meilleures pièces de théâtre de 2016 selon nos férus de la scène | Bible urbaine https://t.co/bE1xFo7kcd
808826447020298200,Wed Dec 14 00:10:26 +0000 2016,Des fois c'est le soleil, des fois c'est la lune. #rocherpercé #percerock #gaspesie… https://t.co/ivA1NGvYJQ
808061845978366000,Sun Dec 11 21:32:11 +0000 2016,Des fois, lire souvent, la lumière est juste parfaite et on ne peux s'en empêcher. #percé… https://t.co/1SCk5OFmfI
806690532248453100,Thu Dec 08 02:43:05 +0000 2016,C'est beau! https://t.co/jrWVKI1fTn
806326677513060400,Wed Dec 07 02:37:15 +0000 2016,RT @DarioBiv: "Une cuisine du monde rassembleuse et raffinée", voici ce qui nous offre @hakimchajar dans son nouveau magazine! https://t.co…
803747787330486300,Tue Nov 29 23:49:40 +0000 2016,https://t.co/ULTh4bsoP9
803053703754379300,Mon Nov 28 01:51:37 +0000 2016,Genses de la toile. Mettons que tu as à peu près tout écouté sur Netflix, tu as fait quoi comme trouvaille?
802140198821888000,Fri Nov 25 13:21:41 +0000 2016,Maison à paliers multiples à vendre Otterburn Park https://t.co/9F7DhZw8PT
797458054748971000,Sat Nov 12 15:16:30 +0000 2016,https://t.co/ziq1yjkayi
797204601887924200,Fri Nov 11 22:29:23 +0000 2016,https://t.co/k2pdGkG9sg
797203401327132700,Fri Nov 11 22:24:36 +0000 2016,https://t.co/eySn25OZQQ
797199272529842200,Fri Nov 11 22:08:12 +0000 2016,https://t.co/3N7hVWnt2E
797135296404062200,Fri Nov 11 17:53:59 +0000 2016,https://t.co/Mh0jdePEpw
796706409488482300,Thu Nov 10 13:29:44 +0000 2016,https://t.co/8wiHkI5jwe
796496129164800000,Wed Nov 09 23:34:10 +0000 2016,https://t.co/D56PJIR3cf
796350192425517000,Wed Nov 09 13:54:16 +0000 2016,https://t.co/JC8YUbsHl6 https://t.co/DHgKC059pG
796220667976908800,Wed Nov 09 05:19:34 +0000 2016,La pression vient de monter pour Justin Trudeau! TOUT le monde va juger ses mooves à partir de maintenant.
796202746001113100,Wed Nov 09 04:08:22 +0000 2016,How to move to Canada and become a Canadian citizen https://t.co/pRIlfucgTM
796182831718367200,Wed Nov 09 02:49:14 +0000 2016,Pincez-moi quelqu'un. Dites-moi que c'est pas réellement ce qui est en train de se passer????
796177325310222300,Wed Nov 09 02:27:21 +0000 2016,https://t.co/GQx25lIo0p
796104959146213400,Tue Nov 08 21:39:47 +0000 2016,https://t.co/ksRQkXfvvV
795765249064521700,Mon Nov 07 23:09:54 +0000 2016,#percé #gaspesie #coucherdesoleil #sunset #instagram #rocherpercé #percerock #ilebonaventure… https://t.co/7nUmEeBSZ1
794984708610342900,Sat Nov 05 19:28:19 +0000 2016,Dévoilement des récipiendaires des Prix du Québec 2016 https://t.co/MBagfWJvdH
794582036895899600,Fri Nov 04 16:48:14 +0000 2016,Victimes de notre succès de Mtl à table, nous aurions besoin de façon urgente d'un aide-serveur/busboy avec un... https://t.co/IIvDJG5Er6
794303649417556000,Thu Nov 03 22:22:02 +0000 2016,https://t.co/DFtBQ8Oswt
792808951905562600,Sun Oct 30 19:22:38 +0000 2016,https://t.co/P8vwziAZtC
791381007442128900,Wed Oct 26 20:48:29 +0000 2016,https://t.co/ub7Z8q5HCb
791017501748453400,Tue Oct 25 20:44:03 +0000 2016,C'est mon amie Sophie Bélanger! https://t.co/JzaNTvG4Bf
790973897168388100,Tue Oct 25 17:50:47 +0000 2016,Allez aimer la page de Philippe Lacroix! Fun assuré! https://t.co/vQwvhp2sRT
790895123580149800,Tue Oct 25 12:37:46 +0000 2016,https://t.co/UrpYT6t92m
789259496937754600,Fri Oct 21 00:18:22 +0000 2016,https://t.co/4HiBYhxhHg
788838508999741400,Wed Oct 19 20:25:31 +0000 2016,https://t.co/eM7Hu8Rzrc
788708972945563600,Wed Oct 19 11:50:47 +0000 2016,Moby &amp; The Void Pacific Choir - Are You Lost In The World Like Me (Official Video) https://t.co/vuIUOyxc7N
788523846873722900,Tue Oct 18 23:35:09 +0000 2016,Made in Canada https://t.co/YapPgcDLFe
787341303529037800,Sat Oct 15 17:16:09 +0000 2016,#percé #gaspesie #gaspesiejetaime #rocherpercé #instagram #beautemps @ Percé, Gaspésie, QC https://t.co/DEWQKZFnCW
787302747355779100,Sat Oct 15 14:42:57 +0000 2016,Merci Sébastien Diaz pour la suggestion, c st vraiment très bon!   Écoutez Find Me par Kings of Leon sur... https://t.co/73IulVhBwd
787063914265653200,Fri Oct 14 22:53:54 +0000 2016,Jeannine Langlois, vivre la passion à 70 ans https://t.co/LnOH5Qz2Ey
786736018061832200,Fri Oct 14 01:10:58 +0000 2016,https://t.co/pKwKaSiZYf
786163166203875300,Wed Oct 12 11:14:39 +0000 2016,Avis de décès | memoria.ca https://t.co/BDJq1Pc68B
785289591716577300,Mon Oct 10 01:23:23 +0000 2016,#IcantbeleivethatIcansaythataboutmeIamapolitician ben oui, c'est ça. Pauvre Donald. C'est triste.
785186285640032300,Sun Oct 09 18:32:53 +0000 2016,Ça c'est très drôle! https://t.co/XTXxhcw20Z
784374572464287700,Fri Oct 07 12:47:25 +0000 2016,Le geek en moi à le goût d'avoir ça! https://t.co/0aC3gau03c
784199301345914900,Fri Oct 07 01:10:57 +0000 2016,https://t.co/1AeolOnO6n
784155990576894000,Thu Oct 06 22:18:51 +0000 2016,https://t.co/m0Z0M9XKyQ
784136375792570400,Thu Oct 06 21:00:55 +0000 2016,https://t.co/qWoFFyqXdI
783423636917059600,Tue Oct 04 21:48:45 +0000 2016,Les amis, voici le menu Mtl à table de Chambre à part!  Sérieux, il faut faire vitre car nous avons déjà des... https://t.co/skFKL7dBg4
782625691040788500,Sun Oct 02 16:57:59 +0000 2016,Tous les rôles au plus haut soumissionnaire - La Presse+ https://t.co/trew0jcJsb
782616921560625200,Sun Oct 02 16:23:09 +0000 2016,Allez écouter la première émission de Valérie Roberts et Martin Juneau, Amuse-bouches. C'est vraiment bon! https://t.co/tC3y23IUPx
782322405444378600,Sat Oct 01 20:52:50 +0000 2016,RT @rdpmag: Nouveau souffle au Restaurant Chambre à part. Arrivée de @hakimchajar et de @MartinBeliveau comme co-propriétaires. https://t.c…
782309121861091300,Sat Oct 01 20:00:03 +0000 2016,Hakim Chajar, nouveau chef au Chambre à part https://t.co/AoDP1VKYPB
781607364696809500,Thu Sep 29 21:31:31 +0000 2016,https://t.co/mQOrNrcRjK
771798166316261400,Fri Sep 02 19:53:16 +0000 2016,Hey toi mon cher Facebook. As-tu ça dans tes proches une équipe de construction spécialisée en espace commerciale... https://t.co/svytiP76fg
771477995710128100,Thu Sep 01 22:41:02 +0000 2016,https://t.co/xG8Aw6gwZZ
771145460299894800,Thu Sep 01 00:39:39 +0000 2016,Offre d’emploi – Monteur(e) online https://t.co/VRbvAF7VJN
770375168485011500,Mon Aug 29 21:38:47 +0000 2016,https://t.co/nLEvxldZ3p
769940002897662000,Sun Aug 28 16:49:36 +0000 2016,https://t.co/zTzvIg0uRb
769706035993075700,Sun Aug 28 01:19:54 +0000 2016,RT @LaReleve_TVA: Pour quelle équipe allez-vous prendre ? Les Verts de @hakimchajar ou les Jaunes de @ChefChuckHughes ? #LaRelève https://t…
765900702673735700,Wed Aug 17 13:18:51 +0000 2016,Voici Francine Chaloult, celle qui a mis ma carrière au monde! ❤️� https://t.co/N8tsqtOdd6
765704658253811700,Wed Aug 17 00:19:51 +0000 2016,C'est ce qu'on appelle vraiment "Être triste à en mourir de rire!"... https://t.co/4qMC0EVUfT
764438319522394100,Sat Aug 13 12:27:52 +0000 2016,SVP, allez voter pour la photo de ma mère! Elle est signée Francine B. Go! https://t.co/e0ai36V5tb
761651833878097900,Fri Aug 05 19:55:22 +0000 2016,Je ne sais pas pour vous, mais moi, j'aimerais beaucoup réussir à consommer plus de produits de chez nous. Mais... https://t.co/7EpH5Zkot8
759448769809174500,Sat Jul 30 18:01:11 +0000 2016,Stéphanie, Melanie,  Dites-moi. C'est où que les serveurs apprennent à s'adresser aux clients à l'imparfait?... https://t.co/L3rehkSF8Y
756992334756143100,Sat Jul 23 23:20:11 +0000 2016,https://t.co/UCNNSHzMSe
755452535016685600,Tue Jul 19 17:21:34 +0000 2016,Ha! Ça c'est chien! #cancel #faispasdeplans #cestchien #choking #whaaaaat #fortunecookie… https://t.co/HsMh1iXKj2
755432712844947500,Tue Jul 19 16:02:48 +0000 2016,https://t.co/m3ZaWJa1t3
754503415695286300,Sun Jul 17 02:30:06 +0000 2016,Soir de feu! https://t.co/JKJMQi6cfn
751059819851706400,Thu Jul 07 14:26:29 +0000 2016,Salut Facebook! Connais-tu ça un hallucinant designer d'espace commercial? Genre quelqu'un qui peut rocker un bureau? Merci ben là!
749641299070816300,Sun Jul 03 16:29:48 +0000 2016,https://t.co/7Wfh7ZPrUA https://t.co/Htc2kbNx1d
749641299070816300,Sun Jul 03 16:29:48 +0000 2016,https://t.co/7Wfh7ZPrUA https://t.co/Htc2kbNx1d
747538517266333700,Mon Jun 27 21:14:05 +0000 2016,https://t.co/bOSnlQWrhl
746333766319112200,Fri Jun 24 13:26:50 +0000 2016,https://t.co/LgHkGKAG9T
737760196961927200,Tue May 31 21:38:32 +0000 2016,Histoire de restaurant: Avoir un serveur qui parle sans arrêt à la troisième personne: "On aime pas ça le... https://t.co/53Vn6RWl8u
733794665292570600,Fri May 20 23:00:56 +0000 2016,https://t.co/8JbSUeJ9JU
732620425272889300,Tue May 17 17:14:55 +0000 2016,Martin Watier https://t.co/m3tlbZtQSL
729694473970700300,Mon May 09 15:28:14 +0000 2016,HELP Facebook! J'ai besoin d'un technicien architecte et/ou architecte pour faire des plans à partir d'anciens... https://t.co/5jVptCdISw
728584571059617800,Fri May 06 13:57:52 +0000 2016,Pour ceux qui me connaisse bien, là, j'ai des frissons sur tout le corps! https://t.co/IeACglZVmk
727169632965136400,Mon May 02 16:15:25 +0000 2016,C'est le dernier épisode! Noooooooooon! Si vous voulez, comme moi, que ça revienne, allez donner:... https://t.co/C24lF1WzSk
724999543612395500,Tue Apr 26 16:32:15 +0000 2016,https://t.co/wVZr0K2uAa
724727877330190300,Mon Apr 25 22:32:45 +0000 2016,Pour une amie. Partagez svp.  https://t.co/jOls6ibeES https://t.co/ccShq5iipU
722909451200516100,Wed Apr 20 22:06:58 +0000 2016,Haaaaaaaaaa! https://t.co/Js0OhjyOdi
722459835523014700,Tue Apr 19 16:20:22 +0000 2016,Pauvre petite Marie-Cute Perron. :-( https://t.co/7BwZzZitHI
722438822047400000,Tue Apr 19 14:56:52 +0000 2016,https://t.co/OI22KRarrY
721456758846328800,Sat Apr 16 21:54:29 +0000 2016,https://t.co/HI5CKmZkOH
720727763288727600,Thu Apr 14 21:37:43 +0000 2016,Hey Facebook, as-tu ça des bonnes références d'excellent prof de médiation?
719666649587179500,Mon Apr 11 23:21:14 +0000 2016,Je les adore!!! https://t.co/co0UvlXZkA
718808516870410200,Sat Apr 09 14:31:19 +0000 2016,Tant qu'à continuer à vous partager des belles affaires sur eux, aller donc lire la magnifique critique de Madame... https://t.co/wQsaXxTzUK
715972018747871200,Fri Apr 01 18:40:06 +0000 2016,En ce jour du poisson pas frais, je fête mes 10 ans en tant qu'agent. 10 ans...  Imaginez-vous donc qu'il y a 10... https://t.co/cXz6dcBD3m
715713274306760700,Fri Apr 01 01:31:56 +0000 2016,Magnifique texte Claudia! https://t.co/MMdIbDN2NJ
715587410059464700,Thu Mar 31 17:11:48 +0000 2016,Bravo mes amis Stéphanie et Jean-baptiste!!! https://t.co/QBLmaM1TOZ
715234971158495200,Wed Mar 30 17:51:20 +0000 2016,https://t.co/mhQBrYY3hD
714994779591934000,Wed Mar 30 01:56:54 +0000 2016,https://t.co/bVO4Vu9SvL
713513688200835100,Fri Mar 25 23:51:34 +0000 2016,https://t.co/CHnYrNB1NT
713428072700244000,Fri Mar 25 18:11:22 +0000 2016,https://t.co/mp4SnCcaqF
712755886759010300,Wed Mar 23 21:40:20 +0000 2016,https://t.co/bj7TmtrLj2
712315069355462700,Tue Mar 22 16:28:41 +0000 2016,https://t.co/nWUxVyPLkB
709583116340502500,Tue Mar 15 03:32:53 +0000 2016,Moment magique avec l'homme de ma vie!!! Merci Eleven Madison Park! PS: Notre voisine de table est Natalie Portman!
709409827819233300,Mon Mar 14 16:04:17 +0000 2016,https://t.co/fwLaj1BvXg
709386225887608800,Mon Mar 14 14:30:30 +0000 2016,https://t.co/xFn0Yl9KdD
708768533946175500,Sat Mar 12 21:36:01 +0000 2016,Afternoon theatre! https://t.co/lC0eDEHas4
708023478449004500,Thu Mar 10 20:15:26 +0000 2016,https://t.co/W6Q40bKS6w
707627805140521000,Wed Mar 09 18:03:10 +0000 2016,https://t.co/nd4p0p6VCy
707547923198959600,Wed Mar 09 12:45:45 +0000 2016,Histoire de taxi : Beaucoup d'empathie pour le gentil chauffeur qui essaie vraiment très fort de me faire la... https://t.co/CF1qfMeoja
706910031401328600,Mon Mar 07 18:30:59 +0000 2016,Et on remet ça cette semaine!!! https://t.co/svQs4WnG9K
706663219566346200,Mon Mar 07 02:10:15 +0000 2016,J'ai malheureusement perdu ma maison à cause d'un thermostat électronique. Vérifiez cette liste de rappels... au... https://t.co/vsuVxbqdsz
705849568546705400,Fri Mar 04 20:17:05 +0000 2016,Quand ta première critique vient du magazine français "Libération" et qu'elle te qualifie de "coup de coeur du... https://t.co/9P3RVm9Jqg
705583556274348000,Fri Mar 04 02:40:03 +0000 2016,CESSION DE BAIL - 1er MAI - ROSEMONT - 4 1/2 | 4 1/2 | Ville de Montréal | Kijiji https://t.co/pOiDt4cqgn
704732663802888200,Tue Mar 01 18:18:55 +0000 2016,Bonjour tout le monde. J'ai une paire de billets à donner pour le spectacle APRÈS au Théâtre d'aujourd'hui à 19h ce soir! En privé svp!
704449398030393300,Mon Feb 29 23:33:19 +0000 2016,Vous avez sûrement vu passer le "preview" il y a quelque mois, ben le voilà enfin arriver: Mouvement deluxe!!!... https://t.co/sDeypuY1yu
704447520278233100,Mon Feb 29 23:25:51 +0000 2016,Je ne sais pas si vous aviez vu le "preview" s'il y a quelque mois, mais voici en fin Mouvement deluxe!!! MALADE,... https://t.co/VqTY1Zq8Oy
703011865316757500,Fri Feb 26 00:21:04 +0000 2016,Histoire de taxi : Tomber sur le même chauffeur, celui qui était en mode "too much information", mais cette... https://t.co/wcSSfOUvDF
702615415764209700,Wed Feb 24 22:05:43 +0000 2016,C'est ce soir!!! Il reste quelques place. — participe à  Montréal en lumière / Montréal-Percé avec Martin Watier-Martin Béliveau
702602879631290400,Wed Feb 24 21:15:54 +0000 2016,Histoire de taxi : Quand ton chauffeur est en mode "too much information", c'est fou tout ce qu'on peut apprendre... https://t.co/3A7dc07jAt
702594923971944400,Wed Feb 24 20:44:18 +0000 2016,https://t.co/ocUaMKX5LA
701097810331095000,Sat Feb 20 17:35:18 +0000 2016,Il reste des places!!! Pour tous les gourmands, notre événement Montréal en lumière, mercredi 24… https://t.co/uHRMcvOWEY
700456435746996200,Thu Feb 18 23:06:42 +0000 2016,https://t.co/w0SMwLyPft
700143686450094100,Thu Feb 18 02:23:57 +0000 2016,https://t.co/3tKDA3Q6Gx
699727409487208400,Tue Feb 16 22:49:49 +0000 2016,https://t.co/JhMEZlewXb
698867323839627300,Sun Feb 14 13:52:08 +0000 2016,https://t.co/VL1MPizO0w
698329227494555600,Sat Feb 13 02:13:56 +0000 2016,https://t.co/doGM8GUYaj
696451530896097300,Sun Feb 07 21:52:39 +0000 2016,Mon amie pas plate, Sophie, qui a fait un documentaire sur Slap Shot, ben elle vend son condo. Vous avez donc la... https://t.co/1Wv6ihJWy9
695577451804627000,Fri Feb 05 11:59:22 +0000 2016,Hey, moi j'ai une amie pas plate qui a fait un documentaire sur Slap Shot! Bravo Sophie!!!! https://t.co/GoWKq0gmM4
693445360199540700,Sat Jan 30 14:47:12 +0000 2016,RT @martinwatier: Fin de la campagne annuelle du GRIS. TOUS les dons effectués ce week-end seront DOUBLÉS  ! Merci de donner : https://t.co…
693445207484932100,Sat Jan 30 14:46:35 +0000 2016,Homosexualité et bisexualité : il n’y a pas d’âge pour en parler https://t.co/ecpc1NOrpn
692761121175015400,Thu Jan 28 17:28:16 +0000 2016,Histoire de taxi : Des fois, tu dis au chauffeur: "Je sais que ça change rien, mais je suis en retard". Des fois,... https://t.co/KmOL5k1h3a
690968146065375200,Sat Jan 23 18:43:38 +0000 2016,Hey, je ne sais pas ce que vous faites aujourd'hui, mais moi j'm'en vâ aux Galeries d'Anjou!
690296413012496400,Thu Jan 21 22:14:24 +0000 2016,Ça c'est très drôle! https://t.co/UexN1RUFoe https://t.co/1ECKoE24la
689976061195653100,Thu Jan 21 01:01:26 +0000 2016,Soirée de soutien à Élyse Lambert pour le Concours meilleur sommelier du Monde 2016!… https://t.co/UGovTGFJCS
689650312240578600,Wed Jan 20 03:27:02 +0000 2016,https://t.co/khfCPbGUwx
689543937992826900,Tue Jan 19 20:24:20 +0000 2016,On a beaucoup de plaisir chez REBEL! https://t.co/O1AvmSkCYl
689073481728798700,Mon Jan 18 13:14:55 +0000 2016,Prochain défi? https://t.co/pENbtTRRDL
688492062208081900,Sat Jan 16 22:44:33 +0000 2016,Ha! Mon cheval à trois pattes 🤔 #Dachayan #saintmartindebeauce #cheval #horse #chevaux #horses… https://t.co/cmxRWxNerK
687996303066984400,Fri Jan 15 13:54:35 +0000 2016,Faites un don https://t.co/JTj8k4ic2O
687688737300574200,Thu Jan 14 17:32:26 +0000 2016,Patricia Ruel et Sophie Bélanger https://t.co/i0YRqiUQDd
687290423375716400,Wed Jan 13 15:09:40 +0000 2016,Toi, cher Facebook, dans tes multiples ressources, as-tu ça une personne qui rock avec des plans d'affaires?
687050465528418300,Tue Jan 12 23:16:10 +0000 2016,Histoire de taxi : Tsé, ton mononcle sympathique, un peu gêné, qui sait un peu de tout surtout tout, qui pousse... https://t.co/0l7oNsctBk
686881096714334200,Tue Jan 12 12:03:09 +0000 2016,https://t.co/2OXBIHXlXL
685603516027662300,Fri Jan 08 23:26:30 +0000 2016,Ça va être malade! https://t.co/GdO2ufv67F
685455524368891900,Fri Jan 08 13:38:26 +0000 2016,Histoire de taxi : Connaissez-vous l'application de la compagnie Taxi Diamond? C'est exactement comme Uber, avec... https://t.co/AA9qOCjmBA
684878655059816400,Wed Jan 06 23:26:10 +0000 2016,Ça c'est drôle! https://t.co/BsJW9TPEgg
683315840784199700,Sat Jan 02 15:56:06 +0000 2016,Maison à vendre Montréal, 2625 rue de Rushbrooke, immobilier Québec | DuProprio | 554260 https://t.co/OBgvizUitk
682783216789491700,Fri Jan 01 04:39:39 +0000 2016,Vous passerez le cap dans 20 minutes, nous c'est déjà fait. Bonne année tout le monde!!!!
680514834685890600,Fri Dec 25 22:25:54 +0000 2015,Just posted a photo https://t.co/ZMzhhJlVIl
677660013217914900,Fri Dec 18 01:21:52 +0000 2015,Senior moment (anglais de moment de vieillesse) : Je viens de dire "je suis down" dans une conversation! 🙄
677570969997832200,Thu Dec 17 19:28:02 +0000 2015,Un p'tit cadeau du célèbre groupe Shawarma Twain... de Noël! https://t.co/6z0xPK9ZpI https://t.co/3cPBev5Pc4
677558814762262500,Thu Dec 17 18:39:44 +0000 2015,Joyeuses fêtes! https://t.co/zbahbtcaK2 https://t.co/7vxd8Qs6c6
671886858830221300,Wed Dec 02 03:01:24 +0000 2015,Merci Stéphanie Labelle! Vraiment. 🙄 https://t.co/QoFvYJoGtp https://t.co/ViUEIo0Ihn
671746140128219100,Tue Dec 01 17:42:14 +0000 2015,Bravo à mes amis Stéphanie et Jean-baptiste! https://t.co/MZthGmh3Ra
670235045357969400,Fri Nov 27 13:37:41 +0000 2015,Histoire de Taxi : Pierre-André me parle du retour de Lucian Bute avec une vibration dans la voix. J'ai beau lui... https://t.co/YAzJcRZmgB
669915958887125000,Thu Nov 26 16:29:45 +0000 2015,Salut Facebook. Je t'ai déjà demandé la sommité des sommités, le boute du boute de l'acuponcteur, mais je ne... https://t.co/i4rssvHWfN
665894625920606200,Sun Nov 15 14:10:25 +0000 2015,J'ai eu l'immense privilège d'assister à ce concert. Et quel concert! Pour ceux qui n'ont pas pu en faire autant,... https://t.co/ayQAqkTFBj
664047611112910800,Tue Nov 10 11:51:02 +0000 2015,https://t.co/sdevlGRIxH
662652976914284500,Fri Nov 06 15:29:15 +0000 2015,Bonjour. La soeur d'une amie a tout perdu lors de l'incendie de sa maison. Elle est monoparentale avec deux... https://t.co/Qs5pSohxnG
660287441178263600,Sat Oct 31 02:49:28 +0000 2015,Un petit nouveau de nos merveilleux amis Stéphanie Labelle et Jean-baptiste Marchand! https://t.co/BzT91HmVgv
659410179088248800,Wed Oct 28 16:43:32 +0000 2015,https://t.co/hAgZA1HK65
659011658551922700,Tue Oct 27 14:19:57 +0000 2015,C'est tellement EXCELLENT! Impro "montée de lait" de 9 minutes par Antoine Vézina. Réellement à voir... jusqu'à... https://t.co/mjESMPRuI7
656969704968319000,Wed Oct 21 23:05:58 +0000 2015,Deux jours seulement après son élection. J'espère que les bonnes nouvelles continueront. https://t.co/HULEeGNwJW
645979922985455600,Mon Sep 21 15:16:30 +0000 2015,http://t.co/KXqNqwwYa8
645364831030132700,Sat Sep 19 22:32:20 +0000 2015,Pierre Pageau et Nathalie Boutrie, Bravo! http://t.co/Lqra7YLAMp
643819855926444000,Tue Sep 15 16:13:09 +0000 2015,Facebook, les meilleurs dumplings dans le vieux, quartier chinois  et ses environs, t'as une idée?
641758376016375800,Wed Sep 09 23:41:34 +0000 2015,J’ai publié une nouvelle photo sur Facebook http://t.co/r8dhxJcjD2
640164981439246300,Sat Sep 05 14:09:59 +0000 2015,Mais quel beau papier. http://t.co/J0EUawq7OD
638695407246151700,Tue Sep 01 12:50:26 +0000 2015,Histoire de taxi : Quand l'application te dit que ton chauffeur s'appelle Alfred, t'entends soudainement http://t.co/DbC2g9RNmw
638695059043389400,Tue Sep 01 12:49:03 +0000 2015,Histoire de taxi : Quand l'application te dit que ton chauffeur s'appelle Alfred, t'entends soudainement  http://t.co/HncwHUdndj
638476025383383000,Mon Aug 31 22:18:41 +0000 2015,Le lancement de Jean-François Beaupré, c'est maintenant. http://t.co/vaKyTIIRYw
636638370559492100,Wed Aug 26 20:36:30 +0000 2015,http://t.co/CIgEG9zps7
636213601225736200,Tue Aug 25 16:28:37 +0000 2015,"C’est platte un chien, tu devrais faire des enfants à la place" — URBANIA http://t.co/h510bpC8cN
634796104559816700,Fri Aug 21 18:35:59 +0000 2015,Emanuelle Langelier https://t.co/fc81AhWDF0 http://t.co/1Xj4RidGcr
634774715501051900,Fri Aug 21 17:11:00 +0000 2015,http://t.co/XFsWd2N1yE
634350377740038100,Thu Aug 20 13:04:50 +0000 2015,"The cool people like hashtag and stuff, that won't be relevant in the future" http://t.co/5c4EuS3aEv
633771360402174000,Tue Aug 18 22:44:01 +0000 2015,Seul au resto, mangeant et fixant mon gros cellulaire ben accoté sur la bouteille d'eau: - La serveuse: Le mot de... http://t.co/GWjg0TJ0II
632628963530174500,Sat Aug 15 19:04:33 +0000 2015,En mode demi-finale! https://t.co/bXbKEkP4LD
632176522296750100,Fri Aug 14 13:06:42 +0000 2015,Histoire de taxi : Uber s'est fait une beauté pour la fierté! http://t.co/rgKaaaXXUk
631089206098559000,Tue Aug 11 13:06:06 +0000 2015,Histoire de taxi : Monsieur Jean, lui, la pluie ça le fait siffler. #taxisoleil
628294656275693600,Mon Aug 03 20:01:33 +0000 2015,Kino recrute pour le Kino Kabaret 2015 http://t.co/GFeOpZE7AH
627122878832640000,Fri Jul 31 14:25:20 +0000 2015,Au bureau, on trouve ça drôle. https://t.co/o0r6QXCOYd http://t.co/8oB6nub9fN
626414085387743200,Wed Jul 29 15:28:50 +0000 2015,Ma manie m'énarve : Moi dans la vie, y'a plein d'affaires que mon cerveau n'aime pas. Une de celles-ci, et c'est... http://t.co/45nVoHFFdo
626058297158844400,Tue Jul 28 15:55:04 +0000 2015,Il parait que c'est des années d'acheteur dans l'immobilier?  Et bien achetez ceci, on sinon, partagez! ;-)... http://t.co/dHUbjnzXPf
624741261589770200,Sat Jul 25 00:41:38 +0000 2015,Vient de publier une photo https://t.co/9iZDpUm5JG
623546213347008500,Tue Jul 21 17:32:56 +0000 2015,Très drôle! http://t.co/0H7l9MVsTJ
623527895307284500,Tue Jul 21 16:20:09 +0000 2015,CLICK HERE to support Soutenir Mathieu Leroux http://t.co/qw1tYvde7v
623229668880199700,Mon Jul 20 20:35:06 +0000 2015,http://t.co/kOnFsEmjo9
623196619014586400,Mon Jul 20 18:23:47 +0000 2015,Moi, ça, j'appelle ça de la power-bande-annonce! Barnouche! http://t.co/AnDZJ3Q5oI
622446824528420900,Sat Jul 18 16:44:22 +0000 2015,http://t.co/1ZGWz0HlvU
622063451561689100,Fri Jul 17 15:20:58 +0000 2015,Histoire de Bixi : Ok, on joue à un jeu. Prenez un Bixi sur le plateau et une fois arrivé dans le Vieux-Montréal,... http://t.co/tYMzteZ7d3
621426833175785500,Wed Jul 15 21:11:17 +0000 2015,Bravo groupe! http://t.co/VdKYjYjb4y
619940758125215700,Sat Jul 11 18:46:09 +0000 2015,Partagez svp. Il faut lui trouver une famille! http://t.co/gg2p6C57TU
618432934295547900,Tue Jul 07 14:54:36 +0000 2015,Moi je les aime ces deux-là! https://t.co/H6j2QGZGU6 http://t.co/vuTepc5KDZ
611251685432926200,Wed Jun 17 19:18:52 +0000 2015,Histoire de taxi : Hier, on est tombé sur un chauffeur vraiment pas gentil. Deux leçons en découlent; aucun... http://t.co/Ix2Mj8pkw3
608977282846326800,Thu Jun 11 12:41:13 +0000 2015,Histoire de taxi : Un taxi, souvent, ça sent vraiment pas bon.
607892139981324300,Mon Jun 08 12:49:14 +0000 2015,Bienvenue @RinguetteJulie !
607692567329837000,Sun Jun 07 23:36:13 +0000 2015,Al and me! http://t.co/NX6NHg86G8
607668669414555600,Sun Jun 07 22:01:15 +0000 2015,Ce soir, à la rencontre avec Monsieur Al Pacino, nous sommes dans la section où nous avons été invités à poser... http://t.co/bIDvN9Rcba
606483087065759700,Thu Jun 04 15:30:10 +0000 2015,Toi, ami Facebook de l'audiovisuel, connais-tu une application pour Mac qui permet de numériser un DVD pour en faire un Quicktime?
605788256253313000,Tue Jun 02 17:29:09 +0000 2015,Bon, une tite-toune pour vous réchauffer! http://t.co/Hax1j30YsV
605418837908066300,Mon Jun 01 17:01:13 +0000 2015,HA HA! http://t.co/8YcNGGwZkm
605418707217748000,Mon Jun 01 17:00:42 +0000 2015,http://t.co/6XQ6z2DxmB
602510366812278800,Sun May 24 16:24:00 +0000 2015,Et un autre! 󾌳 http://t.co/kHmVQgUfk4
602457014984388600,Sun May 24 12:52:00 +0000 2015,Stand by, dans 10! http://t.co/PIVVP6Vov7
596712489573814300,Fri May 08 16:25:18 +0000 2015,Pour des amis à moi qui sont propriétaires et qui vivent dans le logement du haut. SVP partagez! Grand logement à... http://t.co/RKw4CudvUD
568188688762601500,Wed Feb 18 23:21:54 +0000 2015,Et elle a 15 ans aujourd'hui! http://t.co/RpZdgmyc4f
564467470267076600,Sun Feb 08 16:55:06 +0000 2015,Vient de publier une photo http://t.co/rw2cSLLJsm
560567408759693300,Wed Jan 28 22:37:39 +0000 2015,Clôture de la campagne de financement du GRIS 2015! Ils savent choisir leurs vues! http://t.co/nMKDavjrCN
552851461663891460,Wed Jan 07 15:37:14 +0000 2015,Ça ressemble au retour des fêtes chez REBEL! http://t.co/mZVUUAicpJ
550692625477816300,Thu Jan 01 16:38:47 +0000 2015,Best hangover ever - part III http://t.co/dCBCuNsyzN
544210625774497800,Sun Dec 14 19:21:38 +0000 2014,15 décembre! http://t.co/BMxYqZ7faE
528989472508358660,Sun Nov 02 19:18:13 +0000 2014,Vient de publier une photo http://t.co/v5hWv1Eaby
528989018080706560,Sun Nov 02 19:16:24 +0000 2014,Vient de publier une photo http://t.co/rBHzsSgEaq
521378025792090100,Sun Oct 12 19:13:02 +0000 2014,Action de Grâces. http://t.co/71dZN1oUat
515940872395837440,Sat Sep 27 19:07:44 +0000 2014,Sortie culturelle! http://t.co/4kvqQwBdfQ
511930087034609660,Tue Sep 16 17:30:18 +0000 2014,Histoire de taxi: Dude, c'est pas parce que tu ajoutes des ti-sapins que ça sent meilleur. #maldecoeur http://t.co/iLqgvKkGlg
511503121143857150,Mon Sep 15 13:13:42 +0000 2014,@melisamba merci miss! xxx
500059756447662100,Thu Aug 14 23:21:51 +0000 2014,Carmina Burana à 1500 voix! Well! #osmconcert http://t.co/z0snWDMhFj
498149195245957100,Sat Aug 09 16:49:57 +0000 2014,Tu vas au tennis une fois dans la semaine et tu tombes sur ce match-là. Ben c'est ça!! http://t.co/imSJIvTfFb
496442183642546200,Mon Aug 04 23:46:54 +0000 2014,Balcon!!! http://t.co/pYr5TXasRA
493449308176269300,Sun Jul 27 17:34:17 +0000 2014,Sunday swag! http://t.co/IM5xWmx0EI
489967042259214340,Fri Jul 18 02:57:00 +0000 2014,Notre nouvel ami, Le Majestique! http://t.co/ZtyM88ZANf
485585397720698900,Sun Jul 06 00:45:55 +0000 2014,La dernière cène! http://t.co/ToJjc3h9I7
483737134042742800,Mon Jun 30 22:21:34 +0000 2014,C'est aussi ça la maison bleue! http://t.co/GakXQ9GxgD
480494371545296900,Sat Jun 21 23:35:59 +0000 2014,Bon, comment rendre sexy des gnognonne ring! http://t.co/l32glOGwwR
478075009433215000,Sun Jun 15 07:22:19 +0000 2014,Vient de publier une photo http://t.co/D56pb8i29U
475426875477471200,Sat Jun 07 23:59:34 +0000 2014,Welcome to: Elizabeth and Albert. http://t.co/J6dp6rSRFq
473195637220331500,Sun Jun 01 20:13:26 +0000 2014,Tite-dent! http://t.co/CNeX0VeR16
472491406918156300,Fri May 30 21:35:04 +0000 2014,Première vraie terrasse! http://t.co/ouuA3vaihB
472145513786396700,Thu May 29 22:40:37 +0000 2014,Vient de publier une photo http://t.co/118sn2Uzmc
471683841955213300,Wed May 28 16:06:06 +0000 2014,RT @DiazSebastien: Primeur : Formule Diaz sera le titre de ma nouvelle émission @telequebec dès septembre! #formulediaz
470253658089615360,Sat May 24 17:23:03 +0000 2014,RT @DiazSebastien: Suspense insoutenable! Pire que les séries! #Mommy #TeamDolan #Cannes2014
466718122385240060,Wed May 14 23:14:06 +0000 2014,Au Manitoba, on écoute le hockey vintage! http://t.co/MBgOkdMhXb
464910425474076700,Fri May 09 23:30:57 +0000 2014,La fois où nos hôtes nous demandent et nous répondons à la blague: - Vous voulez manger quoi? - Un… http://t.co/UW4vpvBcpx
463001978025832450,Sun May 04 17:07:28 +0000 2014,Lendemain de party de filles! http://t.co/Lnm9i4vVeh
462789238602211300,Sun May 04 03:02:07 +0000 2014,@normboulanger Pas moi, une amie ;-)
462788857290047500,Sun May 04 03:00:36 +0000 2014,Party de filles! http://t.co/isSCXPr7VS
460308587106299900,Sun Apr 27 06:44:53 +0000 2014,Mon chat est trop conscient de son cute power! http://t.co/nASpzK3KlM
458267091196715000,Mon Apr 21 15:32:43 +0000 2014,http://t.co/CPcyJHkb7n
456633543951527940,Thu Apr 17 03:21:35 +0000 2014,@karinevanasse C'est troublant en fait.
456630450845265900,Thu Apr 17 03:09:17 +0000 2014,Ok. Soit elle est née avec une âme de 1000 ans ou beaucoup trop d'hormones dans le poulet, mais gosh que c'est... http://t.co/Ii7FsRZVoU
456038306481184800,Tue Apr 15 11:56:19 +0000 2014,How français are you? http://t.co/vFP8Si7dsE
456037817962225660,Tue Apr 15 11:54:23 +0000 2014,How français you are! http://t.co/vFP8Si7dsE
456026542490279940,Tue Apr 15 11:09:34 +0000 2014,C'est le père d'une de mes amis. SVP, regardez le reportage, mais surtout, partagez-le. http://t.co/wQPqKJxolN
455518530000003100,Mon Apr 14 01:30:55 +0000 2014,http://t.co/Bh2Lj1st6c
455508818261442560,Mon Apr 14 00:52:19 +0000 2014,Sondage: Congé de Pâques, lundi ou vendredi?
454693782865203200,Fri Apr 11 18:53:40 +0000 2014,Moi là, assis à mon bureau, ben je viens d'avoir un gros câlin gratis, de même, pour rien!
454605932404949000,Fri Apr 11 13:04:35 +0000 2014,Journée bubble head!
454233121043390460,Thu Apr 10 12:23:09 +0000 2014,http://t.co/H5Art1hQZS
454233087803916300,Thu Apr 10 12:23:02 +0000 2014,http://t.co/5w3N2t90vg
453654259150491650,Tue Apr 08 22:02:58 +0000 2014,La Fabrique reservations in Montreal, QC | OpenTable http://t.co/HGKpJEsxR4
453372404761624600,Tue Apr 08 03:22:59 +0000 2014,Lapsus du jour de Patrice Roy: "le parté québécois"
453312257683116000,Mon Apr 07 23:23:59 +0000 2014,Première course préparative du demi d'Ottawa avec ma running partner Geneviève! 13km! Baboum!
451696116401446900,Thu Apr 03 12:22:00 +0000 2014,VOX POP - Guy Nantel : Le droit de vote pour tous? http://t.co/7xDh2IbsEK
451045841470754800,Tue Apr 01 17:18:03 +0000 2014,C'est ça qu'on vous cachait! http://t.co/YKRcKMyOUs
449968179805057000,Sat Mar 29 17:55:48 +0000 2014,Souveraineté Association Québec #electionquebec http://t.co/fXUjYVpAIq
449962855673376800,Sat Mar 29 17:34:39 +0000 2014,http://t.co/tw8OrqPAvI
449544725016879100,Fri Mar 28 13:53:09 +0000 2014,Ma bonne action de la journée, partager la magnifique recette de kimi à la coque de Ricardo! Mais attention,... http://t.co/RJ0cNzG1bJ
449525922232664060,Fri Mar 28 12:38:26 +0000 2014,J'ai un jeu pour vous. Au lieu de chialer contre l'hiver, d'ici 17h, vous devez faire une bonne action! Go!
449207953753911300,Thu Mar 27 15:34:56 +0000 2014,"La criminelle, qui porte ici le nom de Paloma Hermosa, est campée avec brio par Claudia Ferri..." On a hâte de... http://t.co/v6C1ynxlRV
449022972976582660,Thu Mar 27 03:19:53 +0000 2014,RT @DiazSebastien: Le selfie de la dernière de VOIR TV!  Likez, retweetez et partagez pour battre (ouin...) la gang des… http://t.co/TSaM8G…
447756690986111000,Sun Mar 23 15:28:08 +0000 2014,Bonne journée! http://t.co/oHOppmIDmQ
446387193045852160,Wed Mar 19 20:46:14 +0000 2014,Moi, quand quelqu'un me dit: " Passe une belle après-midi.", ça me fait rire!  Aussi, fatrasser, selon le vieux... http://t.co/LuvcmGH2Pn
446038729195810800,Tue Mar 18 21:41:34 +0000 2014,Aussi, madéfier est l'action de rendre humide!
445965890493120500,Tue Mar 18 16:52:08 +0000 2014,Effectivement très drôle! http://t.co/DNOxBruOBc
445606614444552200,Mon Mar 17 17:04:30 +0000 2014,REBEL est maintenant sur Twitter! http://t.co/06RcGv1MoH
440472628919541760,Mon Mar 03 13:03:52 +0000 2014,RT @MarcCassivi: “@CaptKyslap: @MarcCassivi @Yvann73 http://t.co/IYWLiOYUpx”
440322705204998140,Mon Mar 03 03:08:08 +0000 2014,RT @TheEllenShow: If only Bradley's arm was longer. Best photo ever. #oscars http://t.co/C9U5NOtGap
438807999956926460,Wed Feb 26 22:49:14 +0000 2014,Clôture de la campagne de financement du GRIS! On voit loin! http://t.co/Yfst4VLzzg
422553655079075840,Mon Jan 13 02:20:16 +0000 2014,Tellement d'accord “@alexxxperron: Robin Wright est toujours aussi belle ! #GoldenGlobes”
422548318246273000,Mon Jan 13 01:59:04 +0000 2014,Moment frette entre Bono et The Edge.. Hiiiiiii!
422543028189143040,Mon Jan 13 01:38:03 +0000 2014,Whaaaaaaat! Année 80 sana l'tapis sa robe!
422540010802655200,Mon Jan 13 01:26:03 +0000 2014,@MartinBeliveau: C'est long monter sur la scène des Golden Globes! #GoldenGIobes
422044577949048800,Sat Jan 11 16:37:23 +0000 2014,Quand ta balayeuse te lâche et elle a l'air de ça, j'appelle ça un méchant bon investissement! http://t.co/suiyMUuckG
421641415060619260,Fri Jan 10 13:55:21 +0000 2014,Vélo yéti! http://t.co/oTmUD5W25T
418384817122996200,Wed Jan 01 14:14:48 +0000 2014,Best hangover ever - part II http://t.co/ZXtDEYRHYu
413146249077219300,Wed Dec 18 03:18:36 +0000 2013,“@karinevanasse: Pour la version francaise de #Revenge saison 3, Margaux aura mon visage, mais egalement ma voix :) " Très cool!
412322024917573600,Sun Dec 15 20:43:25 +0000 2013,Christmas brunch! http://t.co/mf3S1Q6j1v
412278450788261900,Sun Dec 15 17:50:17 +0000 2013,Très fier d'annoncer que Martin Beliveau Agence et David Remington deviennent REBEL à partir du 1er janvier!
408018066602459140,Tue Dec 03 23:41:02 +0000 2013,Pour les travailleurs du Vieux-Montreal, "_la récréation". Nouvel endroit fort sympathique pour… http://t.co/Dwda8dF7Rc
407004391238299650,Sun Dec 01 04:33:03 +0000 2013,Avant, il y avait... http://t.co/Kyv45GBdtO
391987338999775200,Sun Oct 20 18:00:39 +0000 2013,Brunch dominical à La Fabrique! http://t.co/NAJzdFeVH0
388261920782184450,Thu Oct 10 11:17:10 +0000 2013,C'est l'automne sur le Mont-Royal! http://t.co/7KHiRwrQ4c
385761644519096300,Thu Oct 03 13:41:57 +0000 2013,Vient de publier une photo http://t.co/rqsX4brpBm
384419544049389600,Sun Sep 29 20:48:56 +0000 2013,Brunch dominical! http://t.co/wOqHV3Y7n9
378612193635602400,Fri Sep 13 20:12:35 +0000 2013,Vient de publier une photo http://t.co/yo3NIYfio6
373611287768748000,Sat Aug 31 01:00:47 +0000 2013,Vient de publier une photo http://t.co/OQN97FyuUP
364897639269011460,Tue Aug 06 23:55:51 +0000 2013,Dolcetto! http://t.co/ZehoMi1GNg
364166053082841100,Sun Aug 04 23:28:47 +0000 2013,Vient de publier une photo http://t.co/xtG7iq9U4n
362058569505439740,Tue Jul 30 03:54:24 +0000 2013,Paparazzi. http://t.co/L96bLLlcTb
360220744413753340,Thu Jul 25 02:11:32 +0000 2013,Do not disturb. 3ième anniversaire de mariage. ;-) http://t.co/h3WHDTPaQs
357659841529004000,Thu Jul 18 00:35:25 +0000 2013,Vient de publier une photo http://t.co/5Lz8tO1rGe
356465933918801900,Sun Jul 14 17:31:16 +0000 2013,Brunch dominical! http://t.co/BR0bpagmEG
354363704176947200,Mon Jul 08 22:17:45 +0000 2013,Vient de publier une photo http://t.co/v7AqOvSoA1
347316781410549760,Wed Jun 19 11:35:48 +0000 2013,Vient de publier une photo http://t.co/0YObRcY3t0
344637849511010300,Wed Jun 12 02:10:41 +0000 2013,Félicitations à @DiazSebastien et Marilyn Castonguay pour leurs nominations au 28e Gala des Gémeaux.
343564149768458240,Sun Jun 09 03:04:11 +0000 2013,Vient de publier une photo http://t.co/9rGJIQxC4q
343563932339953660,Sun Jun 09 03:03:19 +0000 2013,On écoute Pied de poule vinyle. http://t.co/nBIGMfrd4S
343480321997672450,Sat Jun 08 21:31:04 +0000 2013,Vient de publier une photo http://t.co/i2ghPwspp9
341711108467478500,Tue Jun 04 00:20:51 +0000 2013,C'est difficile de cuisiner! http://t.co/vEnB70dxDP
341347820558757900,Mon Jun 03 00:17:17 +0000 2013,Vient de publier une photo http://t.co/5DKsJKIZYx
333279592980832260,Sat May 11 17:57:01 +0000 2013,On a un beau langue. http://t.co/vgM2Aek4L6
318037518522130400,Sat Mar 30 16:30:27 +0000 2013,Road trip http://t.co/H9xcYewqX4
314191155963248640,Wed Mar 20 01:46:23 +0000 2013,@DiazSebastien @lafrancofete on veut des photos de toi qui improvise!
313019025686945800,Sat Mar 16 20:08:45 +0000 2013,À go, soyez jaloux. En plus, les souliers les plus confortables que j'ai portés. http://t.co/owqsT6xCO5
311294545868505100,Tue Mar 12 01:56:17 +0000 2013,@robertsval go girl!
308419927344304100,Mon Mar 04 03:33:35 +0000 2013,Vient de publier une photo http://t.co/B3GL8qp5M9
304413377114030100,Thu Feb 21 02:12:59 +0000 2013,Vient de publier une photo http://t.co/nEpG4Qchbi
304013537267810300,Tue Feb 19 23:44:10 +0000 2013,Ça, c'est ce qu'on appelle une belle fresque! http://t.co/qbXwUZmB
302599391091494900,Sat Feb 16 02:04:51 +0000 2013,Vient de publier une photo http://t.co/eqlPe6qa
302170023772966900,Thu Feb 14 21:38:42 +0000 2013,Mon Little Printer s'est habillé pour l'occasion! http://t.co/CrbjhF7T
300776781663842300,Mon Feb 11 01:22:27 +0000 2013,Est-ce qu'Adele est blasée? #grammys
300774285604167700,Mon Feb 11 01:12:32 +0000 2013,Saviez-vous que mon amie Patricia Ruel fait la scénographie de la performance du groupe FUN ce soir au Grammy's? #Grammys2013
298154353578094600,Sun Feb 03 19:41:51 +0000 2013,Mon magnifique Lancelot! http://t.co/jtrzIE6L
297786487901155300,Sat Feb 02 19:20:05 +0000 2013,Nouveau petit frère dans la famille. Thunder, arrière-arrière-petit-fils de Secretariat et Northern Dancer. http://t.co/UrWSElRf
297713456029790200,Sat Feb 02 14:29:53 +0000 2013,@PatrickRoyViva - Je te dois un souper!  ;-) #pooldejutra
296284295750889500,Tue Jan 29 15:50:55 +0000 2013,Sur le chemin! http://t.co/ZN4AjBXT
294975400625463300,Sat Jan 26 01:09:50 +0000 2013,Wild night! http://t.co/YRhdx2Zp
293728899110674400,Tue Jan 22 14:36:41 +0000 2013,@jepitou Yes!
293708172340916200,Tue Jan 22 13:14:19 +0000 2013,@jepitou yes!
293496477915963400,Mon Jan 21 23:13:07 +0000 2013,@MarieMaiReal Félicitations Marie-Mai. Très belle job hier soir, mais surtout, très belle énergie. ;-)
293179793128706050,Mon Jan 21 02:14:44 +0000 2013,Ça braille beaucoup. Il ne restera plus d'histoires croustillantes "human" pour le reste du show #LaVoixTVA
292252183754313700,Fri Jan 18 12:48:45 +0000 2013,Est-ce moi ou la une d'un journal remplacée par de la publicité c'est pas sérieux? #lapresselefaitsouvent
290661881339850750,Mon Jan 14 03:29:27 +0000 2013,RT @NBismuth: Surprise que personne n'ait encore parlé du contrôle des armes à feu. #GoldenGlobes
290653361794084860,Mon Jan 14 02:55:36 +0000 2013,Des talons hauts c'est pas pour tout l'monde! #goldenglobes
290648348048883700,Mon Jan 14 02:35:40 +0000 2013,Arnold et Sylvester sont trop teindus. #goldenglobes
290639041479733250,Mon Jan 14 01:58:41 +0000 2013,On aime Adele... Tellement! #goldenglobes
290090293116669950,Sat Jan 12 13:38:10 +0000 2013,Bon matin! http://t.co/Qm5aoOP3
287679779677810700,Sat Jan 05 21:59:38 +0000 2013,@herbymoreau Tortola, dans les îles vierges! Toi?
287666756556828670,Sat Jan 05 21:07:54 +0000 2013,@herbymoreau moi aussi ;-) http://t.co/pgWvzR1Y
287610910401519600,Sat Jan 05 17:25:59 +0000 2013,Live! http://t.co/4BaX9Nh6
286234236451708930,Tue Jan 01 22:15:34 +0000 2013,@PatrickRoyViva les îles vierges! Bonne année à toi Patrick! Cheers.
286231806934671360,Tue Jan 01 22:05:55 +0000 2013,Best hang over... ever! http://t.co/Sp0trVO4
281187454717919230,Wed Dec 19 00:01:28 +0000 2012,Exposition Plan Large. Le cinéma québécois de l'année vu par des photographes québécois. Ici, Camion avec en http://t.co/2HekxxmF
280887160977113100,Tue Dec 18 04:08:12 +0000 2012,Pour ceux qui savent... http://t.co/Buuf9OVF
277942638391480320,Mon Dec 10 01:07:43 +0000 2012,Bertha est heureuse. C'est vraiment dure d'avoir une plante aussi heureuse. http://t.co/YJHX8ZmR
277602673543483400,Sun Dec 09 02:36:49 +0000 2012,@jepitou malheureusement d'accord. Mais les employés sont vraiment top top!
277054861332340740,Fri Dec 07 14:20:01 +0000 2012,J'adore le Moleskine de Leonard Cohen! http://t.co/pA8qyz1h
273955626512703500,Thu Nov 29 01:04:45 +0000 2012,Cohen is coming! http://t.co/p05JPAVq
273641316502618100,Wed Nov 28 04:15:48 +0000 2012,Petits chats de la rue Duluth! http://t.co/DPqH1dPt
273430628094078980,Tue Nov 27 14:18:36 +0000 2012,Behind the scène! http://t.co/IjZxKb5U
272433276021530620,Sat Nov 24 20:15:29 +0000 2012,Daphné aime Breaking Bad! http://t.co/xVm3F6uj
272328563905150980,Sat Nov 24 13:19:23 +0000 2012,RT @martinwatier: Nous n'avons que quelques heures pour empêcher une horrible loi anti-gays en Ouganda. Signez la pétition http://t.co/0 ...
271426481165586430,Thu Nov 22 01:34:50 +0000 2012,C'est lequel mon verre #2 http://t.co/IzsTg2JE
271426139652771840,Thu Nov 22 01:33:29 +0000 2012,C'est lequel mon verre #1 http://t.co/Edhp3A6b
271396254196580350,Wed Nov 21 23:34:43 +0000 2012,Fraîchement arrivé de l'Île D'Yeu! http://t.co/Pttsn6Hd
271079652536221700,Wed Nov 21 02:36:40 +0000 2012,Au travail! http://t.co/TIbuH2c7
268702414520057860,Wed Nov 14 13:10:22 +0000 2012,RT @alexxxperron: Madame à moi, à l'épicerie: pourriez-vous me donner l'adresse de @CloutierV , je voudrais lui envoyer un tapis que je  ...
267753373820928000,Sun Nov 11 22:19:13 +0000 2012,@Edwardzaki Monsieur Edward, bonsoir!
267666896529281020,Sun Nov 11 16:35:35 +0000 2012,@RyanSeacrest How are you Ryan?
267666649035964400,Sun Nov 11 16:34:36 +0000 2012,RT @mikasounds: La Tour Eiffel est triste http://t.co/mjDopd3Y
267333609281712130,Sat Nov 10 18:31:13 +0000 2012,Réconfort #3 http://t.co/h1gFqxdU
267331848093433860,Sat Nov 10 18:24:14 +0000 2012,Nath est inspirée! http://t.co/8FX7gnK6
265603652457222140,Mon Nov 05 23:57:00 +0000 2012,RT @DiazSebastien: Bel apart à louer le 1er janvier!  http://t.co/4KxhNeeP
265603385963708400,Mon Nov 05 23:55:56 +0000 2012,@karinevanasse nouzoussi ;-)
265603231487508480,Mon Nov 05 23:55:19 +0000 2012,RT @gervaisbianca: Super Appart chaleureux hyper bien placé!! http://t.co/BuWYiDMR
265202022985388030,Sun Nov 04 21:21:04 +0000 2012,Ingrid http://t.co/ax5s8VQo
264729294582980600,Sat Nov 03 14:02:36 +0000 2012,@karinevanasse exactement. Tu as l'air d'une gamine! P'tite-face va! ;-)
264546384361951230,Sat Nov 03 01:55:47 +0000 2012,@karinevanasse tu es tellement belle sur cette photo. wow! je pense que c'est une de tes plus belles.
264529369307947000,Sat Nov 03 00:48:11 +0000 2012,RT @voir: @diazsebastien s'est transformé en zombie cette semaine à #VoirTV. Pour revoir le reportage: http://t.co/zECZ037I et http://t. ...
263757760112492540,Wed Oct 31 21:42:05 +0000 2012,Gin tonic! http://t.co/uQn9gjUq
263083074101837820,Tue Oct 30 01:01:07 +0000 2012,RT @ChantalGuy: Panne d'électricité = boom de bébés dans 9 mois qui se nommeront #Sandy?
263057690778017800,Mon Oct 29 23:20:15 +0000 2012,Fabrique! http://t.co/6H04KyBk
262740704630030340,Mon Oct 29 02:20:40 +0000 2012,RT @robertsval: Je tweete sur l'#adisq pendant que Barack Obama m'écrit des messages privés. Grosse soirée glam. http://t.co/Krn7uAlr
262733877397815300,Mon Oct 29 01:53:32 +0000 2012,@robertsval je te l'ai dit plus tôt!
262720500873191420,Mon Oct 29 01:00:23 +0000 2012,RT @robertsval: Les 5 révélations de l'année... Ça promet pour le futur! Bravo Lisa Leblanc #ADISQ
262716881780215800,Mon Oct 29 00:46:00 +0000 2012,RT @emilieperreault: Avec un peu de chance, une fille devrait gagner interprète féminine de l'année #Adisq2012 #moinsgirlpowerqueprévu
262709189829345280,Mon Oct 29 00:15:26 +0000 2012,Réconfort! http://t.co/cnr4U6ki
262708492513714180,Mon Oct 29 00:12:40 +0000 2012,RT @robertsval: Ils sont beaux, ces Douze Hommes Rapaillés. #adisq http://t.co/oLddEPD8
262703791168684030,Sun Oct 28 23:53:59 +0000 2012,@robertsval Cool! Passe une belle soirée darling. Et tu es tout en beauté, encore une fois.
262702835534274560,Sun Oct 28 23:50:11 +0000 2012,@robertsval j'sais pas pourquoi, mais mon Twitter est weird. Désolé si tu reçois la même question plusieurs fois. Tu y es pour qui ce soir?
262702253423603700,Sun Oct 28 23:47:52 +0000 2012,@robertsval tu y es pour qui ce soir?
262332358844370940,Sat Oct 27 23:18:02 +0000 2012,RT @sofecteau: Un chinois poursuit sa femme en justice parce qu'elle était laide et gagne sa cause...  http://t.co/KX4SbJbk
261668778109198340,Fri Oct 26 03:21:12 +0000 2012,#unité9 , respect!
261641028526809100,Fri Oct 26 01:30:56 +0000 2012,Saké! http://t.co/zHTpeVu2
261594615541542900,Thu Oct 25 22:26:31 +0000 2012,Sexy @DiazSebastien en kiosque aujourd'hui! http://t.co/7vl3jrmr
259706953574535170,Sat Oct 20 17:25:37 +0000 2012,Restaurant La Fabrique, Marie-Claude Lortie a raison! http://t.co/4DTJ8LrH
259480783968940030,Sat Oct 20 02:26:54 +0000 2012,Est-ce...? Non!?! Non!?! http://t.co/lI7LH1K8
258546022354149380,Wed Oct 17 12:32:29 +0000 2012,RT @alexxxperron: Pour l'halloween, si je me trouve assez de bourrure, je vais me déguiser en Honey Boo Boo. En plus, j'ai déjà sa grand ...
255843632752513020,Wed Oct 10 01:34:10 +0000 2012,@AlarieGenevieve je le suis aussi donc.
255748364828807170,Tue Oct 09 19:15:36 +0000 2012,@Audree_Jacques de même!
255736283824017400,Tue Oct 09 18:27:36 +0000 2012,@Audree_Jacques je crois que oui. J'avais deux personnes qui ont participé!
253999208753942530,Thu Oct 04 23:25:05 +0000 2012,Vient de publier une photo http://t.co/EajNpkEJ
253999103544016900,Thu Oct 04 23:24:40 +0000 2012,Vient de publier une photo http://t.co/8hTS5JtK
253998857556488200,Thu Oct 04 23:23:41 +0000 2012,Vient de publier une photo http://t.co/4wCu3aGD
253892812398026750,Thu Oct 04 16:22:18 +0000 2012,On fait de belles rencontres même sur la 20! La limo de Rael. http://t.co/EwOrbXsF
252568861755441150,Mon Oct 01 00:41:23 +0000 2012,J'adore #homeland !
251174748648787970,Thu Sep 27 04:21:41 +0000 2012,#xfactor Demi is upstaging Britney
251141216983474180,Thu Sep 27 02:08:26 +0000 2012,RT @gervaisbianca: Tu m'aimes-tu, ça torshe des culs! #TuMaimestu
249725475709136900,Sun Sep 23 04:22:47 +0000 2012,@Diaz_Alex je suis triste, j'ai une blessure au genou. Poche, poche, poche.
248411324504227840,Wed Sep 19 13:20:49 +0000 2012,@TothChristina hi sweety!
248220598076047360,Wed Sep 19 00:42:56 +0000 2012,RT @TrudeauC: Finale de So you think you can dance dans 5. Ou comment un projet de se coucher de bonne heure tombe à l'eau. #SYTYCD #Tea ...
247880794717175800,Tue Sep 18 02:12:41 +0000 2012,@TammyVerge bonne soirée et bon tweet!
247490968717230080,Mon Sep 17 00:23:39 +0000 2012,Félicitations à Caroline Gendron et Tan England pour animation jeunesse #Gemeaux #Gemaux2012
247423261388984320,Sun Sep 16 19:54:37 +0000 2012,RT @DiazSebastien: Un 2e Gémeau pour VOIR TV!  Meilleure réalisation!!! #voirtv
247421193966219260,Sun Sep 16 19:46:24 +0000 2012,RT @robertsval: Un deuxième trophée pour Voir Tv. Meilleure réalisation! Mon ami @DiazSebastien, je suis bien fière. :)  #gémeaux
247421124768579600,Sun Sep 16 19:46:07 +0000 2012,Et de deux: meilleure réalisation: Voir - Sébastien Diaz, Patricia Beaulieu et Charles Gervais #Gemeaux #galaweb
247415958690480130,Sun Sep 16 19:25:35 +0000 2012,Meilleure émission culturelle: Voir #Gemeaux #galaweb Bravo!
247347669008261120,Sun Sep 16 14:54:14 +0000 2012,Journée #gemeaux  Merde, merde, merde à tous ces gens talentueux qui sont déjà gagnants d'être en nomination.
247341874795401200,Sun Sep 16 14:31:12 +0000 2012,RT @DiazSebastien: L'équipe de VOIR TV est en nomination pour 3 Gémeaux au Gala d'aujourd'hui.  On vous tient au courant!  #voirtv
247032366651039740,Sat Sep 15 18:01:20 +0000 2012,@PatrickRoyViva : la performance exceptionnelle de l'actrice (donnez-lui son Jutra dès maintenant) brille du reste comme un soleil
246389635419361280,Thu Sep 13 23:27:21 +0000 2012,J'avoue, je n'avais jamais écouté #LesDetestables c'est vraiment drôle!
245874400346374140,Wed Sep 12 13:19:59 +0000 2012,RT @DiazSebastien: Première de VOIR TV ce soir 20h Télé-Qc avec Emily Blunt,Mark Hamill,Anaïs Barbeau-Lavalette,PODZ, Metric, Michel Onf ...
245874211921489920,Wed Sep 12 13:19:14 +0000 2012,RT @guyalepage: L'affaire Dumont : bouleversant, sobre, révoltant, résilient, respectueux. bravo @MA_Grondin Marilyn Castonguay Kathleen ...
244974518576218100,Mon Sep 10 01:44:11 +0000 2012,@Genevieveborne malheureusement, j'ai déjà fait la même chose.
243332648435580930,Wed Sep 05 12:59:58 +0000 2012,@rebeccamakonnen Ils semblaient sincères. Moi je décide d'aimer le geste. ;-)
243330494232678400,Wed Sep 05 12:51:25 +0000 2012,@rebeccamakonnen @imjaywalker est-ce qu'il y a avait un logo sur la pancarte?
243330393724571650,Wed Sep 05 12:51:01 +0000 2012,@rebeccamakonnen @imjaywalker ce que j'entendais ce n'était pas qu'à propos leur station. Ils disaient être triste de la division du Qc.
243327736716853250,Wed Sep 05 12:40:27 +0000 2012,@MarcCassivi initiative de Virgin Radio.
243327299267743740,Wed Sep 05 12:38:43 +0000 2012,@rebeccamakonnen ha, je viens de voir que tu as avais déjà eu la réponse.
243327040068153340,Wed Sep 05 12:37:41 +0000 2012,@rebeccamakonnen démonstration d'amour entre anglophone et franco de Virgin radio.
243198620990574600,Wed Sep 05 04:07:24 +0000 2012,RT @Christine71421: Peut on maîtriser Yves Desgagnés svp!!!
243196171768713200,Wed Sep 05 03:57:40 +0000 2012,RT @MarcCassivi: Le seul moment ou presque où les militants n'ont pas hué, c'est quand Pauline Marois a parlé en anglais... #Ironie #Qc2012
243195871771099140,Wed Sep 05 03:56:28 +0000 2012,On est poli dans notre silence numérique. #Qc2012
243194444269105150,Wed Sep 05 03:50:48 +0000 2012,RT @LaBandeRaide: Le problème avec un discours à 23:45, c'est le gars saoul qui crie... #Qc2012
243180703439810560,Wed Sep 05 02:56:12 +0000 2012,S'tu moi ou Legault mue? Ça doit être l'adolescence. #qc1012
243180116358877200,Wed Sep 05 02:53:52 +0000 2012,@jpbarilguerard peut-être un courriel, mais c'est plus crunchy de dire un texto.
243179621611352060,Wed Sep 05 02:51:54 +0000 2012,@jpbarilguerard Harper félicite Marois.
243179354870407170,Wed Sep 05 02:50:50 +0000 2012,@jpbarilguerard on a eu le droit à un texto à Bovet!
243178546506371070,Wed Sep 05 02:47:38 +0000 2012,Emmanuelle Latraverse vient de refaire surface! #Qc2012
243178044175564800,Wed Sep 05 02:45:38 +0000 2012,RT @CloutierMartin: Lecon de la campagne: Un indéci, c'est quelqu'un qui est gêné de dire qu'il vote libéral lors des sondages!! #Libéra ...
243177966677409800,Wed Sep 05 02:45:19 +0000 2012,J'adore notre ère, les annonces et les discours sont faits sur le numérique avant le direct de la télé, comme quoi. #Qc2012
243171682200743940,Wed Sep 05 02:20:21 +0000 2012,@belanger_sophie @jpwauthier @MartinBeliveau: S'tu moi ou les entendre dire "au finish" c'est poche?
243169088539594750,Wed Sep 05 02:10:03 +0000 2012,@ClaudineMenard je soulignais l'erreur. Mais merci.
243168460786520060,Wed Sep 05 02:07:33 +0000 2012,Combien de temps 12, 18 mois? Pfffff. #Qc2012
243167581542948860,Wed Sep 05 02:04:03 +0000 2012,Pauline Marois à 73 ans? #radiocanada #Qc2012
243164527586312200,Wed Sep 05 01:51:55 +0000 2012,Haaaaa! Chantal Hébert est de retour #Qc2012
243163249045037060,Wed Sep 05 01:46:50 +0000 2012,J'avoue que le tableau de RC m'impressionne, mais Verdun, c'est p'tit à cliquer.
243160919021080580,Wed Sep 05 01:37:35 +0000 2012,Pas juste eux! “@rebeccamakonnen: Désolée à ceux qui tweetent de la Semaine de la Mode ... on vous lira demain.”
243159120205709300,Wed Sep 05 01:30:26 +0000 2012,@belanger_sophie hey, tu me suis pas toi. :-(
243158502938402800,Wed Sep 05 01:27:59 +0000 2012,Monsieur Gendron s'exprime mieux, mais à la même voix que Claude Poirier.
243157769690157060,Wed Sep 05 01:25:04 +0000 2012,très heureux “@leobblouin: Je suis honoré de devenir le plus jeune député élu à l'Assemblée nationale. Au travail! #QC2012 #PQ #assnat”
243157523048316930,Wed Sep 05 01:24:05 +0000 2012,@belanger_sophie il ne manque que moi, je sais.
243156886722056200,Wed Sep 05 01:21:34 +0000 2012,“@belanger_sophie: Léo perd sa virginité ce soir.” #fannumeroundesrepliquesdesophiebelanger
243156472110915600,Wed Sep 05 01:19:55 +0000 2012,RT @zaptele: Léo Bureau-Blouin élu #Qc2012
243155417117622270,Wed Sep 05 01:15:43 +0000 2012,“@belanger_sophie: Bon ben on n'aura pas un médecin de famille dans un an...” #Qc2012
243154984148008960,Wed Sep 05 01:14:00 +0000 2012,@belanger_sophie J't'ai trouvé!
243153162029117440,Wed Sep 05 01:06:46 +0000 2012,RT @HugoMeunierLP: Les électeurs libéraux c'est comme les gens qui se tapent des films porno. Ils sont discrets, mais beaucoup plus nomb ...
243149886810357760,Wed Sep 05 00:53:45 +0000 2012,Reculer à Radio-Canada, Chantal Hébert vient de dire:"Marois will win this election." #Qc2012 #silatendancesemaintient
243144681637163000,Wed Sep 05 00:33:04 +0000 2012,Sébastien Bovet est vraiment genial. #Qc2012
243134237744717820,Tue Sep 04 23:51:34 +0000 2012,RT @GNadeauDubois: À tout ceux qui polluent mon Twitter de leur haine: votre défaite électorale imminente ne vous autorise pas à m'insul ...
243133837142536200,Tue Sep 04 23:49:58 +0000 2012,@normboulanger Je vais l'écouter à Radio-Canada pareil! ;-)
243133105408462850,Tue Sep 04 23:47:04 +0000 2012,“@PierreBrassard: Agent d'immeuble ou pancarte de rue #Q2012 http://t.co/f4EvIrlr” C'est ce que je disais.
243132651735773200,Tue Sep 04 23:45:16 +0000 2012,Pas sûr de l'infographie de Radio-Canada #Qc2012
243124755287400450,Tue Sep 04 23:13:53 +0000 2012,Ce soir, c'est sur #Qc2012 que ça se passe?
241531684737122300,Fri Aug 31 13:43:35 +0000 2012,RT @DiazSebastien: 4e saison,4 nominations aux Gémeaux cette année,de grands invités... Et les chroniqueurs télé qui continuent à ne pas ...
241354671657218050,Fri Aug 31 02:00:12 +0000 2012,RT @Penelopemcquade: Bon ben des 5 mois passés ensemble, il nous reste 90 secondes. Merci d'avoir été aussi présents devant vos écrans e ...
241329964962697200,Fri Aug 31 00:22:02 +0000 2012,@Penelopemcquade bonne dernière ma belle! Félicitations et à l'an prochain ;-)
239788832898301950,Sun Aug 26 18:18:07 +0000 2012,RT @Penelopemcquade: Que ce soit aujourd'hui, demain ou le squatte septembre, vas-y ! - 4 Citoyens - Le 4 septembre, fais ton X http://t ...
239006162043932670,Fri Aug 24 14:28:04 +0000 2012,Une nouvelles vidéo de http://t.co/vdYIDifg http://t.co/4fxwIsGT #4citoyens
239005371933523970,Fri Aug 24 14:24:55 +0000 2012,RT @martinwatier: Une nouvelle vidéo de http://t.co/xcOijloD. Partagez !
239000789367005200,Fri Aug 24 14:06:43 +0000 2012,4 citoyens dans La Presse http://t.co/5WjYrzJS #4citoyens.org
238257524774670340,Wed Aug 22 12:53:15 +0000 2012,Aujourd'hui sera un beau aujourd'hui! #paslechoix
237730789163425800,Tue Aug 21 02:00:11 +0000 2012,Pas sûr, pas sûr #debatqc
237730174219735040,Tue Aug 21 01:57:45 +0000 2012,Vive l'épée de Démoclès #debatqc
237726296837333000,Tue Aug 21 01:42:20 +0000 2012,Que pensez-vous de http://t.co/rRZHmk3I #debatqc
237725058397769730,Tue Aug 21 01:37:25 +0000 2012,"Je n'ai pas de leçon d'intégrité à recevoir de vous Monsieur Charest" - Pauline Marois #debatqc
237684278077571070,Mon Aug 20 22:55:22 +0000 2012,@guyalepage @danyturcotte  Belle initiative d'un regroupement de citoyens qui veut inciter les jeune à aller voter http://t.co/rRZHmk3I
237642361793032200,Mon Aug 20 20:08:48 +0000 2012,“@robertsval: Parce que c'est important... http://t.co/rRZHmk3I” tellement!
237605566355230720,Mon Aug 20 17:42:36 +0000 2012,RT @martinwatier: Le 4 septembre, fais ton X.: http://t.co/dQenbwPt via @youtube
237605551163449340,Mon Aug 20 17:42:32 +0000 2012,RT @martinwatier: Merci de partager...  Le 4 septembre, fais ton X.: http://t.co/TH5Yx1gR via @youtube
237605508893265920,Mon Aug 20 17:42:22 +0000 2012,RT @martinwatier: Le 4 septembre, fais ton X.: http://t.co/2xh764Qc via @youtube
237604501790535680,Mon Aug 20 17:38:22 +0000 2012,Très belle initiative, #ilfautallervoter : http://t.co/rRZHmk3I
190900226972860400,Fri Apr 13 20:32:15 +0000 2012,@Genevieveborne Never!
190898963631706100,Fri Apr 13 20:27:14 +0000 2012,@Genevieveborne j'ai besoin d'un cours par contre.
190898227745259520,Fri Apr 13 20:24:18 +0000 2012,@Genevieveborne Merci Mrs Perfect ;-)
190883261898178560,Fri Apr 13 19:24:50 +0000 2012,Après plusieurs mois de "coudonc, où m'en vais-je avec tweeter?" je tente l'expérience une autre fois. Souhaitez-moi bonne chance.
190882320948015100,Fri Apr 13 19:21:06 +0000 2012,@EPressault est sur tweeter, my  😜
190882002709381120,Fri Apr 13 19:19:50 +0000 2012,“@LyneRoy_corr: @ClaudineMenard Marilyn Castonguay est vraiment très bonne, elle crève l'écran dans #Vertige.”
63992038856728580,Fri Apr 29 15:44:25 +0000 2011,@jepitou pffffff, tellement!
63991959534055420,Fri Apr 29 15:44:06 +0000 2011,@jepitou comment?
63991749583978500,Fri Apr 29 15:43:16 +0000 2011,@karinevanasse @martinplouffe merci!
63985857127911420,Fri Apr 29 15:19:51 +0000 2011,@karinevanasse oui, demain! Sagesse, j'espère, sérénité, j'espère aussi! Bisou
63930942468792320,Fri Apr 29 11:41:39 +0000 2011,@jepitou @martinwatier Mon mariage était pareil pareil... mais sur une île dans le fleuve St-Laurent! #MariageRoyal #RoyalWedding
63930942468792320,Fri Apr 29 11:41:39 +0000 2011,@jepitou @martinwatier Mon mariage était pareil pareil... mais sur une île dans le fleuve St-Laurent! #MariageRoyal #RoyalWedding
63927631699132420,Fri Apr 29 11:28:29 +0000 2011,Mon mariage était pareil pareil... mais sur une île dans le fleuve St-Laurent!  #MariageRoyal #RoyalWedding
63747507913633790,Thu Apr 28 23:32:44 +0000 2011,@karinevanasse mais tu es maintenant 10 ans plus belle ;-)
63026551981211650,Tue Apr 26 23:47:55 +0000 2011,Madeleine Arcand animera Le style est dans la rue à #Mlle
61237041853247490,Fri Apr 22 01:17:03 +0000 2011,@brigittelafleur hahaha, j'aimerais bien te voir devant une game d'hockey! ;-)
61236489597624320,Fri Apr 22 01:14:51 +0000 2011,@CloutierV je n'écoute pas le hockey, vous êtes bien plus drôles! #sopel
59781375758315520,Mon Apr 18 00:52:45 +0000 2011,Viens de découvrir la série Modern Family... Vraiment, vraiment trop drôle!
59359651262771200,Sat Apr 16 20:56:58 +0000 2011,@Penelopemcquade J'ai une solution; engage des gens pour faire ça! ;-D
59254062595584000,Sat Apr 16 13:57:24 +0000 2011,@DiazSebastien tu t'attendais à ce que ce soit bon? Quelle belle naïveté. :-)
58684010922127360,Fri Apr 15 00:12:13 +0000 2011,N'écoute pas le hockey! Hoooo non!
58367002867281920,Thu Apr 14 03:12:32 +0000 2011,RT @robertsval: On souhaite la bienvenue à @karinevanasse sur Twitter !
56773495828381700,Sat Apr 09 17:40:30 +0000 2011,Qui peut me dire quand a eu lieu le changement où les marchands vous font une faveur en acceptant votre argent!
56755272856772610,Sat Apr 09 16:28:06 +0000 2011,@Penelopemcquade merde, merde, merde! ;-)
56505260230979580,Fri Apr 08 23:54:38 +0000 2011,À l'affiche au cinéma l'amour! Et non, je ne l'ai pas vu!  http://t.co/pxsPfvV
55982138813714430,Thu Apr 07 13:15:56 +0000 2011,@jepitou Biche Pensive!
55977694000709630,Thu Apr 07 12:58:16 +0000 2011,@jepitou Noir Désir!
55975855708585980,Thu Apr 07 12:50:58 +0000 2011,@Diaz_Alex chez moi!... Et les serres du jardin botanique... Et le Mont-Royal!
55680000921317380,Wed Apr 06 17:15:21 +0000 2011,@martinwatier ;-) Ouiiiiiiiiiiiii!
55604296020000770,Wed Apr 06 12:14:31 +0000 2011,Quelle chanson éveille le plus de souvenirs en vous?
55254027855859710,Tue Apr 05 13:02:41 +0000 2011,RT @MarcCassivi: @alexxxperron Personne ne demande d'applaudir. Seulement de laisser vivre. Je ne souhaiterais pas la peine de mort pour ...
55089335791398910,Tue Apr 05 02:08:15 +0000 2011,@suzannemckenna Hey! Salut Miss McKenna!
55086734760869890,Tue Apr 05 01:57:55 +0000 2011,@smartel les boys prennent ça en charge?
55034606667300860,Mon Apr 04 22:30:47 +0000 2011,J'adore notre ère technologique!
55025882305265660,Mon Apr 04 21:56:07 +0000 2011,@martinwatier c'est notre filleul sur ta photo @jepitou
55025392771268610,Mon Apr 04 21:54:10 +0000 2011,5 ans déjà! Comme le temps passe vite! http://t.co/SISOWUJ
54985229559013380,Mon Apr 04 19:14:34 +0000 2011,@smartel absolutly! ;-)
54889693329891330,Mon Apr 04 12:54:57 +0000 2011,@jepitou parce que l'oeuf n'est pas moi. Regarde dans tes messages privés!
54887478255026180,Mon Apr 04 12:46:09 +0000 2011,@jepitou tellement!
54886611485343740,Mon Apr 04 12:42:42 +0000 2011,@jepitou endormi dessus, à suivre mais ça l'air bon! Grey's bon, trop de chanson. C'était poignant au début, mais à la fin c'était trop!
54885496266043390,Mon Apr 04 12:38:16 +0000 2011,@jepitou bienvenu Jepitou!
54883041558007810,Mon Apr 04 12:28:31 +0000 2011,RT @Thimalay: RT“@Luxuo: Karl Lagerfeld redesigns Diet Coke bottle http://t.co/WPbuqFa
54698770025299970,Mon Apr 04 00:16:17 +0000 2011,@DiazSebastien Ok, il va falloir que quelqu'un m'aide à mieux comprendre et aimer Twitter! SVP!
54696289857835010,Mon Apr 04 00:06:26 +0000 2011,Ok, il va falloir que quelqu'un m'aide à mieux comprendre et aimer Twitter! SVP!
17043259336,Fri Jun 25 20:57:30 +0000 2010,@climi8 Martin te fait dire bonjour! ;-)
14857104849,Thu May 27 20:21:33 +0000 2010,@climi8 ouiiiiiiiii!
14324555495,Wed May 19 23:49:22 +0000 2010,@tobiebh j'aimerais vivre ça un tournage avec vous deux!
14225526045,Tue May 18 12:50:43 +0000 2010,@rebeccamakonnen au marché Atwater. J'en ai acheté ce week-end!
14185336608,Mon May 17 21:47:26 +0000 2010,RT @RC_CarnetTechno Marre de Facebook, une grande operation de fermeture de compte s'organise pour le 31 mai prochain... http://su.pr/1h4iGm
14038870432,Sat May 15 14:09:08 +0000 2010,@DiazSebastien moi pas secrètement, ouvertement jaloux.
14015111975,Sat May 15 03:20:04 +0000 2010,@Alexdiazzz c'est pas 73 le numéro de la page?
14008445730,Sat May 15 01:07:08 +0000 2010,@IzaMasse dommage!
13943590595,Fri May 14 00:16:28 +0000 2010,Lisez le portrait médiatique de "Sébastien Diaz: le modèle de l'année" dans le tout nouveau Châtelaine. Face à face avec René Homier-Roy
13884961055,Thu May 13 01:29:29 +0000 2010,@ValerieRoberts tu n'as jamais ton agent comme ça!
13884692107,Thu May 13 01:24:27 +0000 2010,@Alexdiazzz évidemment pour la prochaine game!
13884652820,Thu May 13 01:23:42 +0000 2010,@Alexdiazzz tu peux la remettre dans ton tirroir! Xxxx
13883879679,Thu May 13 01:09:29 +0000 2010,@Alexdiazzz j'en ai jamais eu, mais là! Haaaaaa ouiiiii!
13882970124,Thu May 13 00:52:19 +0000 2010,@emefelle non c'pas faite! ;-)
13881464029,Thu May 13 00:23:31 +0000 2010,Svp, hommes de cromagnon au Centre Bell, rentrer tranquillement, je dis bien tranquillement vers vos grottes après le match! SVP!
13881290455,Thu May 13 00:20:13 +0000 2010,@Penelopemcquade i like your dream! Xxx
13880985403,Thu May 13 00:14:20 +0000 2010,Ho... My... God!
13879066223,Wed May 12 23:36:47 +0000 2010,Ok, là j'comprends!
13878265873,Wed May 12 23:20:32 +0000 2010,@guyalepage tu écris en conduisant?
13878235116,Wed May 12 23:19:56 +0000 2010,Ouach! Il lui a donné un gros coup de bâton! Il manque de musique douce je trouve!
13878134275,Wed May 12 23:17:54 +0000 2010,Il est laid le logo des Pit. Je peux faire mieux! Pfffffffff!
13878062721,Wed May 12 23:16:27 +0000 2010,Pourquoi y'arrête? Faut qu'ça finisse!
13877999865,Wed May 12 23:15:13 +0000 2010,@jobella2010 jeu puissant, jeu puissant pfffffffff!
13877937536,Wed May 12 23:14:02 +0000 2010,Kostityn, tu parles d'un nom!
13877880056,Wed May 12 23:12:52 +0000 2010,Yééé! Mais qu'est-ce qui vient d'arriver? J'comprends pas! ;-)
13877756605,Wed May 12 23:10:23 +0000 2010,Et vous? D'où écoutez-vous la game?
13877625392,Wed May 12 23:07:45 +0000 2010,@robertsval je suis au bar Boule Noire
13877393892,Wed May 12 23:03:09 +0000 2010,Bad feeling! Déjà que j'écoute la game, c'est tout sauf normal! My god... Ça va sortir... Go Habs Go!
13786812927,Tue May 11 12:51:57 +0000 2010,Je crois que le Canadien gagne parce que je n'ai pas écouté un seul match depuis le début. J'écoute le 7e?
13756610369,Tue May 11 00:11:13 +0000 2010,Tout le monde ensemble pour souhaiter la bienvenue à Sébastien Diaz sur twitter!
13399460216,Wed May 05 02:16:08 +0000 2010,@Genevieveborne je suis tellement d'accord avec toi! J'écoute Glee! ;-)
13393844824,Wed May 05 00:31:57 +0000 2010,@Indiadesjardins hahahaha! ;-) Continue, j'adore!
13331739435,Mon May 03 23:14:09 +0000 2010,@guyalepage Je trouvais ça effectivement bizarre. Tu as enlevé le message sur ton twitter, il est encore affiché dans le mien! Accroché send
13331527788,Mon May 03 23:09:41 +0000 2010,@guyalepage Je trouvais effectivement ça bizarre. Tu as enlever le message sur ton tweeter, il est encore affiché dans le mien!
13326664090,Mon May 03 21:22:46 +0000 2010,@zaptele
13225265163,Sun May 02 03:38:44 +0000 2010,@Genevieveborne j'y vais le 8!
13004020024,Wed Apr 28 12:40:23 +0000 2010,@Genevieveborne comme on dit: on est dû! As-tu reçu quelque chose par la poste? ;-) Bon retour Xxxxxxxxxx
13001427006,Wed Apr 28 11:38:58 +0000 2010,@Genevieveborne des cadeaux pour TOUS tes suiveux Twit? ;-)
12942114670,Tue Apr 27 12:23:32 +0000 2010,@robertsval merde pour aujourd'hui!
12942074224,Tue Apr 27 12:22:34 +0000 2010,À chaque fois que je raconte que j'ai déjà eu une tempête de neige à ma fête (le 30 avril) personne ne me croit. Et maintenant?
12940951160,Tue Apr 27 11:56:03 +0000 2010,Qu'est-ce que ça fait ne plus fumer, ne plus boire de café et ne presque plus boire? Tu te lèves tôt en ta. Trop d'énergie. Bonne jounée!
12920659105,Tue Apr 27 02:26:32 +0000 2010,OMG, je suis de retour sur Twitter. I don't feel safe. Puis-je ravoir mes deux petites roues en arrière?
12918224863,Tue Apr 27 01:38:14 +0000 2010,@robertsval je sais ;-)
12918103393,Tue Apr 27 01:35:53 +0000 2010,je sais! ;-)
2639636645,Tue Jul 14 21:49:30 +0000 2009,@robertsval tu me diras ce que en penses!
2554142403,Thu Jul 09 18:11:59 +0000 2009,Ses premiers pas sur twitter!!! Comment mettre un pied devant l'autre???
