id,created_at,text
1258491131072884700,Thu May 07 20:17:21 +0000 2020,RT @wizardingworld: Surprise! We've got a treat for you…From today, amazing friends of the Wizarding World are going to take turns reading…
1240715614336848000,Thu Mar 19 19:03:48 +0000 2020,@danajaybein @blitzkreigm ^
1239962584888922000,Tue Mar 17 17:11:32 +0000 2020,@sanket_invideo @miten Or just good ORM!  Give it a shot, Sanky! Start with an MX Original called #PawanAndPooja with the wife 🙃
1239959381246005200,Tue Mar 17 16:58:48 +0000 2020,@sanket_invideo Try MX Player. It’s free 😉
1231637749301530600,Sun Feb 23 17:51:36 +0000 2020,While figuring #IsLoveComplicated ?! https://t.co/igKb5BAd0C
1231136652640182300,Sat Feb 22 08:40:26 +0000 2020,RT @medianews4u: MX Player’s Integrated Campaign #IsLoveComplicated garners over 52 Million reach... @MXPlayer @TheAbhishekj @karanbedi  #I…
1228634628560306200,Sat Feb 15 10:58:17 +0000 2020,RT @MXPlayer: Round-up of our Pyaar Ka Poll!   Looks like we have the answer to #IsLoveUncomplicated   #PawanAndPooja #ValentinesDay2020 #M…
1207062648002494500,Tue Dec 17 22:18:56 +0000 2019,You need to see this @rashtrapatibhvn !!! India’s first Book Of Dreams by children!  @goodthing @DreamOnIndia1 https://t.co/922X4UtQVj
1204107474598391800,Mon Dec 09 18:36:07 +0000 2019,Happiness quotient for the day: @JuhiBhojani’s #HappyTweets campaign!  Nothing is more her than this project! Keep… https://t.co/sCp6l4Ztfu
1187091790907592700,Wed Oct 23 19:41:52 +0000 2019,@nowme_datta @RanveerOfficial You finally interviewed him again! Deets, please. Also you still haven’t sent a link to the old one.
1163056001916055600,Sun Aug 18 11:52:14 +0000 2019,@goodthing @rashtrapatibhvn
1163055414726058000,Sun Aug 18 11:49:54 +0000 2019,I dream...of a future where every kid &amp; adult can experience joy &amp; the wonder of life!   &amp; here’s a book full of dr… https://t.co/MDuTPASozQ
1163051840595873800,Sun Aug 18 11:35:41 +0000 2019,Take out 5 mins to see the dreams that the kids of India have for our future! Watch the video and don’t forget to c… https://t.co/FSPuVYkjXm
1141070194221076500,Tue Jun 18 19:48:29 +0000 2019,@dagakrishna22 @tinatengra07 @Social_Samosa I notice everything... Just incase you forgot, @tinatengra07 😉
1135625115251568600,Mon Jun 03 19:11:41 +0000 2019,@CineMagik Me too! I don’t bump into wife anymore either! God is kind to all mundus too ;)
1135622621796610000,Mon Jun 03 19:01:46 +0000 2019,@CineMagik @RakeyshOmMehra @NetflixIndia Keeping Ramgarh ka jhanda alive! Kaise ho, wasiyo?
1135621993527619600,Mon Jun 03 18:59:16 +0000 2019,@vivekrjain @MXPlayer @timesprime Hahahaha...Classic!
1120203218515107800,Mon Apr 22 05:50:34 +0000 2019,@MXPlayer Safety for women
1111282514830786600,Thu Mar 28 15:02:52 +0000 2019,RT @goodthing: .@rashtrapatibhvn Dear President, 10,000+ children across socioeconomic groups have written letters to you &amp; sketched their…
1103741845518061600,Thu Mar 07 19:38:57 +0000 2019,RT @Tick_Tocking: @RashmiPutcha @landsdownelane @pritimt @9Sujata @thetravelshrink @Srija83458206 @adgully I'd just like to end this discus…
1097230449385050100,Sun Feb 17 20:24:59 +0000 2019,@swapanseth I know. This reminded me of that one time I took over 30 mins to reply to your mail... ‘if… https://t.co/p4B3IyfEeI
1097143031441043500,Sun Feb 17 14:37:37 +0000 2019,#GullyBoy really reminded me of how everyone has the right to dream and the power to realise them.  Here’s one such… https://t.co/6AH3P1IOPL
1096320623545073700,Fri Feb 15 08:09:39 +0000 2019,In the end of #Azadi, when it goes ‘gimme freedom’ is exactly how I sound when I try to rap #GullyBoy songs. But wt… https://t.co/DFmvCMpDUt
1096133657524404200,Thu Feb 14 19:46:43 +0000 2019,@Sondeep I do?! #HeyPrabhu
1094565823128182800,Sun Feb 10 11:56:42 +0000 2019,Kaun hai yeh? #WhoIsTarunPrabhu #HeyPrabhu https://t.co/TWNlMrdoLA
1094565575366451200,Sun Feb 10 11:55:43 +0000 2019,RT @MXPlayer: Man on the streets...but boy in the sheets! #WhoIsTarunPrabhu...find out soon on MX Player!  #HeyPrabhu trailer drops 13th Fe…
1090694601118224400,Wed Jan 30 19:33:51 +0000 2019,@nowme_datta I get my mid-week dose of entertainment by stalking your handle, miss bringing-the-table ;)
1088700942462210000,Fri Jan 25 07:31:46 +0000 2019,. @RanveerOfficial making the Khar Gully boys and girls proud!  Mumbai ‘52 for life!  #ApnaTimeAayega https://t.co/4y2xO3fGVL
1083019154976792600,Wed Jan 09 15:14:22 +0000 2019,@MXPlay @RanveerOfficial Ranveer Angaar Singh sounds about right! Hai na? @RanveerOfficial @ranveercafe69 @RanveeriansFC
1050838877198606300,Fri Oct 12 20:01:26 +0000 2018,Congratulations @Sukhi_Engineer. May the adventure never end :) https://t.co/2zQRUzqghJ
1037775819366690800,Thu Sep 06 18:53:30 +0000 2018,RT @MXPlay: No restrictions. No boundaries. MX Player celebrates love in all its colours! #LoveIsLove https://t.co/5okj2WYtvX
1035931353315983400,Sat Sep 01 16:44:15 +0000 2018,@nowme_datta Maybe on your Instagram bio 🤔
1006985711382356000,Wed Jun 13 19:44:37 +0000 2018,Magic is created - in some places; with certain people.  @RanveerOfficial  @susanrodrigues8  @Nitasha22… https://t.co/ce3fNCd3Fq
977122390361673700,Fri Mar 23 09:58:26 +0000 2018,They say, distance makes the heart grow fonder!  Let’s see if this is possible @JuhiBhojani 🌟
977079949013241900,Fri Mar 23 07:09:47 +0000 2018,@JuhiBhojani Okay haan! Okay!
976921222511562800,Thu Mar 22 20:39:04 +0000 2018,@JuhiBhojani Why don’t I get credit for guaranteeing this would happen? Points for introducing and insisting too!
956265213707382800,Wed Jan 24 20:39:28 +0000 2018,Beautifully articulate!  https://t.co/3AgFISDM5H
956232471913422800,Wed Jan 24 18:29:21 +0000 2018,After watching #Padmaavat, I am going to start calling @RanveerOfficial ‘Nayab’ !  Seriously what a nayab actor!… https://t.co/RNFgIGuYIt
914962352050659300,Mon Oct 02 21:16:38 +0000 2017,What a guy! Evil just got a new meaning ! Slaying @RanveerOfficial 🙌 https://t.co/k0oyVfT9s9
889821727152197600,Tue Jul 25 12:16:46 +0000 2017,It is finally here! https://t.co/9GFh1BAIbh
885483098032549900,Thu Jul 13 12:56:36 +0000 2017,Woot ! Woot ! https://t.co/ml3w2brCbu
885221771267276800,Wed Jul 12 19:38:11 +0000 2017,On some days, I'm spazzing at work. On some, I'm making a stop motion video of @RanveerOfficial getting sheared!… https://t.co/6P8JOyGK2D
875090482262618100,Wed Jun 14 20:40:04 +0000 2017,@tanejamainhoon Super stuff! Chalo, someone doing film marketing differently ! #YNotYFilms
865636461932040200,Fri May 19 18:33:09 +0000 2017,Kaaryakram mein aapka swaagat hai Sach bakne ki humein buri aadat hai Kyunki haq ki ladaai ibaadat hai Teri shaamat… https://t.co/I2Z5sZ3Lad
861126676318572500,Sun May 07 07:52:53 +0000 2017,@JuhiBhojani First you borrow my words with no credit. Then you make typos. This isn't going well, bro. #PaglaGayeHai
856610910152020000,Mon Apr 24 20:48:50 +0000 2017,RT @JuhiBhojani: Dedication should be rewarded. Love should be reciprocated .. kaha ek mahaan gyaani ne @mitalilaungani
856608232357240800,Mon Apr 24 20:38:12 +0000 2017,@JuhiBhojani Filter what you put out. Filter what you take in. #InstaGotFamousForAReasonYo
856607532088909800,Mon Apr 24 20:35:25 +0000 2017,#LessonOfTheDay - Filter @JuhiBhojani
853570292169310200,Sun Apr 16 11:26:30 +0000 2017,Idea &gt; Experience
851875687078047700,Tue Apr 11 19:12:45 +0000 2017,@MadCow_AG @BuzzFeedIndia in a few years. Yes, my emotion exactly!
848176766757810200,Sat Apr 01 14:14:34 +0000 2017,Chote tera birthday hai !!! Happy Fool Day @JuhiBhojani 🌻
844631788307734500,Wed Mar 22 19:28:05 +0000 2017,@JuhiBhojani Yeh le, more good words... "Dream kabhi nahi chodte" Samjhi?
844630934158651400,Wed Mar 22 19:24:41 +0000 2017,@JuhiBhojani tu bas mera lingo copy karke, apni following bada !
843917736845574100,Mon Mar 20 20:10:42 +0000 2017,Learn. Learn how to focus and learn how to distract the mind.
808372223811600400,Mon Dec 12 18:05:31 +0000 2016,Kaafi cool hai, mera dost! @paperrockets https://t.co/tsPqjo8Xzv
803700059099439100,Tue Nov 29 20:40:00 +0000 2016,It is not you. It is the image of you.
800797683824758800,Mon Nov 21 20:27:00 +0000 2016,Seriously, Bhagwan hai !
800430327780905000,Sun Nov 20 20:07:16 +0000 2016,RT @glblctznIN: Our community is made stronger by believers of the movement who take action and support us ! Say hi to @TheSoCheers. https:…
767075657251782700,Sat Aug 20 19:07:42 +0000 2016,Crazy time shooting this with @RanveerOfficial in Switzerland! #Viral #BestBoy ! https://t.co/UrXdP9z023
761227888041615400,Thu Aug 04 15:50:46 +0000 2016,Just another day with @RanveerOfficial https://t.co/0NMaOPeeI6
756809974324617200,Sat Jul 23 11:15:33 +0000 2016,RT @priyagupta999: Distance doesn't separate people. Silence does.
754060192606724100,Fri Jul 15 21:08:54 +0000 2016,Magic happens outside your comfort zone! #mysterybox
748121123741524000,Wed Jun 29 11:49:09 +0000 2016,RT @mojorojo: Your Adulthood in 100 Seconds  https://t.co/w1hPpRasIu
734003751439196200,Sat May 21 12:51:46 +0000 2016,@sanket_mb  Ankita fits the description ;)
701492802656448500,Sun Feb 21 19:44:51 +0000 2016,https://t.co/4PDe3Yg2zh #ShareTheLoad
689172461276008400,Mon Jan 18 19:48:13 +0000 2016,Gyan for the night. https://t.co/cb7XloUx2E
685171110653112300,Thu Jan 07 18:48:17 +0000 2016,When you don't know what to strive for. #Life
680295765550346200,Fri Dec 25 07:55:24 +0000 2015,So messed up @VodafoneIN ... The helpline is a joke! Hopefully you won't put this tweet on hold as well!
667797489949548500,Fri Nov 20 20:11:43 +0000 2015,Outstanding @RanveerOfficial  https://t.co/xAQhbGCBDA
664115050010034200,Tue Nov 10 16:19:01 +0000 2015,RT @tanushreevaidya: @IndiGo6E there have been no updates about my bag. It would have reached me by now If it was on today's flight. No one…
664114012263727100,Tue Nov 10 16:14:53 +0000 2015,RT @tanushreevaidya: 2 people called me from @IndiGo6E 1 says bag will come today, 1 says tomorrow. Make up your mind guys. Now waiting to …
661794206201999400,Wed Nov 04 06:36:48 +0000 2015,LIVE on #Periscope: Amateur periscoper  https://t.co/FRsLMqe58e
653239855472730100,Sun Oct 11 16:04:52 +0000 2015,@Zackyr even I still use the equus email address :) how is you?
653239305297489900,Sun Oct 11 16:02:41 +0000 2015,Bombay by day is the city we deserve, Bombay by night is the city it deserves to be. - @varungrover
648943324590555100,Tue Sep 29 19:32:00 +0000 2015,Waking up early has everything to do with waking up early!
646730415806414800,Wed Sep 23 16:58:41 +0000 2015,@CineMagik  https://t.co/e6riWy8jxs
646410362917535700,Tue Sep 22 19:46:54 +0000 2015,https://t.co/2DxFyoIMmD
645265263512784900,Sat Sep 19 15:56:41 +0000 2015,RT @ayushmannk: Will always have a deep connection with the songs of Rockstar.
644573367132008400,Thu Sep 17 18:07:20 +0000 2015,RT @iamsrk: I hear so often “in love I want 2 search for some1,to lose myself in…I feel Look for someone to find urself in. Challa bhi wohi…
644436190133907500,Thu Sep 17 09:02:15 +0000 2015,@sanket_mb Omg! Thappad!
638776920918880300,Tue Sep 01 18:14:20 +0000 2015,RT @_Snape_: He's named after two people I despise. No. https://t.co/k3g7ufJysG
637347172065742800,Fri Aug 28 19:33:01 +0000 2015,RT @NutAshes: A Short Lesson in Perspective http://t.co/iCBRCogbSz
637326227011858400,Fri Aug 28 18:09:48 +0000 2015,RT @beastoftraal: Burger King offers temporary peace with McDonalds, in full-page NYT ad. McD CEO replies on FB, with killer P.S. :) http:/…
637287881019527200,Fri Aug 28 15:37:25 +0000 2015,@OneInvincibles @neverclever when can we meet up!!!!
632478069605855200,Sat Aug 15 09:04:57 +0000 2015,RT @BuzzFeedIndia: This is what the internet would've looked like on August 15, 1947: http://t.co/tROxWuhqby http://t.co/Ls3jukDN3W
627182667155378200,Fri Jul 31 18:22:54 +0000 2015,This!  https://t.co/vOVoOchgV0
626115941269540900,Tue Jul 28 19:44:07 +0000 2015,@NutAshes I was. Right about now!
623849525979975700,Wed Jul 22 13:38:12 +0000 2015,Often read the word 'shrug' in books to express indifference. No " ". Just an action. For the 1st time today, I shrugged. Best feeling ever!
621539270759583700,Thu Jul 16 04:38:04 +0000 2015,RT @RanveerOfficial: "BAJIRAO NE MASTANI SE MOHOBBAT KI HAI...AIYASHI NAHI" http://t.co/hgOoXsmvQf #BajiraoMastaniTeaser
620503243190239200,Mon Jul 13 08:01:16 +0000 2015,@RegaJha Mr. Singh!
620483933877071900,Mon Jul 13 06:44:32 +0000 2015,Monday morning made! @RegaJha we need something like this for you-know-who!  https://t.co/M97eNhCXji
615797511018524700,Tue Jun 30 08:22:22 +0000 2015,@thetanmay you're amazing! But teach a new adjective no? #risewithtwitter
615755036950278100,Tue Jun 30 05:33:35 +0000 2015,What's most amazing about the rain? It cries with you! #MonsoonInMumbai #risewithtwitter @MeghnaPant
614151977300328400,Thu Jun 25 19:23:36 +0000 2015,RT @jamster83: Victim sets fire to her rapist. Tumblr users reply with how people reply to rape cases. http://t.co/vnUEIO2fmE
614100090215493600,Thu Jun 25 15:57:25 +0000 2015,Hum labon se keh na paye unse haal-e-dil kabhi... Aur woh samjhe nahin yeh khamoshi kya cheez hai #nostalgia
611627021085466600,Thu Jun 18 20:10:19 +0000 2015,@_Snape_ cc: @Yashraj_Jain
611185863024705500,Wed Jun 17 14:57:19 +0000 2015,@swapanseth  have been meaning to come to Delhi forever now! Will plan and ping you. Give my regards to Sreya :)
611181242227167200,Wed Jun 17 14:38:58 +0000 2015,@swapanseth when you in Bombay next?
609642466493399000,Sat Jun 13 08:44:25 +0000 2015,RT @RanveerOfficial: Let the heart beat... With all your love... &lt;3  https://t.co/UaVlCavQIM
609241195655528400,Fri Jun 12 06:09:54 +0000 2015,@tanushreevaidya WIP
609079565688787000,Thu Jun 11 19:27:39 +0000 2015,@tanushreevaidya I'm trying to change that about my equation with change.
607416233563033600,Sun Jun 07 05:18:09 +0000 2015,If you love someone, set them free. #DilDhadakneDo #moralofthestory @RanveerOfficial
606412527078015000,Thu Jun 04 10:49:47 +0000 2015,RT @MadCow_AG: Accha chalo don't give us free wifi. At least give plug points here and there. Phone toh charge ho paye.
606171536513331200,Wed Jun 03 18:52:11 +0000 2015,@MadCow_AG Check out @HoeZaay's Tweet: https://t.co/QrTpu4zeqp
606167871434006500,Wed Jun 03 18:37:37 +0000 2015,@MadCow_AG ;( I don't want to believe all these reports! It is like #MyLifeWasALie
603515248755253200,Wed May 27 10:57:02 +0000 2015,I don't do birthday posts but since unchi hai building ;) and ek baar se dil nahi bharta - here's… https://t.co/CjmPiDI7vV
603149752973205500,Tue May 26 10:44:41 +0000 2015,RT @CineMagik: #IndiaKeHungerKiBajao @RanveerOfficial ke noble effort ko trend karwaao http://t.co/gBcq9QfajV @mitalilaungani @reliablerani…
601357037319032800,Thu May 21 12:01:05 +0000 2015,What do we gift @sujoy_g ... Mundu? @CineMagik
600412649847853000,Mon May 18 21:28:25 +0000 2015,My instant source of happiness - Europa pictures! #PhoneGallery #OpenHappiness #NotCoke #NotOnCoke
596743471882350600,Fri May 08 18:28:25 +0000 2015,@Pankit_Chheda @sanket_mb ah, now it makes sense!
596742601606201300,Fri May 08 18:24:57 +0000 2015,@sanket_mb @parthikins don't feel sorry for anything - isn't part of the phrase!
596351396825276400,Thu May 07 16:30:27 +0000 2015,New gujju phrase: Je bhogwe ani bhool, je thay ae nyaay... Some mantra @sanket_mb... Deep hai!
595654852652507100,Tue May 05 18:22:38 +0000 2015,RT @AditiMehta_: Like I just want to earn money and travel and earn some more money so I could travel some more. Why is it so difficult god…
595497801565376500,Tue May 05 07:58:34 +0000 2015,@laungii @srmayurk Sab moh maya hai, bhai!
595312687212400600,Mon May 04 19:42:59 +0000 2015,@MadCow_AG you mean more fruitful ;)
595112313398497300,Mon May 04 06:26:46 +0000 2015,https://t.co/cE8z4u4cJa @rishabhdjain @Pj_tweets
595103185733222400,Mon May 04 05:50:30 +0000 2015,@CineMagik @sujoy_g @zmilap Yaay! Chalo tujhe pata toh hai, tera baap kaun hai ;)
594973105396719600,Sun May 03 21:13:37 +0000 2015,The need to travel kicking in. Real bad! #europamissing
594017955156918300,Fri May 01 05:58:11 +0000 2015,RT @ayushmannk: I just want food and love. In that order. Just like dogs.
594010059652223000,Fri May 01 05:26:49 +0000 2015,RT @Oshanology: The dreamer is the real you. #GoodMorning
593501160406798300,Wed Apr 29 19:44:38 +0000 2015,RT @sardesairajdeep: Hum toh rang manch kee katputliyan hain, jiski dor us uparwale ke haathon main hai! Gnight, shubhratri.
593452184701784000,Wed Apr 29 16:30:01 +0000 2015,@swapanseth one of the finest and my personal favourite!
593122439866880000,Tue Apr 28 18:39:44 +0000 2015,@ThoughtCatalog Lol @Gattooze
591653779050664000,Fri Apr 24 17:23:47 +0000 2015,RT @ShipInTheKnight: Nothing significant happens until a pattern is broken.
589857236047921200,Sun Apr 19 18:24:58 +0000 2015,RT @adityan: This is how #NetNeutrality connects people. https://t.co/hDPys0kAei
588631228821020700,Thu Apr 16 09:13:15 +0000 2015,@Oshanology and @rahulvl doesn't know the meaning of bakar!
587926324754300900,Tue Apr 14 10:32:13 +0000 2015,@Hardism @laungii kalyug #FTW
584680880930586600,Sun Apr 05 11:35:59 +0000 2015,@MadCow_AG @blitzkreigm er... Hello! @TheTable_Colaba
582073954958884900,Sun Mar 29 06:56:59 +0000 2015,RT @NutAshes: Just another day of feeling incredibly stupid for waiting for god-knows-what.
580822556816511000,Wed Mar 25 20:04:23 +0000 2015,RT @ayushmannk: "Most important lesson that experience teaches is, on the whole, success depends more upon character than upon either intel…
580077514392875000,Mon Mar 23 18:43:51 +0000 2015,@blitzkreigm meet!
579673442061983700,Sun Mar 22 15:58:13 +0000 2015,RT @_harukimurakami: But you, you’re special to me. When I’m with you I feel something is just right. I believe in you. I like you. I don’t…
573374575012003840,Thu Mar 05 06:48:46 +0000 2015,@TheLostPartyIND "@Saqibsaleem #LetsGetLost in lavasa from the the 6th to 8th of this month..Chk for details on https://t.co/LH6869j3zO"
573088924018483200,Wed Mar 04 11:53:41 +0000 2015,RT @bpbmumbai: Sponsored: Last 2 days to sign up for @TheLostPartyIND, a 2 day music festival at Lavasa. Tickets here - http://t.co/0BdOBqq…
573081338196070400,Wed Mar 04 11:23:33 +0000 2015,Even @RanveerOfficial is speaking the @TheLostPartyIND language! https://t.co/1tmiUlsAEm
573025941611397100,Wed Mar 04 07:43:25 +0000 2015,.@MadCow_AG @blitzkreigm currently listening: https://t.co/fo31EHcM1W … @ayushmannk
572823930874007550,Tue Mar 03 18:20:42 +0000 2015,@MadCow_AG says you!
572823286163349500,Tue Mar 03 18:18:08 +0000 2015,RT @mojorojo: Me: *lights mosquito coil* Mosquitoes: *do wheelies and stoppies and stunt moves while laughing at me*
572481677643001860,Mon Mar 02 19:40:42 +0000 2015,First mango of the season has been eaten!
572475130544177150,Mon Mar 02 19:14:41 +0000 2015,Masked. From the outside. #pun #life #facade #throughthewindow #spotted #walking #Siena #Florence… https://t.co/0g5ArOPozk
569775266064502800,Mon Feb 23 08:26:23 +0000 2015,Woohoo! #LetsGetLost is trending in India! @TheLostPartyIND
569140084483579900,Sat Feb 21 14:22:24 +0000 2015,RT @sanket_mb: Ab inhe gyaan ki nahin paison ke zarrorat hai! #FilmyStartups @kanchankumar @AkanchaS @helloanand
568004401710764000,Wed Feb 18 11:09:37 +0000 2015,I hate February! HATE!
565576996181524500,Wed Feb 11 18:23:58 +0000 2015,@MadCow_AG @blitzkreigm much better place - The Dabba, Andheri. Let's go there!
561865350254325760,Sun Feb 01 12:35:13 +0000 2015,Happiness is listening to phir se ud chala in an almost empty super fast train to churchgate!
554705977724133400,Mon Jan 12 18:26:25 +0000 2015,The susegad life! #sunset #goa #alcove #vagator #beach #beauty http://t.co/IR5LcV1BVt
547418442177863700,Tue Dec 23 15:48:21 +0000 2014,Emotes so beautifully about all kinds of distance. #ttt http://t.co/rxkxXNwtyg
543404031990054900,Fri Dec 12 13:56:31 +0000 2014,Jee lee apni zindagi! #1000WeeksOfDDLJ #specialscreening #perksofmyjob #marathamandir #childhood… http://t.co/eJPaKHJfXt
543122941181820900,Thu Dec 11 19:19:34 +0000 2014,Mere haatho ke lakeero ka tamasha mein kya jaanu?
542795268828041200,Wed Dec 10 21:37:31 +0000 2014,Let's keep that faith going! #midnightmusings
541644487219347460,Sun Dec 07 17:24:43 +0000 2014,@blitzkreigm i have never been to @TheTable_Colaba. This must change before the year ends, Manglu! @MadCow_AG
539841820927074300,Tue Dec 02 18:01:34 +0000 2014,Sky be pretty #EspañolLove http://t.co/YtUm10zxyB
539822344915542000,Tue Dec 02 16:44:11 +0000 2014,@mojorojo for a change, mom got a straight, instant reply to - kal kya baanau?
538346120317911040,Fri Nov 28 14:58:11 +0000 2014,RT @mojorojo: Again I ask, why aren't hotel rooms awarded an extra star for this? http://t.co/YQaXQWD8hd
537221303535554560,Tue Nov 25 12:28:34 +0000 2014,https://t.co/eSX81ICLbi @Viditi @tanushreevaidya Palat! #nostalgia #happiness #love @iamsrk
536218929748668400,Sat Nov 22 18:05:29 +0000 2014,I'm not going to let twitter make me regret not going for @NH7 Pune! #NucleyaBoleFuckThatShit
535051367727919100,Wed Nov 19 12:46:01 +0000 2014,@blitzkreigm congratulations! *happy dance* #TwitterPeTohBantaHai
532987514009559040,Thu Nov 13 20:05:00 +0000 2014,@Viditi huh? Update?
529585213253238800,Tue Nov 04 10:45:28 +0000 2014,RT @laungii: Looking at selling one community ticket to Nh7 Weekender Pune (Nov 21-23). Anyone interested in buying the ticket pls let me k…
528994295408099300,Sun Nov 02 19:37:22 +0000 2014,@MadCow_AG Giveeeeeee! In Aru style -  I want! I want! I want!
528993295469277200,Sun Nov 02 19:33:24 +0000 2014,Chocolate craving is happening! #sundaynightendings
528143110149132300,Fri Oct 31 11:15:04 +0000 2014,RT @Gattooze: #ThinkScreamGivesYouWiFi
527065365356892160,Tue Oct 28 11:52:30 +0000 2014,Spent the long weekend coughing in bed with #MittiDiKhushboo by @ayushmannk as the only awesome company!
527059272085950460,Tue Oct 28 11:28:17 +0000 2014,http://t.co/vR3inKuC9x Just saw this! @EmWatson so much more than 'that harry potter girl' ! #HeForShe
523003989135474700,Fri Oct 17 06:54:02 +0000 2014,RT @FarOutAkhtar: "Intermarriage is not Love Jihad. It is India." A well written, must read article by Saif Ali Khan.   http://t.co/ttufrJi…
521988702969413600,Tue Oct 14 11:39:39 +0000 2014,RT @9GAG: Dear naps, I'm sorry I was a jerk to you in kindergarten
520116252983820300,Thu Oct 09 07:39:12 +0000 2014,It's true. You need a vacation to get over the vacation.
519579346327965700,Tue Oct 07 20:05:44 +0000 2014,@Viditi :)... Saturday.
519087959401062400,Mon Oct 06 11:33:08 +0000 2014,It is all in the journey.  Moving to a new city every 2 days across 3 countries. That was 23 days of… http://t.co/0GImrwqhmi
518897542839291900,Sun Oct 05 22:56:29 +0000 2014,Back to the bay! Mixed feelings. Europe, you beauty, will see you again... soon!
509097615494230000,Mon Sep 08 21:55:04 +0000 2014,Every year on it's way to #Visarjan, same orange #Ganpati idol says hello and goodbye! http://t.co/GTwi7aBxm4
507956150617124860,Fri Sep 05 18:19:18 +0000 2014,http://t.co/wd1bv34BhU ! Teach of the day :)
507952848454180860,Fri Sep 05 18:06:11 +0000 2014,@Viditi @parthikins @Bhootneeke @amargadodia I'm good with tomorrow or Sunday? After that will be dicey till October.
503903482407964700,Mon Aug 25 13:55:26 +0000 2014,@parthikins oh yes. Chalo then 5th ko!  @Bhootneeke @Viditi
503541296267407360,Sun Aug 24 13:56:15 +0000 2014,@Viditi I hate you too ;)
503111965753876500,Sat Aug 23 09:30:14 +0000 2014,@parthikins Yup. Let me know. Will get @Viditi and @Bhootneeke along!
503111489008308200,Sat Aug 23 09:28:21 +0000 2014,@CineMagik Chance pe dance, beta... You miss you chance. Your dance. #JhankaarTweet #Return
503108566614425600,Sat Aug 23 09:16:44 +0000 2014,@CineMagik lulz. Been there, done that. Few months ago. 5 hours of life gone. But #EuroTripppin next month :D. Guess it is life changing ;)
501458807008931840,Mon Aug 18 20:01:10 +0000 2014,@parthikins ooooo! Super! I left Equus long back. At CA Media now. Must catch up once you're back!
501458169848016900,Mon Aug 18 19:58:38 +0000 2014,@CineMagik maaf kardo ramgarh walo! @VishalDadlani @ShekharRavjiani
501446710975926300,Mon Aug 18 19:13:06 +0000 2014,@CineMagik boss ko salaam! Didn't know 1942 love story was by him! Awesome watch! Hum tumse pyaar is a gem @VishalDadlani @ShekharRavjiani
499873532646408200,Thu Aug 14 11:01:52 +0000 2014,@parthikins very long! I'm good. U? Mumbai? Working?
499273053549760500,Tue Aug 12 19:15:46 +0000 2014,Just read, 'Your baggage makes you.'... So true... It's not such a bad thing to carry after all :)
498184221068771300,Sat Aug 09 19:09:08 +0000 2014,Thought of having a place that let's you sit &amp; enjoy a smoke for free. Another was buying desi alcohol online for gift. Any exists already?
497687457953890300,Fri Aug 08 10:15:11 +0000 2014,https://t.co/UNfRqyAWJV
497095617693241340,Wed Aug 06 19:03:25 +0000 2014,RT @HilariousTed: OPEN THIS http://t.co/ZOpzFB7JvK
496317038780887040,Mon Aug 04 15:29:37 +0000 2014,@Gattooze Ditto
496312006698213400,Mon Aug 04 15:09:38 +0000 2014,"@smeonestop: How did ThinkScream convince people to adapt its new technology? Read more here: http://t.co/eTZOyDuvCx" @Gattooze Woot!
496309888067174400,Mon Aug 04 15:01:12 +0000 2014,RT @NutAshes: Want to read a short, practical (un)love story that started and ended within 3 days? I wrote one last night. Here: http://t.c…
494807830981902340,Thu Jul 31 11:32:34 +0000 2014,@TLDMumbai My name is Talli! Mi talli ;) #ReplaceMovieNameWithTalli
494132680288509950,Tue Jul 29 14:49:46 +0000 2014,@NishitaLaliwala @YashrajYwhacky Yaaaa! Whatte fun
493311022719963140,Sun Jul 27 08:24:47 +0000 2014,Baarish!...And what's most amazing about the rain?! It cries with you.
492635378541555700,Fri Jul 25 11:40:01 +0000 2014,@digitalhumor @laungii on a serious note, can't help u. U need to meet certain criteria of an official handle and they verify it themselves.
492632435201290240,Fri Jul 25 11:28:19 +0000 2014,@digitalhumor @laungii you talk to facebook ;) simple!
486590964274700300,Tue Jul 08 19:21:40 +0000 2014,"@9GAG: When I die, I want my grave to have free wifi so people will come visit more often" new hack idea? @Gattooze
486424371053867000,Tue Jul 08 08:19:42 +0000 2014,There is something so feel good about visiting old faces! They met so warmly :)
486423720899010560,Tue Jul 08 08:17:07 +0000 2014,That feeling in the cab while traveling to Lower Parel - Publicis, the old office!
485881857955741700,Sun Jul 06 20:23:56 +0000 2014,We are all fighting our own demons... Just that we don't know how similar they are to each other... How together we are in it!
481774934180392960,Wed Jun 25 12:24:29 +0000 2014,@swapanseth I am failing miserably :(
479868853078347800,Fri Jun 20 06:10:24 +0000 2014,RT @_Snape_: Maybe Harry Potter is real and you're not. http://t.co/9Gi1YS9cC0
477882020433903600,Sat Jun 14 18:35:26 +0000 2014,RT @9GAG: Life's an uphill climb...  http://t.co/7KwmIl6aIF http://t.co/qmp3w2hr7R
475254973052112900,Sat Jun 07 12:36:30 +0000 2014,@Viditi Yahan acha lag raha hai... Isliye toh jaana padega #yjhd
475232748777373700,Sat Jun 07 11:08:11 +0000 2014,@Oshanology Please just come back. You are now official suicidal!
474137835549626400,Wed Jun 04 10:37:23 +0000 2014,Cause last Sunday was the first time I went for @TLDMumbai's drunch and it was...Massive!!! #DrunchBuddies @Gattooze @Oshanology and Guptaji
472350917291827200,Fri May 30 12:16:49 +0000 2014,Hipster @Oshanology !!! @SiDoxic Lol! So much for co-promoting :P
472345626840031200,Fri May 30 11:55:47 +0000 2014,@TLDMumbai The best beer stories are the ones that make you name your company, @TheSoCheers @Oshanology  #MyBeerStory(not)
467713598194589700,Sat May 17 17:09:46 +0000 2014,That saturday night where you crave yummy chocolate dessert but are too lazy to go get some. Ya that.
467200788226269200,Fri May 16 07:12:02 +0000 2014,RT @rameshsrivats: Modi's first act as PM will be to change the password for @PMOIndia from Sonia123 to ModiOnly1.
467200330434764800,Fri May 16 07:10:13 +0000 2014,RT @boozeandshooze: Fine @narendramodi you can take all the seats you want but you can't have this one. http://t.co/3oq6zCKcUv
467200046253895700,Fri May 16 07:09:05 +0000 2014,RT @MihirBijur: Hats off to Narendra Modi's PR and Marketing teams. This win deserves to be a case study in every Business School around th…
467188505047613440,Fri May 16 06:23:14 +0000 2014,@Oshanology Hmmmm... ???
467186196204884000,Fri May 16 06:14:03 +0000 2014,RT @PapaCJ: Anyone else have the feeling that the person who wants Rahul Gandhi to lose the most is secretly Rahul Gandhi himself?
466862414915309600,Thu May 15 08:47:28 +0000 2014,RT @FarOutAkhtar: If wishes were motorcycles, grasshoppers would ride. #tensionkyunletehoyaar http://t.co/FPZVtereWM
463578789805453300,Tue May 06 07:19:31 +0000 2014,RT @superstarrajini: Salutation to the Lord. Vaṇakkam aṉaivarukkum !! A big thank you to all my fans. Excited on this digital journey http:…
463251926193160200,Mon May 05 09:40:40 +0000 2014,Won't be surprised if @superstarrajini is going to trend in India by evening!
460859771977875460,Mon Apr 28 19:15:06 +0000 2014,@tanushreevaidya did I tell u I renewed it! Its on its way!
460859295089709060,Mon Apr 28 19:13:12 +0000 2014,@tanushreevaidya kitna drama karegi?
456877126697107460,Thu Apr 17 19:29:30 +0000 2014,@parthikins hmm.. Read the book so story isn't the draw for me.. Alia is.. Worth?
456875274383015940,Thu Apr 17 19:22:08 +0000 2014,@parthikins how bad is the movie?
456146365370740740,Tue Apr 15 19:05:43 +0000 2014,RT @gosaliaanuj: Gold.  http://t.co/Lfci9Cb4ED
454549356637462500,Fri Apr 11 09:19:46 +0000 2014,Stuck at the passport office... Some aspects of the process impressive... Some absolutely ridiculous!
451625226212634600,Thu Apr 03 07:40:19 +0000 2014,@swapanseth @equusad Wow! Finally :)
400981754774683650,Thu Nov 14 13:41:14 +0000 2013,@sanjana4_shah You want @Gattooze! Le le! But don't say, u weren't warned!
396652670959624200,Sat Nov 02 14:59:00 +0000 2013,Don't know how i missed reading this magical piece @swapanseth http://t.co/0OFchud93q
395106454534778900,Tue Oct 29 08:34:54 +0000 2013,@BooGiri banney @tanushreevaidya @KOTI0207 @RishabhAlva @Sarvang_Talati
395102290710781950,Tue Oct 29 08:18:21 +0000 2013,@RahulPatrawala Tu bas ajjaa. Eating will happen automatically :P What time? @Viditi
395101839672098800,Tue Oct 29 08:16:33 +0000 2013,@RishabhAlva @KOTI0207 @Sarvang_Talati @BooGiri @tanushreevaidya Soldier! Soldier!
395090867725148160,Tue Oct 29 07:32:57 +0000 2013,@Viditi Seriously? Chalo! Wassay @RahulPatrawala
395090758174138400,Tue Oct 29 07:32:31 +0000 2013,@KOTI0207 Better obsession than bobby for sure @RishabhAlva
395088633725587460,Tue Oct 29 07:24:05 +0000 2013,All i see on my fb wall is PIZZA... Major pizza craving happening @RahulPatrawala @Viditi. That yummy, bombay masala i want!
390029833045962750,Tue Oct 15 08:22:13 +0000 2013,@tanushreevaidya They have a handbook. Remember?
379483830588952600,Mon Sep 16 05:56:10 +0000 2013,RT @wisewarbles: No one says it better than #CharlesBukowski. #motivation #life #lesson #getupandgo #lml http://t.co/txG4K1x2lA
378085164884054000,Thu Sep 12 09:18:22 +0000 2013,RT @swapanseth: “@LettersOfNote: Greatest job application letter ever written: http://t.co/6otBO3VMDO” via @ramkid . Do read this @SirhaanS…
370815045766094850,Fri Aug 23 07:49:30 +0000 2013,@jaideepkapani Hahaha! @Gattooze
368277808587358200,Fri Aug 16 07:47:26 +0000 2013,@Viditi Elaborate!
362821074523660300,Thu Aug 01 06:24:19 +0000 2013,RT @kiranmanral: When you’re scared but you still do it anyway, that’s brave. - Coraline by Neil Gaiman.
358158791788871700,Fri Jul 19 09:38:04 +0000 2013,RT @GreysDailyQuote: A new beginning, like that's gonna be any easier. Ask the guy pushing the boulder up the hill. Nothing's easy about st…
357749313612423200,Thu Jul 18 06:30:57 +0000 2013,@Viditi Not!... but to think of it, it would be pretty cool... sit n just write deep shit and become famous :P @tanushreevaidya
356669223940010000,Mon Jul 15 06:59:04 +0000 2013,@Viditi Nice... a little of you, a little of me.
354140415420665860,Mon Jul 08 07:30:29 +0000 2013,@SiDoxic The second half sucks! Happy tweeting!
353076955685462000,Fri Jul 05 09:04:40 +0000 2013,Hermione to Ron "Just because you have the emotional range of a teaspoon doesn't mean we all have."
352386740448792600,Wed Jul 03 11:22:00 +0000 2013,RT @amishi2490: http://t.co/Z1uL5W1RGZ Great Ted Talk about leadership from below! #tajhotels #terroristattacks
344357202443788300,Tue Jun 11 07:35:29 +0000 2013,@Viditi Artificial intelligence can never replace natural stupidity!
344347519515492350,Tue Jun 11 06:57:00 +0000 2013,@Viditi want to dedicate this tweet to your train 'friend'! :P
343988035945369600,Mon Jun 10 07:08:33 +0000 2013,But alas, it's just another khooni Monday!
343983020237266940,Mon Jun 10 06:48:37 +0000 2013,That mixed, monsoon feeling where summer vacations are over and school's reopened!
341811271051640800,Tue Jun 04 06:58:52 +0000 2013,#Goosebumps http://t.co/SWvYjCC3Kv @FarOutAkhtar
341515828082114560,Mon Jun 03 11:24:53 +0000 2013,RT @FunnyOrTruth: the number of times i think “i don’t care” while people are talking to me is really getting out of hand
340382014526066700,Fri May 31 08:19:30 +0000 2013,Looking at old college pictures, chatting with @tanushreevaidya #MemoriesRevisited
340093021389455360,Thu May 30 13:11:09 +0000 2013,RT @adityan: I agree http://t.co/Kq4N7u7h79
337883923210178560,Fri May 24 10:52:59 +0000 2013,RT @PritishNandy: Just a small warning. Dont obsess too much about match fixing. There are far bigger scams to catch that hurt India much m…
334666419922927600,Wed May 15 13:47:46 +0000 2013,@Viditi Hmmmmmmmmmmmmmmmmmm!
326957527709392900,Wed Apr 24 07:15:23 +0000 2013,@Viditi Nah, its called 'being borrrring'!
325208197382148100,Fri Apr 19 11:24:10 +0000 2013,@Viditi Haha... Soon we shall visit a book store! :P
325200192536207360,Fri Apr 19 10:52:22 +0000 2013,@Viditi Exactly!... Let's find you a new book ;)
324785985315536900,Thu Apr 18 07:26:27 +0000 2013,And this is what advertising is also about http://t.co/gJVe4TumCR
324785808802471940,Thu Apr 18 07:25:45 +0000 2013,@Viditi @RahulPatrawala :( :( :(... i want raju chinese and bachelors too!
323758747954606100,Mon Apr 15 11:24:35 +0000 2013,RT @adityan: This is awesome. http://t.co/liIrTcfI1j
323096029434089500,Sat Apr 13 15:31:10 +0000 2013,@Amrita_Rungta ..and ur now infamous boss ;)...and hows the partying going? When coming back?
323095515736703000,Sat Apr 13 15:29:08 +0000 2013,@Amrita_Rungta Hahaha yaa.. i have been good... work is usual...u toh know erratic hours but like an after party:P you temme how is ur work?
322680865949876200,Fri Apr 12 12:01:28 +0000 2013,@Amrita_Rungta BFF!!!! i saw a really old pic of yours! you looked so different! How u doing?
321625096265560060,Tue Apr 09 14:06:13 +0000 2013,@jaideepkapani i know :(
321624997745553400,Tue Apr 09 14:05:49 +0000 2013,@sanjana4_shah Not just work! Permission issues :(
321594124807598100,Tue Apr 09 12:03:08 +0000 2013,Tickets for #MIvsDD match, colleague's birthday celebration in navi mumbai... and what i do? i go home.
321154319024025600,Mon Apr 08 06:55:31 +0000 2013,@Viditi Ahhh the #goodoldays! @MSNRemembrance
321154189818462200,Mon Apr 08 06:55:00 +0000 2013,@Viditi :D.. Let's get the party started :P
319357763610345500,Wed Apr 03 07:56:38 +0000 2013,RT @Viditi: "What if Finding Dory is an serious and emotional drama following Dory's journey while she finds her true self and overcomes ...
318613907306598400,Mon Apr 01 06:40:49 +0000 2013,RT @mojorojo: The biggest joke here is HOW THE FUCK ARE WE ALREADY IN APRIL?!?! THE YEAR STARTED LIKE YESTERDAY.
318605409533452300,Mon Apr 01 06:07:03 +0000 2013,@Gattooze http://t.co/caa33RstWd
316169109752664060,Mon Mar 25 12:46:04 +0000 2013,@Gattooze English lesson you want again. Read the 'My'! There is no Prateek's!
316101379703853060,Mon Mar 25 08:16:56 +0000 2013,RT @SiDoxic: A girl and a shop in your name @gattooze? http://t.co/JyIcuyWZne
316100904942186500,Mon Mar 25 08:15:03 +0000 2013,#MyPrateekDream : to go goa... Fulfill please @Gattooze
315061749579644900,Fri Mar 22 11:25:49 +0000 2013,@RohitSinghi7 @Viditi Ya super and to be continued :P
314812281320005600,Thu Mar 21 18:54:31 +0000 2013,@Viditi @RohitSinghi7 Oh yes!... Thanks for dropping by!
314305415708020740,Wed Mar 20 09:20:25 +0000 2013,RT @neverknownfacts: The one's who sleep late have more mental stamina &amp; outperform early risers.
313963800841834500,Tue Mar 19 10:42:57 +0000 2013,@parthikins And hope makes us survive :) @Viditi
313914419560185860,Tue Mar 19 07:26:44 +0000 2013,@parthikins Of course, low expectation is the key to happiness :)  @Viditi
313914126579687400,Tue Mar 19 07:25:34 +0000 2013,@parthikins That's not humanly possible. Expectation is natural and healthy. No expectation is a disguise. @Viditi
313905676109873150,Tue Mar 19 06:51:59 +0000 2013,RT @Viditi: You don't need anyone who doesn't need you.
311730463851048960,Wed Mar 13 06:48:28 +0000 2013,RT @swapanseth: THOUGHT FOR THE DAY:Roland Tiangco http://t.co/MZ35t81RWR via @pinterest
311724721123233800,Wed Mar 13 06:25:39 +0000 2013,@laungii coz Karma is a bitch!
311003012363612160,Mon Mar 11 06:37:50 +0000 2013,@Viditi Hahaha the subject cracked me up! but i completely agree, my bff ! #KharStntTalks me await!
309560424116928500,Thu Mar 07 07:05:31 +0000 2013,RT @GreysDailyQuote: Too often, things that start out as just a normal part of your life at some point cross the line to obsessive, comp ...
309560236795113500,Thu Mar 07 07:04:46 +0000 2013,RT @GreysDailyQuote: There are days that make the sacrifices seem worthwhile and then there are the days where everything feels like a s ...
309559795646607360,Thu Mar 07 07:03:01 +0000 2013,RT @GreysDailyQuote: How do you know when how much is too much? Too much too soon. Too much information. Too much fun. Too much love. To ...
306307607642140700,Tue Feb 26 07:39:59 +0000 2013,@mitaparyani my story has got altered a little...though ofcourse the morning bit stays the same ;)
306017986534314000,Mon Feb 25 12:29:08 +0000 2013,@adityan The one u msged from the other day? or else, DM kar.
305983304526618600,Mon Feb 25 10:11:19 +0000 2013,@adityan Yup am back to sending owls! now there is a bb but no bbm... Are you on whatsapp, thats how i connect to ones who like technology!
305975088631672800,Mon Feb 25 09:38:40 +0000 2013,@adityan Wah wah! Arey whatsapp screwed and off bbm
305970051075436540,Mon Feb 25 09:18:39 +0000 2013,@adityan Oooo... whats with all the diet food, Mallu? Sorry my phone is messed up...How goes?
304478623614763000,Thu Feb 21 06:32:15 +0000 2013,@RohitSinghi7 Is it? ;) @Gattooze
303799799315062800,Tue Feb 19 09:34:51 +0000 2013,@Viditi @darshil_gandhi Congratulations! Party!!! Atleast meet before you go!
303777193312518140,Tue Feb 19 08:05:01 +0000 2013,@Viditi @darshil_gandhi *no comments* ;)
303767362279206900,Tue Feb 19 07:25:57 +0000 2013,RT @goodthing: Killer (#omgNXN) or Achiever (#omgL10) - whoz gonna get her? Vote for your favorite gamer @adtechindia  http://t.co/xxSotALh
303406371276218400,Mon Feb 18 07:31:30 +0000 2013,@Viditi  Wow ! #comebackofthecentury
303404176208183300,Mon Feb 18 07:22:47 +0000 2013,@Viditi #KidTweet
302407602879475700,Fri Feb 15 13:22:45 +0000 2013,@tanushreevaidya @mitaparyani @Viditi Sunday?
302349535655628800,Fri Feb 15 09:32:01 +0000 2013,@Gattooze Facebook ka, twitter ka, Linkedin ka, sabka account kholega re tera faizal!
299757807866093600,Fri Feb 08 05:53:25 +0000 2013,@Viditi @RahulPatrawala @RahulYou Bitches!
299749932888379400,Fri Feb 08 05:22:07 +0000 2013,@Viditi @RahulPatrawala I am sooooooooooooo jealous!
299442135730618400,Thu Feb 07 08:59:03 +0000 2013,@Viditi Nobody i've heard of but we can go check it out.
299431743256141800,Thu Feb 07 08:17:45 +0000 2013,@Viditi @tanushreevaidya GOA! GOA! GOA! March end?
299418832915791900,Thu Feb 07 07:26:27 +0000 2013,@Viditi Always! Friday Kalaghoda?
299418656545308700,Thu Feb 07 07:25:45 +0000 2013,@Viditi Don't! I went off bbm too! Nobody is there on it anymore!
299042000068567040,Wed Feb 06 06:29:03 +0000 2013,@Viditi *ping*... Hello!
298675718144008200,Tue Feb 05 06:13:34 +0000 2013,That happy nip in the air!
297304326353850400,Fri Feb 01 11:24:09 +0000 2013,RT @Sarcasm_Machine: I'm only bad at 3 things and math is both of them.
296504521314664450,Wed Jan 30 06:26:01 +0000 2013,@Viditi Hahahahaha! Anyway, chal, IBar 8 pm? @Gattooze @laungii
295820463014281200,Mon Jan 28 09:07:49 +0000 2013,@RishabhAlva Waddup! How goes?
295781641912197100,Mon Jan 28 06:33:33 +0000 2013,@Viditi reminds me of something that goes like, 'if we are all alone, then we're still all in it together'. Hai na?
294076809564270600,Wed Jan 23 13:39:09 +0000 2013,RT @Gattooze: Damaged screen. Massive heating. Hugely disappointed @NokiaIndia, please respond. Hope something is done immediately #Lumi ...
293633599943630850,Tue Jan 22 08:18:00 +0000 2013,@Viditi, you provide such entertainment to us! @darshil_gandhi
293631509569601540,Tue Jan 22 08:09:41 +0000 2013,@darshil_gandhi Hahahahahaha... Enough said ;) @Viditi
293616894341181440,Tue Jan 22 07:11:37 +0000 2013,And today you're tripping on 'fevicol se' @Gattooze #SHM
293615291689218050,Tue Jan 22 07:05:15 +0000 2013,@Viditi Stop spamming my TL with #Harvey quotes!
291860674513076200,Thu Jan 17 10:53:01 +0000 2013,@Viditi *does happy dance*
291854356922372100,Thu Jan 17 10:27:55 +0000 2013,@Gattooze - Asshole! @Viditi
291489500511739900,Wed Jan 16 10:18:07 +0000 2013,Nothing seems more apt today! http://t.co/ISSATvy7
291483756605341700,Wed Jan 16 09:55:17 +0000 2013,Niceness never pays off! #inanunfairworld
291481480746631200,Wed Jan 16 09:46:15 +0000 2013,@Viditi Sadly! Time to change occupation, i guess ;)
291478848703434750,Wed Jan 16 09:35:47 +0000 2013,You can get angry, you can be in a bad mood, you can say stupid things. But servicing, can't! #Hypocrisy
288520164310401000,Tue Jan 08 05:39:02 +0000 2013,@Viditi Hallelujah!
285643832752746500,Mon Dec 31 07:09:31 +0000 2012,@Viditi is the bestest!
283836398325334000,Wed Dec 26 07:27:25 +0000 2012,@wisewarbles :( :(
283212375677599740,Mon Dec 24 14:07:46 +0000 2012,What happened to Christmas cheer?
283113267503702000,Mon Dec 24 07:33:57 +0000 2012,@Viditi Free but only after 8. Can we meet?
283087340136697860,Mon Dec 24 05:50:56 +0000 2012,@Viditi And the irony is, we have always loved drama! *sigh*
283086218579808260,Mon Dec 24 05:46:28 +0000 2012,@Viditi And we quote the unbelievable!
279593933946884100,Fri Dec 14 14:29:23 +0000 2012,@Gattooze PhrShizz!
276664598202048500,Thu Dec 06 12:29:15 +0000 2012,@laungii @Viditi Wow! Bitches, be crazy! ;)
274475192997269500,Fri Nov 30 11:29:20 +0000 2012,@Gattooze @SiDoxic Goa challe?
274102988111495170,Thu Nov 29 10:50:19 +0000 2012,@blitzkreigm Weekend. Come to bandra :P
274096572994813950,Thu Nov 29 10:24:50 +0000 2012,@blitzkreigm Complainer!!!
271939602925895680,Fri Nov 23 11:33:48 +0000 2012,@Gattooze What are u doing? Your living in these days! ;)
271584638839951360,Thu Nov 22 12:03:18 +0000 2012,@Viditi Step out! Please. For my sake.
271584271855132670,Thu Nov 22 12:01:50 +0000 2012,@tanushreevaidya @Viditi @RahulPatrawala yeh hamare 'grooup' ko shan deta hai na ;)
271566076557545470,Thu Nov 22 10:49:32 +0000 2012,@tanushreevaidya All @Viditi @RahulPatrawala do is tweet. Naya naya hai na ;)
271505324006055940,Thu Nov 22 06:48:08 +0000 2012,@Viditi I asked @darshil_gandhi, not you :P
271505186210582530,Thu Nov 22 06:47:35 +0000 2012,@tanushreevaidya Meet me!
271504793976074240,Thu Nov 22 06:46:01 +0000 2012,@Viditi Should i stop @darshil_gandhi ?
271504562995748860,Thu Nov 22 06:45:06 +0000 2012,@RahulPatrawala Clearly!
271504117959098370,Thu Nov 22 06:43:20 +0000 2012,@Viditi You want to take that @darshil_gandhi ?
271503987793076220,Thu Nov 22 06:42:49 +0000 2012,@Viditi *rolls eyes*
271503805642862600,Thu Nov 22 06:42:06 +0000 2012,Wow a certain @RahulPatrawala is suddenly active on twitter! I wonder who has influenced him ;)
271502257646886900,Thu Nov 22 06:35:57 +0000 2012,@Viditi Weird.... @darshil_gandhi Hellos! How goes?
271502050154655740,Thu Nov 22 06:35:07 +0000 2012,@Viditi 3 days of not checking Twitter and you're all over my TL! :)
270465003369398270,Mon Nov 19 09:54:16 +0000 2012,RT @autocorrects: If Monday were shoes, they'd be Crocs.
270460711799504900,Mon Nov 19 09:37:13 +0000 2012,@laungii Coz downloading is Muft! Muft! Muft!
270460256541368320,Mon Nov 19 09:35:24 +0000 2012,@Viditi @darshil_gandhi Warned about?! ;s
270460181412999170,Mon Nov 19 09:35:06 +0000 2012,@Oshanology Being an insomniac like you, mr. poet!
270182877424128000,Sun Nov 18 15:13:12 +0000 2012,RT @mojorojo: Debate whether he deserved it or not, but damn, there's something about 21 guns and bugles that brings a throng to solemn  ...
269821046813782000,Sat Nov 17 15:15:25 +0000 2012,Mourning the mourning! Sadly, rightfully, the departed is being abused instead of being blessed by the Mumbaikar!
269016836635521020,Thu Nov 15 09:59:46 +0000 2012,@Gattooze @Viditi Hmmm... Interacting and all. Nice!
269014193187987460,Thu Nov 15 09:49:16 +0000 2012,@Viditi Hi, I am Mitali. Remember me?!
268346531906719740,Tue Nov 13 13:36:13 +0000 2012,@Gattooze What a beautifully reflective poem, mister! :P
268345458362048500,Tue Nov 13 13:31:57 +0000 2012,@blitzkreigm @YashrajYwhacky My modest, tall friend! We need to meet soonesh!
267930964599132160,Mon Nov 12 10:04:54 +0000 2012,RT @GreysDailyQuote: Sometimes our expectations sell us short. Sometimes the expected simply pales in comparison to the unexpected.
266550189156859900,Thu Nov 08 14:38:12 +0000 2012,RT @iamsrk: Is it just me or everyone feels a sms reply saying 'K',not even an 'OK,is the most emotionless brush off in the world.Or r u ...
263221870327910400,Tue Oct 30 10:12:38 +0000 2012,@tanushreevaidya @arushichitrao Haha! Wait for 2 weeks then, pucca! Leos, pot rice and spiked ice tea? #memories
263221107967016960,Tue Oct 30 10:09:37 +0000 2012,@tanushreevaidya U going???
261417883681316860,Thu Oct 25 10:44:15 +0000 2012,RT @tanushreevaidya: So much Food for thought! http://t.co/NT1Jmn34
261167027870392320,Wed Oct 24 18:07:26 +0000 2012,@tanushreevaidya Memories... I want those days back!!!!!!!!
260312144288026620,Mon Oct 22 09:30:26 +0000 2012,@swapanseth Perfecto!
260311574928044030,Mon Oct 22 09:28:10 +0000 2012,@swapanseth Mumbai office awaits them too! :P
260274067742019600,Mon Oct 22 06:59:08 +0000 2012,RT @PritishNandy: We can discover the zero and create human life in the test tube. But still people die of malaria and dengue. And farme ...
260043713240240130,Sun Oct 21 15:43:47 +0000 2012,Of afternoons spent watching SRK movies made by Yash Chopra. You made his career and of so many others. RIP.
260041687810863100,Sun Oct 21 15:35:44 +0000 2012,RT @BDUTT: If you look at a mustard field and want to break into a song, remember how our collective sense of romance was shaped  Yash C ...
259223067274903550,Fri Oct 19 09:22:50 +0000 2012,RT @GreysDailyQuote: There's another way to survive this competition. A way no one ever seems to tell you about. One you have to learn f ...
259199521404366850,Fri Oct 19 07:49:16 +0000 2012,@goodthing Brilliantly put :)
258849745223680000,Thu Oct 18 08:39:23 +0000 2012,@tanushreevaidya Hahahahhaah! 'supposed to' being the key word? :P
257802457546125300,Mon Oct 15 11:17:50 +0000 2012,@VodafoneIN Balance still getting deducted! Snehal from ur team hasn't called bk! SMS to 144 is futile, system still upgrading?Since a week!
256726165086162940,Fri Oct 12 12:01:02 +0000 2012,Okay, take a deep breath. Have a mental doughnut. Go back to work.
256708591262781440,Fri Oct 12 10:51:12 +0000 2012,RT @GreysDailyQuote: It gets to the point where we don't really know what anyone thinks or feels. Without meaning to, we become masters  ...
256376958282235900,Thu Oct 11 12:53:24 +0000 2012,RT @natashabadhwar: Hold hands till the conversations come back.
256343057929216000,Thu Oct 11 10:38:42 +0000 2012,@VodafoneIN There is still no solution. Your customer care was suppose to call me back since she had no answer! It has been over an hour!
256321564579069950,Thu Oct 11 09:13:17 +0000 2012,@parthikins Kaam - Same story, different day!
256296969222361100,Thu Oct 11 07:35:33 +0000 2012,@parthikins How you doing, btw? How are books?
256295061027958800,Thu Oct 11 07:27:58 +0000 2012,@VodafoneIN Your so not keen! Anyway it's 9833518623. Let see how happy you are to help and how much you care about sustaining customers.
256291609203847170,Thu Oct 11 07:14:15 +0000 2012,@parthikins @VodafoneIN I dont give a rat's ass for their zoozoo's! Good advertising doesn't make up for horrible customer care! I'd know :P
256284210439000060,Thu Oct 11 06:44:51 +0000 2012,@VodafoneIN Call is cut if asked to talk to senior manager. Get ur act together and make me not shift to another network.
256283805135032320,Thu Oct 11 06:43:15 +0000 2012,@VodafoneIN You so not happy to help! Over 200 balance deducted for no damn reason. 10 calls to ur idiotic customer care  with no solution.
255987026430685200,Wed Oct 10 11:03:57 +0000 2012,RT @swapanseth: "The meaning of life is to find your gift, the purpose of life is to give it away."  Joy J. Golliver
255609844801888260,Tue Oct 09 10:05:10 +0000 2012,@jaideepkapani Hahahaha... somehow i find this very funny! :P
255365006881869820,Mon Oct 08 17:52:16 +0000 2012,RT @spacedout_sniff: "The only thing worse than being unemployed is having a job" - bumper sticker
254159435860160500,Fri Oct 05 10:01:46 +0000 2012,So proud of @Viditi . Let's plan your treat soon.
247029107462901760,Sat Sep 15 17:48:23 +0000 2012,RT @YashrajYwhacky: @Viditi @Potter_Memories @mitalilaungani #WeAllHaveThatOnePerson Who is a Mugaloo bachee but loves #Potter becoz her ...
245827344378507260,Wed Sep 12 10:13:00 +0000 2012,@Viditi Kongratulashens! Let's celebrate!
245809664187568130,Wed Sep 12 09:02:45 +0000 2012,@wisewarbles What rubbish! 100 is minimum ok! Can't wait to see you :)
245808862869991420,Wed Sep 12 08:59:34 +0000 2012,Happy Birthday, bossy @wisewarbles. Tum jiyo hazaaro saal !!!
244067911000551420,Fri Sep 07 13:41:39 +0000 2012,Something, something happens. You won't understand, @RahulPatrawala #EnglishedDialogues
244066863502458880,Fri Sep 07 13:37:29 +0000 2012,RT @swapanseth: Milk of milk. Water of water #EnglishedDialogues
244058306518319100,Fri Sep 07 13:03:29 +0000 2012,RT @parthikins: A E I O U #vowels #EnglishedDialogues  #TusharKapoorVersion
244058269121933300,Fri Sep 07 13:03:20 +0000 2012,RT @parthikins: “@BwoyBlunder: Alone Girl is like Open Safe #EnglishedDialogues”
244054726746972160,Fri Sep 07 12:49:15 +0000 2012,RT @parthikins: “@RDAmbekar: I won't leave you, select select I'll hit you #EnglishedDialogues :p #Yuss”
244029366743482370,Fri Sep 07 11:08:29 +0000 2012,@tanushreevaidya In relation to the food tweet? Then how WE wish na?
244013080030355460,Fri Sep 07 10:03:46 +0000 2012,RT @Sarcasm_Machine: I will not be impressed with technology until I can download food from the internet.
244012274405240830,Fri Sep 07 10:00:34 +0000 2012,RT @Sarcasm_Machine: I dig, you dig, we dig, he dig, she dig, they dig.... Its not a beautiful poem, but its very deep.
243666368594059260,Thu Sep 06 11:06:04 +0000 2012,@YashrajYwhacky  I want to hear all the stories :D when we #Fametime next ;) #FunnyTypos
243665920638205950,Thu Sep 06 11:04:17 +0000 2012,@Viditi @YashrajYwhacky @laungii Whatever!
243665824102117380,Thu Sep 06 11:03:54 +0000 2012,@shrutimaliwar Yup we should! Work is same old. How are the assignments going?
243614513415475200,Thu Sep 06 07:40:00 +0000 2012,Look who i found here @shrutimaliwar - Hello, pretty lady!
243613691151544320,Thu Sep 06 07:36:44 +0000 2012,@YashrajYwhacky @laungii I just saw this! Fametime tonight 11 pm IST?
242944981512384500,Tue Sep 04 11:19:31 +0000 2012,@wisewarbles Awwww! *wipes teary eyes with toilet roll* Want to run to you right away. Oh-so-often i play the song, miss you! #supersoothing
242944168903729150,Tue Sep 04 11:16:18 +0000 2012,@wisewarbles And you have no darn idea how much i miss turning my head to the right to see you in your yellow tee being my superman!
242920852449017860,Tue Sep 04 09:43:39 +0000 2012,@tanushreevaidya @HilariousNEMO *forgets-what-she-was-going-to-throw-at-you*
242636382219141120,Mon Sep 03 14:53:16 +0000 2012,@Viditi :( And only garam garam quality ka samosa is possible!
242521073155977200,Mon Sep 03 07:15:04 +0000 2012,RT @tanushreevaidya: Today I'm listening to the #barfi soundtrack! Somehow goes perfectly hand in hand with my mood and the weather!!! :D
242518024127668220,Mon Sep 03 07:02:57 +0000 2012,Lonavla chal @Viditi What sex dot weather!
241522398615183360,Fri Aug 31 13:06:41 +0000 2012,@Viditi This isn't who you think it is :P
241515050618220540,Fri Aug 31 12:37:29 +0000 2012,@tanushreevaidya :D @sharma_khushboo
241514508932227070,Fri Aug 31 12:35:20 +0000 2012,#ThatAwkwardMoment when your client calls to bitch about her boss! Not once, thrice!!!
241109192621043700,Thu Aug 30 09:44:45 +0000 2012,@sharma_khushboo Hahahahahaha #iknowwhatyoumean #memories
240398365383352320,Tue Aug 28 10:40:11 +0000 2012,@Gattooze What shit!!! ;)
240047586722054140,Mon Aug 27 11:26:19 +0000 2012,Today feels like a friday :)
239430620034502660,Sat Aug 25 18:34:42 +0000 2012,@blitzkreigm :)... Reminds me of Kala Ghoda!  P.s - It's the weekend! ;)
238535890413174800,Thu Aug 23 07:19:22 +0000 2012,RT @HimanshuKapadia: #MasterchefAustralia is such a blessing. It ensures that I am happy at the end of the day, irrespective of what kin ...
238535608128118800,Thu Aug 23 07:18:15 +0000 2012,RT @Dee_Lash: Most people do not listen with the intent to understand, they listen with the intent to reply
238200269152870400,Wed Aug 22 09:05:44 +0000 2012,@swapanseth Congratulations!!!
237280683544961020,Sun Aug 19 20:11:38 +0000 2012,@tanushreevaidya @laungii @Viditi Tsk tsk
237276339772719100,Sun Aug 19 19:54:22 +0000 2012,@SiDoxic Exactly or just maybe big entrepreneurs are not! ;) @Gattooze
237274619722211330,Sun Aug 19 19:47:32 +0000 2012,@tanushreevaidya Haha! Damn, its not beautiful even when its sarcastic!
236445228893089800,Fri Aug 17 12:51:50 +0000 2012,@Viditi I know! I know! ;)
236389789744640000,Fri Aug 17 09:11:32 +0000 2012,RT @Viditi: "Bitch Please @FunnyEvil I get very emotional when you aren't around! That emotion is called joy" #HorribleBoss. :P
210292498134863870,Wed Jun 06 08:50:13 +0000 2012,@blitzkreigm Ok, now you really really making me consider coming!!!
210274014365622270,Wed Jun 06 07:36:46 +0000 2012,The drizzly, rainy air made the morning miserably late and the afternoon awfully lazy!
198120211499589630,Thu May 03 18:41:53 +0000 2012,@laungii Great minds, think alike ;) @Gattooze
197589207705845760,Wed May 02 07:31:52 +0000 2012,@SiDoxic Enjoy the honeymoon period at work... it won't last long!
196888291973398530,Mon Apr 30 09:06:41 +0000 2012,@tanushreevaidya you can now quote, 'And I quit on a Monday freakin morning! ' #moment #ahthegoodlife!
196887572356677630,Mon Apr 30 09:03:49 +0000 2012,@Gattooze and Okay :) ?
194157013251538940,Sun Apr 22 20:13:33 +0000 2012,Why is it about eating healthy? Why not about eating yummy? #MalariaMusings
192132476322332670,Tue Apr 17 06:08:46 +0000 2012,@tanushreevaidya :D. Meet me!
189669744662683650,Tue Apr 10 11:02:45 +0000 2012,@laungii Yaay me! i get to be a kid all my life :D #Ifonlytheworldthoughtlikeyou
189623339206193150,Tue Apr 10 07:58:21 +0000 2012,RT @GreysAnatomyQts: There comes a point in your life when you're officially an adult... Suddenly, people expect you to be responsible,  ...
187108044637868030,Tue Apr 03 09:23:28 +0000 2012,After a brilliant @SonuNigam performance on Sunday night. To a blah Monday morning... What have you got Tuesday afternoon?
184566782361747460,Tue Mar 27 09:05:24 +0000 2012,@YashrajYwhacky And you the blame the city for this madness?! :P
183699899257339900,Sat Mar 24 23:40:43 +0000 2012,@YashrajYwhacky I knew it! I knew it, u'd notice! I corrected it also in next tweet...but was made to delete it #curbingOCDs
183687530502291460,Sat Mar 24 22:51:34 +0000 2012,#Thatawkwardmoment when ur half-way through the story and realize its not half as good to be told)
183682585770209280,Sat Mar 24 22:31:55 +0000 2012,RT @SimpooSir: #WorldsShortestJoke BB - Best Battery!
182813303880429570,Thu Mar 22 12:57:42 +0000 2012,@tanushreevaidya Hahaha... Aana toh usko padega he! ;)
182805308626845700,Thu Mar 22 12:25:56 +0000 2012,@tanushreevaidya Haha... Use your charm, dear! And make sure, the dress code is white :P
182798580438937600,Thu Mar 22 11:59:12 +0000 2012,@tanushreevaidya #howWemissthem!... Once ur back, bandra dinner... u, me and item! Deal?
182797352803909630,Thu Mar 22 11:54:19 +0000 2012,@tanushreevaidya Haha... Like kani would say, 'i talk from the experience i don't have ;)
182796838032781300,Thu Mar 22 11:52:17 +0000 2012,@SiDoxic Naaptol ke congratulations (pun unintended ;)
180634484272668670,Fri Mar 16 12:39:51 +0000 2012,The entire office pausing work, gathering on one mac to see the 'ton'dulkar moment live! Danke @Gattooze
180622950691651600,Fri Mar 16 11:54:01 +0000 2012,RT @Gattooze: "I scored a 99 of them. Nobody was talking about them. All everyone said was 100th 100."
180616365890211840,Fri Mar 16 11:27:51 +0000 2012,@parthikins See, it never ends! We never stop expecting.
180613412978561020,Fri Mar 16 11:16:07 +0000 2012,Yaay! Woohoo! Yippe! 100th 100! Now can we get on with life, please?!
180222331615059970,Thu Mar 15 09:22:06 +0000 2012,RT @mojorojo: #ThatAwkwardMoment when you're on your phone and distracted and walk around wondering where your phone is.
177023185512955900,Tue Mar 06 13:29:51 +0000 2012,@YashrajYwhacky @shahdigisha @moulikshah88 Oh wow! How is he doing? I wanna meet him! Let's plan something!
172973879357222900,Fri Feb 24 09:19:21 +0000 2012,@moulikshah88 Will let u know! Wat time class?
172969635925340160,Fri Feb 24 09:02:29 +0000 2012,@YashrajYwhacky Haha, was super filmy na? so typically us! @moulikshah88  - thanks molly! this sunday on?
172230176372035600,Wed Feb 22 08:04:08 +0000 2012,Maddening mornings #gimmefood!
172032259875020800,Tue Feb 21 18:57:41 +0000 2012,A man's character may be learned from the adjectives which he habitually uses in conversation - Mark Twain... Hmm, is it?
171308889713811460,Sun Feb 19 19:03:16 +0000 2012,@Gattooze Yo man #rerun
171307333710921730,Sun Feb 19 18:57:05 +0000 2012,@Gattooze They aint baseless, and u know dat! Yes deal! let have u seal it by getting tickets!
171302569782673400,Sun Feb 19 18:38:09 +0000 2012,@Gattooze Ditcher!!!
171300973648683000,Sun Feb 19 18:31:49 +0000 2012,@tanushreevaidya Hahah yes u really gotta... specially if its in their freaking building! and if they lift u up! #awesomebump!
171264976760217600,Sun Feb 19 16:08:47 +0000 2012,You knw the old had power, when u see tears rolling down ur parents eyes, listening to Shaami Kapoor songs!
170505906210091000,Fri Feb 17 13:52:30 +0000 2012,@laungii @Gattooze Why am i tagged in this plan thread! Ul tell me to work n then don't let me work. sigh!
170498246299488260,Fri Feb 17 13:22:04 +0000 2012,@Gattooze You know who did. Yes, you. (don't say, couldn't be!)
170495819282251780,Fri Feb 17 13:12:25 +0000 2012,@Gattooze Hahahhaha!
170481174056140800,Fri Feb 17 12:14:13 +0000 2012,RT @tanushreevaidya: There's no love greater than the love of eating. #truestory
170465268236161020,Fri Feb 17 11:11:01 +0000 2012,@Bitchs_Brew Btw, wat happened to you? heard ur really unwell...i dont wish for you to pay this way for making me jealous :P
170464707440943100,Fri Feb 17 11:08:47 +0000 2012,@Bitchs_Brew How come? just how, does kavish get a mail about these shoes and i dont! #wtf
168974941755154430,Mon Feb 13 08:29:00 +0000 2012,@Bitchs_Brew Is there no dislike option on twitter?
166932764287971330,Tue Feb 07 17:14:07 +0000 2012,@iamsrk School frds are truly the best-est frds ever!... Btw, how did the name C gang come up?
166880044612980740,Tue Feb 07 13:44:37 +0000 2012,@Gattooze Wow! dat was the #comebackofthecentury !
166829111761846270,Tue Feb 07 10:22:14 +0000 2012,@Gattooze Poser!!!
166828077610041340,Tue Feb 07 10:18:07 +0000 2012,@tanushreevaidya Absolutely #yaysohappy!
166826600715923460,Tue Feb 07 10:12:15 +0000 2012,@tanushreevaidya well then as they say, u get it when u least expect it! ;)
166824506483146750,Tue Feb 07 10:03:56 +0000 2012,@tanushreevaidya And you rode :P
164634942616256500,Wed Feb 01 09:03:23 +0000 2012,RT @swapanseth: @smeonestop A one-stop advisory platform for Small & Medium Enterpreneurs . A great follow. Pls RT
164009913528492030,Mon Jan 30 15:39:45 +0000 2012,@mitaparyani Hahaha! Who was the moron, today?
163948605495980030,Mon Jan 30 11:36:08 +0000 2012,@abhishekiyer7 Ditto!
163936063067398140,Mon Jan 30 10:46:17 +0000 2012,@moulikshah88 @YashrajYwhacky Yes, thoroughly, pleasantly! #celebrating!
161768854446546940,Tue Jan 24 11:14:35 +0000 2012,@RishabhAlva Dats true for @tanushreevaidya rite?
160283111358337020,Fri Jan 20 08:50:46 +0000 2012,Listening to Coldplay, Nikleback & Bread... i guess, it's one of those days!
159968572964216830,Thu Jan 19 12:00:54 +0000 2012,@moulikshah88 He is 'your' driver afterall :P... Damn, i miss those drives #merikahani #colllegedays
157764917854867460,Fri Jan 13 10:04:22 +0000 2012,@Gattooze Yes ur all over my homepage (or wats the term used on twitter?)... Haha, yes this is work :P
157757503046811650,Fri Jan 13 09:34:54 +0000 2012,@Gattooze Lukkha/ vella mode?! *cant watch*
153783554642427900,Mon Jan 02 10:23:51 +0000 2012,@moulikshah88 Ofcourse you do, my twitter-addict bro!.. Wish you the same!. And danke for the advance wishes!
153783099212304400,Mon Jan 02 10:22:02 +0000 2012,@tanushreevaidya if its #ayechikni tu kyun hai? #goaway !
153777807196045300,Mon Jan 02 10:01:00 +0000 2012,@moulikshah88 Where's your love for you sister?? :(
153775309295067140,Mon Jan 02 09:51:05 +0000 2012,@Gattooze Im sure...  When does the picture-story telling happen?
153774916389449730,Mon Jan 02 09:49:31 +0000 2012,@Gattooze @sidoxic Why is it so unexpected?... Im just still getting the hang of this thing... its actually quite a remedy for boredom :P
153763698194923520,Mon Jan 02 09:04:57 +0000 2012,@Bitchs_Brew Woman, get a phone! I dont see you on gtalk either. Merry merry Christmas! and Happy New Year! Send me pics of your xmas tree!
153763251681902600,Mon Jan 02 09:03:10 +0000 2012,@Gattooze Dats the Goa/Sunburn hangover talking?! Go,sleep!
153760139206336500,Mon Jan 02 08:50:48 +0000 2012,@Gattooze @SiDoxic Puhlease!!! P.s - I wanna hear Goa stories!
151585975775146000,Tue Dec 27 08:51:27 +0000 2011,@tanushreevaidya Done!
151579873587118080,Tue Dec 27 08:27:12 +0000 2011,@tanushreevaidya Dont know about Mumbai but my office surely is!
146915075997970430,Wed Dec 14 11:30:58 +0000 2011,@Bitchs_Brew Tell me about it!
146884679985922050,Wed Dec 14 09:30:11 +0000 2011,Hello tweeple
