id,created_at,text
744910271391612900,Mon Jun 20 15:10:23 +0000 2016,https://t.co/y6Mfv1r7vT
695291403929260000,Thu Feb 04 17:02:43 +0000 2016,https://t.co/AqahKwF0qg #imc #podcast #briancox #robinince
694217449315680300,Mon Feb 01 17:55:12 +0000 2016,Nice write-up of #IMC! #podcasts https://t.co/0AqY1G8FaH
671713932369920000,Tue Dec 01 15:34:15 +0000 2015,https://t.co/vSlpNFpjO4
664113258404548600,Tue Nov 10 16:11:54 +0000 2015,https://t.co/2L0UhjG15j #imclive
658658175227449300,Mon Oct 26 14:55:20 +0000 2015,5 stars for #IMCLive! https://t.co/BQ2brsvfIP
638714326216495100,Tue Sep 01 14:05:36 +0000 2015,RT @EricIdle: @Scriven42 @MonkeyCageLive I changed them a little for the live show.
638714316498305000,Tue Sep 01 14:05:34 +0000 2015,RT @Scriven42: OK, I think I got the correct lyrics to @EricIdle's @MonkeyCageLive theme song (LA 2015 version). The ones online all seemed…
635862187903479800,Mon Aug 24 17:12:14 +0000 2015,RT @csareb: "To be confused is an exciting thing. But to desire to remain confused, that's where the disaster arises." ~ @RobinInce via @Mo…
631667257622589400,Thu Aug 13 03:23:04 +0000 2015,RT @SETLISTSHOW: TOMW Th13/8, #EdFringe: @MonkeyCageLive's fast &amp; funny @RobinInce joins us at @SETLISTSHOW LIVE! @StandComedyClub http://t…
629352305779974100,Thu Aug 06 18:04:17 +0000 2015,RT @tristamsparks: "…withholding information is a form of oppression." – @jannalevin on the @monkeycagelive.
628795741662785500,Wed Aug 05 05:12:41 +0000 2015,RT @johnbhoy61: #Podcast of the week Loving the US episodes of @MonkeyCageLive from bbc radio 4 Much science and fun Makes U think 📟 http:/…
626475632143130600,Wed Jul 29 19:33:24 +0000 2015,RT @zort70: The ep of @MonkeyCageLive from LA about movie science, was as perfect as it gets, apart from being too short, nice #LOST refere…
623952954102517800,Wed Jul 22 20:29:11 +0000 2015,RT @Satiristas: NewSeason of "Infinite @MonkeyCageLive" features @LisaLampanelli  @joerogan  @EricIdle @GregProops &amp; @PaulProvenza http://t…
622417498273644500,Sat Jul 18 14:47:50 +0000 2015,RT @Satiristas: "New Season of Infinite @MonkeyCageLive  Features @PaulProvenza @LisaLampanelli  @gregproops @joerogan @EricIdle..." http:/…
621705124692521000,Thu Jul 16 15:37:07 +0000 2015,The week in radio – Houndsounds; Self-Service Nation; The Infinite Monkey Cage USA Tour http://t.co/wIen8F5DAg
621352127546441700,Wed Jul 15 16:14:26 +0000 2015,RT @WestBethEnt: "All New Season of The Infinite Monkey Cage Features @LisaLampanelli  @joerogan  @EricIdle &amp; @PaulProvenza " http://t.co/W…
620684176862285800,Mon Jul 13 20:00:14 +0000 2015,We were one of their favorite podcasts over at @TheAVClub this week! Have you listened yet? LA show went live today http://t.co/sRDD3qaAvs
620652446558240800,Mon Jul 13 17:54:09 +0000 2015,The podcast of our US tour show in LA (Science Fact V Science Fiction) is online! http://t.co/IeJ6vui6Xj #imclive
620610445246902300,Mon Jul 13 15:07:15 +0000 2015,RT @WestBethEnt: The week in radio – Houndsounds; Self-Service Nation; The Infinite Monkey Cage USA Tour http://t.co/GO9kRbkzts #IMCLive
618538801758105600,Tue Jul 07 21:55:16 +0000 2015,RT @andrealimjoco: Best thing that happened today. @MonkeyCageLive NYC tour. http://t.co/eVjpdE9nNV @ProfBrianCox @robinince @BillNye
618080574524256300,Mon Jul 06 15:34:27 +0000 2015,The US tour podcasts start airing today! NYC show airing right now- Check in every Monday this month for a new one! http://t.co/3tY3fZx7G5
617021067517890600,Fri Jul 03 17:24:20 +0000 2015,RT @SheyMouse: New series of @MonkeyCageLive @themonkeycage starts next week! Awesome! Catch up on every episode ever here:  http://t.co/u8…
616697935925919700,Thu Jul 02 20:00:20 +0000 2015,It’s almost that time! The Infinite Monkey Cage US Tour podcasts start coming out next Monday, July 6th starting with the NYC show!
614657919867555800,Sat Jun 27 04:54:02 +0000 2015,RT @CumbyForest: Some light scientific listening about #biodiversity &amp; #conservation with @MonkeyCageLive...  http://t.co/mOi5d5qdmU
613732913994199000,Wed Jun 24 15:38:23 +0000 2015,RT @SheyMouse: Just started listening to @MonkeyCageLive from the first series. It started well and got better and better. http://t.co/kZM1…
611244945081503700,Wed Jun 17 18:52:05 +0000 2015,If you could see any comedian sit on the #IMCLive panel, who would it be?
608682653684912100,Wed Jun 10 17:10:28 +0000 2015,Don't forget to subscribe to the podcast to hear all of the #IMCLive shows! https://t.co/zlWCOerxKN
607005846552383500,Sat Jun 06 02:07:26 +0000 2015,@InnateBeast Yes!
606695075545022500,Fri Jun 05 05:32:32 +0000 2015,@chris_bradshaw @LisaLampanelli @TimmyDaly @BillNye It was! Coming to the podcast this month :)
606486677935292400,Thu Jun 04 15:44:26 +0000 2015,#ThrowbackThursday to #IMCLive in NYC! #tbt Featuring @TimmyDaly @LisaLampanelli @BillNye and more! http://t.co/aeVuMNR3cZ
603272218941005800,Tue May 26 18:51:19 +0000 2015,The live shows will hit the radio and podcast this June - make sure to subscribe!  Learn more here: http://t.co/CzsEPsp7BW
601035106753630200,Wed May 20 14:41:50 +0000 2015,.@robinince also has a fantastic @TEDTalks! Check it out: https://t.co/HBklHWPxIg
598200811378896900,Tue May 12 18:59:22 +0000 2015,Have you seen @ProfBrianCox​ on @TEDTalks? Watch Brian’s talk here: http://t.co/CKqOi6znsd
595986323292426200,Wed May 06 16:19:47 +0000 2015,Reminder: the live shows from the US will be on the podcast this June - we can't wait for everyone to hear them! #IMCLive
593105010994581500,Tue Apr 28 17:30:28 +0000 2015,We're curious - did you see #IMCLive before listening to the podcast, or had you already heard our podcast? #Research
590952318033625100,Wed Apr 22 18:56:26 +0000 2015,When you were a kid, what was the biggest scientific question you had?
588438059101737000,Wed Apr 15 20:25:40 +0000 2015,Are there any topics you'd like to see #IMCLive address on stage?
585878650190463000,Wed Apr 08 18:55:29 +0000 2015,FAQ: The #IMCLive US shows will be on the BBC radio show and podcast this June. We can't wait for you to hear them!
583286654737227800,Wed Apr 01 15:15:50 +0000 2015,@clubmandan Yes - in June!
583282155444392000,Wed Apr 01 14:57:57 +0000 2015,Keep up with The Infinite Monkey Cage​ via podcast here: http://t.co/QkAjN3uyxP
583277734262104000,Wed Apr 01 14:40:23 +0000 2015,RT @hct_gm: Hilarious! "Eric Idle performs new theme song for @themonkeycage" https://t.co/nBV7odIHlx #LHC @ProfBrianCox @robinince @Monkey…
580956226013552600,Thu Mar 26 04:55:32 +0000 2015,RT @Mediabrain99: @TimmyDaly thanks for pointing me to IMC. I think it will help me rethink my own media &amp; Brain creative science.
580816120006987800,Wed Mar 25 19:38:48 +0000 2015,OK, America - that was fun - where to next? City recommendations are welcome! #IMCLive
580546330617094100,Wed Mar 25 01:46:45 +0000 2015,@mattolicious @robinince @ProfBrianCox Will be on the podcast this June!
578618568457216000,Thu Mar 19 18:06:31 +0000 2015,RT @neonmuse: It was one week ago today that @EricIdle and the Cheeky Monkeys made their auspicious debut at @MonkeyCageLive!   https://t.c…
578281129956020200,Wed Mar 18 19:45:39 +0000 2015,Did you hear @ProfBrianCox​ talk about #IMCLive on the @nerdist ​ podcast? Listen here: http://t.co/NfM208aV8X
577883748273954800,Tue Mar 17 17:26:36 +0000 2015,We hope everyone enjoyed the shows in NYC, Chicago, LA, and San Francisco!  We can't wait to come back to the US. #IMCLive
577242242974384100,Sun Mar 15 22:57:30 +0000 2015,@Kryptonite727 @ProfBrianCox @robinince So glad you enjoyed it! @WestBethEnt brought the show here - follow them for more on future events!
577163289341399000,Sun Mar 15 17:43:46 +0000 2015,@BiffsWerd @GregProops @joerogan This June!
577162601685246000,Sun Mar 15 17:41:02 +0000 2015,RT @neonmuse: Jeff Lynne, @EricIdle and @JeffBryanDavis rehearsing the Infinite Monkey Cage theme song at @monkeycagelive: https://t.co/iwQ…
577162237565100000,Sun Mar 15 17:39:35 +0000 2015,RT @Cliterati1: 'Infinite Monkey Cage Live’ review: Intelligent life found - http://t.co/5jPoBBm2Fv (cc @robinince)
576817584525459500,Sat Mar 14 18:50:03 +0000 2015,RT @chasethestars: World's sexiest #physicist, @ProfBrianCox, as seen from front row center. @MonkeyCageLive … http://t.co/UpANwjm59o http:…
576813383179071500,Sat Mar 14 18:33:21 +0000 2015,RT @aidano: Was entertained and schooled at @monkeycagelive last night http://t.co/DI7eQcSzFB
576811478956830700,Sat Mar 14 18:25:47 +0000 2015,RT @chasethestars: The other #British thing I did yesterday - @MonkeyCageLive #SFIMC http://t.co/0vPewEHEua http://t.co/UHvzcnP1IK
576781100606951400,Sat Mar 14 16:25:05 +0000 2015,RT @cosmicgenome: Enjoy @EricIdle &amp; Jeff Lynne’s live version at @monkeycagelive? Be sure to watch the original with the CG puppets! http:/…
576780967152656400,Sat Mar 14 16:24:33 +0000 2015,RT @robinince: thanks to @GregProops @PaulProvenza @carolynporco and @SethShostak who beautifully brought our USA tour to a close last night
576665068101861400,Sat Mar 14 08:44:00 +0000 2015,RT @ed_lea: If there's one thing I learnt today, it's that I need to buy a rubber hand to tickle. Thanks @robinince @ProfBrianCox http://t.…
576649271371509800,Sat Mar 14 07:41:14 +0000 2015,@pleakhouse @ProfBrianCox This June!
576596405613142000,Sat Mar 14 04:11:10 +0000 2015,@WoodsJamesWoods June!
576596375187644400,Sat Mar 14 04:11:03 +0000 2015,RT @karabaic: He means Key &amp; Peele RT @PaulProvenza: The Martin &amp; Lewis of science, @robinince and @ProfBrianCox. @MonkeyCageLive http://t.…
576596307558723600,Sat Mar 14 04:10:47 +0000 2015,RT @PaulProvenza: The Martin &amp; Lewis of science, @robinince and @ProfBrianCox. @MonkeyCageLive http://t.co/FwKWqRwLKy
576596284309659600,Sat Mar 14 04:10:41 +0000 2015,RT @PaulProvenza: Waiting to go on @MonkeyCageLive and watching the brilliant @robinince just KILLING the #SanFrancisco crowd.. http://t.co…
576596199362441200,Sat Mar 14 04:10:21 +0000 2015,@JamesLewendon One - to hire the production team ;)
576596122950635500,Sat Mar 14 04:10:03 +0000 2015,RT @broshar: @MonkeyCageLive at #sfimc with dear friends, astrophysicist and psychiatrist. He asks @abroshar "what is Twitter?" http://t.co…
576595728568606700,Sat Mar 14 04:08:28 +0000 2015,RT @monica_ricci: Ready, set, go! @MonkeyCageLive http://t.co/HePrDADTl4
576595588348772400,Sat Mar 14 04:07:55 +0000 2015,RT @carolynporco: Are you ready??!! @MonkeyCageLive http://t.co/iy29TKB8XI
576493460691238900,Fri Mar 13 21:22:06 +0000 2015,RT @SMB06: All tickets sold out for @MonkeyCageLive. Let's see if we can use power of Twitter. Looking for 1 ticket Pls RT @carolynporco @P…
576493418135826400,Fri Mar 13 21:21:56 +0000 2015,RT @ChanteneVaughn: @MonkeyCageLive and a special performance by @EricIdle best known as lead singer of the Cheeky Monkeys, of course. http…
576466666332258300,Fri Mar 13 19:35:38 +0000 2015,RT @carolynporco: On tarmac at LAX. Had to wait for Airforce One to the take off. Now on way to SF for @MonkeyCageLive show in SanFran w/ @…
576466092996083700,Fri Mar 13 19:33:21 +0000 2015,RT @PaulProvenza: Man @robinince &amp; @ProfBrianCox make science funny and sexy. Not necessarily in that order. @MonkeyCageLive http://t.co/ha…
576465989078016000,Fri Mar 13 19:32:56 +0000 2015,RT @PaulProvenza: Fantastic @MonkeyCageLive show tonight in LA! Can't wait for SF on Fri. @robinince @ProfBrianCox @joerogan @EricIdle http…
576465791920554000,Fri Mar 13 19:32:09 +0000 2015,RT @deveshverma: Thanks for the awesome panel @MonkeyCageLive! Pls come back to drop knowledge again sooner than later :P http://t.co/5Z1Qk…
576465763512512500,Fri Mar 13 19:32:02 +0000 2015,RT @DuchessOf90068: Had a blast at @MonkeyCageLive tonight! Incredible panel.Thank you! (Way to duck out of my only photo @ProfBrianCox ) h…
576465712476225500,Fri Mar 13 19:31:50 +0000 2015,@lizlandau thanks for joining us!
576465357977817100,Fri Mar 13 19:30:26 +0000 2015,RT @the_girlwhocan: I'm SO ready for @MonkeyCageLive in LA #LAIMC http://t.co/CSu2122ak5
576195934415118340,Fri Mar 13 01:39:50 +0000 2015,RT @WestBethEnt: Soundcheck at #IMCLive in LA! Who's excited? https://t.co/U40KQX2Wbs
576194936967671800,Fri Mar 13 01:35:52 +0000 2015,RT @JayMutzafi: Haven’t been this excited for a show since going to see @timminchin.  Physicists &amp; comedians at @MonkeyCageLive! 🐒 http://t…
576192140298027000,Fri Mar 13 01:24:46 +0000 2015,RT @robinince: don't forget if you have a question for LA show tonight, tweet @MonkeyCageLive and add at the end  #LAIMC
576180798992330750,Fri Mar 13 00:39:42 +0000 2015,RT @WestBethEnt: Backstage at #IMCLive! https://t.co/EMRU4LOhYF
576168528237223940,Thu Mar 12 23:50:56 +0000 2015,RT @robinince: 48 hours of USA tour left, just time enough to fit in a show in LA and one in San Francisco
576167949993660400,Thu Mar 12 23:48:38 +0000 2015,RT @jonmsutton: Asked librarian for a book on Pavlov's dogs and Schrodinger's cat. She said it rang a bell, but couldn't say if it was ther…
576163004665966600,Thu Mar 12 23:28:59 +0000 2015,LA—we have a few tickets left at the box office if you’d like to join us last minute! #IMCLive
576095462203215900,Thu Mar 12 19:00:36 +0000 2015,Tonight's the night, LA!  There are a few tickets left, get yours here: http://t.co/U4Pdbo1usa #IMCLive
576094523924848640,Thu Mar 12 18:56:52 +0000 2015,RT @ProfBrianCox: @brucepartington @monkeycagelive @ericidle @jeffbryandavis Might be :-)
576094518136692740,Thu Mar 12 18:56:51 +0000 2015,RT @BrucePartington: @ProfBrianCox @MonkeyCageLive @EricIdle @JeffBryanDavis Is that Jeff Lynne on the right?
576094485815390200,Thu Mar 12 18:56:43 +0000 2015,RT @ProfBrianCox: At @MonkeyCageLive we like up and coming bands - I think these lads might have a future @EricIdle @JeffBryanDavis http://…
576094420476514300,Thu Mar 12 18:56:27 +0000 2015,@MostlyPhysics @ProfBrianCox @joerogan @seanmcarroll This June!
576094071862755300,Thu Mar 12 18:55:04 +0000 2015,RT @Nigel_Street: I’ve got my tickets to @MonkeyCageLive Who’s coming with me?    #science #comedy #reality #IMCLive
576093960248139800,Thu Mar 12 18:54:38 +0000 2015,@ShamRoKz_ @ProfBrianCox @joerogan Posted to the podcast this June
576093874768232450,Thu Mar 12 18:54:17 +0000 2015,@JUDgY85 @ProfBrianCox Yes, this June
575779516930482200,Wed Mar 11 22:05:08 +0000 2015,@Millertime1976 @ProfBrianCox Yes, this June.
575779483975819260,Wed Mar 11 22:05:01 +0000 2015,@IlbergLuna @ProfBrianCox This June on BBC 4.
575779434973782000,Wed Mar 11 22:04:49 +0000 2015,@Marqueetom @ProfBrianCox Yes! http://t.co/U4Pdbo1usa
575779394310029300,Wed Mar 11 22:04:39 +0000 2015,@charliemarshall @ProfBrianCox @robinince Our KALLAX is our friend. Like TOR in #Interstellar.
575778977270394900,Wed Mar 11 22:03:00 +0000 2015,@lowerauxiliary @ProfBrianCox (It’s only happening live in the US right now.)
575778922002059260,Wed Mar 11 22:02:47 +0000 2015,@lowerauxiliary @ProfBrianCox It will air in the UK this June.
575778864598806500,Wed Mar 11 22:02:33 +0000 2015,@garyrussell_ @ProfBrianCox @joerogan It is - come see for yourself! http://t.co/U4Pdbo1usa
575778749024698400,Wed Mar 11 22:02:05 +0000 2015,@mday8 @ProfBrianCox It’s all over Facebook - on Brian’s page, and here: https://t.co/BlQYB4Mbd6
575778628690178050,Wed Mar 11 22:01:37 +0000 2015,@hum_annoyed @ProfBrianCox This June!
575763392167874560,Wed Mar 11 21:01:04 +0000 2015,#IMCLive in SF is sold out, but there are still tickets available for tomorrow’s show in LA, get yours here: http://t.co/U4Pdbo1usa
575762720169070600,Wed Mar 11 20:58:24 +0000 2015,@IanRobinson They are! Out this June.
575762591932358660,Wed Mar 11 20:57:53 +0000 2015,RT @PaulProvenza: #SF Fri Mar13 I'm w/ @RobinInce @ProfBrianCox @GregProops &amp; more for LIVE perf of @BBCRadio4's @MonkeyCageLive: https://t…
575761265110446100,Wed Mar 11 20:52:37 +0000 2015,@OLaery @ProfBrianCox @robinince @joerogan Yes!
575761238652764160,Wed Mar 11 20:52:31 +0000 2015,@jamesboxwriter @ProfBrianCox @robinince Sorry, no time for meet-and-greets, but we will take questions!
575760312646955000,Wed Mar 11 20:48:50 +0000 2015,RT @ProfBrianCox: The overdressed @robinince arrives in LA for @MonkeyCageLive http://t.co/WtSUzGv8Fv
575759663481909250,Wed Mar 11 20:46:15 +0000 2015,RT @petersagal: @ProfBrianCox @MonkeyCageLive They're called gastroliths, Brian. Do try to keep up.
575759650517286900,Wed Mar 11 20:46:12 +0000 2015,RT @ProfBrianCox: Thank you to all who came to @MonkeyCageLive in Chicago last night. I didn't know some dinosaurs intentionally swallowed …
575759050832486400,Wed Mar 11 20:43:49 +0000 2015,RT @WestBethEnt: #IMCLive is ready for you, LA! https://t.co/Pe1xVGU48x
575755149383233540,Wed Mar 11 20:28:19 +0000 2015,RT @SpaceInvaderAsh: Such a privilege too see such talent! @robinince @themonkeycage @MonkeyCageLive @ProfBrianCox #chimc #IMClive http://t…
575755110594265100,Wed Mar 11 20:28:10 +0000 2015,RT @MarkyRoden: .@monkeycagelive  Thanks for the evening :)  #pigletSquid http://t.co/seMqr3GpJu
575754622507348000,Wed Mar 11 20:26:13 +0000 2015,RT @SeanBernardino: What an awesome show. #CHIMC @MonkeyCageLive @ProfBrianCox http://t.co/lH3HSXEyQm
575754590831927300,Wed Mar 11 20:26:06 +0000 2015,RT @astrodad: Great evening at @MonkeyCageLive Chicago. #CHIMC (@ Athenaeum Theatre in Chicago, IL) https://t.co/9liDL73qfU http://t.co/GDL…
575754180738048000,Wed Mar 11 20:24:28 +0000 2015,RT @SeanBernardino: Great seat and all set to watch @MonkeyCageLive #CHIMC http://t.co/994CwU5kOX
575694959812157440,Wed Mar 11 16:29:08 +0000 2015,RT @robinince: .@seanmcarroll is one of our guests in LA, here is his excellent blog http://t.co/kMPhDAbBuM
573932216977350660,Fri Mar 06 19:44:38 +0000 2015,RT @TimmyDaly: Humans!!! I had a great time at @MonkeyCageLive last night w/@profbriancox &amp; @RobinInce! #IMCLive Thx @WestBethEnt! http://t…
573928220514451460,Fri Mar 06 19:28:45 +0000 2015,RT @ThespianPuppets: @MonkeyCageLive @ProfBrianCox @BillNye #NYU #science #ilovescience http://t.co/gYo7nIg76g
573928120543244300,Fri Mar 06 19:28:21 +0000 2015,RT @gregory_benton: @ProfBrianCox @robinince @jannalevin @LisaLampanelli @BillNye @TimmyDaly @MonkeyCageLive My take away from #nyimc http:…
573928064436076540,Fri Mar 06 19:28:08 +0000 2015,RT @Anglonerd: Recap: The Infinite Monkey Cage Live, NYC @themonkeycage @monkeycagelive http://t.co/jOpAyWo9RD
573927771291975700,Fri Mar 06 19:26:58 +0000 2015,RT @charlesblack: Brilliant first US @MonkeyCageLive last night in New York http://t.co/JByeyAgD4u
573927608368394240,Fri Mar 06 19:26:19 +0000 2015,RT @gaylgordon: first one in the bag @MonkeyCageLive good fun @robinince @ProfBrianCox Chicago next http://t.co/dEuq0uR9b9
573927450092179460,Fri Mar 06 19:25:41 +0000 2015,RT @ProfBrianCox: Thank you all for making us feel so welcome in New York at @MonkeyCageLive - very very enjoyable. And the stars have fina…
573927170000744450,Fri Mar 06 19:24:35 +0000 2015,RT @juliateitel: .@MonkeyCageLive highlights: @BillNye's dinosaur arms, @neiltyson Skyping in, &amp; @ProfBrianCox's amazing "You're here becau…
573927147288576000,Fri Mar 06 19:24:29 +0000 2015,RT @KristinaHoffman: Skyping with Neil deGrasse Tyson, normal Thursday @monkeycagelive @ Skirball Center for the… https://t.co/5Tw1b29vBr
573926872570069000,Fri Mar 06 19:23:24 +0000 2015,RT @Cake_Tease: Fantastic! @ProfBrianCox and @BillNye skyping with @neiltyson for @MonkeyCageLive! IFLScience! http://t.co/FStVdelEzM
573924788281983000,Fri Mar 06 19:15:07 +0000 2015,THANK YOU NEW YORK!!!  Check out the @WestBethEnt Instagram for some behind-the-scenes photos. https://t.co/8BnxR4Kyra #IMCLive
573641990522433540,Fri Mar 06 00:31:22 +0000 2015,Follow @WestBethEnt on Twitter and Instagram for behind the scenes pics of #IMCLive
573641553194975200,Fri Mar 06 00:29:38 +0000 2015,RT @WestBethEnt: Tech rehearsal for #IMCLive! https://t.co/XfUdwzuRgp
573575577174695940,Thu Mar 05 20:07:28 +0000 2015,RT @petersagal: @JacobOrin @MonkeyCageLive I hope you enjoy it! I'm going to be there Saturday though. Which is when the show is.
573575095744139260,Thu Mar 05 20:05:33 +0000 2015,Hi, all! Just to make it clear - the monkeys even play in the snow! The show in NYC is ON tonight!
573574985756835840,Thu Mar 05 20:05:07 +0000 2015,@nabhilash @ProfBrianCox We’re definitely on!
573574929024741400,Thu Mar 05 20:04:54 +0000 2015,RT @JacobOrin: @monkeycagelive @petersagal Coming to Friday's show! Why do paleontologists love the food samples at Costco? bc they're tria…
573495018129899500,Thu Mar 05 14:47:22 +0000 2015,RT @LisaLampanelli: Can't wait!!! RT @MonkeyCageLive  - @TimmyDaly &amp; @LisaLampanelli will be joining us for #IMCLive in NYC - &amp; we're sold …
573264913784840200,Wed Mar 04 23:33:00 +0000 2015,@MuchandHousePR @missmayim She is no longer able to participate the show.
573264786399617000,Wed Mar 04 23:32:30 +0000 2015,RT @robinince: @mnguyen9707 @MonkeyCageLive @ProfBrianCox we are all sitting together , planning
573220511158837250,Wed Mar 04 20:36:34 +0000 2015,Did you know that @TimmyDaly &amp; @LisaLampanelli will be joining us for #IMCLive in NYC? We hope you have your tickets because we're sold out!
573220106425278460,Wed Mar 04 20:34:57 +0000 2015,Read the latest about #IMCLive on The @Verge! http://t.co/XthCVlsbwu
573205614006022140,Wed Mar 04 19:37:22 +0000 2015,RT @ProfBrianCox: I knew New York was a liberal kind of town, but I'm not sure what I'm supposed to make of this http://t.co/uAKMvElUT6
573205264012337150,Wed Mar 04 19:35:59 +0000 2015,RT @AthenaeumTheatr: @JuliaSweeney  joining the @MonkeyCageLive panel along with @petersagal this Saturday for Infinite Monkey Cage! @Athen…
573144896896405500,Wed Mar 04 15:36:06 +0000 2015,RT @EricIdle: Looking forward to doing The @MonkeyCageLive on Thursday at The Montalban.  Singing with surprise guest. Some seats may be st…
572832831690416100,Tue Mar 03 18:56:04 +0000 2015,RT @petersagal: Brushing up on my polynomials for this Saturday's @MonkeyCageLive in Chicago. http://t.co/Ju8qsXkPkw
572822861116776450,Tue Mar 03 18:16:27 +0000 2015,RT @LeonardLopate: Happening now: @robinince @ProfBrianCox talk about @MonkeyCageLive and making science accessible through comedy http://t…
572822839369330700,Tue Mar 03 18:16:22 +0000 2015,RT @PaulProvenza: #SF! Do not miss! Mar 13 I'm doing @MonkeyCageLive w @robinince @ProfBrianCox &amp; @gregproops! http://t.co/cJ8Srz4wla
572822712512614400,Tue Mar 03 18:15:51 +0000 2015,@Ian_Cutler We aren’t aure yet - stay tuned!
572822627041079300,Tue Mar 03 18:15:31 +0000 2015,@Emmy4Mayim @missmayim She is no longer able to participate.
572523222131978240,Mon Mar 02 22:25:47 +0000 2015,RT @nytimesarts: ‘Infinite Monkey Cage’ Brings Playful Science Series to U.S. http://t.co/4AJeqr5gqm
572522732333731840,Mon Mar 02 22:23:51 +0000 2015,RT @tahneesaunders: So excited for @MonkeyCageLive this Thursday with @ProfBrianCox and @robinince :D
571397183498362900,Fri Feb 27 19:51:19 +0000 2015,RT @TimmyDaly: HUMANS!!! I'm going to be part of @MonkeyCageLive in NYC next Thurs - get your tics here:  http://t.co/nuxYP2Fi9l
570966534845300740,Thu Feb 26 15:20:04 +0000 2015,RT @juliateitel: Countdown has begun for next week's @MonkeyCageLive in NYC with @robinince, @ProfBrianCox, and @neiltyson! So so excited
570715136169607200,Wed Feb 25 22:41:06 +0000 2015,RT @LisaLampanelli: I'm gonna be a guest at @MonkeyCageLive in NYC Thurs - get your tickets here:  #IMCLive http://t.co/QkvV0C6GYd
570621061303296000,Wed Feb 25 16:27:17 +0000 2015,RT @bayareascience: .@MonkeyCageLive makes its Bay Area debut on 3/13 w/@ProfBrianCox @robinince @SethShostak @carolynporco @GregProops htt…
570286748850372600,Tue Feb 24 18:18:50 +0000 2015,.@PeterSagal​ will be joining us for #IMCLive in Chicago! Check out our full roster of special guests &amp; get tickets: http://t.co/Fa7bEdNybK
569930841931042800,Mon Feb 23 18:44:36 +0000 2015,We've just added @GregProops​ to our roster of special guests - keep checking for even more announcements this month! http://t.co/Fa7bEdNybK
568904844968382460,Fri Feb 20 22:47:39 +0000 2015,RT @petersagal: Very excited to be representing my fellow Young Earth Creationists at this event: http://t.co/76zfH2T3qQ   cc: @Evolutionis…
568525116709027840,Thu Feb 19 21:38:45 +0000 2015,@medtek Thanks for the heads up!
568523288932036600,Thu Feb 19 21:31:29 +0000 2015,@medtek Thanks - here’s the link: http://t.co/jpDgw5ctNs
568484034818539500,Thu Feb 19 18:55:30 +0000 2015,@medtek Thanks - we are, too!
568483960461901800,Thu Feb 19 18:55:12 +0000 2015,RT @medtek: Oh boy, two of my favorite things in March! @MonkeyCageLive with @robinince &amp; @ProfBrianCox (w/ @EricIdle!!) and @PhinFest Whal…
568481307044528100,Thu Feb 19 18:44:40 +0000 2015,@medtek It’s a good house - even the seats far from the stage will have a good view!
568148579996569600,Wed Feb 18 20:42:31 +0000 2015,RT @WingedPupProd: .@MonkeyCageLive​ is coming to NYC, Chicago, LA, and SF this March! Learn more and get your tickets here: http://t.co/iP…
568137447521058800,Wed Feb 18 19:58:17 +0000 2015,Read more about #IMCLive in this blog post from Jerry Coyne aka @EvolutionisTrue: https://t.co/1abYoR5Mqf
567807802664845300,Tue Feb 17 22:08:24 +0000 2015,RT @IRONHEART74: Cant wait for @MonkeyCageLive with @joerogan that's about as perfectly balanced as the universe gets
567772774958370800,Tue Feb 17 19:49:12 +0000 2015,Did you catch @ProfBrianCox​ on the @JoeRogan Experience Podcast​​? Check it out here: http://t.co/RRaVVVX63B #IMCLive
567772456400990200,Tue Feb 17 19:47:56 +0000 2015,RT @kaffeinebuzz: Neil Degrasse Tyson at @SXSW '14 was cool. @Profbriancox &amp; @MonkeyCageLive at #SXSW2015 = over the moon http://t.co/uMyBu…
565624674735108100,Wed Feb 11 21:33:25 +0000 2015,RT @iScienceLuvr: With the awesome #CERN scientist @ProfBrianCox ,lucky to interview &amp; learn from him on @TeamCoco #Conan studio http://t.c…
565624661418184700,Wed Feb 11 21:33:22 +0000 2015,RT @iScienceLuvr: Sis @iCatLuvr bored while @ProfBrianCox &amp; I discuss some #QuantumMechanics #ParticlePhysics questions #ScienceRocks http:…
565624270702010400,Wed Feb 11 21:31:49 +0000 2015,RT @GlennCorpes: Listening to @ProfBrianCox on @joerogan’s podcast. Looking forward to hearing Joe on the Infinite Monkey Cage too
565623207324291100,Wed Feb 11 21:27:36 +0000 2015,.@ProfBrianCox also talked about enraging @DeepakChopra with @ConanOBrien . . . http://t.co/buYKB9ikWl
565622987840552960,Wed Feb 11 21:26:43 +0000 2015,Did you see @ProfBrianCox​ on @TeamCoco with @ConanOBrien last night? He talked about teleportation! http://t.co/6XUrOGh2U4
565618748259053600,Wed Feb 11 21:09:52 +0000 2015,RT @DeepakChopra: . He was not bad for a guy stuck in the 1st  chakra. I'm proud of you Brian ! @ProfBrianCox @DaveMirkin @ConanOBrien @Wes…
565618621796614140,Wed Feb 11 21:09:22 +0000 2015,RT @EricIdle: @ProfBrianCox setting off to do Conan in @DaveMirkin's Tesla....  He's on @ConanOBrien tonight. @WestBethEnt for news http://…
565261026598600700,Tue Feb 10 21:28:25 +0000 2015,RT @nyuskirball: Whoa! @neiltyson and @JannaLevin together in the same place? Only with @MonkeyCageLive this March on our stage! http://t.c…
565230762715541500,Tue Feb 10 19:28:09 +0000 2015,Get the latest scoop on #IMCLive - watch @ProfBrianCox on @TeamCoco with @ConanOBrien​ TONIGHT!
565166483047997440,Tue Feb 10 15:12:44 +0000 2015,RT @SRManagement: Talking all things @MonkeyCageLive @ProfBrianCox joined @joerogan on his podcast - Watch the entire interview here: http:…
564875639728381950,Mon Feb 09 19:57:02 +0000 2015,RT @joerogan: The wise and wonderful @ProfBrianCox joins me on the podcast today at 1pm PT. Rejoice! http://t.co/RQFvBjiJjs
564852319960174600,Mon Feb 09 18:24:22 +0000 2015,RT @ProfBrianCox: Starting the @MonkeyCageLive press day with @kevinandbean this morning - Los Angeles can listen at 106.7FM. #IMCLive
563792013813096450,Fri Feb 06 20:11:05 +0000 2015,@mandydax @robinince @ScienceBlogs @ProfBrianCox Doing the best we can for the meantime - it’s just a start!
563770523617095700,Fri Feb 06 18:45:41 +0000 2015,RT @bestofscience: The Infinite Monkey Cage does a U.S. tour, and has a show in Chicago avec moi: I’ve never listened to the BBC’... http:/…
563770364548112400,Fri Feb 06 18:45:03 +0000 2015,@KellyRenea We’re hoping to! Stay tuned . . . #IMCLive
563769377783558140,Fri Feb 06 18:41:08 +0000 2015,@gailcarriger Did you know that we’re coming to the US with #IMCLive? http://t.co/aFrK5rgJ5z
563769030050607100,Fri Feb 06 18:39:45 +0000 2015,@Dvann562 Did you know we’re coming to LA this March? #IMCLive http://t.co/aFrK5rgJ5z
563768594044313600,Fri Feb 06 18:38:01 +0000 2015,@ScienceBlogs Did you know #IMCLive with @ProfBrianCox &amp; @RobinInce is coming to the US? Learn more here: http://t.co/aFrK5rgJ5z
563768528961286140,Fri Feb 06 18:37:46 +0000 2015,@TheScienceVids Did you know #IMCLive with @ProfBrianCox &amp; @RobinInce is coming to the US? Learn more here: http://t.co/aFrK5rgJ5z
563768441602322400,Fri Feb 06 18:37:25 +0000 2015,@DrScienceCat Did you know #IMCLive with @ProfBrianCox &amp; @RobinInce is coming to the US? Learn more here: http://t.co/aFrK5rgJ5z
563768308286369800,Fri Feb 06 18:36:53 +0000 2015,@BadAstronomer Did you know #IMCLive with @ProfBrianCox &amp; @RobinInce is coming to the US? Learn more here: http://t.co/aFrK5rgJ5z
563768251101224960,Fri Feb 06 18:36:40 +0000 2015,@LiveScience Did you know #IMCLive with @ProfBrianCox &amp; @RobinInce is coming to the US? Learn more here: http://t.co/aFrK5rgJ5z
563768185460383740,Fri Feb 06 18:36:24 +0000 2015,@newscientist Did you know #IMCLive with @ProfBrianCox &amp; @RobinInce is coming to the US? Learn more here: http://t.co/aFrK5rgJ5z
563768072767807500,Fri Feb 06 18:35:57 +0000 2015,@scifri Did you know #IMCLive with @ProfBrianCox &amp; @RobinInce is coming to the US? Learn more here: http://t.co/aFrK5rgJ5z
563767995538087940,Fri Feb 06 18:35:39 +0000 2015,@wiredscience Did you know #IMCLive with @ProfBrianCox &amp; @RobinInce is coming to the US? Learn more here: http://t.co/aFrK5rgJ5z
563767926273355800,Fri Feb 06 18:35:22 +0000 2015,@science Did you know #IMCLive with @ProfBrianCox &amp; @RobinInce is coming to the US? Learn more here: http://t.co/aFrK5rgJ5z
563767855691599900,Fri Feb 06 18:35:05 +0000 2015,@jowens510 Did you know #IMCLive with @ProfBrianCox &amp; @RobinInce is coming to the US? Learn more here: http://t.co/aFrK5rgJ5z
563400048760090600,Thu Feb 05 18:13:33 +0000 2015,@nabhilash We’re not sure what the after-show will look like, but we hope so!
563101487761752060,Wed Feb 04 22:27:11 +0000 2015,@binkytoes Maybe next time! Stay tuned.
563101255766396900,Wed Feb 04 22:26:15 +0000 2015,@binkytoes Thanks for the shoutout!
563101169120452600,Wed Feb 04 22:25:55 +0000 2015,RT @binkytoes: Love science, comedy, &amp; Brits? Easy-ish access to NYC, Chicago, LA, and/or San Francisco? If yes to all, follow @monkeycagel…
563079360354471940,Wed Feb 04 20:59:15 +0000 2015,This week's podcast features @carolynporco​, who will be joining #IMCLive in San Francisco - listen here: http://t.co/QkAjN3uyxP
562699460384682000,Tue Feb 03 19:49:40 +0000 2015,Make sure to keep an eye on the GUESTS page of our site, because we’ll be announcing new additions all month! http://t.co/Fa7bEeElzW
562698309702524900,Tue Feb 03 19:45:06 +0000 2015,Do you have yours yet?! RT @TreeVor7: Just got my tickets for the @MonkeyCageLive show in SF https://t.co/wlSz1JLVuE
562651346219057150,Tue Feb 03 16:38:29 +0000 2015,@_Melliscious_ @thes1lverf0x @ProfBrianCox It’s true! http://t.co/AIFFaeqMXH
562650653617831940,Tue Feb 03 16:35:44 +0000 2015,RT @AtheistAus: Infinite Monkey Cage touring USA - @evolutionistrue tells more (@ProfBrianCox &amp; @robinince, before heading to... http://t.c…
562650317511462900,Tue Feb 03 16:34:23 +0000 2015,@imsayali @robinince @ProfBrianCox @neiltyson Thanks! We’re excited to have you there :)
560465443052593150,Wed Jan 28 15:52:29 +0000 2015,We love this blog post about #IMCLive! http://t.co/KBk10EBpos
560122429725745150,Tue Jan 27 17:09:28 +0000 2015,We’re pretty psyched that @neiltyson is joining us in NYC . . . #IMCLive http://t.co/g0ZOKQagNa
559034200788303900,Sat Jan 24 17:05:14 +0000 2015,We have our stage design! This is what you all might see when you come to a show . . . #IMCLive http://t.co/jSX8BpY8mK
558671741942517760,Fri Jan 23 17:04:57 +0000 2015,RT @julietchen: I want to go to @MonkeyCageLive NYC so badly! @meeri_kim could you go for me? :D http://t.co/FwqLmlmIbI
557934645577531400,Wed Jan 21 16:16:00 +0000 2015,Learn more about @robinince and his views on science and the universe by watching his @TEDTalks piece here: http://t.co/7OUC2bNHKS
557279348609540100,Mon Jan 19 20:52:05 +0000 2015,RT @carolynporco: Hear ye! I'll be joining @ProfBrianCox &amp; @robinince in San Fran on Mar 13 for the 3rd US @themonkeycage Tickets here http…
555460703281492000,Wed Jan 14 20:25:26 +0000 2015,Our guest for #IMCLive in NYC is the one and only @neiltyson! Get your tickets to join us NOW: http://t.co/AIFFaeqMXH http://t.co/z7cKB6yZYs
555056789050621950,Tue Jan 13 17:40:25 +0000 2015,.@robinince has put up a new #IMCLive blog post! Read it here: http://t.co/LIagRfXsSi
552880014535192600,Wed Jan 07 17:30:42 +0000 2015,Did you know that @robinince has been blogging about #IMCLive? Catch up with the blog here: http://t.co/sB2zOIci6f
552878751001092100,Wed Jan 07 17:25:40 +0000 2015,@karohemd @themonkeycage This is just for the US tour, as of right now. Thanks for asking!
552569349354324000,Tue Jan 06 20:56:13 +0000 2015,Recovered from the holidays? Good - time to plan something fun for the new year! Get your tickets to #IMCLive NOW: http://t.co/AIFFaeqMXH
547816324786028540,Wed Dec 24 18:09:24 +0000 2014,Happy Holidays from the #IMCLive team!
545294681878560800,Wed Dec 17 19:09:17 +0000 2014,Did you miss the #IMCLive @reddit_AMA? No problem - read the highlights here: http://t.co/kuLJRQiWr4
544902523140997100,Tue Dec 16 17:10:59 +0000 2014,Happy Hanukkah, everyone! Still looking for a last minute gift? Get tickets to #IMCLive, they might learn something! http://t.co/zqGq9J7mf7
543137483505274900,Thu Dec 11 20:17:21 +0000 2014,Have you read @robinince’s latest #IMCLive blog? Check it out: http://t.co/zlaGaCSovt
542008790049382400,Mon Dec 08 17:32:20 +0000 2014,RT @robinince: @buggs_moran @MonkeyCageLive @ProfBrianCox I love Boston, but this is a mini tour, something of an experiment - hope to come…
539449422556327940,Mon Dec 01 16:02:19 +0000 2014,This is fun! Join @ProfBrianCox &amp; @robinince on their @reddit_AMA here: https://t.co/0dyxVuXW9w
539448647440941060,Mon Dec 01 15:59:14 +0000 2014,RT @reddit_AMA: Join @ProfBrianCox and @robinince for their AMA live now: https://t.co/8KzJXsZ85Y
539448523272781800,Mon Dec 01 15:58:45 +0000 2014,RT @robinince: @ProfBrianCox @EricIdle @MonkeyCageLive @reddit_AMA well don't Skype Eric now, we have to do this Reddit interview, you don'…
539448449046175740,Mon Dec 01 15:58:27 +0000 2014,RT @EricIdle: @MonkeyCageLive @robinince @ProfBrianCox @reddit_AMA Ask him when he's going to Skype me!
539445183981842400,Mon Dec 01 15:45:28 +0000 2014,Guess what? .@ProfBrianCox &amp; @robinince are doing a @reddit_AMA in just a few mins!
539444988036522000,Mon Dec 01 15:44:42 +0000 2014,RT @robinince: that @ProfBrianCox and I are doing a Reddit interview thing at 4pm (GMT) and 11am (ET) - link coming up
537654311699120100,Wed Nov 26 17:09:11 +0000 2014,Get ready, folks! @ProfBrianCox &amp; @robinince are doing a @reddit_AMA on Monday at 11am EST! http://t.co/eJQtxuK570
537349162921386000,Tue Nov 25 20:56:38 +0000 2014,RT @Cmdr_Hadfield: Coming to America, science &amp; humor that'll help you think, w/ @ProfBrianCox  &amp; @robinince. Plan ahead, don't miss it! ht…
535496001784930300,Thu Nov 20 18:12:50 +0000 2014,San Francisco, it's your turn to join the hilarity! Tickets are on sale NOW: http://t.co/ys5nyZk9z3
534765593615147000,Tue Nov 18 17:50:27 +0000 2014,Do you have your tickets to our US tour? Buy yours, and tell your friends to join us! http://t.co/AIFFaeqMXH
533330250005250050,Fri Nov 14 18:46:55 +0000 2014,New York, Chicago, and Los Angeles - tickets are now on sale! Learn more and reserve your seats here: http://t.co/AIFFaeqMXH
532880038249898000,Thu Nov 13 12:57:56 +0000 2014,RT @robinince: for all latest new on USA Monkey Cage tour and that sort of stuff, follow this @MonkeyCageLive
532564226720956400,Wed Nov 12 16:03:00 +0000 2014,What would happen if our very own @ProfBrianCox had to face off with our NYC guest, @neiltyson? http://t.co/jK8s8lKKYJ
532259909220704260,Tue Nov 11 19:53:45 +0000 2014,RT @seanmcarroll: The Infinite Monkey Cage w/@ProfBrianCox and @robinince is coming to LA on March 12, and I'll be part of it. Fun! http://…
532232327368560640,Tue Nov 11 18:04:09 +0000 2014,RT @themonkeycage: Hello America.  we are coming to see you in March, do come and see us!  Tix here http://t.co/sH8gLLvoMi  show will air o…
532228069231427600,Tue Nov 11 17:47:14 +0000 2014,Read about our first US tour on @Chortle! http://t.co/XRzk2LPSXL
531931878107140100,Mon Nov 10 22:10:17 +0000 2014,RT @robinince: New York, Chicago, LA and San Francisco - tickets for Monkey Cage US tour are now on sale http://t.co/MGH0NK38Zn @ProfBrianC…
531855589643943940,Mon Nov 10 17:07:08 +0000 2014,RT @robinince: and here is first US live Monkey Cage blog - on the problems and joys of curiosity http://t.co/5pCHk4bi6x @ProfBrianCox will…
531854324792819700,Mon Nov 10 17:02:07 +0000 2014,RT @ProfBrianCox: The Infinite Monkey Cage bid to take over the USA, launched by @robinince http://t.co/EABwn6GCAS - live dates in March. @…
531846437450305540,Mon Nov 10 16:30:46 +0000 2014,RT @themonkeycage: the pre-sale is on now for our American tour.  NY, Chicago, LA and Sanfran with some amazing guests! code: SCIENCE15 htt…
531846036688756740,Mon Nov 10 16:29:11 +0000 2014,RT @themonkeycage: USA we are comeing to get you!  Heading to a city near you, we hope, March 2015.  come and see us! http://t.co/AtdNH5lS6B
531845816349372400,Mon Nov 10 16:28:18 +0000 2014,The pre-sale for the US tour begins TODAY at 10am in your local time zone. To buy tickets, use code SCIENCE15 here: http://t.co/CXOfYUuvlA
531845478577889300,Mon Nov 10 16:26:57 +0000 2014,Looks like the cat is out of the box . . . the monkey is out of the cage . . . The Infinite Monkey Cage is coming to the US this spring!
