id,created_at,text
1228269266912317400,Fri Feb 14 10:46:28 +0000 2020,When u spot the tiger on ur own and he obliges u with just enough time to click a few pics.Visit to kanha was outst… https://t.co/nXzMeOkHcA
1222130348768653300,Tue Jan 28 12:12:35 +0000 2020,Want to know what keeps me going? Watch to see my secret mantra to get the best out of urself. You get out what you… https://t.co/D1ollpQAl0
1213821025982521300,Sun Jan 05 13:54:18 +0000 2020,Snow brings the best out of her ziva_singh_dhoni https://t.co/9Z67wCI9R2
1206544614405968000,Mon Dec 16 12:00:27 +0000 2019,Blast from the past.when u turn the table and ask the director to deliver the dialogue specially when she keeps say… https://t.co/AL3nhpiZ3X
1187308369314340900,Thu Oct 24 10:02:29 +0000 2019,A little help always goes a long way specially when u realise it’s a big vehicle https://t.co/BTjr8qDtYK
1181196411406147600,Mon Oct 07 13:15:44 +0000 2019,Ziva was like why is he wearing my glasses then she goes upstairs to find hers and finally says my glasses r with m… https://t.co/hCT5W1uO5n
1176455468614672400,Tue Sep 24 11:16:55 +0000 2019,Wen U know what’s coming and start the camera and u get it in the nxt 1min, sorry for the bad light but it’s the li… https://t.co/QDmMw5OCen
1125327309949390800,Mon May 06 09:11:52 +0000 2019,Use your Power https://t.co/YAA9IlkwVF
1115836014759694300,Wed Apr 10 04:36:51 +0000 2019,After getting used to IPL timing this is what happens if u have a morning flight https://t.co/3zWrBEWYob
1109806936097210400,Sun Mar 24 13:19:27 +0000 2019,Just posted a video https://t.co/shFkwyluls
1079353203966251000,Sun Dec 30 12:27:11 +0000 2018,As a kid whenever v got sand this was one thing v would do for sure https://t.co/EACnXxA34T
1074959363662594000,Tue Dec 18 09:27:38 +0000 2018,Were you wondering who the mystery icon panerai_india, @PaneraiOfficial and panerai_me were referring to? Guess no… https://t.co/iRTSH8W8yH
1069238775803494400,Sun Dec 02 14:36:04 +0000 2018,Even better when we are dancing https://t.co/oyaPXOqVvo
1066337029041127400,Sat Nov 24 14:25:33 +0000 2018,Greetings in two language https://t.co/C8uMUTEdZE
1065916058475749400,Fri Nov 23 10:32:46 +0000 2018,Ziva’s bugs bunny zivasinghdhoni006 https://t.co/1MLbleV52y
1050663337464291300,Fri Oct 12 08:23:54 +0000 2018,Great weather and Pubg.This headset feels so comfortable, I could wear it all day. Check out @soundlogic.in's Voice… https://t.co/LW2fqHeWc2
1032895627825475600,Fri Aug 24 07:41:22 +0000 2018,A bit of hugging,training, catching practice and getting unconditional love in return.priceless https://t.co/cvslzWHWYI
1031850530421854200,Tue Aug 21 10:28:31 +0000 2018,Very smart https://t.co/TijnaoXVoE
1028515192869728300,Sun Aug 12 05:35:05 +0000 2018,With 3 waterfalls around Ranchi, v cd do this whenever v wanted but now to do something like this after more than 1… https://t.co/F76dHPmfiD
1024265842568167400,Tue Jul 31 12:09:41 +0000 2018,Just for fun, plz try it at home. https://t.co/I2SzMEW1kx
1015620157790675000,Sat Jul 07 15:34:49 +0000 2018,This is what happens when u keeping bossing around for the whole year and finally youngsters get a chance to give i… https://t.co/Z88FiLdrqR
1015205989342236700,Fri Jul 06 12:09:04 +0000 2018,Just posted a video https://t.co/Ty55yARASS
1015204947049271300,Fri Jul 06 12:04:55 +0000 2018,Very excited to bring you guys a special treat on my birthday! Take part in the #flashsale of @SoundlogicIndia new… https://t.co/7hPFPLEKvn
1004301257031417900,Wed Jun 06 09:57:33 +0000 2018,Morning walk with the pack.i think Sam knows she… https://t.co/Uvar79juwW
1000829789652111400,Sun May 27 20:03:11 +0000 2018,Thanks everyone for the support and Mumbai for… https://t.co/sPeGXtnczH
998613685126905900,Mon May 21 17:17:10 +0000 2018,Ziva gives me company for the last walk to the… https://t.co/D321TauRhN
990525045188390900,Sun Apr 29 09:35:48 +0000 2018,Dances better than the father atleast https://t.co/psg7LcTUdM
989442575013642200,Thu Apr 26 09:54:27 +0000 2018,Game over, had a nice sleep now back to Daddy’s  duties https://t.co/WMTqcG7SoQ
985808741214941200,Mon Apr 16 09:14:54 +0000 2018,When Ziva wanted to give a hug to papa during the match https://t.co/7f7qvsnqpG
985069589955412000,Sat Apr 14 08:17:46 +0000 2018,Shooting gun is much more fun than shooting ads https://t.co/r7L2FyJJZD
981057947034898400,Tue Apr 03 06:36:56 +0000 2018,An honour to get the Padma Bhushan and receiving it in Uniform increases the excitement ten… https://t.co/VyvTd0gEQg
973429767927226400,Tue Mar 13 05:25:16 +0000 2018,Fun time with the family https://t.co/Ot2LHriLCW
973214550353895400,Mon Mar 12 15:10:04 +0000 2018,Still some time for the tournament to start but as expected a brilliant campaign to kick it off @IPL… https://t.co/5ax7CBCm20
936575716170203100,Fri Dec 01 12:40:26 +0000 2017,Just posted a photo https://t.co/jDk6V4bncI
930427923588202500,Tue Nov 14 13:31:18 +0000 2017,ZOYA(Dutch shepherd) does some training and LILY(husky) does the cheering job https://t.co/GbhEXMbZhN
919449144690819100,Sun Oct 15 06:25:33 +0000 2017,Attack on besan ka laddoo https://t.co/Dr30MkRRbX
888000636729647100,Thu Jul 20 11:40:24 +0000 2017,1st store of SEVEN opens at my hometown RANCHI. So much love and affection from the people had… https://t.co/nCtBKDIn3F
834223245255700500,Wed Feb 22 02:08:15 +0000 2017,Just posted a photo https://t.co/OM3iPrGaWV
832466800310833200,Fri Feb 17 05:48:46 +0000 2017,Just posted a video https://t.co/iGYP7BUbTW
831528488423219200,Tue Feb 14 15:40:15 +0000 2017,Just posted a video https://t.co/u3Stx7rjDi
824525826490146800,Thu Jan 26 07:54:10 +0000 2017,I really missed this a lot on this year's Republic day parade but the shoes were duly filled by the NSG Commandos. https://t.co/P6QzTeOX8L
824520023293231100,Thu Jan 26 07:31:07 +0000 2017,https://t.co/GUR6Fe94SO                                       No words can do https://t.co/hFTQjqP7wz this tribute to an outstanding soldier
807123802870190100,Fri Dec 09 07:24:44 +0000 2016,Just posted a photo https://t.co/7X7kvw9Plf
781424396942450700,Thu Sep 29 09:24:29 +0000 2016,RT @adgpi: Statement by DGMO #IndianArmy on 29 Sep 16 https://t.co/ckYOApWcHQ
780278657315024900,Mon Sep 26 05:31:43 +0000 2016,Just posted a photo https://t.co/pT7U2TyAO5
766108791607820300,Thu Aug 18 03:05:44 +0000 2016,Great comeback by Sakshi Malik 2 win our 1st medal in Rio.determination and self belief r the key for a performance like this.congratulation
765213419477663700,Mon Aug 15 15:47:50 +0000 2016,RT @NorthernComd_IA: #JKOps Update Uri Ops. Total five terrorists killed. Two soldiers injured; evacuated and stable. Op continues. @adgpi
763760470465601500,Thu Aug 11 15:34:20 +0000 2016,As I walked the path, the journey became my life. Here's a glimpse of it. https://t.co/tNaMmQosSa
755021134987456500,Mon Jul 18 12:47:20 +0000 2016,Team SPORTSFIT Lucknow.Nice to visit our first franchise.an hr of gym and fun with the members and management https://t.co/zLrJEs9QG0
754905307843797000,Mon Jul 18 05:07:05 +0000 2016,Long travel day ahead https://t.co/B2iVnNpqNu
754374005755437000,Sat Jul 16 17:55:53 +0000 2016,Saw a full mch of boxing after yrs.thks @boxervijender for mkg INDIA proud,it's just the start ur hrd wrk,dedication and sacrifice paid off
751121522002198500,Thu Jul 07 18:31:40 +0000 2016,What could be the best way to celebrate my birthday,planted the 1st and very spl tree at the farm house KAILASHPATI https://t.co/QQ3DpDCCk1
751120259227189200,Thu Jul 07 18:26:39 +0000 2016,Thanks to all for ur lovely birthday wishes,it really means a lot.with god's blessing I could celebrate my birthday along with EID.
748767533679816700,Fri Jul 01 06:37:46 +0000 2016,Cngrts to IAF on their latest warbirds and every1 who were part of the project indeed a very proud moment for INDIA https://t.co/de6YANPzqE
745892660506988500,Thu Jun 23 08:14:02 +0000 2016,Just got served this during breakfast.thanks guys https://t.co/itK7Eewo0j
743520736518737900,Thu Jun 16 19:08:52 +0000 2016,RT @IndiainZimbabwe: @M.S Dhoni with his team at reception at India House,Harare. About 200 community members attended the reception https:…
719099417869979600,Sun Apr 10 09:47:16 +0000 2016,Proud to be associated with Lava,a truly reliable Indian brand.Pic clicked on my Lava phone. @lavamobile #MSD4Lava https://t.co/1fJC7Znt6k
719064921699299300,Sun Apr 10 07:30:11 +0000 2016,Wish u a very happy birthday Anant.u gave the best gift to urself by losing over 100kg.discipline and determination https://t.co/0BNEl0drlH
712880573975367700,Thu Mar 24 05:55:48 +0000 2016,Happy Holi to all https://t.co/FM24cE4sd1
712734133009539100,Wed Mar 23 20:13:53 +0000 2016,@SrBachchan thank you sir
712721914062458900,Wed Mar 23 19:25:20 +0000 2016,Nothing to add https://t.co/8rBel3vw4o
711918629818794000,Mon Mar 21 14:13:22 +0000 2016,RT @adgpi: For his indomitable Courage, Sacrifice &amp; Bravery he was awarded the #AshokChakra posthumously. https://t.co/CfdIY3Rgf0
709371008507994100,Mon Mar 14 13:30:02 +0000 2016,Super happy to say Gulf unites me with my first love.Happy 2 welcome my fav club @ManUtd to the @cruisestation family! #UnitedForGulf
709363156074672100,Mon Mar 14 12:58:50 +0000 2016,Teaser:  Gulf's @CruiseStation always been abt things I luv.Bikes,crkt &amp; now..soccer.Happy2share super news soon! Stay tuned. #UnitedForGulf
708735523880239100,Sat Mar 12 19:24:51 +0000 2016,RT @adgpi: We train to Win  #IndianArmy https://t.co/BQvdTHtOVf
706074986675449900,Sat Mar 05 11:12:49 +0000 2016,RT @TheSevenLife_: Good Shoes take you to good places. Introducing all new Seven's Women's Collection. Get it: https://t.co/KAB4APklod http…
703451600946200600,Sat Feb 27 05:28:25 +0000 2016,Followed by 20 secs of peace,feeling of being a bird and then the chaos of how the landing wd be. https://t.co/hU8RnZSeQQ
703450585958232000,Sat Feb 27 05:24:23 +0000 2016,Parachute opens up.this is the perfect position I was talking about but then u know it's not his first jump https://t.co/ppUtUTLSoY
703450071417823200,Sat Feb 27 05:22:21 +0000 2016,Parachute coming out of the bag https://t.co/zVCoLsIkrK
703449818820010000,Sat Feb 27 05:21:20 +0000 2016,Static line starts to work https://t.co/zng9znfcMk
703449444390301700,Sat Feb 27 05:19:51 +0000 2016,Good position but not perfect https://t.co/ZW5xxR95hp
703449120971698200,Sat Feb 27 05:18:34 +0000 2016,First leap off a perfectly working aircraft https://t.co/SSeiEc4nA1
703448724920348700,Sat Feb 27 05:17:00 +0000 2016,A few pics of my 1st para jump.2nd in line,a bit nervous yeah ofcourse https://t.co/SpanYdebTt
701287947044200400,Sun Feb 21 06:10:50 +0000 2016,Spl forces and commando unit's r normal ppl like u and me who r highly motivated and trained to put the interest of the nation before self
701286766678904800,Sun Feb 21 06:06:09 +0000 2016,As v have this debate on freedom of speech our forces r making sure v stay in position to keep debating.
700641404922400800,Fri Feb 19 11:21:42 +0000 2016,My shirt number is now my footwear brand. Launching SEVEN. #changemaker https://t.co/tPrjACKp8Y @TheSevenLife_ RT https://t.co/sik9sFPBqs
699123403102376000,Mon Feb 15 06:49:43 +0000 2016,Off from Vizag,one of the city that I would love to live in,nice and beautiful landscape with beach and home to my first big inning
698499381461278700,Sat Feb 13 13:30:04 +0000 2016,The world changes one day at a time.What can happen in seven? #Changemaker RT https://t.co/tPrjACKp8Y @TheSevenLife_ https://t.co/IFzVshxqiQ
684402345912873000,Tue Jan 05 15:53:29 +0000 2016,RT @StarSportsIndia: It is the fans' turn to do their #Taiyaari to help @msdhoni &amp; the Indian team win the #WT20. What's your #Taiyaari? ht…
678598657038417900,Sun Dec 20 15:31:42 +0000 2015,Congrats @VitameswaniDani @juniorbachchan @iomatrix23 and all the support staff.dedication and hard work paid off
678597598458998800,Sun Dec 20 15:27:29 +0000 2015,A well deserved final game in ISL.fantastic skill by both the teams.congrats to Chennaiyin fans and team,well done boys
669549755077255200,Wed Nov 25 16:14:35 +0000 2015,Was wearing Baljit's t shirt.at breakfast he said paaji u will score 2day bcs of the tshirt.i must say he was right https://t.co/4pSTMKM8C5
669548081633882100,Wed Nov 25 16:07:56 +0000 2015,Had to give it back and being at least 25kg heavier than him helped https://t.co/1gpeZvtX8n
669547370313441300,Wed Nov 25 16:05:07 +0000 2015,The man who had the task of marking me,started well and then kept pushing me for the whole practice session https://t.co/BxIwp3A7Tw
669546496556077000,Wed Nov 25 16:01:39 +0000 2015,Pic from today's practice,it was so much fun.Fikru was my partner.thanks to the team for letting me play https://t.co/ynM4ubM2kK
668808846790361100,Mon Nov 23 15:10:29 +0000 2015,#TheLucknowWedding @goransaxena @ankitbaldi @impoornapatel @ArunPandey99 https://t.co/QbBUWhqpqv
662545681010159600,Fri Nov 06 08:22:54 +0000 2015,BOOST winners in an event in CHENNAI https://t.co/ByTryKAy2V
656415129962082300,Tue Oct 20 10:22:17 +0000 2015,Batting and be themselves.congrats on a fantastic career
656414945685336000,Tue Oct 20 10:21:33 +0000 2015,Look for a single but he was one person who was always looking for a boundary.many will try to play like u but my advice wd b to enjoy ur
656414516842922000,Tue Oct 20 10:19:51 +0000 2015,Talent in batting is one thing but to have the mindset of Virupa in batting is as close to impossible as it can get.v keep saying b positive
656413941204041700,Tue Oct 20 10:17:33 +0000 2015,Didn't see Viv Richards bat in person but I can proudly say I have witnessed Virender Sehwag tearing apart the best bowling attacks
654568471661928400,Thu Oct 15 08:04:19 +0000 2015,Life has just started now,U still can and definitely will contribute a lot to Indian Cricket.wish U all the success
654567897516236800,Thu Oct 15 08:02:02 +0000 2015,Well done ZAK on a fantastic career.without U it wd hve been very difficult to achieve what the ICT did.most clever fast bowler I know
648075136722059300,Sun Sep 27 10:02:07 +0000 2015,@DGoughie ur right this one is better mate http://t.co/gVAYNTXMHz
648071498826039300,Sun Sep 27 09:47:40 +0000 2015,@kirti_7 it's a big problem so if u have any spare parts do let me know,need to restore two of mine
648069981100347400,Sun Sep 27 09:41:38 +0000 2015,How many of u agree this was 1of the most exciting 2stroke single cylinder bikes to ride,need to restore mine quickly http://t.co/pdRytfwnzx
648063973007355900,Sun Sep 27 09:17:46 +0000 2015,Decade long ride with no speed bumps,just full of thrill &amp; energy.4m Star City 2 New Gold Edition.journey continues.. http://t.co/jUsJeymsS1
646160466041933800,Tue Sep 22 03:13:54 +0000 2015,RT @sheruclassic: @SportsFitByMSD now opens in Meerut our good wishes to Dewesh &amp; Saneha @SaakshiSRawat @msdhoni @sushilkBharat http://t.co…
645807011674755100,Mon Sep 21 03:49:24 +0000 2015,Respect to Mr Dalmiya for his contribution in Cricket.May his soul Rest in Peace.Strength and warmth to his loved ones !
642266498820517900,Fri Sep 11 09:20:40 +0000 2015,SPORTSFIT now open at ILD Sohna road http://t.co/M1bISYXKVr
631977791387512800,Thu Aug 13 23:57:01 +0000 2015,#saluteselfie http://t.co/14iqFoECNL
590963889484861400,Wed Apr 22 19:42:25 +0000 2015,Stadium debut for ZIVA, her first time into the dressing room http://t.co/J3Aj9shKKx
585702097351487500,Wed Apr 08 07:13:56 +0000 2015,Finally the wait is over but another couple of months before I can take her on her first ride.guess… https://t.co/bpHpRQwshr
535296817676578800,Thu Nov 20 05:01:21 +0000 2014,RT @BojanDjordjic7: ALO TAMIL NADU! Top of the league after a great team-performance. THANK YOU as always on your incredible support... htt…
532858026697318400,Thu Nov 13 11:30:28 +0000 2014,If Rohit doesn't get out he will certainly get 250 today
532856271330742300,Thu Nov 13 11:23:29 +0000 2014,Very well batted Rohit.thats Rohit for everyone,sheer talent.Enjoy and Witness the class in action.
527144577853956100,Tue Oct 28 17:07:15 +0000 2014,Abhishek is just outstanding,so much energy and knowledge he has.was really nice to c the game with him.i have to say he is our no1 fan
527138495152660500,Tue Oct 28 16:43:05 +0000 2014,A very well played game.team came back strong after the defeat and chennai fans didn't disappoint us,full house as expected.Thanks
526585433581297660,Mon Oct 27 04:05:25 +0000 2014,Will be there to watch second home game of chennaiyin FC.Finally will be in front of Chennai fans.Vanga vandhu parunga.
526432583085617150,Sun Oct 26 17:58:03 +0000 2014,Saw ManUtd play after long,fantastic game last min equaliser.saw three football matches in one day,time to hit the bed.early start 2morrow
525313314629615600,Thu Oct 23 15:50:28 +0000 2014,Had no clue I make crackers also,hope it's good.happy Diwali http://t.co/peB5Jf74Dn
525282982110564350,Thu Oct 23 13:49:56 +0000 2014,Wish you all a very happy Diwali.feels good to be home.my dog is running all over the house atleast she is not shivering like other dogs
524554310227488800,Tue Oct 21 13:34:27 +0000 2014,Balwant will consider that as a missed chance but good start to the game
522414178095468540,Wed Oct 15 15:50:20 +0000 2014,Thks to Vita Dani and Abhishek for being there with the team and Abhishek has to report for 2morrow's practice to pick up his penalty skills
522413238550425600,Wed Oct 15 15:46:36 +0000 2014,Congrats to Balwant singh for becoming the 1st Indian to score in ISL.
522410931129561100,Wed Oct 15 15:37:26 +0000 2014,So basically Elano can keep the no 7 for himself and that means I will have to get my football jersey no 22 for myself,my 1st ever jersey no
522409737283846140,Wed Oct 15 15:32:41 +0000 2014,Robert Pires may have certainly lost some pace but he will gift a few yellow cards to quite a few opponents,fantastic play by him
522408578687066100,Wed Oct 15 15:28:05 +0000 2014,A game well played @chennaiyinfc.best game of ISL so far.No 7 players from both side played well
522257048692461600,Wed Oct 15 05:25:58 +0000 2014,“@murugesanls: @ChennaiyinFC don't want to risk of missing the match so I have put leave on this big day #chennaiyinfc#podumachigoalu”THANKS
522247005024686100,Wed Oct 15 04:46:03 +0000 2014,RT @ChennaiyinFC: Just a few hours before the 1st game, send in your warm wishes #LetsFootball #ChennaiyinFC.   #PoduMachiGoalu http://t.co…
519412470541484000,Tue Oct 07 09:02:37 +0000 2014,This norton is almost ready for me,thanks to my friend http://t.co/3wAvCn07YZ
519411955384455200,Tue Oct 07 09:00:35 +0000 2014,Another pic from BFI http://t.co/8F07lLEcMW
519187131705856000,Mon Oct 06 18:07:12 +0000 2014,Had a good evening at CHENNAI after long.excited to be part of CHENNAIYIN FOOTBALL CLUB, follow us @ChennaiyinFC
518781698625249300,Sun Oct 05 15:16:10 +0000 2014,One more classic,an old Indian chief http://t.co/DXzS9gSJNh
518780467316002800,Sun Oct 05 15:11:16 +0000 2014,Classic bike at BFI,just fantastic http://t.co/fIdLQk9d4V
518478453876604900,Sat Oct 04 19:11:10 +0000 2014,Busy day 2morrow,off to Delhi for BFI.eagerly waiting to c the old classic motorcycles along with other superbikes and custom bikes
517755046004416500,Thu Oct 02 19:16:37 +0000 2014,Outstanding day today not because CSK got into the finals but because INDIAN HOCKEY TEAM won the gold medal,thanks for making us proud
515066908333187100,Thu Sep 25 09:14:55 +0000 2014,Superb hockey by INDIA in the 4th qtr,keep it up
514685316783804400,Wed Sep 24 07:58:36 +0000 2014,@sushmita_7 that's a minimum of 2300000 words u have tweeted
514683219912818700,Wed Sep 24 07:50:16 +0000 2014,@Vicky_VjMsd wish u a very happy birthday
514680487873245200,Wed Sep 24 07:39:25 +0000 2014,Congrats to scientists and every1 involved in mission mars,really proud moment for the whole of INDIA.tosucceed in 1st attempt is just great
511099936939589600,Sun Sep 14 10:31:35 +0000 2014,But the list is very long and still have to get used to riding 1 as most of them had breaks on the other side which I find diff to manage
511099429370081300,Sun Sep 14 10:29:34 +0000 2014,Wish INDIA had more bikes from the 40s and the 50s.the ones tht r here had tough time with spares and maintenance.have managed to get a few
511098704720175100,Sun Sep 14 10:26:41 +0000 2014,day off after few days of shoot,watching Jay leno's garage on you tube mostly on motorcycles.most of these old beauties r just fantastic
506186186621456400,Sun Aug 31 21:06:06 +0000 2014,Just posted a photo http://t.co/wGzAbelsp8
506031552661561340,Sun Aug 31 10:51:38 +0000 2014,http://t.co/XJMYCmFcSa
486132591951900700,Mon Jul 07 13:00:16 +0000 2014,Just in case u guys thought the cake was for eating.thanks to everyone love it http://t.co/zjWUl6Fv4H
486132263315574800,Mon Jul 07 12:58:58 +0000 2014,Birthday cake from the teams side http://t.co/oY7Ms7SVgb
486038990869782500,Mon Jul 07 06:48:20 +0000 2014,Thanks a lot everyone for all ur good wishes.
474902253233799200,Fri Jun 06 13:14:55 +0000 2014,That's where a bat is hidden, trying to find out http://t.co/DD5TNHXE3c
474901827029192700,Fri Jun 06 13:13:13 +0000 2014,At the SPARTAN store opening event http://t.co/Uqrl68hwXa
474832284223148000,Fri Jun 06 08:36:53 +0000 2014,RT @MahiSensation: @msdhoni 'Candy' with her crush 'Bruno' :D #CandyCrush  And seems I m kabaab me haddi :p http://t.co/LFTe35FQpo
474830422673596400,Fri Jun 06 08:29:29 +0000 2014,RT @JerseyNo_7: @msdhoni See This Pic!! U know his name is SAM ♥♥♥♥ !! Cute nahh ? just 1 month old http://t.co/jpHsyMN6jg
474830145866330100,Fri Jun 06 08:28:23 +0000 2014,Will get a similar looking dog but in a year's time http://t.co/cpv6dsY98C
474825190262579200,Fri Jun 06 08:08:41 +0000 2014,One more pic from a shoot http://t.co/7MyL98RUQ7
474561107534020600,Thu Jun 05 14:39:19 +0000 2014,Just posted a photo http://t.co/Nhysb09w8n
474560887462715400,Thu Jun 05 14:38:27 +0000 2014,Pic from the last reebok shoot http://t.co/dF6HzQpW3T
474494744987697150,Thu Jun 05 10:15:37 +0000 2014,Just posted a photo http://t.co/1Ojn9av4oa
474191817844355100,Wed Jun 04 14:11:54 +0000 2014,From my border visit long time back http://t.co/9XCXcWn7sk
474188253856149500,Wed Jun 04 13:57:44 +0000 2014,View from the hotel room http://t.co/8c7mTHytmL
474186662629867500,Wed Jun 04 13:51:24 +0000 2014,Just posted a photo http://t.co/B6r6FmGV07
474183848243126300,Wed Jun 04 13:40:13 +0000 2014,Finally on Instagram, mahi7781
470310705577459700,Sat May 24 21:09:44 +0000 2014,Bale scores but credit goes to de maria
470304366948147200,Sat May 24 20:44:33 +0000 2014,Let's c who can keep up with bale's pace,isco will be good
470303677576515600,Sat May 24 20:41:49 +0000 2014,Extra time will b interesting,no more subs available and many yellow cards shown,test of fitness and how well they control their mind
470302528458870800,Sat May 24 20:37:15 +0000 2014,Fantastic football going on
458322941810180100,Mon Apr 21 19:14:39 +0000 2014,RT @durravasan: @Aircel  New species of bird is discored #faf @faf1307 ...  @ChennaiIPL  back to form with a storm ... #Cheer4CSK  #PepsiIP…
455612151932018700,Mon Apr 14 07:42:56 +0000 2014,1st event over,time to eat something and report back for UB shoot in 20 mins,tht came as a surprise the event lasted more than10 mins
455597778425487360,Mon Apr 14 06:45:49 +0000 2014,Our match jersey is the same with a few diff sponsors,practice 1 has more blue in it compared to yellow which is looking good
455596981197361150,Mon Apr 14 06:42:39 +0000 2014,But a fact about jersey unveiling event is tht u take more time to get ready and spend less time on stage.
455595342155632640,Mon Apr 14 06:36:08 +0000 2014,IPL briefings,team meetings,meet and greet and also shoots for new sponsors,practice,travel and in between try to understand the new players
455594701089812500,Mon Apr 14 06:33:35 +0000 2014,1st day of CSK it's about to start with jersey unveiling .till the 1st week of IPL gets over it will b very busy for the players
447853832580513800,Sun Mar 23 21:54:09 +0000 2014,Fantastic game,with 10men it was always difficult for RM.anyways time to sleep now
447839313082871800,Sun Mar 23 20:56:27 +0000 2014,RT @syhussainraza: @msdhoni The biggest, the most expensive and the most attractive players on the planet, all at one place. tickets woth 9…
447837565266059260,Sun Mar 23 20:49:30 +0000 2014,2nd half is where the big players show their skill and fitness,even more interesting half awaits us
447836415737331700,Sun Mar 23 20:44:56 +0000 2014,Bale and Ronaldo's pace will be a big threat for barca
447835999544946700,Sun Mar 23 20:43:17 +0000 2014,I just love Messi,let's c who gets a card now
447831472926240800,Sun Mar 23 20:25:18 +0000 2014,Top stuff Real Madrid
447830546186371100,Sun Mar 23 20:21:37 +0000 2014,One each, that's wat I was talking about
447827173450084350,Sun Mar 23 20:08:13 +0000 2014,Barcelona draws first blood that makes it even more interesting RM also playing well
447825958012473340,Sun Mar 23 20:03:23 +0000 2014,Doesn't matter which team wins,I am here for entertainment
447825049584537600,Sun Mar 23 19:59:46 +0000 2014,Barcelona all the way for Messi, May the best team win
447824625708191740,Sun Mar 23 19:58:05 +0000 2014,Real Madrid vs Barcelona, entertaining 105 mins ahead
427604110032908300,Mon Jan 27 00:48:58 +0000 2014,http://t.co/jbgTqejrPi it will luk good on me kunal so plz send it ASAP
427603751617064960,Mon Jan 27 00:47:33 +0000 2014,RT @spartancricket: New Ms Dhoni Spartan backpack which can hold 2 bats pair of pads, helmet, gloves drink bottle @msdhoni http://t.co/9X5U…
427177593805086700,Sat Jan 25 20:34:09 +0000 2014,Sorry have to b partial at the end of the day Regimental Ethos r very strong in our Army.Salute to all the men and their families
427176592175943700,Sat Jan 25 20:30:10 +0000 2014,Happy Republic day to all.will miss watching the parade sp my Para regiment, always leading from the front,jogging wen all others r marching
403941515837177860,Fri Nov 22 17:42:16 +0000 2013,"@samhilfenhaus: it's my 100th tweet to you but haven't got not even one reply can u say hi for a fan from #dubai" congrats on ur 100
403940310033522700,Fri Nov 22 17:37:29 +0000 2013,"@AbhishekVidhate: @msdhoni there's a game called doom. We frnds enjoy it. Action packed."tht was the 1st game i ever played
403939817659977700,Fri Nov 22 17:35:32 +0000 2013,"@iyashchandurkar: @msdhoni http://t.co/6Fugzqst88" tomorrow i will showoff my games collection just like u did
403938187258519550,Fri Nov 22 17:29:03 +0000 2013,"@Aamir1Cool: कभी crossword भी खेल लिया करो अख़बार पर RT @msdhoni: (cont) http://t.co/wukvRUyqfU" am not tht intelligent he he he
403937842151174140,Fri Nov 22 17:27:41 +0000 2013,"@ImBebo_727: Haha its quite wondering that @msdhoni tweeted the address :P" so tht i can find it easily wen i need it 2morrow
403937421428944900,Fri Nov 22 17:26:00 +0000 2013,"@bhatianote625: @msdhoni battlefield 4 Gta 5 Max payne 3 Splinter blackcell" thanks.not a big fan of gta but other 2 r gud
403937081912610800,Fri Nov 22 17:24:39 +0000 2013,Address:9-2-52, Singh Hotel Junction, CMR Shopping Mall Road, District Court, Daba Gardens Vizag" thanks
403935166634029060,Fri Nov 22 17:17:03 +0000 2013,"@mayareddykp: @DsouzaJennifer @msdhoni Yep. Am addicted to #candycrush. Am in 215 th level now." Am on 102
403934960496566300,Fri Nov 22 17:16:13 +0000 2013,@Hardu_Habs yup call of duty ghost is the 1st target.where can i get tht in vizag,need some local guidance
403933681242218500,Fri Nov 22 17:11:08 +0000 2013,Will google wat all shooting games hve been released recently.have been off the games for quite some time.last i played was SNIPER 2
403932716992700400,Fri Nov 22 17:07:19 +0000 2013,Still raining here.seems there wont be any practice tomorrow.looking at the positives more time to play playstation
403889772608749600,Fri Nov 22 14:16:40 +0000 2013,At the vizag airport.i must say a very very warm welcome.a few more and i wd hve struggled to stand http://t.co/5Lg8h99a4t
400638867847385100,Wed Nov 13 14:58:44 +0000 2013,I got mine now u be one in a billion. @BCCI #thankyousachin
400637660491825150,Wed Nov 13 14:53:56 +0000 2013,http://t.co/mdhDRtYqy2  Look wat i got. Thanks sachin for being the legend in my life, will always luk up to u and learn
400632548662841340,Wed Nov 13 14:33:37 +0000 2013,@BCCI #ThankYouSachin
397001474779017200,Sun Nov 03 14:05:02 +0000 2013,Wish u all a very happy diwali
388965706726772740,Sat Oct 12 09:53:45 +0000 2013,Thts German shepherd, strong and obedient http://t.co/Q5y7KtGpo9
388965266597507100,Sat Oct 12 09:52:00 +0000 2013,Thts Belgium shepherd, was quite aggressive but good looking http://t.co/xprukWdMDf
388964790518833150,Sat Oct 12 09:50:07 +0000 2013,Thts prince for all who don't know. He was also born on the 7 the but not July http://t.co/hZ5BDelrjq
388565656360075260,Fri Oct 11 07:24:06 +0000 2013,@iamrk07 it may be noise for u but for me it's music.once I was standing 40 mtrs left to a mirage 2000 which was getting ready for take off
388564583092207600,Fri Oct 11 07:19:50 +0000 2013,@m85karthikeyan ur right it's the cute golden retriever and also there r fantastic Belgium shepherd at the stadium
388563769409806340,Fri Oct 11 07:16:36 +0000 2013,Off to Pune,if lucky enough will get a chance to c a few su30 mki's taking off,odd timing though and also will get to meet prince after long
378518990890356740,Fri Sep 13 14:02:14 +0000 2013,@aswan_king send me pics
378106304549486600,Thu Sep 12 10:42:22 +0000 2013,Finally it's clean,no more work for today http://t.co/E05XkvF1qA
378074094916218900,Thu Sep 12 08:34:23 +0000 2013,Other side,it's a mess http://t.co/8iZdv8J8kF
378072514259210240,Thu Sep 12 08:28:06 +0000 2013,Ok back to work now,have to clean these two.this will be my 1st ever restoration work. http://t.co/w8nwlHp28N
378069420242788350,Thu Sep 12 08:15:48 +0000 2013,This is how it is as of now,I don't know who will assemble it but it was fun taking it apart. http://t.co/eU5gi7Uw1n
378068981950586900,Thu Sep 12 08:14:04 +0000 2013,This is how it looked couple of hours back http://t.co/ae4DXotEkW
378067783960891400,Thu Sep 12 08:09:18 +0000 2013,Some more pics http://t.co/3rCVW8AGsV
378067423296884740,Thu Sep 12 08:07:52 +0000 2013,My first bike http://t.co/Die1cZ22YW
375984049971421200,Fri Sep 06 14:09:17 +0000 2013,@Yotsna7 if ur nice to them then they will be nice to u and try not to chain them.I have hardly used chains on my pets,hate it
375983186250985500,Fri Sep 06 14:05:51 +0000 2013,@ridsi07 she knows I luv my jeans so she goes after other things.
375978859545378800,Fri Sep 06 13:48:40 +0000 2013,RT @Im_Atchu: @msdhoni Hope you agree with this:))) Agree?? http://t.co/QqWCzfobua
375125774149615600,Wed Sep 04 05:18:48 +0000 2013,RT @HGSInteractive: To all @msdhoni fans, an exciting #contest starts at 11AM today! RE-TWEET &amp; spread the word #WhatIsDhoniLaunchingToday
374521580392443900,Mon Sep 02 13:17:57 +0000 2013,And this is my favorite uniform and this chopper has the record of flying at the highest altitude http://t.co/e9oHYFh3Ru
374520846733172740,Mon Sep 02 13:15:02 +0000 2013,@ImSona17 bikes I can have but fighter plane no chance so I will pick fighter planes
374519914293260300,Mon Sep 02 13:11:20 +0000 2013,That's the bird I am talking about http://t.co/Gw8qp7Qi9E
374519709816733700,Mon Sep 02 13:10:31 +0000 2013,Trying to sit in a Gripen fighter plane during aero India few years back http://t.co/QTsqp55L7M
374516736264896500,Mon Sep 02 12:58:42 +0000 2013,@ridsi07 Leah is fine,Mom told me she moves her ear in a weird way so have to c wat she actually does,still some time before I go back home
374515562501517300,Mon Sep 02 12:54:02 +0000 2013,@ImAmogh will do tht once I go back to ranchi as the bike is there and I could not finish work before leaving ranchi
374514414596022300,Mon Sep 02 12:49:29 +0000 2013,@bareerarufi hope u like this one http://t.co/KKgva3nuJG
374513828307804160,Mon Sep 02 12:47:09 +0000 2013,@SarahAnkitaRae it was a team activity,v made pasta but am sure nobody ate it as next day all were fit for practice
374513261716066300,Mon Sep 02 12:44:54 +0000 2013,http://t.co/kgtx3zHVdj
371328901772873700,Sat Aug 24 17:51:23 +0000 2013,Time to switch to Liverpool against astonvilla
371328480836726800,Sat Aug 24 17:49:43 +0000 2013,One decider over now it's time for the match that will decide the tie.Very well played Srikanth.
371325873913212900,Sat Aug 24 17:39:21 +0000 2013,Fantastic last game by Srikanth,decider will be exciting @IBL
370209207888252900,Wed Aug 21 15:42:08 +0000 2013,RT @WeAreRanchi: That Moment when #India won #WC2011 @MSDhoni view of #Ranchi Firayalal http://t.co/4FCnTGLhkT
369443672506372100,Mon Aug 19 13:00:10 +0000 2013,Just came back from the launch of FITSOUL.good concept and very good interaction with the media,time for bike ride
365760931428433900,Fri Aug 09 09:06:16 +0000 2013,@mahimika_msd still need to do a bit of work on it so give me some more time
365760700708171800,Fri Aug 09 09:05:21 +0000 2013,@hemali03 I would say Messi
365758867755372540,Fri Aug 09 08:58:04 +0000 2013,RT @StarSportsIndia: Dhoni…&amp; FOOTBALL??? http://t.co/zspwP9Js53
365757991309414400,Fri Aug 09 08:54:35 +0000 2013,RT @MOHAMMEDIRFANS1: : @msdhoni #cricketer? footballer? #football #fan http://t.co/rGBTxVNwpL"
362812105881174000,Thu Aug 01 05:48:41 +0000 2013,I think my plan of action is to restore the 1st bike tht I bought for rs4500, will upload its pic maybe tomorrow.its in a very bad shape
362804596994867200,Thu Aug 01 05:18:51 +0000 2013,Adopted a rescued pup from Hope and Animal Trust Ranchi .v call her Leah in English and Liya in Hindi http://t.co/Kf2AdCum0q
362800128421138400,Thu Aug 01 05:01:05 +0000 2013,@KShah83 sirji aap bhi common sense lagao, he is not taking extra money for home delivery
362799621925371900,Thu Aug 01 04:59:05 +0000 2013,@IamAirMax95 @sexybrahmabull2 since ur a Yankees fan and from WI do u think Gayle will b good in baseball also, hitting lots of home runs
362798368226947100,Thu Aug 01 04:54:06 +0000 2013,Site and not 25 rs more just because ur not giving them the honour of delivering the product to ur house.
362798052173553660,Thu Aug 01 04:52:50 +0000 2013,Most of u said online sites but I don't think they have a store and even if they have one they will still charge wat the price is on their
362796814283456500,Thu Aug 01 04:47:55 +0000 2013,In Ranchi if the milkman delivers milk to ur house he charges 32 rs but if u go and pick it from his place he asks for 34 rs.
362794931061932000,Thu Aug 01 04:40:26 +0000 2013,Tell me one business where home delivery of the product is cheaper compared to the price of the product when u go and pick it up
355649138467143700,Fri Jul 12 11:25:36 +0000 2013,Goodbye west indies,carrying fond memories back with me. DND as its vacation time.much needed time off
354067842716545000,Mon Jul 08 02:42:06 +0000 2013,Thts the cake.luks grt and tastes even better.face feels really soft now,v shd call it cake therapy. http://t.co/75Y1vlUWb3
354065980944683000,Mon Jul 08 02:34:42 +0000 2013,All west indian players and friends present were like no no u don't celebrate like tht, I said its just the beginning
354064782669778940,Mon Jul 08 02:29:57 +0000 2013,Thanks everyone specially Bravo for the lovely evening and the soft cake all over my face and hair http://t.co/1CwRMRNmzL
353876025165348860,Sun Jul 07 13:59:53 +0000 2013,Thanks everyone for ur good wishes.ur love,support and blessings means a lot.
351734233758310400,Mon Jul 01 16:09:10 +0000 2013,No guys these r not papayas,these r west indian mangoes but as big as Indian papayas. http://t.co/xrZi3fttlH
351305544637751300,Sun Jun 30 11:45:43 +0000 2013,Good morning everyone.and yes the pattern continues.got up 15 mins before the alarm.enough time to get ready and go for breakfast
351175554889822200,Sun Jun 30 03:09:11 +0000 2013,Everyday most of us got up before 7,tomorrow vr suppose to get up by 7 to get ready for the game let's c if the pattern continues.goodnight
350259846907564000,Thu Jun 27 14:30:29 +0000 2013,Forgot to mention this, wen v were playing at birmingham it felt as if v were playing in one of the Indian stadiums,fans were brilliant
350239696959447040,Thu Jun 27 13:10:25 +0000 2013,Thought will sleep till late but woke up at 7,nevermind atleast was able to c a beautiful sunny morning, a must after 30 days in UK
349456574202396700,Tue Jun 25 09:18:34 +0000 2013,RT @TheVijayMallya: Congratulations to Indian Air Force and Indian Army for brave and untiring efforts to rescue Uttarakhand victims. Proud…
346199143867351040,Sun Jun 16 09:34:42 +0000 2013,Good morning everyone,one more day in birmingham so no rush to pack our bags.wishing all the dad's a very happy Fathers day.
343348830135283700,Sat Jun 08 12:48:34 +0000 2013,Full day off today,good to catch up with some sleep.brilliant sunny day so the plan is to go out somewhere and do a bit of walking
341145940549304300,Sun Jun 02 10:55:05 +0000 2013,@aayushbluefreak I like 1st person shooting games and also simulation plane games
341145657182126100,Sun Jun 02 10:53:57 +0000 2013,Always end up enjoying the moment.I always enjoyed the whole team staying in 1 hall, reminds me of U-19 99-00 season at jamshedpur
341144799849631740,Sun Jun 02 10:50:33 +0000 2013,Just tht the bus was not so nice tht time and also the roads were not so good but still the fun aspect was the same.sportspersons somehow
341144467178401800,Sun Jun 02 10:49:13 +0000 2013,Off to Cardiff in a while,nice road trip with the whole team watching a movie and having lot of fun in the bus.reminds me of u-19 district
340920049994977300,Sat Jun 01 19:57:28 +0000 2013,After so many days of nandos finally tonite its all indian food.in this cold weather indian ginger tea is a must after dinner
333528333419679740,Sun May 12 10:25:26 +0000 2013,@Bhuvana77 it will never be an away game
333527477244809200,Sun May 12 10:22:01 +0000 2013,Another big cricket match for Ranchi,beautiful stadium lovely wicket hope both the team entertain the people of Ranchi.I love my city.
332755806967722000,Fri May 10 07:15:41 +0000 2013,Good morning everyone,off for pool sessioon,will tweet after it gets over
329492190562758660,Wed May 01 07:07:14 +0000 2013,@itzmepabitra really nice to get support in away matches.even if V hve no support I wd b happy to c 35000 ppl come to support cricket
329491362263207940,Wed May 01 07:03:57 +0000 2013,Flt delayed,am hoping to get lucky to witness another few take off's of my favourite fighter plane,fingers crossed
329478488291672060,Wed May 01 06:12:47 +0000 2013,They hve 24 dogs at the stadium,doberman,german and belgium shepherd,labs.its nice to c them lined up together
329478001467199500,Wed May 01 06:10:51 +0000 2013,Wd hve taken him to ranchi if I was going home from here.1 of the best golden retriever that I hve seen
329477733124042750,Wed May 01 06:09:47 +0000 2013,Thts prince,golden retriever at the pune stadium http://t.co/ynFeTj1Rck
329475074061107200,Wed May 01 05:59:13 +0000 2013,RT @ankilien: @msdhoni  What about this helicopter shot...digital art.. http://t.co/oJ1oAfk6jC
328790528198066200,Mon Apr 29 08:39:05 +0000 2013,RT @07anshuman: "@firstpostin: World Supersport: Mahi Racing continues fine display http://t.co/jgC6QJJPBv" @msdhoni
328785999306047500,Mon Apr 29 08:21:05 +0000 2013,RT @ExploreMikeHorn: Nothing can beat 100% and more commitment to only One objective! -Mike Horn
328785883161575400,Mon Apr 29 08:20:37 +0000 2013,@aniket555007 its F22 and not 23 and they r still having technical problems with it so it remains grounded for a lot of time in a year
328781163156090900,Mon Apr 29 08:01:52 +0000 2013,@savan_s_ its the one with stealth. Technology, don't know wat they hve named it.
328779548189655040,Mon Apr 29 07:55:27 +0000 2013,Just landed at pune airport and nothing better could hve happened.just saw take offs by 3 su30mki fighter planes my favourites
328070540759818240,Sat Apr 27 08:58:06 +0000 2013,Just got over with a meet and greet function,had to get up early for tht.u will say 11.30 is not early but ipl time its like 4am for me
327726237999038460,Fri Apr 26 10:09:58 +0000 2013,Gud morning everyone,feeling very fresh after 10 hrs of sleep.can only do this regularly during IPL
327571499085070340,Thu Apr 25 23:55:06 +0000 2013,Gud win today,nice to hear fans in chennai calling me 'THALA' ,off to bed now for a nice 10 hour sleep so it will b a late gud morning msg
326787347557531650,Tue Apr 23 19:59:09 +0000 2013,Our hardworking team photographer ALEX slept while working. http://t.co/gSmLS6yFh7
326720471712280600,Tue Apr 23 15:33:25 +0000 2013,How many of u have german shepherd,plz post pics of them for me
326679497321623550,Tue Apr 23 12:50:36 +0000 2013,HAL  suspends all test flts of TEJAS Light combat aircraft wenever RCB plays in banglore, no wonder its behind schedule.thanks to Gayle
326671233901019140,Tue Apr 23 12:17:46 +0000 2013,Life is all about taking the right decision,seeing Gayle bat today I think I took the right decision of being a wicket keeper.
326626118176239600,Tue Apr 23 09:18:29 +0000 2013,Off for pool session.best thing about our hotel pool is tht the water in the pool is never cold,always hot or warm.
325001678476701700,Thu Apr 18 21:43:33 +0000 2013,7 by ms dhoni fragrances now available online at jabong, flipkart, snapdeal and http://t.co/NKdPZkBroa
324998032615698400,Thu Apr 18 21:29:03 +0000 2013,If ever Rajni sir had to face  sir jadeja's bowling,the battle would be known as CLASH OF THE TITANS
324995179285192700,Thu Apr 18 21:17:43 +0000 2013,On 17.4.13 no planes landed at delhi airport from 7.30pm till 8.30 as sir jadeja was playing badminton In a nearby farm house.
323433513254801400,Sun Apr 14 13:52:13 +0000 2013,RT @Arushi_13: "RT @SaakshiSRawat: @msdhoni Mahi Racing Team India does it again.. Its a Podium finish at 2013 WSS Aragon Spain, Fabian  ...
323433176133423100,Sun Apr 14 13:50:52 +0000 2013,RT @vickychandhok: @MahiRacingIndia @msdhoni great win at the Super Sport race ! ! Well done !
323190547764367360,Sat Apr 13 21:46:45 +0000 2013,When you give Sir Ravindra Jadeja one ball to get 2 runs he will win it with one ball to spare !!
322435677977473000,Thu Apr 11 19:47:10 +0000 2013,RT @dineshSpandian: @msdhoni  time 4 dhoni joke. When dhoni broke neighboor windows, ms windows was invented #poorjadeja
322429821177172000,Thu Apr 11 19:23:54 +0000 2013,Sir jadeja was upset abt only 1 t20 match in a bilateral  series so BCCI came up with the idea of IPL.so all the fans of ipl plz thank SRJ
322262785910263800,Thu Apr 11 08:20:10 +0000 2013,@3lok_cricketfan beamer sounds good and forward me a pic also
321549742846914560,Tue Apr 09 09:06:47 +0000 2013,God realised RAJNI sir is getting old so he created sir ravindra jadeja
321549418736279550,Tue Apr 09 09:05:30 +0000 2013,Sir jadeja once wanted to make a silt mountain to play as a kid now v all call it mt. Everest
321548279173222400,Tue Apr 09 09:00:58 +0000 2013,Leaving for practice at 3pm but the stadium is coming so tht sir jadeja can practice
321547637864161300,Tue Apr 09 08:58:25 +0000 2013,RT @awish_4_u: @msdhoni Sir alfred noble gets Lord ravindra jadeja award
321547406812520450,Tue Apr 09 08:57:30 +0000 2013,RT @Asli_Rajnikanth: @msdhoni U have been retained as captain for next century.  By Order, Sri Sri Ravindra Jadeja.
321547026175238140,Tue Apr 09 08:55:59 +0000 2013,RT @JeSuisVishnu: @msdhoni Once Sir Ravindra Jadeja set a cricket ball on fire and threw it into outerspace. Today, they call it the sun.
321546823288369150,Tue Apr 09 08:55:11 +0000 2013,@jst_fr_fun no the umpire asks sir jadeja if he can give the batsman out
321545043355762700,Tue Apr 09 08:48:07 +0000 2013,Whenever sir jadeja makes an error its an invention and on a daily basis v get plenty of those,all patent pending
321544297390436350,Tue Apr 09 08:45:09 +0000 2013,Sir jadeja doesn't run to take the catch but the ball finds him and lands on his hand
321543804886872060,Tue Apr 09 08:43:11 +0000 2013,Wen sir jadeja drives his jeep, his jeep remains still and road moves and wen he goes in to bat the pavillion moves to the wkt
321543014088593400,Tue Apr 09 08:40:03 +0000 2013,RT @gurunath75: @msdhoni @ImRaina Twitter follows Sir Ravindra Jadeja
321506536243478500,Tue Apr 09 06:15:06 +0000 2013,New pepsi fan can limited edition I clicked, OH YES ABHI http://t.co/m2nvmA3y5D
321505434601156600,Tue Apr 09 06:10:43 +0000 2013,Birthday boy aditya at todays meet and greet at chandigarh @7upindia http://t.co/Q5AtDjHOAL
321497883633389600,Tue Apr 09 05:40:43 +0000 2013,Sir ravindra jadeja shooting for @7upindia. http://t.co/KOjzQK7qsC
320960466153250800,Sun Apr 07 18:05:12 +0000 2013,Heart rate goes up wen I watch games like these.being part of a game doesn't make my heart pound so much
320959301155946500,Sun Apr 07 18:00:35 +0000 2013,1st super over of IPL6, can't wait
320865466463682560,Sun Apr 07 11:47:43 +0000 2013,Chennai airport, waiting to catch the flight http://t.co/bXgqGwGvQN
319355752089264100,Wed Apr 03 07:48:39 +0000 2013,RT @IPL: My ( @msdhoni ) introduction to #TwitterMirror . India are you watching? @ChennaiIPL #whistlepodu #PepsiIPL http://t.co/2zPuIOLygI
315817528985255940,Sun Mar 24 13:29:01 +0000 2013,Me and raizel http://t.co/fUXTx7ewiX
308961778669346800,Tue Mar 05 15:26:42 +0000 2013,http://t.co/OGaCX3w9hW
308959232819097600,Tue Mar 05 15:16:35 +0000 2013,Fantastic start to the season by MAHI RACING TEAM INDIA.Keenan came 1st and fabien came 4th.nxt race on 14th april
300642655505891300,Sun Feb 10 16:29:29 +0000 2013,Saving 3 penalty corner in a row was a fantastic performance under pressure and the game changed from there.celebrate the evening boys
300642052822138900,Sun Feb 10 16:27:05 +0000 2013,@sardesairajdeep yes Jharkhand well known as the hockey belt,will do a lot of good for the upcoming players
300640872335302660,Sun Feb 10 16:22:24 +0000 2013,Watching the game was a lot of fun,time for dinner now.1st time ever tht I watched any sort of game with the whole family
300640433996959740,Sun Feb 10 16:20:39 +0000 2013,Well done Ranchi Rhinos on winning the Hockey India League.fantastic support by the Ranchi people
297290114617471000,Fri Feb 01 10:27:41 +0000 2013,@Surajpathak18 take a guess
297285626796048400,Fri Feb 01 10:09:51 +0000 2013,@striking_07 let's take some time off cricket
297285378707189760,Fri Feb 01 10:08:52 +0000 2013,@Abdullaa33 Hummer H-1 but sadly they don't produce it for civilians anymore.last batch came in 2006
297284681601282050,Fri Feb 01 10:06:06 +0000 2013,@jishnu_msd u will b surprised
297284263332704260,Fri Feb 01 10:04:26 +0000 2013,@hemasri19 my friend told me to go there but was short of time.minimum 4 days r needed to enjoy dubai
297283596203487200,Fri Feb 01 10:01:47 +0000 2013,@Saachika7 really nice weather.wasn't hot at all.somehow I hve always been to dubai during summers,this time it was different
297282031602262000,Fri Feb 01 09:55:34 +0000 2013,Back from dubai,had a nice time.a lot has changed since the last time I was there.lovely place to c exceptional cars and big buildings
295012017926991900,Sat Jan 26 03:35:20 +0000 2013,Happy republic day wishes for all
294132779048914940,Wed Jan 23 17:21:33 +0000 2013,Thumb before the game, much better now http://t.co/1q62e4qx
294130007528316900,Wed Jan 23 17:10:33 +0000 2013,Great series win in testing conditions,well done to all and thanks a lot for the support.tomorrow off to the beautiful dharamshala stadium
288889799803293700,Wed Jan 09 06:07:50 +0000 2013,Prabhu Deva dances cricket style, #DhoolTucker all the http://t.co/eMdaZOi1
280944730047643650,Tue Dec 18 07:56:58 +0000 2012,She was my fav and first dog, mixed breed german shepard
280926171577843700,Tue Dec 18 06:43:13 +0000 2012,Her name was SAM.rest in peace.HOPE GOD GIVES ME ONE MORE SAM
280925949799854080,Tue Dec 18 06:42:20 +0000 2012,Sleep wen I sleep and get up wen I get up even if its too early or too late.my bad luck cd not even c her before she got buried.
280924620331307000,Tue Dec 18 06:37:03 +0000 2012,But somehow she got really close to me.last 7 yrs I hardly spent any time with her.if I was home she won't leave even for a second.she wd
280924311219474430,Tue Dec 18 06:35:49 +0000 2012,Playing cricket at jamshedpur but on the nxt off day came on my bike to ranchi just to c her.I was always busy with cricket since she came
280923782733000700,Tue Dec 18 06:33:43 +0000 2012,On 7.12.12 I lost someone who was very dear to me.close to 9 yrs back wen she came I was not there, she was hardly 10 days old.I was busy
268219943017926660,Tue Nov 13 05:13:12 +0000 2012,Wish you all a very happy Diwali
254983509138104320,Sun Oct 07 16:36:20 +0000 2012,Waiting for the West Indian team to dance
254965639008104450,Sun Oct 07 15:25:20 +0000 2012,with Dan finishing 3rd and Florian 11th. A job well done by the entire crew and team.  Exciting new season awaits all next year
254965589628567550,Sun Oct 07 15:25:08 +0000 2012,A Big Congratulations to Dan Linfoot for his incredible podium finish. Our World Super Bike team had a great end to the season
254952740453752830,Sun Oct 07 14:34:04 +0000 2012,RT @sochu7: @msdhoni Dan Linfoot finishes 3rd in last race of 2012! 👍
250490285254115330,Tue Sep 25 07:01:52 +0000 2012,@sidduslp ok then tell me which model and wat price
250436253739270140,Tue Sep 25 03:27:10 +0000 2012,This could be my next car, not sure yet http://t.co/7WwBDp5j
250427259540873200,Tue Sep 25 02:51:26 +0000 2012,9am practice reminds me of test matches in INDIA.To get up early v start having early mrng practice sessions.For t20 hmm only evn practice
250124325116579840,Mon Sep 24 06:47:40 +0000 2012,Yesterday our racing team also did well.one of the riders finished at 7th place.am happy with the improvement in performance.well done
250123443964629000,Mon Sep 24 06:44:10 +0000 2012,Off day today,hve to get out of the hotel.only been out for practice and ICC awards.let's c wat plan the guys make
241124314890510340,Thu Aug 30 10:44:51 +0000 2012,Marks for sports takes back seat attendance for now takes centrestage.this shows how much importance sports has in INDIA.sad to hear
240841113840267260,Wed Aug 29 15:59:30 +0000 2012,RT @ImHarini7: @msdhoni We will either find a way or make one. Nothing is either good or bad but thinking makes it so.
236852297647415300,Sat Aug 18 15:49:22 +0000 2012,Fielding and the chat would always be about the team.will miss him whenever the team cuts cake, Personally I will really miss u LACHU BHAI
236851596368179200,Sat Aug 18 15:46:35 +0000 2012,The whole team will miss u VVS.One of the best human being I have ever met in my life.Spent a lot of time with him while batting and
234636101783011330,Sun Aug 12 13:03:00 +0000 2012,There is always next time.Sushil ur still our champion
234629496769224700,Sun Aug 12 12:36:45 +0000 2012,Let's pray for Sushil tht he wins the gold and hve belief in the abilities of the champion
234629147094298620,Sun Aug 12 12:35:22 +0000 2012,let's pray for Shushil tht he wins the gold and hve belief
234575886899347460,Sun Aug 12 09:03:44 +0000 2012,RT @FitSoulOnline: HURRAY, Sushil wins the match 6-3 against Navruzov and takes India in the semis #wrestling #London2012 #GoIndia
234550880605720580,Sun Aug 12 07:24:22 +0000 2012,@ankitgokani wish u a very happy birthday
234207681425055740,Sat Aug 11 08:40:37 +0000 2012,RT @FitSoulOnline: http://t.co/qLvwf3Xm
234205659040718850,Sat Aug 11 08:32:35 +0000 2012,http://t.co/VlTVUByA loved the video... could actually relate to a few ..... the one with the dog reminded me of zoya
232588467891216400,Mon Aug 06 21:26:26 +0000 2012,U win some u lose some, thts the beauty of any sport.hard luck VIJENDER
232466010760966140,Mon Aug 06 13:19:50 +0000 2012,One more medal assured of,hope its the one v have not got so far, thanks to MARY KOM
232068361285169150,Sun Aug 05 10:59:43 +0000 2012,RT @YUVSTRONG12: meri bachi richa bhatia !! This story of urs in page 3 times of india is a pointless story cause in banglore everything ...
231825512127942660,Sat Aug 04 18:54:43 +0000 2012,Brought GLORY to INDIA with his SILVER medal at LONDON 2012.I SALUTE the SUBEDAR and the proud INDIAN ARMY MAN.  JWALA MATA KI JAI
231824718263623680,Sat Aug 04 18:51:34 +0000 2012,DOGRA regiment has a proud history in the INDIAN ARMY.SUBEDAR VIJAY KUMAR SHARMA comes from the 16th battalion of the DOGRA regiment who has
229915382272651260,Mon Jul 30 12:24:33 +0000 2012,Congratulations to Gagan on winning the medal and making all the INDIANS proud.many more to come
225144124242788350,Tue Jul 17 08:25:16 +0000 2012,@urssrilu666 sir yes sir, any tips sir
225143226426859520,Tue Jul 17 08:21:42 +0000 2012,Spot the difference http://t.co/eTEvd3Gp
225138527304822800,Tue Jul 17 08:03:02 +0000 2012,@ishangodbole well u may not like me but hate is a very strong word to be used anyways its ur choice so I won't complain
225138014786039800,Tue Jul 17 08:01:00 +0000 2012,@gautambalgi if thts the case then they listen to all the serials also so strict instructions hve food before 8.30 or after 11pm
225136371621302270,Tue Jul 17 07:54:28 +0000 2012,"@beingashu79: @msdhoni The only person to whom a woman listens is a photographer 😱😃"but only after giving her input, this is funny
220748726560505860,Thu Jul 05 05:19:32 +0000 2012,Thank u all for ur gud wishes,celebrated on hudson rvr with NYC ppl on1 side,NJ on the other and amazing fireworks on top.
219517243904622600,Sun Jul 01 19:46:04 +0000 2012,@YUVSTRONG12 am missing ur football for a long time now,the only footballer who handles every1 with his left leg only
219515730947883000,Sun Jul 01 19:40:03 +0000 2012,And wenever fabregas comes onscreen sakshi gets right in front of tv,hmmm her nxt demand can be a 3d tv wenever fabregas plays a game
219514997125025800,Sun Jul 01 19:37:08 +0000 2012,Instead of fancy footwork they rely on sharp angles,amazing to watch
219514623886503940,Sun Jul 01 19:35:39 +0000 2012,What a game till now,hope 2nd half will also be the same.there is some strange calmness about the way SPAIN is playing
218090190386892800,Wed Jun 27 21:15:27 +0000 2012,Spain deserve to win this game but anyways now its lottery football, one who holds the nerve better will win.time for goalkeepers to b hero
218081300890927100,Wed Jun 27 20:40:08 +0000 2012,2nd half was gud fun,I don't mind another 30 mins of gud football.whichever team wins doesn't matter as I am not picking any side
218065235779665920,Wed Jun 27 19:36:18 +0000 2012,Amt of rest ronaldo had in the 1st half he may b difficult for the defenders to handle in the 2nd,funny to c the players going after referee
216983847139672060,Sun Jun 24 19:59:15 +0000 2012,@yotsna_mahi7 he needs a tweet more than all of u,u all shd b proud indirectly u all r helping him
216982159309811700,Sun Jun 24 19:52:32 +0000 2012,@twitsath ur right but no1 can ride and tweet so bike is already in the garage.hope eng play a bit more attacking football in the 2nd half
216979690961903600,Sun Jun 24 19:42:44 +0000 2012,How many of u still own and ride a 2 stroke bike,I don't ride them very often but I collect them.very diff feel compared to a 4stroke bike
215475070334812160,Wed Jun 20 16:03:54 +0000 2012,RT @sanjkhet1984: @msdhoni MS Dhoni.. Its my birthday today.. Can you do me a great honour and give me a RT please
215473398241968130,Wed Jun 20 15:57:16 +0000 2012,Few of the trainers,the strength of SPORTSFIT.spent nice 45 mins with the members but didn't do much http://t.co/QNj0JZw0
215472597578694660,Wed Jun 20 15:54:05 +0000 2012,http://t.co/JpYPXGTJ
215472428711813120,Wed Jun 20 15:53:24 +0000 2012,Member at our gym http://t.co/o4qJq3E3
215472117767094270,Wed Jun 20 15:52:10 +0000 2012,Just came back from our gym SPORTSFIT,will post a few pics soon
215180382881054720,Tue Jun 19 20:32:55 +0000 2012,@chicane80 u were suppose to ride it before me but u never came to delhi so finally I went on a spin,so wenever u come here its all urs
215179899416227840,Tue Jun 19 20:31:00 +0000 2012,@Bhuvana77 watching both the games, hve not picked any side yet
215176748722171900,Tue Jun 19 20:18:29 +0000 2012,@praanz the world was ready for it but INDIA was not.it was a huge success all over the world and infact it had quite a few diff versions
215175969722466300,Tue Jun 19 20:15:23 +0000 2012,@priyanshsuri 2 harleys tht I hve tried r the fatboy and nightrod.I don't agree with nightrod being a harley,it doesn't hve the harley feel
215174473186414600,Tue Jun 19 20:09:26 +0000 2012,@flying_sikh done, v can defend our planes in the debate
215173989935489020,Tue Jun 19 20:07:31 +0000 2012,@praanz thts so true,cannot imagine it was a huge flop,I think thts why ppl say timing is very important.I hve quite a few of them
215172983847784450,Tue Jun 19 20:03:31 +0000 2012,@gauthamselvaraj I luv 2 stroke bikes but no stunts for me,hve never tried any stunts,hve burnt rear tyres a few times so u also b safe
215172231062499330,Tue Jun 19 20:00:32 +0000 2012,@flying_sikh I wd agree with u on eurofighter but not so much with the f-16, anyways thts personal choice.waiting for the rafael's(IAF)
215170593807540220,Tue Jun 19 19:54:01 +0000 2012,@flying_sikh yup it was a fantastic plane and it served really well so if u r asked to pick 1 from this generation which one wd u pick
215168326547148800,Tue Jun 19 19:45:01 +0000 2012,@ApekshaIshtar well I had to borrow it as I was not carrying my own and it was so cold tht I preferred being warm than looking good
215167437686059000,Tue Jun 19 19:41:29 +0000 2012,@flying_sikh I like ur display pic but my fav one is the su30 mki,ur plane has been phased out so time to change(just joking)
215161501126897660,Tue Jun 19 19:17:54 +0000 2012,Sorry the pic is not very clear http://t.co/Ph7G1oD7
215161227926704130,Tue Jun 19 19:16:48 +0000 2012,Just came back after my 1st ride on hellcat,will share a few things after a few more rides.nice 1st ride,a bit different to my other bikes
214395056373760000,Sun Jun 17 16:32:19 +0000 2012,@CA_isdamn_hard yup I did,I tried to kick the ball but it hit drogba's leg and he fell but I did apologise instantly
214393465558142980,Sun Jun 17 16:26:00 +0000 2012,Ranbir was very agile throughout the game and he put a lot of pressure on our goalkeeper vijay,a must watch is bhajju pa's goal so plz enjoy
214392926824972300,Sun Jun 17 16:23:51 +0000 2012,Drogba was really sweet and polite, nice of him to play for a while with the boys.baichung played really well for
214392346115178500,Sun Jun 17 16:21:33 +0000 2012,Our team played a bit rough after the game started but delhi boys were very polite but competitive.sorry for the foul on drogba
214391784317530100,Sun Jun 17 16:19:19 +0000 2012,Done with the pepsi football match,it was gud fun.everyone played well.thanks to the delhi team as they didn't play rough football
212458684960358400,Tue Jun 12 08:17:52 +0000 2012,@Pratham_10 I was good in football and badminton but I could play most of the sport quite well
212458079198003200,Tue Jun 12 08:15:28 +0000 2012,@yashbenz till class 9th my attendance was really really gud,class 10th it became bad and class 12th was the worst-am happy with wat I chose
212457359824523260,Tue Jun 12 08:12:36 +0000 2012,Sadly in school cricket was not a subject but there was a chance to follow watever sport a student was gud at, I miss my school days themost
212456428714213380,Tue Jun 12 08:08:54 +0000 2012,@rainy_leone nursery then kg and from class1 to class12, isn't tht 14 yrs he he he
212455805172203520,Tue Jun 12 08:06:25 +0000 2012,@Yotsnagupta777 after the vote http://t.co/YJMeWGqO
212454679563612160,Tue Jun 12 08:01:57 +0000 2012,Citizen power.just came back after casting my vote.it was also an opportunity to go to my old school where I spent 14 yrs
211460989877620740,Sat Jun 09 14:13:23 +0000 2012,Finally back home with family and pets and enough spare time to make and enjoy mango shakes before the mango season ends
207078683339534340,Mon May 28 11:59:40 +0000 2012,Closer view http://t.co/sbIobb8W
207078418213376000,Mon May 28 11:58:37 +0000 2012,My unusual bike http://t.co/PXgG24fF
206840551352442880,Sun May 27 20:13:25 +0000 2012,Quite an emotional moment.playing together for 2 months and finally wishing each other before v depart our ways but only to meet again.
188698567576272900,Sat Apr 07 18:43:39 +0000 2012,Gud 2nd game.great effort by the team,jadeja,bravo,faf and jakati stood out.meeting AB sr at the opening ceremony was really special.
153275669156081660,Sun Jan 01 00:45:41 +0000 2012,Wish u all a very happy new year
149072544547344400,Tue Dec 20 10:23:58 +0000 2011,http://t.co/vMYmnfc6
148523938081812480,Sun Dec 18 22:04:00 +0000 2011,Camedown to breakfast early only to realise team won't leave for another 2hrs,bad weather,thkng wat to do.nxt time will open the curtains1st
148206689949200400,Sun Dec 18 01:03:23 +0000 2011,So in team soccer event it was man utd vs liverpool and the result in favour of man utd 5-2, trevor our fielding coach lost again
148169203235565570,Sat Dec 17 22:34:25 +0000 2011,Its a long training day ahead of us,some soccer,catching,running+fielding,competition throwing,kit bags to be given rest, no nets
147799205942001660,Fri Dec 16 22:04:11 +0000 2011,Thanks to CNN IBN for selecting me as the sportsperson of the year,all because of our TEAM INDIA.congrats to all the award winners.
147082783636992000,Wed Dec 14 22:37:22 +0000 2011,@GrantWPhilpott thanks for the help. Really amazing plane and the ppl who were part of all those missions
147081358626398200,Wed Dec 14 22:31:43 +0000 2011,RT @GrantWPhilpott: @msdhoni that is Lancaster "G for George"!
147080489159761920,Wed Dec 14 22:28:15 +0000 2011,Off to the stadium for the 1st practice game,cloudy weather,a bit cold also but overall nice condition
147043151029342200,Wed Dec 14 19:59:53 +0000 2011,This bomber plane was part of 90 missions during world war2  and is placed at the war memorial http://t.co/9LE7k89k
146613892561375230,Tue Dec 13 15:34:10 +0000 2011,Finally reached the hotel at 2.15am local time, felt like a long journey.
145001275036155900,Fri Dec 09 04:46:12 +0000 2011,Welldone viru pa, double it up
145001136120795140,Fri Dec 09 04:45:39 +0000 2011,Ppl thought there r a few who cd score 200 after paji,I always believed there is only one, one of our modern era legends- virender sehwag
144661318492889100,Thu Dec 08 06:15:20 +0000 2011,When you throw a baby in the air, she laughs because she knows you will catch her...THAT'S TRUST
144658500079988740,Thu Dec 08 06:04:08 +0000 2011,Once,all villagers decided to pray for rain, on the day of prayer all the People gathered but only one boy came with an umbrella THT'S FAITH
142597279671529470,Fri Dec 02 13:33:35 +0000 2011,@beingankurzutsh maybe I am wrong but its still a nice song
142592372528787460,Fri Dec 02 13:14:05 +0000 2011,Ok guys listen to EMPTINESS by rohan rathore
142530834589687800,Fri Dec 02 09:09:33 +0000 2011,rtsp://v2.cache6.c.youtube.com/CjgLENy73wIaLwk-eQUJOJZ_OxMYJCAkFEIJbXYtZ29vZ2xlSARSB3Jlc3VsdHNguM-I5-brweZODA==/0/0/0/video.3gp
142530793670062080,Fri Dec 02 09:09:23 +0000 2011,Listen to this song
138249783235182600,Sun Nov 20 13:38:11 +0000 2011,Finally loading CALL of DUTY MW3 on my laptop,hope its better than BLACK OPS
137097834834034690,Thu Nov 17 09:20:45 +0000 2011,End of wat seems like a very long test match,after 1st day I hve been on the field throughout for 175 overs.
135571919826206720,Sun Nov 13 04:17:19 +0000 2011,Need a favour from the computer game lovers.which is the latest and best first person shooting game,need to get a few
135570652534022140,Sun Nov 13 04:12:17 +0000 2011,Thanks for reminding me about kolkata fuchkas but I prefer the ranchi ones,if anyone goes to ranchi then he/she shd try
135315827317669890,Sat Nov 12 11:19:41 +0000 2011,U can feel the start of winter season, not because of the dropping temperature but because its getting dark by 4.45
135315164756066300,Sat Nov 12 11:17:03 +0000 2011,End of practice sesn,kolkata among the best place for food,for me its biryani and chicken chaap or the rolls u get out here on the streets
134284642168750080,Wed Nov 09 15:02:08 +0000 2011,http://t.co/EA1Kr7Xe
134205304891125760,Wed Nov 09 09:46:52 +0000 2011,Guys did you connect with me on my Google Plus yet?  http://t.co/CLwjxYHW"
134200347563528200,Wed Nov 09 09:27:10 +0000 2011,Nice end to the test match, one extra day of rest before kolkata test
133364440501461000,Mon Nov 07 02:05:35 +0000 2011,A very gud morning and Eid mubarak to everyone
133222332977262600,Sun Nov 06 16:40:53 +0000 2011,Done with dinner, waiting for the room keys as the old ones r not working, won't keep them nxt to the mobile again
132987519150211070,Sun Nov 06 01:07:50 +0000 2011,Good morning everyone.test cricket in india also teaches us how to get up early in the morning
132825624027996160,Sat Nov 05 14:24:31 +0000 2011,Me and my wife in the same room but communicating via twitter
132824706561753090,Sat Nov 05 14:20:52 +0000 2011,@Bhuvana77 ok then let me bring ur countdown to 0
132823592646885380,Sat Nov 05 14:16:26 +0000 2011,Finally everything over for today,press conference,team meeting,match referee meeting so my wife thinks its time for her to eat my head
132425768742551550,Fri Nov 04 11:55:38 +0000 2011,1st practice session over,time spent on batting and keeping drills
132082959003037700,Thu Nov 03 13:13:26 +0000 2011,A very good morning, I know its evening but wat to do slept at 3.10am and got up just now,caught up with all the sleep
130329384853843970,Sat Oct 29 17:05:21 +0000 2011,@aditya0912 I will try sir
130323268023500800,Sat Oct 29 16:41:03 +0000 2011,@yuvsingh09 my bike is better than ur baby ha ha ha 0-100 in 2.5secs
129838534143131650,Fri Oct 28 08:34:53 +0000 2011,Which movie to watch,any suggestion
129578470266245120,Thu Oct 27 15:21:29 +0000 2011,Kolkata,back on national duty
129492132288401400,Thu Oct 27 09:38:24 +0000 2011,Had a fantastic diwali with friends and family.came home after 4 months
128875579704479740,Tue Oct 25 16:48:27 +0000 2011,Well done to all the team members and the support staff for the series win and ofcourse to all the indians wish u all a very happy dipawali
128171646619103230,Sun Oct 23 18:11:16 +0000 2011,@0007rishabh ssssssssshhhhhhhh nazar na lagaiye aap
128170947122442240,Sun Oct 23 18:08:29 +0000 2011,Packing all our bags after the game, feels vr spending more energy here than on the field
128155967241191420,Sun Oct 23 17:08:58 +0000 2011,Gud win,raina and virat batted really well.well done to all the bowlers
127644619998642180,Sat Oct 22 07:17:03 +0000 2011,@ShubhamDeshmuk gud morning
127643729682108420,Sat Oct 22 07:13:31 +0000 2011,Mumbai is a bit hot and humid, rehydration will be the key,batsman or bowler everyone will be tested,no more runners in cricket
127640815160918020,Sat Oct 22 07:01:56 +0000 2011,I luv centre wkt practice.In our sport v can't warm up where v actually play so the closest v can get is the wkt next to the match wkt
127596388468011000,Sat Oct 22 04:05:24 +0000 2011,ZOYA http://t.co/Ogv59K3e
127595176834240510,Sat Oct 22 04:00:35 +0000 2011,Best part of morning net practice,u can have a nice breakfast
113295175027134460,Mon Sep 12 16:57:29 +0000 2011,I will b back on twitter very soon
25317124146,Thu Sep 23 15:29:51 +0000 2010,Dear frens..due to unavoidable circumstances.. will be unable to make it to the chat this evening..my apologies..will try to come back asap
25297495087,Thu Sep 23 11:14:54 +0000 2010,About 5 hrs to go .. this is how you can LIVE Chat with me tonight.. thanks for your questions http://twitpic.com/2r5bms
25287741515,Thu Sep 23 07:46:40 +0000 2010,Hii .. leave your questions for me. Tonight i will try to answer as many as i can ..  http://twitpic.com/2r3v92
25249157640,Wed Sep 22 22:04:51 +0000 2010,Hello everyone!! Here is my youtube channel.. www.youtube.com/msdhoni .. cheers
25190348165,Wed Sep 22 06:48:25 +0000 2010,Hello everyone.. on 23rd Sep @ 10PM IST.. i will be online to have a chat with you LIVE.. tweet me ur questions..
25123374979,Tue Sep 21 14:29:35 +0000 2010,Hey.. I will be LIVE on 23 Sep @ 10 pm IST .. Chat with me and ask me questions on www.facebook.com/msdofficial
25009275979,Mon Sep 20 08:45:28 +0000 2010,nice waves for surfing,wish i could swim.would have learnt how to surf then.happy watching the surfers
25009088144,Mon Sep 20 08:41:00 +0000 2010,@Bhuvana77 rd's i have
25008972843,Mon Sep 20 08:38:16 +0000 2010,@Bhuvana77 which 2 bikes
25008907054,Mon Sep 20 08:36:42 +0000 2010,@vishalvyas001 thts doing really well,dont get much time though to ride it
25008707511,Mon Sep 20 08:32:00 +0000 2010,saw the lions but love the tigers of INDIA more
25008636395,Mon Sep 20 08:30:15 +0000 2010,went to shamwari wildlife reserve yesterday,got some really nice pics,will upload them later once i get better internet connection
24926388317,Sun Sep 19 11:02:57 +0000 2010,I like the Hotel we r staying in.... http://twitpic.com/2pyj4a
24841190168,Sat Sep 18 11:30:05 +0000 2010,lovely afternoon here in P.E, nice and cold.seems match will be played under cold weather.
24790913785,Fri Sep 17 20:52:03 +0000 2010,http://twitpic.com/2pddqv - Love music...
24788372130,Fri Sep 17 20:10:19 +0000 2010,I love my hot chocolate  http://twitpic.com/2pd15m
24787317026,Fri Sep 17 19:53:22 +0000 2010,http://twitpic.com/2pcwmq
24786739200,Fri Sep 17 19:44:00 +0000 2010,Finally No more fever.....
24785878831,Fri Sep 17 19:30:19 +0000 2010,feels good to be connected!!!!!!!!
