id,created_at,text
1114144966337617900,Fri Apr 05 12:37:14 +0000 2019,Indeed an honor to be interviewed by  BW Businessworld  BW Disrupt  https://t.co/Ty6zDJBjUl https://t.co/Ty6zDJBjUl
1113702257739038700,Thu Apr 04 07:18:04 +0000 2019,Thank you Entrepreneur .com ♥️  https://t.co/FN0w7tjGbw https://t.co/FN0w7tjGbw
1099272535286386700,Sat Feb 23 11:39:30 +0000 2019,https://t.co/tSsrun6fFa
1093533023637827600,Thu Feb 07 15:32:44 +0000 2019,https://t.co/AgggNWtBwI
1052541839507640300,Wed Oct 17 12:48:24 +0000 2018,in Dubai https://t.co/vnglX3E0Jd
1018944987948572700,Mon Jul 16 19:46:30 +0000 2018,First Flight with Tom White in #london #maidenhead #westlondonaeroclub #pilotlife https://t.co/bZornxTJam
1018269664202223600,Sat Jul 14 23:03:01 +0000 2018,travelling to London Heathrow from Terminal 2 Chatrapati Shivaji Terminal Mumbai https://t.co/0XzzWAMvTI
977624375577821200,Sat Mar 24 19:13:09 +0000 2018,https://t.co/ytbn1T8he6
867355626531246100,Wed May 24 12:24:30 +0000 2017,RT @come4come: Omg there is juSt no time left have you got your tickets to see @awryaditi @clickmadness &amp; @JeeyaDhadkDhadk buy now https://…
866977624265900000,Tue May 23 11:22:27 +0000 2017,RT @indcomedyclub: #Mumbai Catch #KaranChauhan and @Hoody_magic performing their special at #Magazine #Bandra on 24th May  Tickets - https:…
866977213073117200,Tue May 23 11:20:49 +0000 2017,RT @sumukhisuresh: #Pune performing tomorrow (24th May) at Euriska with these French omelettes. Buy tix and bring pepper!  Tkts: https://t.…
859915876069285900,Wed May 03 23:41:35 +0000 2017,#Umrah — travelling to Saudi Arabia from Chattrapati Shivaji International Airport,new Terminal No.2. https://t.co/2hewUMSr6k
852951699790602200,Fri Apr 14 18:28:26 +0000 2017,travelling to Thailand from Terminal 2 , Chhatrapati Shivaji International Airport , Mumbai https://t.co/vOjNmKNM69
832602804934082600,Fri Feb 17 14:49:12 +0000 2017,https://t.co/pl2oCSLB5B
815113117994729500,Sat Dec 31 08:31:26 +0000 2016,feeling excited at Roseate House New Delhi https://t.co/MtRzPWVjJY
811798107679846400,Thu Dec 22 04:58:46 +0000 2016,https://t.co/PUK8CtXs6D
801042729677504500,Tue Nov 22 12:40:44 +0000 2016,https://t.co/clT3HgtHYb
801024182750318600,Tue Nov 22 11:27:02 +0000 2016,RT @indcomedyclub: Funny Side Up with @vipulgoyal83 &amp; @badtamizbachha, at @EuriskaIndia #Pune. Buy 1 get 1 for students. Tickets - https://…
797094353134989300,Fri Nov 11 15:11:17 +0000 2016,RT @Funny_Leone: Mumbai!! Have you booked your tickets for #OrthodoxicallyMe ? Hosted by @sendtomandar and produced by @indcomedyclub https…
760120674061082600,Mon Aug 01 14:31:05 +0000 2016,Indian Comedy Club Presents Second Decoction A Special by Karthik Kumar Tickets - BookMyShow https://t.co/MphhsOoo9K
751277013063786500,Fri Jul 08 04:49:32 +0000 2016,travelling to New Delhi, India from Domestic Terminal- Chatrapathi Shivaji Airport- Mumbai https://t.co/kKm0OYEe4Y
750462501788221400,Tue Jul 05 22:52:58 +0000 2016,RT @indcomedyclub: Tomorrow at @EuriskaIndia #Pune, w/@Funny_Leone &amp; @badtamizbachha. BOGO for students. Tix - https://t.co/hru3BdD8L2 http…
749900381405245400,Mon Jul 04 09:39:18 +0000 2016,https://t.co/iSRPTG694N
747651950896910300,Tue Jun 28 04:44:50 +0000 2016,travelling to New Delhi, India from Terminal 2 , Chhatrapati Shivaji International Airport , Mumbai https://t.co/tZSSIefuwJ
744604310571520000,Sun Jun 19 18:54:36 +0000 2016,2 years ago was sitting alone in a small office trying to convince myself that starting a business was a good... https://t.co/I6BPOE8bUA
739509076623822800,Sun Jun 05 17:27:57 +0000 2016,https://t.co/75dmdo2vKN
737183176284639200,Mon May 30 07:25:40 +0000 2016,travelling to Goa, India from Domestic Terminal- Chatrapathi Shivaji Airport- Mumbai https://t.co/1MgaFYJdfL
720162315727843300,Wed Apr 13 08:10:50 +0000 2016,RT @MeraHandle: #Pune ki public! Aaj raat aa jao @EuriskaIndia. Ticket yaha milenge - https://t.co/BsJnCACUvQ https://t.co/UiC5aZ85oh
718843222714400800,Sat Apr 09 16:49:14 +0000 2016,@thegunjankhanna Kamra ke saare date cancel Kar ke Raunak ko de de Sab ;)  @MeraHandle @kunalkamra88
718689607731138600,Sat Apr 09 06:38:49 +0000 2016,RT @evamkarthik: My new #StandupComedy Clip :) - Dedication to @MaggiIndia &amp; #CurdRice - If you like it pls do RT! https://t.co/sUOQw8wSYE
716491075519705100,Sun Apr 03 05:02:38 +0000 2016,RT @JeeyaDhadkDhadk: My first open spot happened last night on the @indcomedyclub stage. So much fun. Even got an applause break. Yay. http…
716490967247896600,Sun Apr 03 05:02:13 +0000 2016,Happpppppy Birthdayyyyyyyyy @JestChill
705266805418254300,Thu Mar 03 05:41:24 +0000 2016,RT @indcomedyclub: TAPathon w/@kunalrao @jokesingh &amp; @PriyaSometimes, at TAP #Andheri. Tix (Fully Redeemable) - https://t.co/n9GdHP4mcw htt…
698765129786089500,Sun Feb 14 07:06:04 +0000 2016,RT @evamkarthik: Wednesday im doing new material :) #Chennai #Taj  https://t.co/hXMD6H80Ts
698765108718141400,Sun Feb 14 07:05:59 +0000 2016,RT @soundwaveinv: TAPathon in association w/@indcomedyclub, at TAP #Andheri. Tickets (Fully Redeemable) - https://t.co/QY0rYLoCqh https://t…
698765090007298000,Sun Feb 14 07:05:54 +0000 2016,RT @indcomedyclub: Circle Series Comedy Festival comes to Bengaluru! Tickets will be up on @bookmyshow, tonight. https://t.co/whSihpzKw0
695979192769388500,Sat Feb 06 14:35:44 +0000 2016,Sonmarg
695643011632357400,Fri Feb 05 16:19:53 +0000 2016,Day - 3 Pahalgham
695247315620081700,Thu Feb 04 14:07:31 +0000 2016,Day - 2 Gondalla
694896142996213800,Wed Feb 03 14:52:05 +0000 2016,Day 1 - Gulmarg
694734668269158400,Wed Feb 03 04:10:27 +0000 2016,I posted a new photo to Facebook https://t.co/I1oXDsABAK
690853440533205000,Sat Jan 23 11:07:50 +0000 2016,@abishmathew Shadi Mubarak !!! :)
690829491015389200,Sat Jan 23 09:32:40 +0000 2016,RT @indcomedyclub: Tomorrow at TAP, w/@AdnanNalwala @SonaliThakker &amp; @hijasmoosa. Tix (Fully Redeemable) - https://t.co/opfOGJhcZ8 https://…
685728747400622100,Sat Jan 09 07:44:08 +0000 2016,@kunalrao lol
685727606470230000,Sat Jan 09 07:39:36 +0000 2016,RT @indcomedyclub: #Mumbai! Catch @RehmanComedy, live at Bibliopole #Andheri. Tickets (Fully redeemable) - https://t.co/one4OKRqF5 https://…
685726638995304400,Sat Jan 09 07:35:45 +0000 2016,@kunalrao For sure this must be Gunjan
678976732582436900,Mon Dec 21 16:34:02 +0000 2015,Here comes the Santa󾔐󾔠󾔗 https://t.co/zEDrexjwhp
674090748808048600,Tue Dec 08 04:58:53 +0000 2015,I posted a new photo to Facebook https://t.co/rPmiSXVCe6
670978423431409700,Sun Nov 29 14:51:36 +0000 2015,It's show time at Barking Deer, and we are all sold out. Muaah!! Kanan Gill Amogh Ranadive https://t.co/l8OvlWzYcm
670975838616232000,Sun Nov 29 14:41:20 +0000 2015,It's show time at Barking Deer, and we are all sold out. Muaah!! @KananGill @amoghranadive @indcomedyclub https://t.co/KZqImbmV5P
664788271537459200,Thu Nov 12 12:54:09 +0000 2015,RT @indcomedyclub: Family Tandoncies - Live Stand Up Comedy by @amitandon, at Bottles &amp; Barrels #Gurgaon. Tix- https://t.co/3Shv0ulAu3 http…
664788119997296600,Thu Nov 12 12:53:33 +0000 2015,@thevirdas congratulations ;)
660843211779416000,Sun Nov 01 15:37:54 +0000 2015,RT @nitinmirani: @radvaz is HILARIOUSLY SCANDALOUS at #Tap Mumbai @indcomedyclub https://t.co/2PfdDwlLq0
657503570183528400,Fri Oct 23 10:27:21 +0000 2015,https://t.co/zvI7dzq05b
656143289888866300,Mon Oct 19 16:22:05 +0000 2015,#Dubai
653511673802715100,Mon Oct 12 10:04:59 +0000 2015,http://t.co/oU5PWuWkoV
652405006386249700,Fri Oct 09 08:47:29 +0000 2015,RT @TheBanat: Bandra bros. Gigging in your neighbourhood tonight with @karuneshtalwar. La Ruche, 8.30pm. Tickets here: http://t.co/wbv0a0Un…
651299174730756100,Tue Oct 06 07:33:18 +0000 2015,RT @indcomedyclub: This is what @dna #Mumbai has to say about us!  Read the full article, here - http://t.co/EcE0B6DfvU http://t.co/2Bt3bCO…
651277451977338900,Tue Oct 06 06:06:59 +0000 2015,One mite have heard the famous quote, "Only those who will risk going too far can possibly find out how far one... http://t.co/CiYT6RMstw
649277803767029800,Wed Sep 30 17:41:06 +0000 2015,RT @indcomedyclub: Thank you @knowkenny for a super duper fantastic sold out show @EuriskaIndia http://t.co/8FlvrrRqjz
649218667821973500,Wed Sep 30 13:46:06 +0000 2015,RT @indcomedyclub: @one_by_two Haha! Let's call them at @EuriskaIndia, again on the 14th of Oct! ;) @knowkenny @DhruvDeshpunde http://t.co/…
645161985563189200,Sat Sep 19 09:06:18 +0000 2015,RT @bookmyshow: #Mumbai let #VarunThakur &amp; #AmoghRanadive help you laugh your hearts out this weekend!  http://t.co/wiyXYh5DzG http://t.co/…
645161869116768300,Sat Sep 19 09:05:50 +0000 2015,RT @indcomedyclub: @MumbaiMirror All the details that you have mentioned for our show tonight, are incorrect. Here's the link to it - http:…
645161856487714800,Sat Sep 19 09:05:47 +0000 2015,RT @indcomedyclub: @MumbaiMirror Kindly tweet and make an FB post with the correct details, as we are facing a huge problem here!
645161844361924600,Sat Sep 19 09:05:44 +0000 2015,RT @indcomedyclub: @MumbaiMirror Below are the correct details  https://t.co/F22yddurbx
645161839395889200,Sat Sep 19 09:05:43 +0000 2015,RT @indcomedyclub: @MumbaiMirror The show is tomorrow at 7.30pm, at @TAPRestoBar Andheri.  cc: @TOIMumbai
645121729287753700,Sat Sep 19 06:26:20 +0000 2015,http://t.co/wWJAujmW54
643112620778614800,Sun Sep 13 17:22:51 +0000 2015,@kunalkamra88 sir aapne follow back Kiya,hum Dhanye hogaye ........Dil garden garden hogaya
643020880973443100,Sun Sep 13 11:18:19 +0000 2015,RT @TheBanat: Andheri folks! I'll be at @TAPRestoBar with @ABrijTooFar tonight. Show starts at 7.30. Come! Tix- http://t.co/byRZ7Xk4BC @ind…
641160415108423700,Tue Sep 08 08:05:29 +0000 2015,http://t.co/PCYFSMP8EK
639740277939290100,Fri Sep 04 10:02:22 +0000 2015,RT @indcomedyclub: Press coverage of our last show at @TajBengal, by @t2telegraph #Kolkata. http://t.co/oVETmYYect
639472852685713400,Thu Sep 03 16:19:43 +0000 2015,http://t.co/P1IUNctb1R
638601942441304000,Tue Sep 01 06:39:02 +0000 2015,Go... Go.... Go... http://t.co/xYME7w8Rwz
637335835197620200,Fri Aug 28 18:47:58 +0000 2015,RT @indcomedyclub: Live Stand Up Comedy with @absolutelydanny, at @TAPRestoBar #Mumbai. Tickets - http://t.co/2YNzL3YRf0 http://t.co/hZkR80…
637335802763063300,Fri Aug 28 18:47:51 +0000 2015,RT @indcomedyclub: #Mumbai folks! Don't forget to catch @greencomedian, live at @LaRucheMumbai. Tickets - http://t.co/2YNzL3YRf0   https://…
629028796591677400,Wed Aug 05 20:38:46 +0000 2015,http://t.co/N9rU9621hP
628460907178229800,Tue Aug 04 07:02:11 +0000 2015,RT @indcomedyclub: #Pune! Get ready, as @ImprovComedyMum comes to your city, to tickle your funny bone! Tix- http://t.co/ukz1vSC1oW http://…
627082460040294400,Fri Jul 31 11:44:43 +0000 2015,RT @ComedyCentralIn: #Mumbai! Angad and Anuvab present Stand up Comedy Night at La Ruche, Bandra, tonight at 8:30 PM. http://t.co/ZjywxyxIb8
627082180305424400,Fri Jul 31 11:43:37 +0000 2015,RT @indcomedyclub: Stand Up Comedy Night at @LaRucheMumbai, w/@AnuvabPal and @PiratedSardar #Bandra #Mumbai. Tix- http://t.co/PFBXOodzQN ht…
623478710763659300,Tue Jul 21 13:04:42 +0000 2015,#firsttime Ad shoot ,metro train ,  harmour Ice Cream all thanks to Khurshed Lawyer
619913691899805700,Sat Jul 11 16:58:36 +0000 2015,Comedy lovers you need watch this http://t.co/lTi1PpHYnG
619278929199808500,Thu Jul 09 22:56:17 +0000 2015,http://t.co/H1dwt6oxg3
618652375851466800,Wed Jul 08 05:26:35 +0000 2015,@LALUMMLAL thank u lal
618014700299792400,Mon Jul 06 11:12:41 +0000 2015,http://t.co/hsnZK0R3fV
615151366986682400,Sun Jun 28 13:34:49 +0000 2015,http://t.co/QsVr534BPh
611515372089573400,Thu Jun 18 12:46:40 +0000 2015,http://t.co/IgNIUHxWrM
611509326142902300,Thu Jun 18 12:22:39 +0000 2015,http://t.co/neHSXKk4vq
610434149703270400,Mon Jun 15 13:10:17 +0000 2015,@goairlinesindia thanks for replying so soon.
609607220548907000,Sat Jun 13 06:24:21 +0000 2015,@LALUMMLAL bhadweeeeee
609289151393894400,Fri Jun 12 09:20:28 +0000 2015,.@goairlinesindia now it's more than 1 hour flight is still not ready to take off
609268679943979000,Fri Jun 12 07:59:07 +0000 2015,.@goairlinesindia (g8/387) flight delayed for 40mins :( second time in a week.
609262400903249900,Fri Jun 12 07:34:10 +0000 2015,travelling to Jammu from Srinagar Airport http://t.co/YEvYyWNnLa
608124520080277500,Tue Jun 09 04:12:38 +0000 2015,Tamanna Shaikh — travelling to Kashmir from International Terminal T2, CSI Airport, Mumbai http://t.co/C5402DTJqh
603086190187774000,Tue May 26 06:32:07 +0000 2015,Day 2 Mr &amp; Mrs Tisekar http://t.co/3v89abR5Us
602942734949883900,Mon May 25 21:02:04 +0000 2015,.@seaprincessjuhu 3 hrs still no answer from you people???? #mumbai http://t.co/uiDSNV4RiI
602924634682429400,Mon May 25 19:50:09 +0000 2015,.@seaprincessjuhu Mr Das (lobby Manager) even he doesn't have courtesy  to stand where the incident has happened. SHAME ON YOU!!!
602921363196629000,Mon May 25 19:37:09 +0000 2015,@seaprincessjuhu it's more than 2 hours two children's are stuck in it... who the fuck  is responsible???????? http://t.co/4hLEgkcWYv
602917529623769100,Mon May 25 19:21:55 +0000 2015,.@seaprincessjuhu your elevator sucks.
602592177898790900,Sun May 24 21:49:05 +0000 2015,Mr &amp; Mrs White .... Countdown begins http://t.co/vfWYOk18Lm
598945079450071000,Thu May 14 20:16:49 +0000 2015,Everyone should try this at least once you will love it. http://t.co/TF5A3q93pm
598370155702321200,Wed May 13 06:12:16 +0000 2015,@JestChill one of my favourites
597483563404107800,Sun May 10 19:29:16 +0000 2015,Proof that I was with you all
596941334365233200,Sat May 09 07:34:39 +0000 2015,http://t.co/gKd0CNuc6S
596608113589022700,Fri May 08 09:30:33 +0000 2015,http://t.co/RBVamVEJ92
595250605230149600,Mon May 04 15:36:18 +0000 2015,@SonaliThakker lol
595250114593095700,Mon May 04 15:34:21 +0000 2015,@SonaliThakker open mic .......................................
594796417618747400,Sun May 03 09:31:31 +0000 2015,You must watch this. Its so funny http://t.co/rCLhctQTkF
594411824302329900,Sat May 02 08:03:17 +0000 2015,.@LaughClubMum Error Error his Shah not Bharucha @craziebawa @AnuvabPal
592961224964341800,Tue Apr 28 07:59:07 +0000 2015,RT @EuriskaIndia: This isn't just another Stand Up Comedy night, folks! ;) In association with the Indian Comedy Club, tomorrow's... http:/…
592672596791009300,Mon Apr 27 12:52:13 +0000 2015,2016 http://t.co/bjF7PpwfJq
592672211762356200,Mon Apr 27 12:50:41 +0000 2015,2016 Resolution http://t.co/5ho4EvK9lq
592476855711699000,Sun Apr 26 23:54:24 +0000 2015,Memories Joy Kanjilal Sanjiv Sharma Vinit Jadhav Amey Virkud Thank you !!!!   Love you all :)
592274063495663600,Sun Apr 26 10:28:35 +0000 2015,#Goa http://t.co/y0rNp45TJI
590030766567870500,Mon Apr 20 05:54:31 +0000 2015,@dancing_kitteh_  madam ji  namaste ;) @LALUMMLAL
590029883444580400,Mon Apr 20 05:51:01 +0000 2015,@LALUMMLAL thinking to put your picture
590021921351176200,Mon Apr 20 05:19:22 +0000 2015,.@LALUMMLAL Bhai aap  bhi  kuch  kam  nahi  ho @kalyanrath
589725898800115700,Sun Apr 19 09:43:05 +0000 2015,.@varungrover sir maaja  aagaya.
588786680632512500,Thu Apr 16 19:30:58 +0000 2015,@LALUMMLAL haha haha Ek  no @indcomedyclub
585070777533202400,Mon Apr 06 13:25:18 +0000 2015,@JeeyaDhadkDhadk ;) @LaughClubMum
584763664978341900,Sun Apr 05 17:04:56 +0000 2015,watching Furious 7 at Globus Cinema http://t.co/zz1uX7LXEb
583907530193010700,Fri Apr 03 08:22:58 +0000 2015,@GrenadeRum Thanks for the invitation #karmakiller
581920966550401000,Sat Mar 28 20:49:04 +0000 2015,Its a sad day for comedy...  He  always had guts to say on the face that you were not funny...  Man behind all... http://t.co/09uRl72pvS
581066992641265700,Thu Mar 26 12:15:41 +0000 2015,.@LALUMMLAL bapa  la zavaila ani  kutrya  la kadhi  hagayla    shikwat  nahi @wanderingveda samjha  isko
581065342492905500,Thu Mar 26 12:09:07 +0000 2015,Ha match fix hota  tewa  ti  kutri  anushka  aali  nahi  bagayla.....
580964100315832300,Thu Mar 26 05:26:49 +0000 2015,Yeh India ka  match  roz  hona  chahiye  sala  Gym  khali  milta  hai
579696034248441900,Sun Mar 22 17:27:59 +0000 2015,@ResurgetC @Big_Pitcher @VamBho @rasgullaninja @RahulNotAGandhi @satanbhagat @indcomedyclub hahahaha
578218325747994600,Wed Mar 18 15:36:06 +0000 2015,I just love this word #SoldOut at @EuriskaIndia @indcomedyclub
578052841127813100,Wed Mar 18 04:38:31 +0000 2015,#classicgreekambiance #jagermeister shorts #Djruuuunal Super excited  for tonight special by @awryaditi at @EuriskaIndia @indcomedyclub
575916051143094300,Thu Mar 12 07:07:41 +0000 2015,RT @indcomedyclub: Get ready for a spectacular night of stand-up comedy at @RenaissanceMum w/@amoghranadive @knowkenny and @kunalkamra88 ht…
575298269372248060,Tue Mar 10 14:12:50 +0000 2015,RT @indcomedyclub: This week we have in the house @nitinmirani, all the way from UAE, at @EuriskaIndia #Pune Tix- http://t.co/QQV1y3x9Z1 ht…
575298169736577000,Tue Mar 10 14:12:26 +0000 2015,RT @indcomedyclub: Get ready for a spectacular night of stand-up comedy at @RenaissanceMum w/@amoghranadive @knowkenny and @kunalkamra88 ht…
573785396070457340,Fri Mar 06 10:01:13 +0000 2015,Do Come... Guaranteed  Laugh or money back. http://t.co/39BtUdfq0b
573181438968770560,Wed Mar 04 18:01:18 +0000 2015,Host for tonight show and ch**t good friend  of mine really did a good job @mikhailalmeida @indcomedyclub http://t.co/sj6hhWNzaO
569484399005343740,Sun Feb 22 13:10:35 +0000 2015,Are You Offended ? http://t.co/TJtcb7zG6C
567669447503396860,Tue Feb 17 12:58:37 +0000 2015,http://t.co/2543DkcyPs
567270205189939200,Mon Feb 16 10:32:10 +0000 2015,@Teddy_Tc haha this is what I love about you , Twitter handle for your cat ;) @MrMrRajneesh @custard_nana
566879027831795700,Sun Feb 15 08:37:46 +0000 2015,AIB Roast: Russell Peters asks Aamir Khan to shut up http://t.co/0zKOegNyZq
566616358985531400,Sat Feb 14 15:14:01 +0000 2015,@kunalkamra88 samaj  gaya  sir, aap  bohat  smart Ho ;)
566614047571705860,Sat Feb 14 15:04:50 +0000 2015,@kunalkamra88 wah sir wah
565079310550437900,Tue Feb 10 09:26:20 +0000 2015,I posted 46 photos on Facebook http://t.co/nQXwclXdKj
563605146211745800,Fri Feb 06 07:48:32 +0000 2015,Less then 24 hours already in love with #Dubai
563295086340214800,Thu Feb 05 11:16:28 +0000 2015,traveling to Dubai, United Arab Emirates from Terminal 2 , Chhatrapati Shivaji International Airport , Mumbai http://t.co/5LvCvRKfzy
563005724989849600,Wed Feb 04 16:06:39 +0000 2015,Real Star's  @AllIndiaBakchod @SchitzComedy @EastIndiaComedy @TheWeirdass #support #AIB
562932809552367600,Wed Feb 04 11:16:55 +0000 2015,RT @AllIndiaBakchod: Have taken down AIB Knockout for now. We will speak soon.
562932783988113400,Wed Feb 04 11:16:49 +0000 2015,RT @AllIndiaBakchod: Hey everyone... http://t.co/bBcnji3LBV
562345079512129540,Mon Feb 02 20:21:29 +0000 2015,RT @AllIndiaBakchod: Team AIB heard some of the questions, compliments and critique you guys had about AIB Knockout - and here's the video …
555954898274385900,Fri Jan 16 05:09:11 +0000 2015,After all the recent terrible tragedies that have happened and are happening, this world needs as much kindness... http://t.co/z9Svfdtjqt
551080082127605760,Fri Jan 02 18:18:24 +0000 2015,Comedy King Vir Das it's always a pleasure to meet him and get to know more  about Comedy scene. http://t.co/JssPkRfB5O
547724040454930400,Wed Dec 24 12:02:42 +0000 2014,RT @absolutelydanny: @craziebawa @Big_Pitcher @knowkenny @mikhailalmeida @indcomedyclub Sex pakoda room. You guys will love it.
546356606267842560,Sat Dec 20 17:29:00 +0000 2014,Rivals but best best friends Sanjiv Sharma http://t.co/UEXlCv2Gbo
542746296323301400,Wed Dec 10 18:22:55 +0000 2014,RT @indcomedyclub: We had a fabulous night of stand-up comedy, tonight at @EuriskaIndia #Pune. All thanks to @one_by_two, @jaideepsj and @N…
540391450622435300,Thu Dec 04 06:25:36 +0000 2014,Happy  Birthday  @soapyrao have a great one :)
537694086715940860,Wed Nov 26 19:47:14 +0000 2014,@awryaditi thank you jii
536733925452693500,Mon Nov 24 04:11:54 +0000 2014,Happy Birthday  @Teddy_Tc http://t.co/pgR1jV4W0K
534197146174894100,Mon Nov 17 04:11:39 +0000 2014,With Aadar Malik — traveling to Mumbai, Maharashtra, India from Bengaluru International Airport http://t.co/0BVumg5gtT
534153614881587200,Mon Nov 17 01:18:40 +0000 2014,RT @knowkenny: ITS FINALLY HERE! MY ENTIRE STAND UP SPECIAL! Watch and Share! http://t.co/R7OVyEHMCI
534153557948117000,Mon Nov 17 01:18:26 +0000 2014,RT @knowkenny: I added a video to a @YouTube playlist http://t.co/R7OVyEHMCI KENNY SEBASTIAN - LIVE STAND UP MUSIC COMEDY SPECIAL "JOURNEY"
534029829767577600,Sun Nov 16 17:06:47 +0000 2014,RT @indcomedyclub: A spectacular night of stand-up comedy at the @Big_Pitcher #Bangalore! Thank you for the awesome performance @MyNameIsAa…
533297003233828860,Fri Nov 14 16:34:48 +0000 2014,http://t.co/uwCp8PaxTx
533295050604556300,Fri Nov 14 16:27:02 +0000 2014,RT @indcomedyclub: #Mumbai! We are coming to @OofTB w/@one_by_two and @PiratedSardar to make you go "LOL these guys are funny, man!" http:/…
533294875693703200,Fri Nov 14 16:26:21 +0000 2014,RT @indcomedyclub: Goa is like Vaishno Devi for college students. Visiting it once a year, is a must.
532936146787905540,Thu Nov 13 16:40:53 +0000 2014,I don't know what to do ? I don't know don't know what to do. ....
532818717587939300,Thu Nov 13 08:54:16 +0000 2014,@abishmathew  I knew this will happen...  @TheBanat @sapanv
532818395473772540,Thu Nov 13 08:52:59 +0000 2014,@TheBanat don't think negative ;) he took the show to the next level @sapanv
532817815477055500,Thu Nov 13 08:50:41 +0000 2014,@TheBanat sapan verma knows Wat I am talking about @sapanv
532816923931594750,Thu Nov 13 08:47:08 +0000 2014,Experience always works, It has been proved last night. Thanks @sapanv ;)
532407282676424700,Wed Nov 12 05:39:22 +0000 2014,Happpppieeee Birthday @awryaditi
531806093119221760,Mon Nov 10 13:50:27 +0000 2014,RT @Rashshar: Come watch me play a negative role in "Darindey The Villans" tomorrow @PrithviTheatre 6&amp;9pm.#Theatre#stage#canvaslaughclub#Nc…
531693257642614800,Mon Nov 10 06:22:05 +0000 2014,RT @indcomedyclub: #Pune! This Wednesday we come to your city to give you, your monthly dose of laughter at @EuriskaIndia . http://t.co/Hxr…
531363705263771650,Sun Nov 09 08:32:34 +0000 2014,http://t.co/flMigW3Sjh
531024004392304640,Sat Nov 08 10:02:43 +0000 2014,RT @indcomedyclub: This has happened with each and everyone of us! http://t.co/5sniSpnYiy
530786730345893900,Fri Nov 07 18:19:52 +0000 2014,http://t.co/vkksaR1WdM
529737592125009900,Tue Nov 04 20:50:58 +0000 2014,Thank You Shaikh Neha Behind ever successful man their is a girl and i am lucky that its you my sister.....
529577146423853060,Tue Nov 04 10:13:25 +0000 2014,RT @indcomedyclub: Check out comedy videos from all over India on our LOL TV http://t.co/37lmaJf6Vi
529176906671747100,Mon Nov 03 07:43:00 +0000 2014,RT @manoramaonline: Photo of the day: A couple kissing inside a police van as cops detain them #KissOfLove | http://t.co/0htFEmm6rg http://…
528796251798515700,Sun Nov 02 06:30:25 +0000 2014,@MeraHandle check your DM
528462955797442560,Sat Nov 01 08:26:01 +0000 2014,RT @karuneshtalwar: "People can capture their most cherished memories forever" - inventor of cameras  "Ek doosre ko lund ki photo bhejo" - …
527801008064184300,Thu Oct 30 12:35:41 +0000 2014,Always love your Job not the company, Because company will never love you back.
527392115727163400,Wed Oct 29 09:30:53 +0000 2014,http://t.co/7yccOfXg0o
527330330362265600,Wed Oct 29 05:25:22 +0000 2014,Live Stand Up Comedy ! http://t.co/Jso0righnv
527113026877399040,Tue Oct 28 15:01:53 +0000 2014,HAAAAAapppyyy Birthdayyyyy @kaneezsurka
527055366094196740,Tue Oct 28 11:12:46 +0000 2014,RT @indcomedyclub: Yeah Weekend! What? It's a Wednesday? Who cares when we've @craziebawa @vipulgoyal83 on stage  @EuriskaIndia http://t.co…
525903610149077000,Sat Oct 25 06:56:06 +0000 2014,Did anyone won Jackpot in Daily Booster Wheel #CandyCrush
524662749398183940,Tue Oct 21 20:45:21 +0000 2014,@Saad_Haroon @nitinmirani  you both deserve the winning trophy @thelaughfactory
523843704490975200,Sun Oct 19 14:30:46 +0000 2014,@DhruvDeshpunde Sure Sir, call me ;)
523790670679396350,Sun Oct 19 11:00:02 +0000 2014,Happy Birthday @DhruvDeshpunde
522277255079149600,Wed Oct 15 06:46:15 +0000 2014,Tum mujhe note do💵💴💶💷.. Mai tumhe vote dunga #Election2014
521959372436414460,Tue Oct 14 09:43:06 +0000 2014,@mtnlmumbai  it took 2 hrs Just to submit my form #unsatisfiedservice. Hope you provide me with good Internet speed.
521205387442135040,Sun Oct 12 07:47:02 +0000 2014,Knock knock....
520909984960245760,Sat Oct 11 12:13:13 +0000 2014,It's easier to contact Artists directly, but it's way difficult to contact their managers.
519473555180748800,Tue Oct 07 13:05:21 +0000 2014,@PiratedSardar Lets celebrate ;)
519472417668755460,Tue Oct 07 13:00:50 +0000 2014,Happy Birthday @PiratedSardar http://t.co/7lWSk4gQDj
519450328102469600,Tue Oct 07 11:33:03 +0000 2014,@amoghranadive this was the result after his slot @jaideepsj http://t.co/XFqRecELuJ
519190016363208700,Mon Oct 06 18:18:40 +0000 2014,@absolutelydanny Dany my boy u were amazing #newstuff @LaughClubMum
519189847248883700,Mon Oct 06 18:18:00 +0000 2014,RT @TheBanat: The maddest New Stuff night I've ever been a part of at @LaughClubMum. Such killage from everyone. Take a bow!
519031202733244400,Mon Oct 06 07:47:36 +0000 2014,Happy Birthday Puniiii @PurnimaHeble
518946799319396350,Mon Oct 06 02:12:13 +0000 2014,EID MUBARAK to everyone.
518041515558318100,Fri Oct 03 14:14:56 +0000 2014,Look who's watching "Muslim calling Muslim" @KananGill @awryaditi http://t.co/xWueDWC2OA
516269525214302200,Sun Sep 28 16:53:41 +0000 2014,RT @absolutelydanny: Whoa! RT "@mubintisekar must give Modi spot on Rising Stars!"
515887062013071360,Sat Sep 27 15:33:54 +0000 2014,@LALUMMLAL sure Raunak even you can try in #openmic @MeraHandle
514733583505063940,Wed Sep 24 11:10:24 +0000 2014,http://t.co/aSr7EOWJAy
514316580046393340,Tue Sep 23 07:33:22 +0000 2014,@Teddy_Tc CEO of my company and my competitor #candycrush #CANDYCRUSHPARTY http://t.co/mRMDpWsgvG
513955272004341760,Mon Sep 22 07:37:40 +0000 2014,Happyyyyy Birthday Paaaji @Jeeveshu Tum Jiyo hazaro saal Yeh meri hai  aarzo,,, happy birthday to u uuu
512914418003222500,Fri Sep 19 10:41:41 +0000 2014,@amoghranadive that's my daily life ;)
512913731718635500,Fri Sep 19 10:38:57 +0000 2014,Life of Programmer FB - bhai koi spot hai? Whatsapp- bhenchod phn kyu nahi utha raha Tweet - TDS certificate kab de raha hai Call - PAISE DE
512164007898120200,Wed Sep 17 08:59:49 +0000 2014,http://t.co/F8FHv4g7SB
511576261441761300,Mon Sep 15 18:04:20 +0000 2014,Good show #openmic @LaughClubMum Congrats @rahuls141 what a great show.
511045920100597760,Sun Sep 14 06:56:56 +0000 2014,@MrMrRajneesh :)
511045331308404740,Sun Sep 14 06:54:36 +0000 2014,@MrMrRajneesh hahaha, I thought it might be a week off.
511044472721768450,Sun Sep 14 06:51:11 +0000 2014,@MrMrRajneesh sir you missed Sunday.
511044102482583550,Sun Sep 14 06:49:43 +0000 2014,RT @LALUMMLAL: When I remove my specs..my eyes are as good as a VGA camera
510802962642243600,Sat Sep 13 14:51:31 +0000 2014,Watch my social experiment. Do comment and share.  http://t.co/HYVR9vuxr5 via @YouTube
510450265938341900,Fri Sep 12 15:30:01 +0000 2014,http://t.co/1qgnhJMWbp
509719438686294000,Wed Sep 10 15:05:58 +0000 2014,RT @St_Hill: Someone named @angelablabla made an actual Apple Watch http://t.co/gsqUKXAcEN
508681886034452500,Sun Sep 07 18:23:07 +0000 2014,#fun — at Westin Hotel, Pune, India http://t.co/bhxwHl9A8o
508681474099261440,Sun Sep 07 18:21:28 +0000 2014,@EuriskaIndia #fun #vacation #Pune
508522598171295740,Sun Sep 07 07:50:09 +0000 2014,Thank you @AllIndiaBakchod for love respect and daruuuuuuu... wish you more success. #hangover #party
508322362186399740,Sat Sep 06 18:34:29 +0000 2014,RT @AllIndiaBakchod: Our one year on Youtube party currently underway with Britney Spears on karaoke! http://t.co/mUs3aUahhf
507888232026341400,Fri Sep 05 13:49:25 +0000 2014,http://t.co/xvBLBJXef2
507508256940363800,Thu Sep 04 12:39:32 +0000 2014,#VOGUEEMPOWER presents Kalki Koechlin @canvaslaughclub http://t.co/QuiCRcFfa1
507153492381691900,Wed Sep 03 13:09:49 +0000 2014,MOST SNAKES EVER - Tum Mere Ho Review http://t.co/pakVYccVJl
506771251310772200,Tue Sep 02 11:50:56 +0000 2014,@MuktaA2Cinemas worst experience ever. #noelectricity
506770808740405250,Tue Sep 02 11:49:10 +0000 2014,@MuktaA2Cinemas @MuktaArtsLtd ??????
506769403510153200,Tue Sep 02 11:43:35 +0000 2014,@MuktaA2Cinemas ????????? From past 15mins no AC. And why the hell movie has stopped in middle. #refund #Tickets #money
506768523079589900,Tue Sep 02 11:40:05 +0000 2014,@MuktaA2Cinemas dude wats going on.....
506450101133275140,Mon Sep 01 14:34:48 +0000 2014,@craziebawa Hahahaha, at least someone is listening to me.  @knowkenny @YesImprovisers @LaughClubMum @sapanv
506444328562991100,Mon Sep 01 14:11:51 +0000 2014,@sapanv TELL HIM " Fuck off Pareshaaaaaaaaaaant Raju "
506118243077984260,Sun Aug 31 16:36:07 +0000 2014,Thank you folk's!!! @thetanmay @gkhamba @mojorojo @PiratedSardar for a superb weekend @LaughClubMum Hope to see you soon.
505976368257957900,Sun Aug 31 07:12:21 +0000 2014,@Snapdeal_Help @snapdeal Even the ECM courier contact  number which I have received is not valid.
505974621909172200,Sun Aug 31 07:05:25 +0000 2014,@snapdeal kindly look into my order( Order No :3631614833 Awb no : 104824087 )  . It's more than 2 wks I hv not received it. #badexperience
505385893272629250,Fri Aug 29 16:06:01 +0000 2014,@LALUMMLAL party yo yo yo yo! !!!!
504654341748174850,Wed Aug 27 15:39:05 +0000 2014,I really hate when people run away from their responsibilities.........
504220965052489700,Tue Aug 26 10:57:00 +0000 2014,@LALUMMLAL Bantaixx tum aisa bologe :( @PrettyGarude
504220100518367200,Tue Aug 26 10:53:34 +0000 2014,@PrettyGarude in your case you just need to hug me ;) @LALUMMLAL
504212856707903500,Tue Aug 26 10:24:47 +0000 2014,RT @LALUMMLAL: So the latest BTC features the funniest comedian I know @mubintisekar :P  https://t.co/ui7C43IKc8
504211172535443460,Tue Aug 26 10:18:05 +0000 2014,@Teddy_Tc 😉
504207960399028200,Tue Aug 26 10:05:20 +0000 2014,@PurnimaHeble ;) @LALUMMLAL
503552135045578750,Sun Aug 24 14:39:19 +0000 2014,Soapy Rao - Episode 2: Sundeesh Job Interview http://t.co/A2rHk5av2g
501792820542177300,Tue Aug 19 18:08:25 +0000 2014,Pause or Play, time to hit play.........
499717038026137600,Thu Aug 14 00:40:00 +0000 2014,RT @JestChill: Brilliant. Go. Watch. Aisi Taisi Democracy. @varungrover, @urbantucchha, Indian Ocean's Rahul Ram. Definitely worth it. Musi…
498825570701307900,Mon Aug 11 13:37:38 +0000 2014,Watch watch watch watch East India Comedy Sorabh Pant Aditi Mittal http://t.co/U7hyQiDO5t
498221951010103300,Sat Aug 09 21:39:04 +0000 2014,RT @SirJadeja: RT if you feel I don't deserve a place in Team India. #IndvsEng #EngvInd
497003092190048260,Wed Aug 06 12:55:45 +0000 2014,@malikgarv keep the fun ON and keep  following us on @LaughClubMum for further details.
496899944716840960,Wed Aug 06 06:05:53 +0000 2014,RT @hemantmorparia: she deserved it? de 'severed' it #ChetanBhagat #HalfGirlfriend #cartoon http://t.co/ebAsHXbaWv
496758106789904400,Tue Aug 05 20:42:16 +0000 2014,@KTRupesh Its more fun to travel by our local trains ;)
496756042273800200,Tue Aug 05 20:34:04 +0000 2014,From scratch to stars!!! End of #comedyinterns lvl 2 at @LaughClubMum Good Job every one. http://t.co/1ZlAdozrA7
496647775887450100,Tue Aug 05 13:23:51 +0000 2014,@Jeeveshu @comedianraj @Epicentre_Ggn @ComedyCentralIn @bookmyshow http://t.co/McPE9fw5B8
496646024635506700,Tue Aug 05 13:16:54 +0000 2014,@Jeeveshu Raksha Bandhan aa raha hai ;) @comedianraj @Epicentre_Ggn @ComedyCentralIn @bookmyshow
496621307258085400,Tue Aug 05 11:38:41 +0000 2014,#comedyinterns Finale at @LaughClubMum come watch @mikhailalmeida @sidudeja @AbbasMomin @TackyBhagnani @Pscripturient @LALUMMLAL @AreyChampa
496614406055157760,Tue Aug 05 11:11:15 +0000 2014,@Jeeveshu paji tusi cha gaye @comedianraj @Epicentre_Ggn @ComedyCentralIn @bookmyshow
496321584831795200,Mon Aug 04 15:47:41 +0000 2014,Me :I am not feeling well Doctor : you look fit n fine Me : no Dr Dr : yes you do Me : Fuck u :(
495811906909663200,Sun Aug 03 06:02:25 +0000 2014,Dil chahta hai is supposed to be the song of the day! #HappyFriendshipDay
495308551007395840,Fri Aug 01 20:42:15 +0000 2014,RT @LaughClubMum: Our version of PK breaks the internet. Featuring @gkhamba from @AllIndiaBakchod #gkpk #india http://t.co/eEn1KDvf4d
494378486908190700,Wed Jul 30 07:06:31 +0000 2014,Whenever I go for a holiday #zindagimilinadobare #Hyderabad #fun
489346307241549800,Wed Jul 16 09:50:25 +0000 2014,http://t.co/OfraddLj2w
489341247115378700,Wed Jul 16 09:30:19 +0000 2014,RT @LALUMMLAL: Its only after a video you edited goes viral on the internet, you realize that no one reads the end credits. :/
489180618828173300,Tue Jul 15 22:52:02 +0000 2014,Happy Birthday @fluffyguy http://t.co/KG68Q2ntir
488619250832003100,Mon Jul 14 09:41:22 +0000 2014,@JestChill Thank you so much :)
488614623998771200,Mon Jul 14 09:22:59 +0000 2014,https://t.co/FuK0n75fiL Edited by my stupid friend Rahul Lalchandani http://t.co/Njnb5bldSJ
488614419841052700,Mon Jul 14 09:22:10 +0000 2014,https://t.co/FuK0n75fiL Edited by my stupid friend Rahul Lalchandani http://t.co/ApSDQ7EyRa
486928520820432900,Wed Jul 09 17:43:00 +0000 2014,@RisingStarsNDTV Thank you
486913777401487360,Wed Jul 09 16:44:25 +0000 2014,Okay!!! Can we send request to, Not to get any request for candy crush???
485810396981243900,Sun Jul 06 15:39:59 +0000 2014,Make Money. Use that money to make more Money. #Repeat.
484999412725194750,Fri Jul 04 09:57:25 +0000 2014,RT @LaughClubMum: @smanak What about the book, is it on the table too? https://t.co/naJI7qphMA
484766870214430700,Thu Jul 03 18:33:23 +0000 2014,RT @keeda: Insaniyat naam ki Bhi koi cheese hoti hai kya? http://t.co/cW9IisY853
484766635530518500,Thu Jul 03 18:32:27 +0000 2014,@PrettyGarude will miss you a lot :(
484354087727554560,Wed Jul 02 15:13:08 +0000 2014,RT @TheQtiyapaGuy: Reliance installs most advanced technology for commuters to experience Mumbai Rains, even while in Metro.. http://t.co/G…
480807850566881300,Sun Jun 22 20:21:39 +0000 2014,RT @mojorojo: RANT; If you're coming to watch a show, enjoy yourself, but don't be a dick. Don't be that dick, the one that keeps screaming…
480779506798444540,Sun Jun 22 18:29:01 +0000 2014,Happy Birthday @thetanmay wat a day to celebrate, 4 SOLD OUT Shows @LaughClubMum Super Fun  to watch @AllIndiaBakchod
480692459689627650,Sun Jun 22 12:43:07 +0000 2014,Chilling with celebs Canvas Laugh Club http://t.co/WJPugTATWo
478627459261161500,Mon Jun 16 19:57:33 +0000 2014,RT @one_by_two: Germany should dedicate this match to Schumacher's return
478483197949247500,Mon Jun 16 10:24:18 +0000 2014,RT @htTweets: #BreakingNews | #MichaelSchumacher out of coma, leaves France's Grenoble hospital http://t.co/Toqb9C7Wj7 #ht http://t.co/rOPo…
478073466059382800,Sun Jun 15 07:16:11 +0000 2014,Happy Birthday @greencomedian http://t.co/JKOid4Q0qs
477420227559317500,Fri Jun 13 12:00:26 +0000 2014,Happy Birthday IT Guy @smanak http://t.co/mjDYlITWcC
476461460680241150,Tue Jun 10 20:30:39 +0000 2014,Lost my wallet n all my documents :(
475710546424000500,Sun Jun 08 18:46:47 +0000 2014,Last seen : 12:16
473502000206716900,Mon Jun 02 16:30:48 +0000 2014,RT @Vikramjit_S: Bombay people, come to @LaughFactoryMum tomorrow? http://t.co/LFQZTNSBZq
473501640327045100,Mon Jun 02 16:29:22 +0000 2014,RT @JeeyaRoadGlider: 17th June, 8:30pm @LaughFactoryMum, the comedy interns take the stage with @Pscripturient @siddhantdwivs @Cowtuk @LALU…
473501591664726000,Mon Jun 02 16:29:11 +0000 2014,RT @JeeyaRoadGlider: 17th June, 8:30pm @LaughFactoryMum, the comedy interns take the stage with @sidsknee @Kushagra_ag @sensitiveman88 @Fat…
473134993565179900,Sun Jun 01 16:12:27 +0000 2014,RT @JestChill: Dear @LaughFactoryMum, you are the best. ❤️    @Teddy_Tc @mubintisekar
472259200702115840,Fri May 30 06:12:22 +0000 2014,RT @dna: 2 comedy shows tonight.Couple passes to give away,tweet a joke using #dnaROFL &amp; be a part of this crazy night.Hurry!! http://t.co/…
471925041383231500,Thu May 29 08:04:32 +0000 2014,RT @standupplanettv: #StandUpPlanet trio @hasanminhaj, @MphoPopps, and @awryaditi get a taste of LA's gang culture. #comedyrevolution http:…
471358179964514300,Tue May 27 18:32:02 +0000 2014,RT @Kushagra_ag: An amazing second show of #comedyinterns at @LaughFactoryMum tonight! Thanks to everyone who came out.
471355264835125250,Tue May 27 18:20:27 +0000 2014,RT @varungrover: Meanwhile Sallu is thinking... http://t.co/wGIpw8PSGU
471346020593332200,Tue May 27 17:43:43 +0000 2014,Nice job #comedyinterns @LaughFactoryMum
471325416649547800,Tue May 27 16:21:50 +0000 2014,Me n Raghu from roadies #weknowfunny #comedyinterns @LaughFactoryMum @jeeyaroadglider http://t.co/uv3fknCVSg
471038435487019000,Mon May 26 21:21:29 +0000 2014,@JeeyaRoadGlider yes I did ;)
471037977154428900,Mon May 26 21:19:39 +0000 2014,yay i am a chutiya, check it out https://t.co/NViBgrLrMK" @BollywoodGandu
470628631870316540,Sun May 25 18:13:04 +0000 2014,@PrettyGarude  hugged Swiss bank #neetaambani
470625379523117060,Sun May 25 18:00:08 +0000 2014,@PrettyGarude did u saw bhaji
470625214796025860,Sun May 25 17:59:29 +0000 2014,The real match winner is @harbhajan_singh #MIvsRR
466275800233168900,Tue May 13 17:56:28 +0000 2014,@FatManRambles @LALUMMLAL @Pscripturient @TackyBhagnani @mikhailalmeida @vikrampoddar @AreyChampa well done guys
466271015996125200,Tue May 13 17:37:27 +0000 2014,Thank you @Teddy_Tc &amp; @felicesaudade  for all your support.
466270008603983900,Tue May 13 17:33:27 +0000 2014,Great show #comedyintern @LaughFactoryMum
466269724251136000,Tue May 13 17:32:19 +0000 2014,Good Job #comedyintern fabulous performance by all of you specially @mikhailalmeida @TackyBhagnani @LALUMMLAL @Pscripturient @FatManRambles
465373844501303300,Sun May 11 06:12:25 +0000 2014,RT @bishtu21: Popular @TheViralFever faces, in "who let the dogs out?" 14th may 8.30pm at @LaughFactoryMum Tkts on bms. Come! http://t.co/t…
465204926121926660,Sat May 10 19:01:12 +0000 2014,I will miss you  @PrettyGarude :(
465161651042271200,Sat May 10 16:09:14 +0000 2014,@GreenRoomButler @MyNameIsAadar @LaughFactoryMum Go Aadar Go
464112736066998300,Wed May 07 18:41:13 +0000 2014,@NishnaMehta :)
464098780199940100,Wed May 07 17:45:46 +0000 2014,Day without cellphone = Day full of #happiness   Will resume work tomorrow.
463754339387838460,Tue May 06 18:57:05 +0000 2014,Proud to be a part of @LaughFactoryMum the only place  that nutures new talent.  Brilliant show @KananGill @Jeeveshu @raghavmandava
459575457487527940,Fri Apr 25 06:11:42 +0000 2014,RT @MyNameIsAadar: Gandu Nights 1.0 performing it's last show 25th @ 10:30pm Gandu 2.0 coming soon!  @Schitzcomedy @BollywoodGandu Tix: htt…
455994889030078460,Tue Apr 15 09:03:48 +0000 2014,RT @TheViralFever: Our lovely Nidhi Bisht @bishtu21 directing a star-studded comedy. Not to miss if you're in Mumbai this 16th April. http:…
455422930004897800,Sun Apr 13 19:11:02 +0000 2014,@absolutelydanny thanks man @knowkenny
455420920660635650,Sun Apr 13 19:03:03 +0000 2014,@LALUMMLAL lol ...... Gn
455419551904456700,Sun Apr 13 18:57:37 +0000 2014,@knowkenny hey when is going to be aired #superexcited
455419064895041540,Sun Apr 13 18:55:41 +0000 2014,@LALUMMLAL  I know u have potential u could be... just be Wat u r suppose to be.....
455417932512628740,Sun Apr 13 18:51:11 +0000 2014,@LALUMMLAL u could be
455417212057038850,Sun Apr 13 18:48:19 +0000 2014,@LALUMMLAL hahaha
455415727470567400,Sun Apr 13 18:42:25 +0000 2014,#comedyintern meeting , Beauty n the beast , vagina monologues , Best in Stand Up, Long Busy day in @LaughFactoryMum super fun :)
455321994800537600,Sun Apr 13 12:29:57 +0000 2014,@TheBanat Congratulation Brother.
455314167101390850,Sun Apr 13 11:58:51 +0000 2014,RT @LaughFactoryMum: Very interactive lively discussion with a lot of positive attitude for the new project #comedyinterns @mubintisekar ht…
454705082466971650,Fri Apr 11 19:38:34 +0000 2014,Fantastic show guys @abishmathew @absolutelydanny @KananGill loved it.... @LaughFactoryMum
454153907132842000,Thu Apr 10 07:08:23 +0000 2014,RT @LaughFactoryMum: Improv by @SchitzComedy is back on Thursday at 10:30pm! Check out the madness - http://t.co/oyLE2lCc8R Book Now: http:…
452859032684879900,Sun Apr 06 17:23:01 +0000 2014,Last show of #comedyonheels at @LaughFactoryMum Thank u @SharulChanna @Kristelzweers &amp; Joanna for a lovely weekend. http://t.co/q7iVKls436
452365275074023400,Sat Apr 05 08:41:00 +0000 2014,So it was fun watching Captain America wit @Teddy_Tc @LALUMMLAL @PrettyGarude @hrishikeshnare @Deutero
451768758063730700,Thu Apr 03 17:10:40 +0000 2014,Happpppppppppppppy Birthday @JestChill http://t.co/yBHdyLPFqm
450931659265679360,Tue Apr 01 09:44:20 +0000 2014,RT @PapaCJ: MUMBAI: I love these girls too! Go watch three of the funniest women in Asia at @LaughFactoryMum on 3-6 April! http://t.co/HAAY…
450722404688724000,Mon Mar 31 19:52:49 +0000 2014,#workout #office #meeting #comedy #tired #sleep
450721303557726200,Mon Mar 31 19:48:27 +0000 2014,No more undress @SunnyLeone games why @googleindia why http://t.co/wegDEl7agR
450683438786285600,Mon Mar 31 17:17:59 +0000 2014,Congrats @vikrampoddar @sensitiveman88 for winning virgin pants. @hankypanty fantastic set bro you are hillarious.....
450352046269403140,Sun Mar 30 19:21:09 +0000 2014,RT @LALUMMLAL: So if anyone is around Lower Parel tomorrow evening, you can drop in to see me perform new material. http://t.co/RWWHoXzYZI
450344308625768450,Sun Mar 30 18:50:24 +0000 2014,Had a awesome time at @CountryClub_Ind
450159029348614140,Sun Mar 30 06:34:10 +0000 2014,@LALUMMLAL are you coming today??
449914058490142700,Sat Mar 29 14:20:45 +0000 2014,I hope that for every candle on your cake you get a wonderful surprise . Happy Birthday Bro @stupidusmaximus
449888571155939300,Sat Mar 29 12:39:28 +0000 2014,Love u all my sweet buddies @PrettyGarude @LALUMMLAL @PurnimaHeble @minithing @Zeenia87 @hrishikeshnare
448189657524613100,Mon Mar 24 20:08:36 +0000 2014,RT @SharulChanna: #MH370 strength to the families of the lost lives.
448172651131830300,Mon Mar 24 19:01:01 +0000 2014,Error loading new tweets
448167949770031100,Mon Mar 24 18:42:20 +0000 2014,#tonightiam ----------
448164110325145600,Mon Mar 24 18:27:05 +0000 2014,When effort turn's out into failure tht doesnt means u are a Loser,, It means something gud gona happen.....
447846211794391040,Sun Mar 23 21:23:52 +0000 2014,RT @amoghranadive: Mad weekend @LaughFactoryMum with @awryaditi and @one_by_two. Mad jukebox show at TSEC. Now, on to #weirdassjukebox at C…
446760716112900100,Thu Mar 20 21:30:29 +0000 2014,@LALUMMLAL i think this is for me....
446714527015387140,Thu Mar 20 18:26:57 +0000 2014,@one_by_two u r the best in 40+ series ;) @gweilojackson
446709612733931500,Thu Mar 20 18:07:25 +0000 2014,RT @GreenRoomButler: 4 great comedians local &amp; international at @LaughFactoryMum- @one_by_two @amoghranadive @awryaditi and @gweilojackson …
446339866469482500,Wed Mar 19 17:38:11 +0000 2014,RT @knowkenny: In 1994, "Shaktiman" was the first Indian comic to be published.   It was discontinued in 1994 because it caused premature b…
445622968933044200,Mon Mar 17 18:09:29 +0000 2014,RT @TheWeirdass: Tickets for #WeirdassJukebox available here: http://t.co/0Iot8cCrrs
445534521316753400,Mon Mar 17 12:18:02 +0000 2014,@aayushnzee buddy i am not able to open up the link
445465560969510900,Mon Mar 17 07:44:00 +0000 2014,RT @VarunmThakur: This #Holi colour your balls white with our new revolutionary fairness cream. #GoreGote http://t.co/lrRm9fLNsJ. Plis RT
445461178060263400,Mon Mar 17 07:26:35 +0000 2014,HAPPY HOLI FOLKS ,Come watch tonight  6 new #freshfaces and our very charming comedian @absolutelydanny at @LaughFactoryMum
445259767003349000,Sun Mar 16 18:06:15 +0000 2014,@karuneshtalwar toh mast tha yaar ( public review heard in elevator ) at @LaughFactoryMum
443281818813333500,Tue Mar 11 07:06:36 +0000 2014,RT @awryaditi: Tomorrow, Wed, Mar 12, 8.30 pm, 'Things They Wouldn't Let Me Say' with host, @one_by_two @LaughFactoryMum. Tickets at http:/…
440557298885201900,Mon Mar 03 18:40:19 +0000 2014,@hankypanty as per the bollyood rule Hero always makes a late entry.
440555637525594100,Mon Mar 03 18:33:43 +0000 2014,@hankypanty was sitting in the last row, and as usual u are the last one to enter the venue ;)
440536164743651300,Mon Mar 03 17:16:21 +0000 2014,Thank you @smanak @awryaditi @sapanv @one_by_two @SahilBulla @hankypanty @TheBanat it was a superb show.
440165989406101500,Sun Mar 02 16:45:24 +0000 2014,RT @abishmathew: #SonOfAbish Ep.03 feat. juhipande! 5th March 830pm (Rs.400/-) #CanvasLaughFactory ! Come watch it… http://t.co/nfXHUSfJ52
437708327921786900,Sun Feb 23 21:59:32 +0000 2014,Its 3.30am still awake......
437624998555947000,Sun Feb 23 16:28:24 +0000 2014,Thank you @McCoolSam it was lovely having you over the weekend at @LaughFactoryMum
437475488106168300,Sun Feb 23 06:34:18 +0000 2014,RT @McCoolSam: @LaughFactoryMum  2 fantastic shows with @PapaCJ last night. Can't wait for the final show tonight. Its gonna be huge!!
437340650267090940,Sat Feb 22 21:38:31 +0000 2014,Last seen 11.59 #WhatsApp  ke toh pure 12 baj gaye...... #whatsappdown #RestinPeace
437316911194320900,Sat Feb 22 20:04:11 +0000 2014,Guess whats Down????  Whatsapp
437134212731109400,Sat Feb 22 07:58:12 +0000 2014,RT @LaughFactoryMum: Back2Back shows of @McCoolSam' Multiple Personality Distorter tonight at 8:30pm &amp; 10:30pm! @PapaCJ hosting both shows …
437131335392436200,Sat Feb 22 07:46:46 +0000 2014,@LALUMMLAL Habibi " taaal " " taaal "
437123529520058400,Sat Feb 22 07:15:45 +0000 2014,@LALUMMLAL Bantaixx whn are you coming back???
436965608953892860,Fri Feb 21 20:48:14 +0000 2014,@mojorojo Happy birthday broooo
436736751550230500,Fri Feb 21 05:38:50 +0000 2014,RT @1KumarGaurav: Saif and Kareena - saifeena.
Bipasha and harman - Bihar ?
434968543344328700,Sun Feb 16 08:32:36 +0000 2014,@TheBanat ok :(
434968229442641900,Sun Feb 16 08:31:21 +0000 2014,@TheBanat Cool!!!! so whn are we mumbaikar's getting chance to see it?
434967364249980900,Sun Feb 16 08:27:55 +0000 2014,@TheBanat whr?? whr??? &amp; whn??? whn??? #excited #happy #allthebest
434620997871099900,Sat Feb 15 09:31:35 +0000 2014,RT @PapaCJ: MUMBAI: I am hosting the shows ON SAT 22 &amp; SUN 23 FEB ONLY at @LaughFactoryMum. Tickets here: http://t.co/nrm9mTiOag http://t.c…
434584650770419700,Sat Feb 15 07:07:09 +0000 2014,@LALUMMLAL Bantaixxxxxx Ek numberrrree
434571445222383600,Sat Feb 15 06:14:41 +0000 2014,RT @AkvariousProdns: Watch @hussainthelal play an intense lover, an opinionated old man and a caring BFF. Today &amp; Tomorrow @6pm @LaughFacto…
434308686735884300,Fri Feb 14 12:50:34 +0000 2014,@absolutelydanny shut up,,,, Have you seen yesterdays picture isn't it a nice one Cc: @craziebawa @LaughFactoryMum @BollywoodGandu
434295808414863360,Fri Feb 14 11:59:24 +0000 2014,ha ha ha @BollywoodGandu,  https://t.co/iHiLXlQnth … #HappyValentinesDay
433677360416555000,Wed Feb 12 19:01:54 +0000 2014,#reality http://t.co/7bJ3wB5Kfn
432934021480194050,Mon Feb 10 17:48:08 +0000 2014,First ever Stand Up performance @LaughFactoryMum today i got to know what it takes to get on stage...Hats off to all my comedians.....
432834604928491500,Mon Feb 10 11:13:06 +0000 2014,RT @TricksAndHacks: http://t.co/7o4hrYI4RO
431135138106191900,Wed Feb 05 18:40:01 +0000 2014,RT @RozzlinPereira: This Valentines, 4get borin candle light dinners n romantic flicks. Book tikets 4 'He Says She Says' coz nothin's bette…
430386361577648100,Mon Feb 03 17:04:39 +0000 2014,RT @LaughFactoryMum: Catch @soapyrao's solo stand-up comedy show #OutofSight featuring @kanangill, 1st time in Mumbai, 5th Feb at 8:30pm ht…
430334611130810400,Mon Feb 03 13:39:01 +0000 2014,RT @TheBanat: Look who's closing tonight's New Stuff at @LaughFactoryMum http://t.co/H4LYkm0QQJ
428408046998405100,Wed Jan 29 06:03:32 +0000 2014,@LALUMMLAL tune dushmano ki gang kab se joint karli ;) @Deutero
428406855560220700,Wed Jan 29 05:58:48 +0000 2014,@LALUMMLAL Dude you are payed on time.....
428406407843438600,Wed Jan 29 05:57:01 +0000 2014,RT @abishmathew: Ladies &amp; Gentlemen, #SonOfAbish return to @LaughFactoryMum on the 12th of Feb with Special Guest @sureshnmenon! http://t.c…
427680783797465100,Mon Jan 27 05:53:39 +0000 2014,RT @RozzlinPereira: Awesome after work plan-get a few colleagues together n go watch 'he says she says' tom 28th jan 8.30 pm @LaughFactoryM…
427020707973701600,Sat Jan 25 10:10:45 +0000 2014,@PrettyGarude  Hahah @smanak
426996973699203100,Sat Jan 25 08:36:26 +0000 2014,@PrettyGarude even mine ;)
426996131738816500,Sat Jan 25 08:33:05 +0000 2014,RT @RozzlinPereira: my character 'she' is nothing like me (halo on my head) except 4 this part #hesaysshesaystheplay yikes !! http://t.co/Y…
426805702774886400,Fri Jan 24 19:56:23 +0000 2014,RT @LALUMMLAL: *hugs and kisses for all of you* @PurnimaHeble @PrettyGarude @mubintisekar @dancing_kitteh_  *virtual kisses only*
425000469849595900,Sun Jan 19 20:23:02 +0000 2014,@raghavmandava liked ur performance.
424962603727585300,Sun Jan 19 17:52:34 +0000 2014,@raghavmandava yo man i saw your set.
424263081183563800,Fri Jan 17 19:32:55 +0000 2014,@htTweets RIP
423398019568898050,Wed Jan 15 10:15:28 +0000 2014,@PrettyGarude  today i am not coming, so today u can switch off the AC. ;)
422964933823701000,Tue Jan 14 05:34:33 +0000 2014,RT @MyNameIsAadar: Complete works of William Shakespeare!!  is back Jan 18!!  @LaughFactoryMum at 6pm   Tix: http://t.co/ujyHt2oiXn http://…
422802182778265600,Mon Jan 13 18:47:50 +0000 2014,RT @mannequinsblr: TEASER TRAILER- Being Sartak Majumdar  31st December, Friday 6pm.  Canvas Laugh Factory Palladium Mall, Mumbai.... http:…
422392812496121860,Sun Jan 12 15:41:08 +0000 2014,Thank you, you sexy arabs @nitinmirani @AdnanNalwala @imran_al_aradi for a lovely weekend @LaughFactoryMum http://t.co/auKb09n3Hu
422346437704183800,Sun Jan 12 12:36:52 +0000 2014,The best way to spend your weekends with your kids is at @LaughFactoryMum for The Flubber &amp; Friends Show. http://t.co/dwLLAOsGzu
421696277512876000,Fri Jan 10 17:33:21 +0000 2014,Learning how to act ;) with @AdnanNalwala @imran_al_aradi @nitinmirani @eshagupta2811 at @LaughFactoryMum http://t.co/kUrbW2oGtv
421612434105712640,Fri Jan 10 12:00:12 +0000 2014,RT @LaughFactoryMum: Tonight 10:30pm, Comedy Marshals Pvt. Ltd. - A brand new Stand-up show with 5 comedians! Details &amp; Tickets - http://t.…
421582517422923800,Fri Jan 10 10:01:19 +0000 2014,#mainbhiaamaadmi #aamsutra http://t.co/H2sSxldF2Y
421357951987630100,Thu Jan 09 19:08:58 +0000 2014,Happieee wala birthday sirjeeee @one_by_two party kaha de rahe ho ????
421316115940130800,Thu Jan 09 16:22:44 +0000 2014,@loupad_wp I am too small ;) lol @nitinmirani @AdnanNalwala @imran_al_aradi @LaughFactoryMum @GreenRoomButler
421314496074768400,Thu Jan 09 16:16:18 +0000 2014,Habibi's in the house!!! YO !! @nitinmirani @AdnanNalwala @imran_al_aradi at @LaughFactoryMum @GreenRoomButler http://t.co/R7BnsdiRi4
421133151428038660,Thu Jan 09 04:15:42 +0000 2014,It was pleasure to see you @hasanminhaj performing last night at @LaughFactoryMum
421011181755990000,Wed Jan 08 20:11:02 +0000 2014,Happy Belated Birthday my brother from another mother @SahilBulla http://t.co/TiuBVFLPs2
420449040136814600,Tue Jan 07 06:57:17 +0000 2014,RT @LaughFactoryMum: RT @vipulgoyal83: Doing my solo stand-up comedy show 'Humorously Yours',this Wednesday 8:30pm @LaughFactoryMum  ! Info…
420261534242058240,Mon Jan 06 18:32:12 +0000 2014,Thank you guys @AmusedDouche @karuneshtalwar @EastIndiaComedy @awryaditi @absolutelydanny for making #monday night fab at @LaughFactoryMum
420105224217317400,Mon Jan 06 08:11:05 +0000 2014,Mail me your new pictures @TheBanat
419362614649442300,Sat Jan 04 07:00:13 +0000 2014,Hey @BollywoodGandu  is it true "Aashique 3". Saala ek aur bewda pe ke marega. http://t.co/sXD1kIBqsr
419212864981704700,Fri Jan 03 21:05:10 +0000 2014,Sorry Saif i just found this pic in my old hard drive ... :( http://t.co/d9OQ4eBcTZ
419182347771052000,Fri Jan 03 19:03:54 +0000 2014,Who is "General Failure" and why is he reading my hard disk?
418466893897269250,Wed Jan 01 19:40:56 +0000 2014,RT @ManUtd_Hindi: MAA CHUDAO
418451396069822460,Wed Jan 01 18:39:21 +0000 2014,@DhruvDeshpunde charo ka ek ek spot cancelled @LALUMMLAL @sidsknee @extremelibran
418450043113181200,Wed Jan 01 18:33:59 +0000 2014,@DhruvDeshpunde hey guys keep me out of dis...... ;) @LALUMMLAL @sidsknee @extremelibran
418334946386640900,Wed Jan 01 10:56:38 +0000 2014,@EastIndiaComedy  same to u guyz @AllIndiaBakchod @SchitzComedy
418328576186781700,Wed Jan 01 10:31:19 +0000 2014,@LALUMMLAL :) @DhruvDeshpunde
418327991727296500,Wed Jan 01 10:29:00 +0000 2014,@LALUMMLAL Canvas till 2am @DhruvDeshpunde
418326698732433400,Wed Jan 01 10:23:51 +0000 2014,@LALUMMLAL where were you yesterday ????
418303858540949500,Wed Jan 01 08:53:06 +0000 2014,I think in terms of the day's resolutions, not the year's.
418291955991187460,Wed Jan 01 08:05:48 +0000 2014,May all your troubles last as long as your New Year's resolutions!
418289256092545000,Wed Jan 01 07:55:04 +0000 2014,RT @craziebawa: It's gonna be a great year. @SchitzComedy IMPROV every Thursday 10:30 @LaughFactoryMum Tickets: http://t.co/3mJi7YIyol. Com…
418111648063168500,Tue Dec 31 20:09:19 +0000 2013,Happy new year to all of you @AllIndiaBakchod @SchitzComedy @EastIndiaComedy
418110720408973300,Tue Dec 31 20:05:38 +0000 2013,Miss You Guys @LALUMMLAL @PurnimaHeble @minithing @Techiesachin @Zeenia87 Love you a lot guys "Happy new year".
418108074332028900,Tue Dec 31 19:55:07 +0000 2013,New year eve with @Teddy_Tc at @CanvasMumbai http://t.co/WsGvahG5cC
418089171098415100,Tue Dec 31 18:40:00 +0000 2013,Had a Blast at @LaughFactoryMum  Happy new year to everyone :)
417924409283059700,Tue Dec 31 07:45:18 +0000 2013,@WeAreMumbai @LaughFactoryMum #mumbaika resolution to respect girls n arwind kejriwal
417908977645539300,Tue Dec 31 06:43:59 +0000 2013,@WeAreMumbai @LaughFactoryMum yes yes yes yes yes yes yes yes yes yes yes yes yes yes yes yes yes yes yes yes yes yes yes we are ;)
417905243708338200,Tue Dec 31 06:29:09 +0000 2013,@one_by_two Sir ji aap se toh darke rehna padega mujhe @amoghranadive
417904606031532000,Tue Dec 31 06:26:37 +0000 2013,When i just got up,the first thing which was kept next to me on my bed was this.... http://t.co/RZNmwe8lKL
417767238712565760,Mon Dec 30 21:20:46 +0000 2013,Burger khayegi ya khayegi tu Sub??? Na mera matlb Burger ya Sub??? #yoyohoneysingh #style
417765897822933000,Mon Dec 30 21:15:26 +0000 2013,@LALUMMLAL agar abhi sohgaya toh neendh bura maan jayegi
417764587904065540,Mon Dec 30 21:10:14 +0000 2013,Agree folks???? http://t.co/scLIgLcqBr
417761300186275840,Mon Dec 30 20:57:10 +0000 2013,RT @adiljal: Press conference due soon on Michael Schumacher's condition soon but we know he had two operations done last night. Pray for h…
417756548367011840,Mon Dec 30 20:38:17 +0000 2013,http://t.co/rimTrU7OM7
417755006545035260,Mon Dec 30 20:32:09 +0000 2013,http://t.co/TdD4bp3JjF
417744203582435300,Mon Dec 30 19:49:14 +0000 2013,RT @elgarce: Looking at my Twitter Page is like reading a receipt for my Malpractice Insurance.
417742312362373100,Mon Dec 30 19:41:43 +0000 2013,@gkhamba retweet dis
417742084389355500,Mon Dec 30 19:40:48 +0000 2013,@gkhamba but u can join us at @LaughFactoryMum 5 comedian with unlimeted drinks n food their u can wish everyone "happy new year"
417741666251182100,Mon Dec 30 19:39:09 +0000 2013,@gkhamba no ;)
417741421467426800,Mon Dec 30 19:38:10 +0000 2013,@gkhamba no u r not.
417739625638420500,Mon Dec 30 19:31:02 +0000 2013,RT @iHrithik: Have u visited the laugh factory yet?? These guys are insane! Had cheek cramps laughed so hard! Incredible! http://t.co/h7WDk…
417562939537629200,Mon Dec 30 07:48:57 +0000 2013,RT @Dorkstar: Meanwhile in Malad http://t.co/Np6oNVlINs
417552720455680000,Mon Dec 30 07:08:20 +0000 2013,Saving is the best thing. Especially when your parents have done it for you.
417338155184832500,Sun Dec 29 16:55:44 +0000 2013,RT @LaughFactoryMum: Laughter Filled NYE - The Comedy Finale w/ @sapanv @TheBanat @one_by_two @abishmathew &amp; host @awryaditi! Info - http:/…
417192404337188860,Sun Dec 29 07:16:34 +0000 2013,All men are frauds. The only difference between them is that some admit it. I myself deny it.
417028529671266300,Sat Dec 28 20:25:24 +0000 2013,Sonia jara darwaje pe dekho kejriwal toh nahi hai na ???? http://t.co/ROow1O9vh5
416983877345763300,Sat Dec 28 17:27:58 +0000 2013,6 hours,3 shows all #soldout at @LaughFactoryMum
416831916474519550,Sat Dec 28 07:24:07 +0000 2013,@LALUMMLAL Bantaixx thinking to take off , have some urgent work.
416831635300958200,Sat Dec 28 07:23:00 +0000 2013,'To Start Press Any Key'. Where's the ANY key?
416678672230146050,Fri Dec 27 21:15:11 +0000 2013,@LALUMMLAL kya hua ???
416464585638432800,Fri Dec 27 07:04:29 +0000 2013,RT @one_by_two: #SalmanTaughtUs the difference between a deer and a black buck
416270411026792450,Thu Dec 26 18:12:54 +0000 2013,#BollywoodTaughtUs volume kam kar papa jaag jayega... ;)
416269043486580740,Thu Dec 26 18:07:28 +0000 2013,#BollywoodTaughtUs ki ek chuti sindur ki kimat tum kya jano ramesh babu.....
416268390043381760,Thu Dec 26 18:04:52 +0000 2013,#BollywoodTaughtUs to take dowry.
416266953125146600,Thu Dec 26 17:59:10 +0000 2013,#BollywoodTaughtUs  to be nautanki baaz.
416253503078559740,Thu Dec 26 17:05:43 +0000 2013,@BollywoodGandu @SchitzComedy  Standing ovation by all the Audience at @LaughFactoryMum  Super job guys!!!
416141728295288800,Thu Dec 26 09:41:34 +0000 2013,@DhruvDeshpunde no buddy not yet
416120190682689540,Thu Dec 26 08:15:59 +0000 2013,I hate when old people poke me at a wedding and say "you're next". So next time I was at a funeral I poked them and said "you're next".
416112031951880200,Thu Dec 26 07:43:34 +0000 2013,RT @LaughFactoryMum: #Contest: #GanduNights tickets up for grabs! 2 winners for 8:30pm &amp; 2 for 10:30pm! Release your inner Gandu. Just Foll…
416087438243950600,Thu Dec 26 06:05:50 +0000 2013,RT @LaughFactoryMum: #Endoftheyear Specials #Contest Starts at 12pm. #Win tickets to #GanduNights show tonight! RT Please
415894360278855700,Wed Dec 25 17:18:37 +0000 2013,@AnuvabPal is killing it on stage with his show The World Wants To Know @LaughFactoryMum @GreenRoomButler One of my favorite Comedian.
415762424122200060,Wed Dec 25 08:34:21 +0000 2013,RT @VarunmThakur: Last 2 shows for #GanduNights this year at @LaughFactoryMum tomorrow 26th Dec. 8.30&amp; 10.30pm. STUDENT OFFER buy 1 get 1. …
415751013866303500,Wed Dec 25 07:49:00 +0000 2013,RT @LaughFactoryMum: The World Wants to Know by @AnuvabPal is playing on 25th Dec at 8:30pm. Celebrate this Xmas with Comedy - http://t.co/…
415747277857120260,Wed Dec 25 07:34:09 +0000 2013,@JestChill but i need to go for work :(
415747147590410240,Wed Dec 25 07:33:38 +0000 2013,@JestChill happy to see u enjoying your shopping
415742768955129860,Wed Dec 25 07:16:14 +0000 2013,@JestChill  Sex Bomb lol
415735058733875200,Wed Dec 25 06:45:36 +0000 2013,@JestChill Thank you
415730554575659000,Wed Dec 25 06:27:42 +0000 2013,Merry Christmas everyone.
415228961967190000,Mon Dec 23 21:14:33 +0000 2013,A very certain thing about time is that...... It changes http://t.co/bPjI0UqTE0
415187007569014800,Mon Dec 23 18:27:51 +0000 2013,One of the best open mic night at @LaughFactoryMum and thanks @sapanv for hosting the show.
415185608340820000,Mon Dec 23 18:22:17 +0000 2013,@vaibhav_sethia I have not receive any registration mail as 13th Jan is FULLY BOOKED you can try for next open mic @adg_5 @LaughFactoryMum
415185015786311700,Mon Dec 23 18:19:56 +0000 2013,@Chant_Anand in Jan all the slots are full.
415184563938132000,Mon Dec 23 18:18:08 +0000 2013,@vaibhav_sethia Plz check your mail and whr did you registered.@adg_5 @LaughFactoryMum @GreenRoomButler
415182342391484400,Mon Dec 23 18:09:18 +0000 2013,@Chant_Anand hahahaha
415182269901320200,Mon Dec 23 18:09:01 +0000 2013,@adg_5 will confirm you by tommorow.@LaughFactoryMum @GreenRoomButler
415181128522158100,Mon Dec 23 18:04:29 +0000 2013,Arvind kejriwal is the 2 fastest person to become CM,  1st is Anil Kapoor in Nayak.
415146054992949250,Mon Dec 23 15:45:07 +0000 2013,RT @one_by_two: Year End specials @LaughFactoryMum !! I perform on 27th Dec &amp; 31 Dec ! Aavijao !  http://t.co/KSFH1ft2ax
415125714963546100,Mon Dec 23 14:24:17 +0000 2013,RT @sanamtaseer: Whether your Muslim or u want a new car, I reckon everyone should  give this guy a call anyway... http://t.co/530TKadrsH”
415028703127535600,Mon Dec 23 07:58:48 +0000 2013,RT @VarunmThakur: Double header for @SchitzComedy #GanduNights this Thursday, 26th Dec , 8.30 &amp;10.30 pm at @LaughFactoryMum. Tix going quic…
415016672693481500,Mon Dec 23 07:11:00 +0000 2013,@kunalrao something is wrong with my phn
415016356686204900,Mon Dec 23 07:09:44 +0000 2013,Arvind kejriwal please help me wanna known the name of tht guy who unfollowed me.
414817172628578300,Sun Dec 22 17:58:15 +0000 2013,Thank you @ChrisPJTurner for a lovely weekend at @LaughFactoryMum will miss your puns..... http://t.co/hi0eQn2YFp
414008612390842400,Fri Dec 20 12:25:19 +0000 2013,@Chant_Anand ha may be he wants to say but both are funny either ways .... :)
414002626204676100,Fri Dec 20 12:01:32 +0000 2013,I saw a bike with a number plate which was MH 01 BC 143 did he really wanted to say " Bhen chod I Love You".
413572620970242050,Thu Dec 19 07:32:51 +0000 2013,RT @LaughFactoryMum: Think you're pretty fly? Come on over &amp; catch @ChrisPJTurner performing tonight at 8:30pm! Info &amp; Tickets: http://t.co…
412869559939379200,Tue Dec 17 08:59:08 +0000 2013,RT @LaughFactoryMum: A hilarious take on News, tonight at 8:30pm - the Comedy News Network 3 by @EastIndiaComedy w/ @SahilBulla @one_by_two…
412519499623972860,Mon Dec 16 09:48:07 +0000 2013,@JestChill @LaughFactoryMum @Teddy_Tc you are most welcome. :)
412518961729646600,Mon Dec 16 09:45:59 +0000 2013,RT @JestChill: @LaughFactoryMum thank you for ensuring I'm comfortable, every visit. ❤️ You guys are awesome! @mubintisekar @Teddy_Tc
411918778415317000,Sat Dec 14 18:01:04 +0000 2013,@TheMumbaiMirror  Day 3  with Cyrus Broacha  @awryaditi @greencomedian @AllIndiaBakchod @one_by_two @LaughFactoryMum http://t.co/YxLoRfszRH
411755261347393540,Sat Dec 14 07:11:19 +0000 2013,@amitandon happy birthday sir jeeeee....
411533167447658500,Fri Dec 13 16:28:47 +0000 2013,@TheMumbaiMirror Day 2 with @vrajeshhirjee @BollywoodGandu @knowkenny @ImprovComedyMum  @LaughFactoryMum http://t.co/BT1CxO6EY9
410825164549394400,Wed Dec 11 17:35:26 +0000 2013,2013 no 1 track sadi  ke  faal se kbhi catch kiya re , 2014  blouse ke button pe kbhi press kiya re ....
410745960411590660,Wed Dec 11 12:20:42 +0000 2013,@DhruvDeshpunde @LALUMMLAL ya very soon
410689357016612860,Wed Dec 11 08:35:47 +0000 2013,It takes 3 months for a pakistani to get a indian visa now i understood why kasab prefered sailing.
410663122207129600,Wed Dec 11 06:51:32 +0000 2013,@dancing_kitteh_  yes u are right.
410662969458974700,Wed Dec 11 06:50:56 +0000 2013,RT @LALUMMLAL: @mubintisekar Hahaha you mean Madhuwaiti!! :D @dancing_kitteh_
410662657998344200,Wed Dec 11 06:49:42 +0000 2013,look @LALUMMLAL mayawati is getting angry @dancing_kitteh_
410662150231711740,Wed Dec 11 06:47:41 +0000 2013,@LALUMMLAL trying to write material ;)
410661505126768640,Wed Dec 11 06:45:07 +0000 2013,sc keep your fucking #judgement with you, as if the judge itself got pain in his own ass.
410417398739521540,Tue Dec 10 14:35:07 +0000 2013,RT @TheBanat: 2nd show of Comedy News Network is back at @LaughFactoryMum TOMORROW! Get your tickets and watch us rip up the news! http://t…
410150335941197800,Mon Dec 09 20:53:54 +0000 2013,RT @LaughFactoryMum: @kumailn trying to get in touch with you, can you follow, so we can DM. Cheers. @mubintisekar
410149000311234560,Mon Dec 09 20:48:36 +0000 2013,@DhruvDeshpunde @GreenRoomButler @LaughFactoryMum i think u saw the wrong person.... ;)
410148455655686140,Mon Dec 09 20:46:26 +0000 2013,@DinoMorea9 happy birthday have a filmy year ahead...... ;)
409993257720885250,Mon Dec 09 10:29:44 +0000 2013,Come watch him at Canvas Laugh Factory he is dam funny. http://t.co/nMMTToAlnn
409802993429516300,Sun Dec 08 21:53:42 +0000 2013,Just posted a tweet
409633714956562400,Sun Dec 08 10:41:02 +0000 2013,@craziebawa Tian in juhu????????????????
409585564950622200,Sun Dec 08 07:29:43 +0000 2013,@craziebawa Bawaaaaa hapieee birthday aaj ni party kai baju cheeee
409584101234991100,Sun Dec 08 07:23:54 +0000 2013,happppppppy birthdayyyyyyy @TheBanat  ooooo lambo u still luk so young.... ;)
409074770701844500,Fri Dec 06 21:40:00 +0000 2013,@kumailn  still waiting for your Dm
408984397098930200,Fri Dec 06 15:40:53 +0000 2013,Thank You God Thank You sooooo much  at last you full filled my dreams @craziebawa is following me...... ;)
408718982883971100,Thu Dec 05 22:06:13 +0000 2013,@dancing_kitteh_ yeah!!!
408718842953601000,Thu Dec 05 22:05:40 +0000 2013,RIP Nelson Mandela
408717671836811260,Thu Dec 05 22:01:01 +0000 2013,@dancing_kitteh_ get well soon buddy :)
408716590595584000,Thu Dec 05 21:56:43 +0000 2013,@dancing_kitteh_ why u are still awake.....
408715235155906560,Thu Dec 05 21:51:20 +0000 2013,@LALUMMLAL stop calling me Bantaixxx,, n what happen???:/
408714420659839000,Thu Dec 05 21:48:06 +0000 2013,@LALUMMLAL why are you still in office????
408599747440570400,Thu Dec 05 14:12:25 +0000 2013,@kumailn waiting for your DM
408536174601334800,Thu Dec 05 09:59:48 +0000 2013,@thetanmay tried bro but not able to reach him.
408526511227277300,Thu Dec 05 09:21:24 +0000 2013,RT @PrettyGarude: Look who is keeping me company in office today. Wait, is that @mubintisekar ? http://t.co/tMifZScNqu
408526425260449800,Thu Dec 05 09:21:04 +0000 2013,@PrettyGarude this is @craziebawa inner soul who always lives in Canvas laugh factory
408155382045892600,Wed Dec 04 08:46:40 +0000 2013,@kumailn Hi, need to get in touch with you for a show at @LaughFactoryMum . Would be great if you can share your contact details. Thanks.
408108169701756900,Wed Dec 04 05:39:04 +0000 2013,RT @Teddy_Tc: Today is the day @SchitzComedy @LaughFactoryMum every single Shakespeare play in 90 mins! @NCPAMumbai 7pm http://t.co/CBpOhey…
407751583795904500,Tue Dec 03 06:02:07 +0000 2013,@loupad_wp  Registration fee 300rs &amp; ticket price for your friends 200rs
407559172771696640,Mon Dec 02 17:17:33 +0000 2013,RT @mojorojo: AIB Sex Show is at @LaughFactoryMum this Friday, Dec 6. Tix here http://t.co/qhTEeY5Nuv ("Best donkey show ever" ⭐️⭐️⭐️⭐️ - T…
407411758282702850,Mon Dec 02 07:31:47 +0000 2013,@PrettyGarude  happy birthday too uuuuuuuu....:-)
406056385525202940,Thu Nov 28 13:46:01 +0000 2013,RT @TheBanat: At @LaughFactoryMum tonight with @MrMrRajneesh and @one_by_two. Student discount, buy one get one free. Come!
405611283510083600,Wed Nov 27 08:17:20 +0000 2013,RT @vipulgoyal83: Performing this Fri-Sunday @LaughFactoryMum with @MrMrRajneesh @TheBanat . Book ur tickets here http://t.co/qGbVzGPruy
405610484579057660,Wed Nov 27 08:14:10 +0000 2013,RT @LaughFactoryMum: Catch @awryaditi's solo show - Thing's They Wouldn't Let Me Say, tonight at 8:30pm. Tickets: http://t.co/waTzcsV7Hw
405323559372726300,Tue Nov 26 13:14:01 +0000 2013,an unexpected gesture and surprise from @hankypanty and @kunalrao. you guys are the best!
405321575659892740,Tue Nov 26 13:06:08 +0000 2013,@loupad_wp just keep on trying bro u can achieve ur goal
405083024523415550,Mon Nov 25 21:18:13 +0000 2013,http://t.co/PVYWGSKARo
404936970821849100,Mon Nov 25 11:37:51 +0000 2013,http://t.co/cMahIMkJxg
404672627215573000,Sun Nov 24 18:07:27 +0000 2013,Beer everyday keep the doctor away.. :-)
404317579608457200,Sat Nov 23 18:36:37 +0000 2013,RT @dancing_kitteh_: @mubintisekar @Teddy_Tc ayy it's Tom's birthday? Happy birthday to you~! :)
404317069052624900,Sat Nov 23 18:34:35 +0000 2013,@Teddy_Tc happy birthday white man
403950606781399040,Fri Nov 22 18:18:24 +0000 2013,@VarunmThakur @ABrijTooFar  @mynameisaadar @AmusedDouche  @craziebawa one of the best show at @LaughFactoryMum
403921165095157760,Fri Nov 22 16:21:24 +0000 2013,We miss you @LALUMMLAL
403789152627339260,Fri Nov 22 07:36:50 +0000 2013,http://t.co/SfdTalf0jj
403560989540372500,Thu Nov 21 16:30:12 +0000 2013,RT @GreenRoomButler: .@abishmathew &amp; @mubintisekar doing the naughty while @mojorojo &amp; @teddy_tc watch in excitement .. at @laug... https:/…
403420454980816900,Thu Nov 21 07:11:46 +0000 2013,RT @mojorojo: At @LaughFactoryMum from tonight until Sunday with @abishmathew and @smanak. A mallu and a suit. Please come save my soul
403420338660192260,Thu Nov 21 07:11:18 +0000 2013,RT @GreenRoomButler: Tonight @LaughFactoryMum I'm going to need red bull @mojorojo  Beer @smanak  Guitar strings @abishmathew  See you! htt…
403231469876674560,Wed Nov 20 18:40:48 +0000 2013,They say time flies but mine is 1st class.
402905853621063700,Tue Nov 19 21:06:55 +0000 2013,http://t.co/msOPrkZSnr
402691345770217500,Tue Nov 19 06:54:33 +0000 2013,RT @LaughFactoryMum: Wednesday night is @SchitzComedy's Improv, starts at 8:30pm. No scripts, no rehearsals, just laughs! Buy Tix: http://t…
402138715683708900,Sun Nov 17 18:18:35 +0000 2013,@shaziamirza1 Thank you for the lovely weekend @LaughFactoryMum
401989245436321800,Sun Nov 17 08:24:39 +0000 2013,;) http://t.co/eKu89ZULsM
401749580833775600,Sat Nov 16 16:32:18 +0000 2013,RT @ABrijTooFar: This Wednesday night 8:30PM , @SchitzComedy Improv @laughfactorymum, do not miss it! A NEW SHOW EVERYTIME! http://t.co/Kqi…
401683563700953100,Sat Nov 16 12:09:59 +0000 2013,My Brother @SahilBulla http://t.co/2P9DQTvsBi
401621905091735550,Sat Nov 16 08:04:58 +0000 2013,@Kushagra_ag  ;)
401620981560528900,Sat Nov 16 08:01:18 +0000 2013,@Kushagra_ag u came to see me or shazia
401347416190091260,Fri Nov 15 13:54:15 +0000 2013,RT @LaughFactoryMum: Scam Bam, Thank You M'am, a comedy show that hits out at everything in India, starts at 10:30pm. Tickets: http://t.co/…
401293086413713400,Fri Nov 15 10:18:22 +0000 2013,RT @fnbcity: #HappyHoursIndia Unlimited Fridays @CanvasMumbai..Unlimited Food, Drinks, Party &amp; Laughs all for the price of Rs.1500 http://t…
401292989223301100,Fri Nov 15 10:17:58 +0000 2013,RT @craziebawa: Yay! RT @SchitzComedy: Next week #GanduNights is back on 21&amp;22 10:30pm @LaughFactoryMum. @BollywoodGandu 20th improv at 8:3…
401253248503267300,Fri Nov 15 07:40:04 +0000 2013,Now only humans will play cricket.
401063909244665860,Thu Nov 14 19:07:42 +0000 2013,Killer show @awryaditi @shaziamirza1 @LaughFactoryMum
400942123677003800,Thu Nov 14 11:03:46 +0000 2013,@absolutelydanny get well soon ... ;)
400888350778724350,Thu Nov 14 07:30:05 +0000 2013,RT @one_by_two: Today even if Sachin farts on the field it will be like Awwww...
400888290007470100,Thu Nov 14 07:29:51 +0000 2013,RT @nitinmirani: @LaughFactoryMum @shaziamirza1 @BombilTimes HIGHLY recommended to all my mumbai peeps....This woman is a Laugh RIOT
400888130477117440,Thu Nov 14 07:29:13 +0000 2013,@Liaa976 ya he did ;)
400872247893561340,Thu Nov 14 06:26:06 +0000 2013,RT @LaughFactoryMum: International Comedian @shaziamirza1's show starts at 8:30pm tonight. Hilarity assured! Buy tickets now: http://t.co/o…
400870931020513300,Thu Nov 14 06:20:52 +0000 2013,@baariish you seems to be a big fan of @iHrithik
400742287551909900,Wed Nov 13 21:49:41 +0000 2013,Had a gud fun with @iHrithik  @LaughFactoryMum http://t.co/YZjGIxtbn6
400644924791480300,Wed Nov 13 15:22:48 +0000 2013,plans for krish 4 http://t.co/gCkemYPktb
400505271002218500,Wed Nov 13 06:07:52 +0000 2013,RT @LaughFactoryMum: The @EastIndiaComedy Show is tonight, starting at 8:30pm, with lots of new jokes. Tix: http://t.co/7UWs49KWBN #mumbai …
400307259755855900,Tue Nov 12 17:01:02 +0000 2013,RT @LaughFactoryMum: The @EastIndiaComedy Show is tomorrow, starting at 8:30pm, with lots of new jokes. Tix: http://t.co/7UWs49KWBN #mumbai…
400307075357474800,Tue Nov 12 17:00:18 +0000 2013,@absolutelydanny @sapanv danny give me sold out show i will release your payement by tmrw ;)
400150473283366900,Tue Nov 12 06:38:01 +0000 2013,RT @LaughFactoryMum: @thetanmay's Solo Show - Work In Progress, tonight at 8:30pm! 25% off for Students/Corporate Employees at Box Office (…
399979240881655800,Mon Nov 11 19:17:36 +0000 2013,hapiiiieeeee birthday @awryaditi  enjoy ur day.......
399971048428699650,Mon Nov 11 18:45:03 +0000 2013,RT @PrettyGarude: This @LALUMMLAL is the man! Or kid. But winner nevertheless!
399963914588270600,Mon Nov 11 18:16:42 +0000 2013,@craziebawa @GreenRoomButler @LALUMMLAL @LaughFactoryMum your job is on risk.................. ;)
399960053312012300,Mon Nov 11 18:01:22 +0000 2013,really enjoyed watching @ABrijTooFar @LaughFactoryMum
399959575777927200,Mon Nov 11 17:59:28 +0000 2013,Congratulation!!! @LALUMMLAL for winning tonight open mic @LaughFactoryMum
399945601267167200,Mon Nov 11 17:03:56 +0000 2013,@AmusedDouche hahahahaha
399942958864007200,Mon Nov 11 16:53:26 +0000 2013,http://t.co/wmPp8Ucuz0
399932021222293500,Mon Nov 11 16:09:58 +0000 2013,RT @one_by_two: On Friday 15 Nov I open the show for the awesome @shaziamirza1 @LaughFactoryMum 830 pm. An absolute pleasure  &amp; honor to do…
399913843557548000,Mon Nov 11 14:57:45 +0000 2013,RT @BollywoodGandu: Gandu Nights is back with two late night shows! Thu 21st &amp; Fri 22nd Nov 10:30 pm  Book now: http://t.co/e8M7WBEGkt
399911231386947600,Mon Nov 11 14:47:22 +0000 2013,@LALUMMLAL Between two evils, I always pick the one I never tried before.
399798950602887200,Mon Nov 11 07:21:12 +0000 2013,RT @LaughFactoryMum: Open Mic starts at 8:30pm! Watch wannabe stand up comedians &amp; maybe laugh at their jokes, hosted by @ABrijTooFar.Tix:h…
399798610528702460,Mon Nov 11 07:19:51 +0000 2013,RT @LaughFactoryMum: @thetanmay's Work In Progress, on Tuesday Night, 8:30pm. It's a Solo show you won't want to miss! Tix: http://t.co/QHm…
399798045107171300,Mon Nov 11 07:17:36 +0000 2013,@loupad_wp kya kare akhir hame bhi twitter par aana hi pada ;)
399612008032526340,Sun Nov 10 18:58:21 +0000 2013,@knowkenny will miss u too @LaughFactoryMum
399581018769739800,Sun Nov 10 16:55:13 +0000 2013,RT @GreenRoomButler: Thank You!! @absolutelydanny @knowkenny @awryaditi for the lovely weekend @LaughFactoryMum http://t.co/ynYuqrOQqs
399567335557566460,Sun Nov 10 16:00:51 +0000 2013,@knowkenny u rocked the show malu #style  @LaughFactoryMum
399526728554393600,Sun Nov 10 13:19:29 +0000 2013,RT @knowkenny: Last show tonight at 8 30 with @awryaditi @absolutelydanny! A wonderful second weekend done! Get tix: http://t.co/rTNUetlYzX…
399492699499151360,Sun Nov 10 11:04:16 +0000 2013,I don't want to own anything that won't fit into my #coffin.#quotes #QuoteOfTheDay
399438811404308500,Sun Nov 10 07:30:08 +0000 2013,RT @GreenRoomButler: #BehindTheCurtain Episode 10 is out! Watch: http://t.co/dq62CjYBlK @LaughFactoryMum with @absolutelydanny @ABrijTooFar…
399438449943388160,Sun Nov 10 07:28:42 +0000 2013,RT @craziebawa: Only in a Goa hotel will you get a bottle of water and a bottle of port wine complementary in the room.
399215481468362750,Sat Nov 09 16:42:42 +0000 2013,I posted a new photo to Facebook http://t.co/ghkk3j22Ub
399192901378256900,Sat Nov 09 15:12:58 +0000 2013,In #comic strips, the person on the #left always speaks #first.
399192506136817660,Sat Nov 09 15:11:24 +0000 2013,RT @LaughFactoryMum: International Woman of Comedy @shaziamirza1 at @LaughFactoryMum - http://t.co/AWeVM2H2Kp. @bookmyshow Tix: http://t.co…
399168566634618900,Sat Nov 09 13:36:17 +0000 2013,I never said most of the things I said.
394162483520221200,Sat Oct 26 18:03:53 +0000 2013,Weather forecast for tonight: dark. #funny #weather #tonight #qutoes
394141136823939100,Sat Oct 26 16:39:04 +0000 2013,Any girl can be glamorous. All you have to do is stand still and look stupid. #qutoes #funny #Girls
394087916667809800,Sat Oct 26 13:07:35 +0000 2013,I don't need a psychiatrist to prod into my personal life &amp; make me tell them all my secrets, I have my friends for that. #quote #true
393690731417583600,Fri Oct 25 10:49:19 +0000 2013,@GreenRoomButler  yes i am sure,@PrettyGarude  dint meant that i am aurat
393689812323934200,Fri Oct 25 10:45:40 +0000 2013,@PrettyGarude thinks i am " howwrat"......
369111508099141600,Sun Aug 18 15:00:15 +0000 2013,hey @awryaditi u r so cuteeeeeee @LaughFactoryMum
369111021622796300,Sun Aug 18 14:58:19 +0000 2013,hey @awryaditi  eager to see you  @LaughFactoryMum
368404820949880800,Fri Aug 16 16:12:08 +0000 2013,yehhhhh , i can see my tweet @LaughFactoryMum
368404237996150800,Fri Aug 16 16:09:49 +0000 2013,enjoying @LaughFactoryMum
366945086254223360,Mon Aug 12 15:31:40 +0000 2013,love to be the part of @LaughFactoryMum
