id,created_at,text
725952699150176300,Fri Apr 29 07:39:45 +0000 2016,Truly disappoint to learn that one of my favourite companies @amazonIN has such pathetic Seller Support
684944935397777400,Thu Jan 07 03:49:32 +0000 2016,#movies #southindianmovies #tendercoconut #love hahaha ! https://t.co/x6ORNr5hwy
684636831527260200,Wed Jan 06 07:25:15 +0000 2016,#uber will change the world. I truly believe. #uberpool
684266507036000300,Tue Jan 05 06:53:42 +0000 2016,RT @sumukhisuresh: Performing funny sketches wid this funny bunch tomorrow 6th Jan at @JagritiTheatre !   Tkts: https://t.co/RHLus1vrEq htt…
681374021196230700,Mon Dec 28 07:20:00 +0000 2015,RT @sumukhisuresh: medley of sketches with these unicorns on 6th Jan'16 @JagritiTheatre ! #Whitefield   Tkts: https://t.co/4DP8GQazAG https…
658116961012834300,Sun Oct 25 03:04:45 +0000 2015,RT @knowkenny: ATTENTION BANGALORE! An all new improv team is in town!Tomo (Oct 25) 7:30 pm at Alliance.Tix https://t.co/1s0rHhka31 https:/…
594815005440127000,Sun May 03 10:45:23 +0000 2015,Such good acting and production. @smanak @sumukhisuresh @VamBho @kaneezsurka  https://t.co/byU92Lnkiw
594717225602285600,Sun May 03 04:16:50 +0000 2015,#IPL fans be angry at the boxing bout telecast. Sony has denied them of their morning replay rights #FloydVSPacquiao
593027153517617200,Tue Apr 28 12:21:05 +0000 2015,"Wow, times are really changing. Free wifi on my journey. Thanks @ pressplay"
588373650459402200,Wed Apr 15 16:09:44 +0000 2015,@TataSky 3 Weeks now. No technician, no signal and no response. What's going on ?
585636991221506000,Wed Apr 08 02:55:13 +0000 2015,RT @Lisaraniray: Regretfully 'What do you do?' is the question upon which most social interaction is based. Much of my 'living' takes place…
581015328005574700,Thu Mar 26 08:50:23 +0000 2015,RT @one_by_two: Hey Anushka, can you please distract the Aussie fielders on the boundary by showing them your lip job ? Plleeeaasee
547667113263890400,Wed Dec 24 08:16:29 +0000 2014,@AudiPhotography told you. Some people need only that much sympathy
527306705000869900,Wed Oct 29 03:51:30 +0000 2014,@AmazonHelp I did. Got a response but the promise wasn't fulfilled. Still haven't received the package.  Order# 402-7520666-0382723
527137167990984700,Tue Oct 28 16:37:49 +0000 2014,@amazonIN what's up with your delivery service ? 2 days late and no acknowledgement !
521357162837065700,Sun Oct 12 17:50:08 +0000 2014,RT @snehhamenon: Managed to catch #Odyssey as well. Quite an out of body experience! Super stuff @NairOnFyre! You make us proud.
521357162195337200,Sun Oct 12 17:50:08 +0000 2014,@snehhamenon thanks da !
483312162627022850,Sun Jun 29 18:12:53 +0000 2014,RT @Deadpool: Last time I saw a Robben go to the ground that hard the Joker was standing over him with a crowbar. #NEDvsMEX
475476608615063550,Sun Jun 08 03:17:12 +0000 2014,Your day usually starts well when your gifted Absolut at 8 in the morning. http://t.co/ZCWmejqNaF
473455653986390000,Mon Jun 02 13:26:38 +0000 2014,Splendid evening #rain #lightning okay, actually it's just an Instagram filter ! http://t.co/d2rh0U39As
470508537336967200,Sun May 25 10:15:51 +0000 2014,Just lovely. Front row seats to watch Hugh Jackman naked ! Hmm.. #xfactor
468946387158458400,Wed May 21 02:48:26 +0000 2014,RT @deepigoyal: Bangalore, we are sorry. Didn't mean to hurt you all. We just need some techies :) Update here: http://t.co/vXdc6Fe7lj
467236393698078700,Fri May 16 09:33:31 +0000 2014,RT @narendramodi: India has won! भारत की विजय। अच्छे दिन आने वाले हैं।
467160748716597250,Fri May 16 04:32:56 +0000 2014,#breached #272
467160613743898600,Fri May 16 04:32:24 +0000 2014,RT @rameshsrivats: Current situation -  BJP+ : 292 Congress+ : 76 Congress needs 17 seats to avoid a follow on.  (Hat Tip: @SudarsanVSR)
466051822243692540,Tue May 13 03:06:27 +0000 2014,Grasshoppers shed skin ? Or did this one just dry up really bad in the heat ? Quite Amazing ! http://t.co/KNdjsYmhwC
465401610785792000,Sun May 11 08:02:45 +0000 2014,After bath madness !! http://t.co/8DJlbMcQD3
465333525680361500,Sun May 11 03:32:12 +0000 2014,That's the queue for breakfast. #sidappa #dosa #post10k http://t.co/tBjT20trwf
464289119208624100,Thu May 08 06:22:06 +0000 2014,New Merchandise http://t.co/pTzrBdISHz
463891339596161000,Wed May 07 04:01:28 +0000 2014,It's high time the BCCI leave @LalitKModi alone. Quite ridiculous how insecure they are #bcci #LalitModi
462425669985505300,Sat May 03 02:57:25 +0000 2014,It happened. Aunty in saree outran me.
461803242813673500,Thu May 01 09:44:07 +0000 2014,Thanks for parking next to office. http://t.co/CWDKAcIzep
461460016591949800,Wed Apr 30 11:00:16 +0000 2014,@AudiPhotography Let's ! Currently searching. Maccha, check out the selfie parody #dickpic on YouTube
461166573877612540,Tue Apr 29 15:34:13 +0000 2014,Closing in on Zero Hour. Yes, Gautham Gambir is batting soon. #ipl #KKRvsRR
459648598032936960,Fri Apr 25 11:02:20 +0000 2014,@fooming86 she didn't tell you ? Whoa !!@PriyankaSerrao @snehhamenon
459612564196847600,Fri Apr 25 08:39:09 +0000 2014,@PriyankaSerrao true. But enough of feeling sad for me @snehhamenon
459609479407878140,Fri Apr 25 08:26:53 +0000 2014,@PriyankaSerrao Ya Chinx. With @snehhamenon . Come off !
459607757000544260,Fri Apr 25 08:20:03 +0000 2014,Ok, that's a screwdriver! http://t.co/upeoTAjWDA
459369026674638850,Thu Apr 24 16:31:25 +0000 2014,All these KKR players are very over confident. Chumma all wearing purple caps #RCBvsKKR
459331464698417150,Thu Apr 24 14:02:09 +0000 2014,Hey you guys are free to join us. http://t.co/fbaxr5dm2M
459270322869772300,Thu Apr 24 09:59:12 +0000 2014,She's got an angry face !! http://t.co/wIVOoRbXaM
458662333964103700,Tue Apr 22 17:43:16 +0000 2014,@NairOnFyre but alas, we shall wait until it's actually 'revealed'
458662028400656400,Tue Apr 22 17:42:03 +0000 2014,Makes sense ! http://t.co/c400pNIDDw
458652512556703740,Tue Apr 22 17:04:15 +0000 2014,New Fish Tank. Quite entertaining watching the lazy bastards. http://t.co/CHpj3FQY3U
458648056175394800,Tue Apr 22 16:46:32 +0000 2014,RT @rockyandmayur: Newshour - OYE YEAH ?? TERI TO .... I'LL SLAP YOU ... YOU SAID IT ..NO YOU SAID IT FIRST .... NO YOU ..NYAH NYAH NYAH NY…
458642818894794750,Tue Apr 22 16:25:43 +0000 2014,First time a Vodafone Superfan hasn't been caught picking his nose. #awkward #KXIPvsSRH #ipl
458641424322265100,Tue Apr 22 16:20:11 +0000 2014,Do you think Maxwell calls it his Maxipads ? Probably not no ?
458546195837636600,Tue Apr 22 10:01:47 +0000 2014,Manmohan bringing the SWAG ! http://t.co/IdKPj8Enme
457147744021258240,Fri Apr 18 13:24:50 +0000 2014,@VamBho let's not do anything. Let the commoners know that if we can, they can
457022323707482100,Fri Apr 18 05:06:27 +0000 2014,Fond Memories #GabrielMarquezGarcia !! Love in the time of Cholera, will remain a favourite.
457021225357676540,Fri Apr 18 05:02:05 +0000 2014,@Menon_Anjana Just 1 ? Gosh, you Zomans !!
457019541340446700,Fri Apr 18 04:55:24 +0000 2014,#happygoodfriday to all my Christian peeps. We'll meet at Rose Bar once your done faking the faith.
457018695127400450,Fri Apr 18 04:52:02 +0000 2014,The Bars staying open today, is certainly a sign of Good Friday.
457018173301080060,Fri Apr 18 04:49:58 +0000 2014,RT @smanak: No matter what, I always feel like an asshole when wearing a v neck.
456825516008284160,Thu Apr 17 16:04:25 +0000 2014,RT @Lisaraniray: Ship of Theseus named best film at the National Film Awards in India and seals India's new tryst with thought-provoking ci…
456745772403265540,Thu Apr 17 10:47:32 +0000 2014,Guess who didn't get to vote today ? Only humans it seems. http://t.co/CvglN8iyve
456666077242470400,Thu Apr 17 05:30:51 +0000 2014,RT @snehhamenon: #Respect “@Madhukeshwar: Came to #Bangalore to cast my vote. Haven't missed a single election since I turned 18. http://t.…
456665986209284100,Thu Apr 17 05:30:30 +0000 2014,RT @snehhamenon: Woke up feeling so gutted to not be in #Bangalore today. It's an election I really wanted to be a part of. #BangaloreVotes
456651286637584400,Thu Apr 17 04:32:05 +0000 2014,I did it. Now please open the bar no uncle ? http://t.co/Vry2pKdj8g
456626993400778750,Thu Apr 17 02:55:33 +0000 2014,You know why they were doing last night !! #beforethevote http://t.co/e7U0THMJcc
456592118367006700,Thu Apr 17 00:36:58 +0000 2014,RT @BiIIMurray: I don’t have Instagram, so I thought you guys should know I had Starbucks this morning. The cup was super cool looking. I a…
456591578635567100,Thu Apr 17 00:34:50 +0000 2014,To everyone with an opinion as to whom I should vote for, I say - http://t.co/FkT8hZqq21
456310626495627260,Wed Apr 16 05:58:25 +0000 2014,Hey ladies, imma be voting this year. I know, it's damn sexy. Calm down now.
455971176565579800,Tue Apr 15 07:29:34 +0000 2014,Once again, that time of the year when everyone says Happy Vishnu. Vishnu is still happy, but let's concentrate on the festival no ? #Vishu
455967947828121600,Tue Apr 15 07:16:44 +0000 2014,Buying some "wet wipes" today. At least enough to get me through this forced dry spell.
454973240750772200,Sat Apr 12 13:24:08 +0000 2014,At this place called Thalli with the wrong crowd.
454573909438779400,Fri Apr 11 10:57:20 +0000 2014,Yes #WeWantModi !! Wait, Can we get him without the BJP ? Also, please throw in that #Jashodaben Aunty also.
454572929183789060,Fri Apr 11 10:53:26 +0000 2014,RT @rameshsrivats: Congress is still doing rallies and putting campaigning and all? Very sporting.
454502657395138560,Fri Apr 11 06:14:12 +0000 2014,You naughty @narendramodi !! Who knew you were tapping that ? #namo #Jashodaben
453929898751447040,Wed Apr 09 16:18:16 +0000 2014,Give me good roads I'll vote for you !! 2 hours to cover 8 kms. #traffic
453383666970800100,Tue Apr 08 04:07:44 +0000 2014,RT @ShanusMcAnus: Hey dude i just bought a keet! "You mean a parakeet?" Dude shut up, he's sensitive about it *bird rolls up in tiny wheelc…
453382933005746200,Tue Apr 08 04:04:49 +0000 2014,Nobody touches this fellows chicken. http://t.co/8UZ5urhZrY
453103981015732200,Mon Apr 07 09:36:22 +0000 2014,RT @soapyrao: This Friday (April 11th)  catch The Colloquial Cousins at Bangalore Club!!! @Funny_Leone  @VamBho  &amp; I  will please u http://…
453016766365446140,Mon Apr 07 03:49:48 +0000 2014,Okay Boy, now Stay !! Stay !! http://t.co/48HTTvM44B
452850877779279900,Sun Apr 06 16:50:37 +0000 2014,@NairOnFyre: Vijay Mallya: Yuvraj ko OLX pe Bhej do
452800420381851650,Sun Apr 06 13:30:07 +0000 2014,Now watching at Patels Inn http://t.co/yqzJvcV4Oz
452666022269444100,Sun Apr 06 04:36:04 +0000 2014,@fiddlesticks83 Younger days eh ? Sexy you are da @PolyesterPalla @georgeabraham9 @pankajchaddah http://t.co/40xdihfvKS
452651435834880000,Sun Apr 06 03:38:06 +0000 2014,That's what Jesus said http://t.co/BwZT6NdxUI
452644573500551200,Sun Apr 06 03:10:50 +0000 2014,RT @pankajchaddah: First look at Zomato's social networking food app http://t.co/E0Ij2oZiZu
452643869146877950,Sun Apr 06 03:08:02 +0000 2014,Training Initiated again. 10k in 52:20 minutes. And what were you doing ? Sleeping ? Ha !! 1 - 0
451930356422172700,Fri Apr 04 03:52:48 +0000 2014,The Economist - That slightly faded paper coming complimentary with the times. Wait, you mean people pay for it now ? #TheEconomist
451927532493742100,Fri Apr 04 03:41:34 +0000 2014,I know, also disturbing that I use Lavender Soap #keepquiet
451927376364970000,Fri Apr 04 03:40:57 +0000 2014,Quite disturbing that it came to mind while bathing with lavender soap
451926882749911040,Fri Apr 04 03:38:59 +0000 2014,What do you call a nice smelling Sardar ? Don't know ??? Lavender  #illkeepquietnow
451902896104157200,Fri Apr 04 02:03:41 +0000 2014,@pankajchaddah I'll come to Delhi soon da. Anyway need to brush up my Yo Yo Honey quotient !
451809103740821500,Thu Apr 03 19:50:59 +0000 2014,Photoshop Has Gone Too Far #collegehumour http://t.co/EERgp8zCUM
451806502076952600,Thu Apr 03 19:40:38 +0000 2014,@Menon_Anjana Super !  Is this guy called @pankajchaddah still there ;) ?
451805704458739700,Thu Apr 03 19:37:28 +0000 2014,@Menon_Anjana Your with Zomato now ?
451759683057901600,Thu Apr 03 16:34:36 +0000 2014,@AudiPhotography ya da. It's here. Bloody heavy. Can't take a picture since I'm using it now ;) haha (Overcame blonde moment)
451749930516742140,Thu Apr 03 15:55:51 +0000 2014,At least we saw a Hail Storm maccha. #gaylewithoutstorm
451749506879459300,Thu Apr 03 15:54:10 +0000 2014,Hail Storm to West Indies- If you won't hit, I will. Dai, take it !! #SLvWI
451748910457835500,Thu Apr 03 15:51:48 +0000 2014,@AudiPhotography probably not appropriate to say the L word no ?
451728140746768400,Thu Apr 03 14:29:16 +0000 2014,#ThatAwkwardMoment when Gangam Style is playing and Chris Gayle's like - Fuck this shit, you do it !
451675767676493800,Thu Apr 03 11:01:09 +0000 2014,Just got my period. Haha. Kidding Bro. Got it sometime back !!
451194235400626200,Wed Apr 02 03:07:43 +0000 2014,I heard Rakhi Sawant is in Politics. - My Suicide Note
451189366514139140,Wed Apr 02 02:48:22 +0000 2014,A brief vacation, some light drinking (Just 4 bottles of Vodka, no biggie) and my pace drops. Time to get faster ! http://t.co/OMJnPtLvI1
450643137565040640,Mon Mar 31 14:37:51 +0000 2014,You BANG you PAY !! http://t.co/g8v2M4GWSM
450483777664348160,Mon Mar 31 04:04:36 +0000 2014,Note to self - Need to make use of the EMPTY roads today. #sexyugadhi
450239514997321700,Sun Mar 30 11:54:00 +0000 2014,Bangladeshi Cricket fans would probably get higher returns at Fancy Dress shows. #BANvsPAK
450239185790591000,Sun Mar 30 11:52:41 +0000 2014,Bangladesh - Uplifting the Cricketing Worlds Morale since inception. #BANvsPAK
450185009111257100,Sun Mar 30 08:17:24 +0000 2014,Sunday Chilling scenes !! http://t.co/EwZHrHYMGg
450141184217088000,Sun Mar 30 05:23:16 +0000 2014,Dia http://t.co/7Fnee9I3Pi
450124240490995700,Sun Mar 30 04:15:56 +0000 2014,RT @one_by_two: My selfie during #EarthHour http://t.co/T2CNpBwNLF
450117607455465500,Sun Mar 30 03:49:35 +0000 2014,Photo Bombing the Photo Bomb !! Happy Birthday Vandy :) http://t.co/gpBf0qbgB1
449948663432110100,Sat Mar 29 16:38:15 +0000 2014,Laddiieess and Vandana !! http://t.co/ArHww1oGqm
449616437502427140,Fri Mar 28 18:38:06 +0000 2014,Waited 4 hours and made 14 calls for an e-kart executive who didn't turn up (After consistent lies said). FMPR1679192382 @flipkartsupport
449451318810116100,Fri Mar 28 07:41:59 +0000 2014,These auto drivers in Bangalore just take you for a ride. http://t.co/0PKHUgYzG7
449140859531837440,Thu Mar 27 11:08:20 +0000 2014,@TrendsBangalore what's the point of  #idealsonflipkart when you get used and damaged stuff http://t.co/RI1kCn9nd4
449137426212995100,Thu Mar 27 10:54:41 +0000 2014,@flipkartsupport OD40320029227 My email id is in the process of getting changed. Quite unexpected. 3rd Party - Rama Color
449133494258503700,Thu Mar 27 10:39:04 +0000 2014,Fake, Used and Broken piece delivered by @Flipkart @flipkartsupport http://t.co/hXXcPViVSs
449112718910685200,Thu Mar 27 09:16:30 +0000 2014,After ages, #CD http://t.co/ss6FuHUC4a
449019946811412500,Thu Mar 27 03:07:52 +0000 2014,Whoooaa #10,000crore. That's like Mukesh Ambanis electricity bill for an entire month.
448989280317087740,Thu Mar 27 01:06:00 +0000 2014,Back to the grind. #fitness
448752562326749200,Wed Mar 26 09:25:22 +0000 2014,At Little Chef. Serving substandard, yummy fucking Chinese food since 2001 #yummyinmytummy http://t.co/UguWqz5W1i
448714473113530400,Wed Mar 26 06:54:01 +0000 2014,This heat is unbearable. I'm moving to Chennai.
448461881679020000,Tue Mar 25 14:10:19 +0000 2014,#ladies http://t.co/e3iEfps8Vi
448357649998831600,Tue Mar 25 07:16:08 +0000 2014,Hey Pramod Muthalik, not this time da. Don't worry, it's not you it's me ! #PramodMuthalik
448324859613827100,Tue Mar 25 05:05:50 +0000 2014,This guys out to get your wife. They call him #dangermoonja http://t.co/yMpQE640sz
448324544797736960,Tue Mar 25 05:04:35 +0000 2014,Between Shooting and rehearsals for theatre, getting some sleep is such a bitch. Hard being in the industry no @VamBho ? #dangermoonja
448159426789130240,Mon Mar 24 18:08:28 +0000 2014,RT @snehhamenon: My debut interview with @SrBachchan goes on air in 10 mins on #TimesNow. Mamma, have I made you proud? 😁
448010230417211400,Mon Mar 24 08:15:37 +0000 2014,@AudiPhotography Obviously. No arguments there. Some call it 'Black' magic
448009146718117900,Mon Mar 24 08:11:18 +0000 2014,Tip - Don't get drunk around @AudiPhotography http://t.co/KGMPa7srCW
447303704345993200,Sat Mar 22 09:28:08 +0000 2014,RT @fiddlesticks83: Oh Bangalore, get over the fact that Airlines Hotel is shutting. It’s not like the crappy food there was the reason you…
447288319958081540,Sat Mar 22 08:27:00 +0000 2014,New Tank. All tanked up !! Here fishy fishy .... http://t.co/Xwxvp411wg
447107912238788600,Fri Mar 21 20:30:07 +0000 2014,@AudiPhotography haha :) indeed. We'll send some laps next week da
447042733132116000,Fri Mar 21 16:11:07 +0000 2014,Might finally win a match after watching it at #patelsinn
446707750530076700,Thu Mar 20 18:00:01 +0000 2014,Need not say more. #langkawi @AudiPhotography http://t.co/FbRjxRXnfM
446704417333465100,Thu Mar 20 17:46:47 +0000 2014,Currently watching 'Get Out' on TLC. Yes your right, it is very informative. Ladies are okay okay
446591729412493300,Thu Mar 20 10:19:00 +0000 2014,@AudiPhotography Yes. Just called Sharukh and he confirmed da
445507813096189950,Mon Mar 17 10:31:54 +0000 2014,RT @AudiPhotography: @NairOnFyre here's the other side. http://t.co/jXCAUt1zmx
445505851025924100,Mon Mar 17 10:24:06 +0000 2014,RT @Funny_Leone: Surya Namaskar!!! http://t.co/0zOqWTuz09
445505091445858300,Mon Mar 17 10:21:05 +0000 2014,That's where I am. Hey, but Bangalore's pretty too right ? @AudiPhotography http://t.co/n9VbVY6b59
445063144608509950,Sun Mar 16 05:04:57 +0000 2014,Going to get a foot massage done for my back.
445061922170212350,Sun Mar 16 05:00:05 +0000 2014,@Skrillex @WhatSoNot @RLGRIME
444847498608132100,Sat Mar 15 14:48:03 +0000 2014,At Petronas, just like Utility Building Bangalore. No biggie http://t.co/oyW77zhJ5f
444327955632635900,Fri Mar 14 04:23:34 +0000 2014,@deadmau5 So you really had a Daler Mehndi track yesterday :) #FMFA http://t.co/2sJ205BhLs
441575573056278500,Thu Mar 06 14:06:35 +0000 2014,Kids - Gaining Energy from the Hatred they inspire in you (Since I ceased being one)
440917675397898240,Tue Mar 04 18:32:20 +0000 2014,Any Graphic Designers looking for full time work ? Hit me up. The offer comes with an endless supply of fresh air, love and beer #yourdesign
440056290077708300,Sun Mar 02 09:29:30 +0000 2014,Mouse talk  http://t.co/5NT96mi2C6
440056159215427600,Sun Mar 02 09:28:58 +0000 2014,Travelling from India to Malaysia to hear @deadmau5 a day before he plays in Bangalore. That way there'll be no @dalermehndi collaborations
440054708883845100,Sun Mar 02 09:23:13 +0000 2014,RT @deadmau5: LAWL!!! RT @isushantbhatt: @deadmau5 + @dalermehndi =  #ThisHappens http://t.co/rCIWB0kHaX
440053362273161200,Sun Mar 02 09:17:52 +0000 2014,RT @deadmau5: India.... This just happened. Shit just went next level. http://t.co/fDYnzxI9Ee
439990712977731600,Sun Mar 02 05:08:55 +0000 2014,Severe Headache. Also, I just listened to    Yo Yo Honeys new song. Hmmm @asliyoyo
439988398380437500,Sun Mar 02 04:59:43 +0000 2014,The 1 am deadline is like a slap in the face. Congress, you pushed the ass licking to a new level #Bangalore
439251688759631900,Fri Feb 28 04:12:18 +0000 2014,RT @deadmau5: I put the fuckin "meh" in mehndi.
439251661551181800,Fri Feb 28 04:12:11 +0000 2014,RT @deadmau5: Hey, @dalermehndi come to my show at sunburn. Let's cause some shit.
439251645000462340,Fri Feb 28 04:12:07 +0000 2014,RT @deadmau5: To be fair, I'll take Tunak Tunak Tun over yo yo honey Singh any fuckin day of the week.
439237718095048700,Fri Feb 28 03:16:47 +0000 2014,12 days to Malaysia #Deadmau5 #Macklemore #knifeparty
438508271414947840,Wed Feb 26 02:58:13 +0000 2014,Courtesy TOI - Selfies to blame for spread of lice among teenagers #liceorlies?
438003832555962400,Mon Feb 24 17:33:46 +0000 2014,RT @ParadoxPanel: The second edition of the Titan Company Paradox Panel has come to a close. Special thanks to @samahmedbombay @naironfyre …
437859061011202050,Mon Feb 24 07:58:29 +0000 2014,RT @ParadoxPanel: The panel board at the Titan Company Paradox Panel consists of @samahmedbombay @kaustavsengupta and @naironfyre. Stay tun…
437859009853276160,Mon Feb 24 07:58:17 +0000 2014,RT @PriyankaSerrao: @naironfyre talking about what millennials care about, at the Titan Company Paradox Panel @ParadoxPanel http://t.co/16u…
437440192815702000,Sun Feb 23 04:14:03 +0000 2014,Now watching @snehhamenon
436704597076242400,Fri Feb 21 03:31:04 +0000 2014,NOBODY takes MY ball http://t.co/Q97mKzilaj
433443739109826560,Wed Feb 12 03:33:35 +0000 2014,Meanwhile at Mums school. Spell Fifteen - One Five Ma'am #takeit
432752605941342200,Mon Feb 10 05:47:16 +0000 2014,@snehhamenon thanks :)
432563483121434600,Sun Feb 09 17:15:45 +0000 2014,Slightly can't feel knees. #aurovillemarathon
432452500554121200,Sun Feb 09 09:54:45 +0000 2014,2:01, 21 km. #Nicely http://t.co/JShC2yYPdg
431990086389882900,Sat Feb 08 03:17:17 +0000 2014,On route - #aurovillemarathon Waited a while. Legs already hurting thinking of it.
431263322894499840,Thu Feb 06 03:09:23 +0000 2014,That awkward moment when a student in MIT feels like he's part of MIT #manipaltomassachusetts
431100411827605500,Wed Feb 05 16:22:02 +0000 2014,Preparing for the big day. No nonsense mode.
430903952062697500,Wed Feb 05 03:21:22 +0000 2014,Body weight exercises. The way to go. #saynotogyms
429853780700430340,Sun Feb 02 05:48:22 +0000 2014,@fooming86 Myself only da. Let's say you got thus response yesterday ;)
429853582641209340,Sun Feb 02 05:47:35 +0000 2014,RT @fooming86: @NairOnFyre found you http://t.co/FzCj3sdZ2a
429498189410865150,Sat Feb 01 06:15:22 +0000 2014,IIM B. Please don't disappoint me once again.
424096443020767200,Fri Jan 17 08:30:46 +0000 2014,Fittest I've been in a while. Selfie happening inside head. #auroville #21km #Marathon
399750954091692000,Mon Nov 11 04:10:29 +0000 2013,Without Theater, life is quite pointless. #FACT http://t.co/7T06gKQdGA
392858049343258600,Wed Oct 23 03:40:32 +0000 2013,RT @one_by_two: I'm having a BYOO barbeque party on Sat Nite. Babes I will organize. Just bring your own onions
391539558665297900,Sat Oct 19 12:21:19 +0000 2013,Things to do before I die - Give a Ted Talk. Check !! #Tedx #Punchline
383068246166872060,Thu Sep 26 03:19:21 +0000 2013,Kelly McGonigal: How to make stress your friend  http://t.co/6GFpor93kK
382482505045000200,Tue Sep 24 12:31:50 +0000 2013,Egg vendor shot at for preparing an omelette without onions. The price you pay for Onions these days
382204582048170000,Mon Sep 23 18:07:28 +0000 2013,The Wizard of Oz ! It's beginning. #firsttimemusical
380908533702610940,Fri Sep 20 04:17:26 +0000 2013,@tatadocomo It's ridiculous that I still receive payment reminders after cancelling the service. Stop the messages !!
371698005667115000,Sun Aug 25 18:18:05 +0000 2013,Swimming isn't a sport. It's what you do to stop drowning.
343611797372293100,Sun Jun 09 06:13:31 +0000 2013,Is the syrup already applied on this pancake ma'am ? #mcdonalds
335437876307296260,Fri May 17 16:53:16 +0000 2013,RT @ShashiTharoor: The stunning Vellayani lake,on whose breezy banks I inaugurated a small State project made possible byMP intervention ht…
335233344453357600,Fri May 17 03:20:32 +0000 2013,In other news, Angelina Jolie doesn't feature on those 'Remove Clothes' app anymore. Sorry, last one. Angie, don't mind me ma.
335232718084395000,Fri May 17 03:18:02 +0000 2013,@sobelix True. Also, apparently Angelina Jolie doesn't feature on that app anymore. Ok, #shouldnotmakefun
335231943224483840,Fri May 17 03:14:58 +0000 2013,Restaurant in Mumbai stops serving 'Chicken Sanju Baba' as a mark of respect to the actor ?Ya, because killing a chicken is way worse than..
335230258158657540,Fri May 17 03:08:16 +0000 2013,#angelinajolie as long as those lips aren't reduced, you're still a wonder. Either way, respect. I guess ?
335229004422475800,Fri May 17 03:03:17 +0000 2013,After #sreesanth, Nivea seems to have entered the #spotfixing scene. Say what ? Oh, that's for dark spots ? Ah, sorry ra! My bad.
335227459131818000,Fri May 17 02:57:09 +0000 2013,RT @rameshsrivats: David Beckham retires at 39. Sachin giggles. Karunanidhi laughs.
334922649446797300,Thu May 16 06:45:56 +0000 2013,Bosch's new tagline - Discover the joy of doing it yourself ! Hmmm. Ok then. #branding
334317125323870200,Tue May 14 14:39:48 +0000 2013,#anappleaday in the month of May ? Who kept the Mango away ?
334316601811816450,Tue May 14 14:37:43 +0000 2013,Apparently aunty sitting next to our table didn't like her chicken lollipop since it was all bone. Hmmm..
334313616641765400,Tue May 14 14:25:52 +0000 2013,Most stressful day of 2013 yet. Productive though.
334312489246396400,Tue May 14 14:21:23 +0000 2013,@Menon_Anjana Daft Punk’s New Album, Random Access Memories , Streaming for Free on iTunes for a Limited Time http://t.co/6Pa1TslYqd
333821321723142140,Mon May 13 05:49:39 +0000 2013,You know I've reached office, when you see me online on Facebook.
333791490788696060,Mon May 13 03:51:07 +0000 2013,Wait, what ? You said Chitrangada Singh is. Wait, what ? Happiest day yet ! Sorry da Jyothi. First name problem she had eh ?
333769261854113800,Mon May 13 02:22:47 +0000 2013,Does Monday realize how much is screws with us ? The crafty old witch.
333636979734478850,Sun May 12 17:37:09 +0000 2013,RT @snehhamenon: No clue why my brother, @NairOnFyre would get me to model this tee from his design label! 😂 http://t.co/xc66nRxEaY
333044005111734300,Sat May 11 02:20:53 +0000 2013,Hyderabad - Very soon !! http://t.co/wr2siWtE3J
332859275657502700,Fri May 10 14:06:50 +0000 2013,@PolyesterPalla enjoy Yercad you drunk.
332857263977025540,Fri May 10 13:58:50 +0000 2013,@PolyesterPalla eewwwww... Sick woman !!
332694440982499300,Fri May 10 03:11:50 +0000 2013,Kristen is a bad actor #theworstmyth What ? She's just subtle about her emotions okay !!
332693230367957000,Fri May 10 03:07:01 +0000 2013,In other news, it's something like 132 degrees in Hyderabad. The Air conditioner is also like - screw that shit !
332692606888837100,Fri May 10 03:04:33 +0000 2013,Let's hope Pakistan sees a better future. We Indians speak about our poor state of affairs. Imagine what people go through there. #pakistan
332403148138364900,Thu May 09 07:54:20 +0000 2013,This pleasant afternoon in Hyderabad, I decide to take a stroll. No amount of fair and handsome will help after this. #sunburnfestival
332373256470401000,Thu May 09 05:55:34 +0000 2013,#sanaullah also ? Bad India, bad ! We need a Mahatma once again.
332172353268232200,Wed May 08 16:37:15 +0000 2013,RT @Skrillex: Photo: NASA worlds biggest indoor pool http://t.co/yGpm0Jxkcw
332152507201642500,Wed May 08 15:18:23 +0000 2013,#thankyousiralex chewing gum won't be the same without you.
332118154178347000,Wed May 08 13:01:53 +0000 2013,That awkward moment when Chris Gayle  experiences Hail Storm and goes like 'Whaaaa' ? @henrygayle #hail
332116475949248500,Wed May 08 12:55:12 +0000 2013,Calm down, everything is fine. #alexferguson retired not fergie from BEP. Chumma people are putting tension! Use his full name child.
332116038558822400,Wed May 08 12:53:28 +0000 2013,Screw BJP and Fergie, I bought new boxers today. That's the headline.
332115578976354300,Wed May 08 12:51:39 +0000 2013,Hail storm in Bangalore. Does that mean. Eh, Chris Gayle remember when you used to predicted weather ? What ra ? @henrygayle #hail
332089951787302900,Wed May 08 11:09:49 +0000 2013,Well done Congress ! Now one request, please tell your party workers to wear helmets while doing their victory laps. #command #congress
331951054742773760,Wed May 08 01:57:53 +0000 2013,Eh, Delhi, you stick to violence yo. Clearly cricket isn't your thing ! #ddvsrr
331950593927163900,Wed May 08 01:56:03 +0000 2013,#ILoveLiptonIceTea is trending ? Hmm ok I'm starting #ilovechandrikasoap
331950135770742800,Wed May 08 01:54:14 +0000 2013,Just give us a government where the CM doesn't change ever 5 days. We'll deal with water problems later #elections2013
331635560357720060,Tue May 07 05:04:13 +0000 2013,@snehhamenon ask the phone it's weight and see if it gets all awkward @meg_rao #thatawkwardmoment
330893804053880800,Sun May 05 03:56:45 +0000 2013,@snehhamenon who's that ? @Madhukeshwar
330885500602822660,Sun May 05 03:23:45 +0000 2013,@snehhamenon I've been trying this Sonia aunty from morning. Full ignore she's putting.
330881433344303100,Sun May 05 03:07:35 +0000 2013,@snehhamenon 6:00pm yo.
330880850839359500,Sun May 05 03:05:16 +0000 2013,@rockyandmayur well deserved you champs. They're very few shows that connect with the audience as well as you do.
330880561679851500,Sun May 05 03:04:08 +0000 2013,Big thug staring me down next to a voting booth. I 'booth Captured' this ;)
330875717548113900,Sun May 05 02:44:53 +0000 2013,Side effects of running 11km on Sunday morning - Both sides feel effected. #runnershigh
330874824157167600,Sun May 05 02:41:20 +0000 2013,11 km finished. Feel like Batman for some reason. Nocturnal instincts much ?
330568207691808800,Sat May 04 06:22:57 +0000 2013,Amazing to see the love and respect people have for Rahul Dravid. Great wall of China, you've been replaced @rahuldravid
330555712046514200,Sat May 04 05:33:17 +0000 2013,Looks like Ghambir's and Bisla's lady cycles synchronised yesterday. SRK, what man ? This wouldn't have happened if you shared that Frooti.
330554633409921000,Sat May 04 05:29:00 +0000 2013,RT @rockyandmayur: Highway on My Plate wins Indian Telly Award for best food show, India. Dedicated to our fans n those who make it @ndtvgo…
330542921663266800,Sat May 04 04:42:28 +0000 2013,RT @Funny_Leone: That awkward moment when your maid wants to work from home..
330184913892565000,Fri May 03 04:59:52 +0000 2013,Anyone know why TLC is all dubbed to Hindi ? Don't quite fancy Nigella saying 'Yeh mera risotto hain'. @Lisaraniray  ?
329850851323691000,Thu May 02 06:52:25 +0000 2013,Cut gmail some slack. She just finished labour no ? You stay down, ma.
329849657113063400,Thu May 02 06:47:41 +0000 2013,It's that time of the month for gmail. #gmaildown
329849188651249660,Thu May 02 06:45:49 +0000 2013,@fiddlesticks83 Yup. Reached off the basement only.
329849071667912700,Thu May 02 06:45:21 +0000 2013,Damn! This Gmail no ? How can it go down like that yo ? Isn't it usually used to verify whether other sites are working ?
329777988835102700,Thu May 02 02:02:54 +0000 2013,Ran 7k today. Now I can't feel one bum cheek. Is that what you call a runners high ? #fitness
329631922617716740,Wed May 01 16:22:29 +0000 2013,That awkward moment when your dog still hasn't eaten the lunch you made for him. It's him, not me anyway.
329447551357055000,Wed May 01 04:09:51 +0000 2013,When life gives you lemonade, make lemons. Life will be all like, 'Whaaaat' ? #modernfamily @modernfamilytv
329442781560963100,Wed May 01 03:50:54 +0000 2013,Me - why aren't we off today ? It's May 1st. Labour day HR - Because we're not labourers. Whaaaaa ?
328888472825888800,Mon Apr 29 15:08:17 +0000 2013,Eh, you Shatabdi express, 'shut up da'
328856442964688900,Mon Apr 29 13:01:00 +0000 2013,@snehhamenon you mean what's her dle (deal) ? I don't know ya. Try 'Meditation360' or something
328852679088558100,Mon Apr 29 12:46:03 +0000 2013,Mums the word. No really. She's on twitter and apparently thinks the aim of the game is to follow as many people as you can. #mumontwitter
328837702927675400,Mon Apr 29 11:46:32 +0000 2013,Score line 123 - 4 . #ipl
328836610449870850,Mon Apr 29 11:42:12 +0000 2013,Kholi, now Khali.
328572627553755140,Sun Apr 28 18:13:13 +0000 2013,@PolyesterPalla Actually theirs. Get it ?
328571735953797100,Sun Apr 28 18:09:41 +0000 2013,@PolyesterPalla they're either in the gay pride parade or shooting for The Justice League ofAmerica.
328544148523188200,Sun Apr 28 16:20:03 +0000 2013,Iron Man, here's one task for you. Cross Cunningham road during peak hour traffic ra.. full bad scenes only!
328492815279599600,Sun Apr 28 12:56:04 +0000 2013,@Menon_Anjana Ah, now that makes sense :)
328490143663128600,Sun Apr 28 12:45:27 +0000 2013,@Menon_Anjana COK ?
328465568158060540,Sun Apr 28 11:07:48 +0000 2013,@dannymorrisson66 Mike Hussey - Who's your daddy ? David Hussey - Mike, don't bring family into this da. #ipl #cskvskkr
328443646036807700,Sun Apr 28 09:40:42 +0000 2013,@PriyaPGeorge very well yo. Though on the downside, I've been seeing too much of Polio :) what's with you ?
328434524264464400,Sun Apr 28 09:04:27 +0000 2013,Should read more. Watching IPL has made me brain dead. Searches room -- finds @chetan_bhagat , puts on tv -- RCB vs PWI highlights. Win!
328008453878591500,Sat Apr 27 04:51:24 +0000 2013,RT @vishalgondal: Eat vegetables and let your food be your medicine http://t.co/QnknUS1wAd
327832928597966850,Fri Apr 26 17:13:55 +0000 2013,@karkiak will do bakery.
327478448123695100,Thu Apr 25 17:45:20 +0000 2013,Wild For The Night (Explicit) @skrillex just keeps doing it. Brilliant edit.  http://t.co/oXiBXddutf
327474338167140350,Thu Apr 25 17:29:01 +0000 2013,@karkiak Narrator #1, come back to the Luru no ?
327472998678425600,Thu Apr 25 17:23:41 +0000 2013,@khushalipm Correct. Though, for the first time the advertiser used him well. not bombarding the screen with him @Frooti @iamsrk
327467529616388100,Thu Apr 25 17:01:57 +0000 2013,On the other hand, this #ohyesabhi sounds like Sunny Leone's twitter handle no ?
327466556785311740,Thu Apr 25 16:58:05 +0000 2013,That Frooti ad is remarkable no child ? What a background score. After long, an Ad made me buy the product immediately @Frooti
327277604950388740,Thu Apr 25 04:27:16 +0000 2013,3 days in Goa makes a man healthy, wealthy and black. Ok, now I should start doing some work no ?
326016155485622300,Sun Apr 21 16:54:43 +0000 2013,What a show ! Sex, Likes and pokes only. As.long as you didn't bring your kids that is #sundayfunday
326014805418836000,Sun Apr 21 16:49:21 +0000 2013,@ViratKohliFC Guy on the right. Lookalike only no ? http://t.co/N7kQgeneQQ
325301596592410600,Fri Apr 19 17:35:19 +0000 2013,@rockyandmayur Enjoying the sunburn festival in Chennai eh ? Very nice.I heard the locals have switched to SPF 1,23,570.
325300698906505200,Fri Apr 19 17:31:45 +0000 2013,#googlecantfind your mama. Really, she goes pretty unnoticed. But Rajni on the other hand..... Okay, I'll stop!
325300108151357440,Fri Apr 19 17:29:24 +0000 2013,#GoogleCantFind Pervez Musharraf's self respect !
325299285207961600,Fri Apr 19 17:26:08 +0000 2013,Anglo's don't have dosa and chutney. They have rice pancakes and coconut water, I tell you child. With one quater like that. #anglotalk
325288929609781250,Fri Apr 19 16:44:59 +0000 2013,10 minute pasta. I'm getting good at this. #homealone http://t.co/naCVEkVG1c
325193110055419900,Fri Apr 19 10:24:14 +0000 2013,#repix dare mess with that ? #shock http://t.co/RzxEIKDRCx
325131829151678460,Fri Apr 19 06:20:43 +0000 2013,Finally the Bollywood movie "Chasing Private Musharaff" has been made. Now for it's #release
325129918084182000,Fri Apr 19 06:13:07 +0000 2013,The new mahindra elec car travels 60km for every 10 hrs of charge.That means if I want to go to Mysore, minimum 2 days. #takingautoonly
324840165208109060,Thu Apr 18 11:01:45 +0000 2013,@Funny_Leone Sounds good. Will see you there then.
324839693004988400,Thu Apr 18 10:59:52 +0000 2013,@Funny_Leone it's at 8 right ? At the MG mall ?
324837438436565000,Thu Apr 18 10:50:55 +0000 2013,@Funny_Leone very nice. I'll head over there sometime.
324836510811709440,Thu Apr 18 10:47:14 +0000 2013,@Funny_Leone not bad at all. Crowd was less but high energy. I put some jokes like that only. And Huckleberry ?
324836129205534700,Thu Apr 18 10:45:43 +0000 2013,PJ Upcoming - Alicia Keys is soo much calmer than Alicia without keys no ? Ok sorry, thats funnier with a pic. Someone make meme no ya ?
324820957720109060,Thu Apr 18 09:45:25 +0000 2013,RT @one_by_two: Ussain Bolt beware ! Pakistan to send Pervez Musharraf as their star athlete in Brazil 2016 Olympics
324820868830224400,Thu Apr 18 09:45:04 +0000 2013,RT @higheriyer: If your client starts behaving rudely without cause just check if your relationship is up for renewal. Its a tactic. #in ...
324798379341258750,Thu Apr 18 08:15:42 +0000 2013,Sanjay Dutt should take a leaf out of Pervez Musharraf's book. Apparenly, on being arrested, all you need to do is run to your car and flee
324746537924173800,Thu Apr 18 04:49:42 +0000 2013,Another blast! This time beacuse of gobar gas ? #WestTX
324737449240694800,Thu Apr 18 04:13:35 +0000 2013,@snehhamenon I like that. You're joining the club ! Now do 60 pushups every day. Sorted only, you'll be.
324734104283279360,Thu Apr 18 04:00:18 +0000 2013,RT @Nigel_Mathew: @IYD,now the best Paintball team in India.Like us out on Facebook. @Iamrahulpai @Juglistrix @collinxoxo @YoLaxoxo @Nai ...
324714724161888260,Thu Apr 18 02:43:17 +0000 2013,Old aunty, please stop going for walks in your red kaanchipuram saree. I feel like going all Draupadi on it. Tomorrow put full pants ok ?
324711846881931260,Thu Apr 18 02:31:51 +0000 2013,Just got my ass whooped by a 11 year old girl in the pool. That too she was doing back stroke. Leave, another day. #kidsinsummer
324711196622196740,Thu Apr 18 02:29:16 +0000 2013,Going swimming in Ulsoor lake. Let's see how many Ganesh idols greet me. #thursday
324578416739377150,Wed Apr 17 17:41:39 +0000 2013,@fiddlesticks83 @ibnlive which makes sense actually. Rather not initiate a communally hostile situation over some wasted gas no ?
324457412608278500,Wed Apr 17 09:40:49 +0000 2013,Full Diwali only in Bangalore eh today ? Everyone ate Andhra meals yesterday or what ? #phatphat #bangaloreblast
324433746768035840,Wed Apr 17 08:06:47 +0000 2013,It's all good. I just checked. Veena Stores and CTR (Shiv Sagar) are safe. Hope it's the same with the 13 as well. #bangaloreblast
324433054196174850,Wed Apr 17 08:04:02 +0000 2013,LPG Cylinder ? With the one lpg cylinder a month rule, somebody's going to be hungry very soon. #bangaloreblast #stopthisshit
324372610945261600,Wed Apr 17 04:03:51 +0000 2013,Ah, sales. How I've missed you.
324201201971380200,Tue Apr 16 16:42:44 +0000 2013,@Funny_Leone Tomorrow Night :)
324181610012504060,Tue Apr 16 15:24:53 +0000 2013,Open Mic night at Urban Solace ! Mic open only, no one going up to it though.
324134977207951360,Tue Apr 16 12:19:35 +0000 2013,#tremors in Dubai eh ? No harm done, don't worry. I got a call from Kerala that said all citizens are safe. #Mallusindubai @georgeabraham9
324097300186140700,Tue Apr 16 09:49:52 +0000 2013,It's going to be soo "hard" for Karnataka MP's to sit in parliament now no ? #pornban
324097035471028200,Tue Apr 16 09:48:49 +0000 2013,RT @Funny_Leone: Shit!!! No more Times of India website?? #PornBan
324014694442614800,Tue Apr 16 04:21:37 +0000 2013,RT @Lisaraniray: What a day. Speechless #Boston
324004643548041200,Tue Apr 16 03:41:41 +0000 2013,TOI is so insensitive no ? They put the news about playboy, only on the 7th page. Just no heart these days.
324004284482076700,Tue Apr 16 03:40:15 +0000 2013,Shocking news just in - Goa CM refuses license for the playboy shack. Makemytrip --&gt;Cancel Journey. #playboy #goa
324003640975188000,Tue Apr 16 03:37:42 +0000 2013,Now Mr. Modi, don't make a fuss about movement of Asiatic lions to MP. At least they'll get some water there no ? like that, you also go.
323982793979863040,Tue Apr 16 02:14:52 +0000 2013,#TCS10k very sceptical to hit the 'confirm' button. Alas...
323982259239661600,Tue Apr 16 02:12:44 +0000 2013,The Boston marathon ended with a bomb. No really. Such a pity ! Condolences to all you affected. #bostonmarathon #stopterrorism
323655894330114050,Mon Apr 15 04:35:53 +0000 2013,@Skrillex why your not coming to Bangalore ra macchi ? I'll sponsor one train ticket. Come off !
323286114725150700,Sun Apr 14 04:06:30 +0000 2013,#3YearsofSalmanOnTwitter. Really ? Wow that just made my day. And I thought twitter only had duds.
323284744223735800,Sun Apr 14 04:01:04 +0000 2013,Little ass http://t.co/YOjIsCCtiI via @9GAG @PolyesterPalla
323283483923472400,Sun Apr 14 03:56:03 +0000 2013,Aiyyoo. That time of the year when everyone says Happy Vishnu. I'm sure Vishnu is, but let's concentrate on the festival no ? #vishu
323138833174646800,Sat Apr 13 18:21:16 +0000 2013,RT @Proglifter: RiP Singh.
323138511723188200,Sat Apr 13 18:19:59 +0000 2013,What a time to go offline da RP ? Stay connected I say. #ipl
323087585821995000,Sat Apr 13 14:57:37 +0000 2013,Sending some Syrian beef fry. Undoubtedly the tastiest meat in this world. #beef
323058915996745700,Sat Apr 13 13:03:42 +0000 2013,What's this #prayforkobe ? Was it a young girl again ?
323057966704123900,Sat Apr 13 12:59:56 +0000 2013,That @rihanna found love in a hopeless place only. Next time, spin the bottle properly please #veterans
323057260450435100,Sat Apr 13 12:57:07 +0000 2013,You can be assured there will be no wastage of water in todays match. #cauveryscenes #IPL
322960990549442560,Sat Apr 13 06:34:35 +0000 2013,No aunty. Twitter is not just for adults. And it's twitter pic, not titpic. Whatte I tell you!
322936367745232900,Sat Apr 13 04:56:44 +0000 2013,@jasdsouza #tweetsfromtheseat indeed
322915740275597300,Sat Apr 13 03:34:46 +0000 2013,That Saturday morning when both bum cheeks are in conflict.
322878488463937540,Sat Apr 13 01:06:45 +0000 2013,All Delhi jerseys have been Steyned no ? Don't worry, Surf Excel hai na ? #IPL
322756529596018700,Fri Apr 12 17:02:07 +0000 2013,@Ritchika hello young one. Yes, we tend to put some words like that. Come soon !!
322735454829043700,Fri Apr 12 15:38:23 +0000 2013,Delhi peeps, now you know what it feels like to get raped eh ? #IPL
322733134183559200,Fri Apr 12 15:29:09 +0000 2013,@PolyesterPalla done. let me know when the oil is at optimum temperature
322732472787939300,Fri Apr 12 15:26:32 +0000 2013,@PolyesterPalla if come for a massage yo. Ah, your hands. Very few men have been touched that way.
322731828609962000,Fri Apr 12 15:23:58 +0000 2013,@sobelix try the rosshagulla hakka fry. I here it's a win. Either way, for you also Diwali tomorrow morning ;)
322731110964555800,Fri Apr 12 15:21:07 +0000 2013,After this chilli chicken, I'll have to include a body part in my twitter handle. Tomorrow morning diwali only
322730477578510340,Fri Apr 12 15:18:36 +0000 2013,@PolyesterPalla I can see you've haven't lost your seductive touch
316759071007047700,Wed Mar 27 03:50:22 +0000 2013,"Holi crap" ! That's done. Now to start the day.
316586366379122700,Tue Mar 26 16:24:06 +0000 2013,Nair currently on Ice. Shoulder slightly damaged. It's ok, six pack coming.
316585801943240700,Tue Mar 26 16:21:51 +0000 2013,@snehhamenon just getting used to twitter, once again !!
316433387151822850,Tue Mar 26 06:16:13 +0000 2013,@snehhamenon  kavalbyrasandra too has glimpses of this luxury.
316432862247276540,Tue Mar 26 06:14:08 +0000 2013,Crabtree, tea is tea !! Get it ? Now get that Ad off the air. #craptree
315336354315776000,Sat Mar 23 05:37:00 +0000 2013,Latest version of Italian Job being shot in India. Only this time, Sonia Gandhi has a hand in it.
314707509074071550,Thu Mar 21 11:58:11 +0000 2013,I'm feeling hot thinking of going to Chennai.
301194771274272800,Tue Feb 12 05:03:24 +0000 2013,And someone said it was tough to poach an egg ?
296498347630538750,Wed Jan 30 06:01:29 +0000 2013,@georgeabraham9 @fiddlesticks83 when you coming da George ?
294069292205482000,Wed Jan 23 13:09:17 +0000 2013,RT @khushalipm: RT @monikamanchanda: anyone in kormangala area who has a blanket to donate to ejipura people I can collect #helpRequired ...
277420121373429760,Sat Dec 08 14:31:25 +0000 2012,@happypeoplefestival mental scenes
233164454014115840,Wed Aug 08 11:35:12 +0000 2012,RT @meg_rao: Skrillex's First of the Year still remains the best music video I've seen till date.
232309353481396220,Mon Aug 06 02:57:20 +0000 2012,@snehhamenon @menon_anjana it's a flea market organised by two of my friends :)
231330997986287600,Fri Aug 03 10:09:42 +0000 2012,@thotajunior @Zomato kalyani bro #beerfriday
231330613335031800,Fri Aug 03 10:08:10 +0000 2012,@Zomato It was for Sab Millake Beer #beerfriday @thotajunior
231324038188920830,Fri Aug 03 09:42:03 +0000 2012,@Zomato .@thevijaymallya Care to let us know please ? #beerfriday
231322239637811200,Fri Aug 03 09:34:54 +0000 2012,@Zomato Nin Akkan na country #beerfriday PS: Only Southies will get this.
231321405969547260,Fri Aug 03 09:31:35 +0000 2012,@Zomato Foster the people ? #beerfriday
231314982028058620,Fri Aug 03 09:06:03 +0000 2012,RT @Zomato: Beer lovers, this is our week. #BeerFriday quiz starting at 3pm, but there are prizes to be won before that as well. Watch t ...
231298855952592900,Fri Aug 03 08:01:59 +0000 2012,@meg_rao happy birthday :) have a lovely drunken one!!
230905305968541700,Thu Aug 02 05:58:09 +0000 2012,@fiddlesticks83 you've got a point. Btw, the chocolates I ate didn't have anything to do with it #maybe
230900412964827140,Thu Aug 02 05:38:43 +0000 2012,Stomach Diwali happening today!!
230900288507244540,Thu Aug 02 05:38:13 +0000 2012,@snehhamenon your sarcasm makes me feel a bit wary @tusharsm
230208842795986940,Tue Jul 31 07:50:39 +0000 2012,Hoping not to be spat on this time atleast. Things a sales person guess through.
230208318474432500,Tue Jul 31 07:48:34 +0000 2012,And Ajay, say me, don't spray me please. @AjayNoMotto @rohinthampi
230207619304939520,Tue Jul 31 07:45:48 +0000 2012,RT @rameshsrivats: What? Sushil Kumar Shinde may become Home Minister? Dei, when he was Power Minister, we had no power. Now he becomes  ...
230134670971523070,Tue Jul 31 02:55:55 +0000 2012,After a long time. #ctr #benemasaladosa http://t.co/SgBWEfT3
229122241080725500,Sat Jul 28 07:52:53 +0000 2012,Rejected a zinger from the client a second time. #nothappening
228719889064538100,Fri Jul 27 05:14:05 +0000 2012,RT @sobelix: Durex #win  http://t.co/mW6Eqqr1
228358831170785280,Thu Jul 26 05:19:22 +0000 2012,@meaniemani "your" ;)
228355092187852800,Thu Jul 26 05:04:31 +0000 2012,Soo Kristen Stewart, free for lunch ? P.S: I won't tell Robbie.
228354366543904770,Thu Jul 26 05:01:38 +0000 2012,@meaniemani Fun stuff. You're handle is apt #justsaying
228353990977523700,Thu Jul 26 05:00:08 +0000 2012,RT @Zomato: The Zomathon is going to Mumbai! 7 teams, 9 delicious challenges! Got what it takes? Register now! http://t.co/yRCiPVX5 #Zom ...
228197740260241400,Wed Jul 25 18:39:15 +0000 2012,@meaniemani 'I told you so' moment.
227667326974185470,Tue Jul 24 07:31:35 +0000 2012,That's how we roll.  http://t.co/CjZONciB
227630866233438200,Tue Jul 24 05:06:42 +0000 2012,@pankajchaddah is coming to Bangalore. Put on your favourite party dress ;)
227620216899772400,Tue Jul 24 04:24:23 +0000 2012,#Zomato morning madness http://t.co/B9K8nB5h
226228331958398980,Fri Jul 20 08:13:35 +0000 2012,And that's how we do it. it's not a big tummy it's stomach muscle. #chocofriday http://t.co/w4VLdWgK
226226734297657340,Fri Jul 20 08:07:11 +0000 2012,Today it's all about #chocofriday . Care to lend me some kitkat chunky ?  Promise I'll keep out safe.
225924342075252740,Thu Jul 19 12:05:35 +0000 2012,I'm an underachiever, not an idiot #tweetlikejake #twoandahalfmen
224118257819451400,Sat Jul 14 12:28:51 +0000 2012,Wangling the scenes in Pondicherry.
224118061572165630,Sat Jul 14 12:28:04 +0000 2012,A child that does not travel praises his mother to be the best cook. Right @fiddlesticks83
223401801293115400,Thu Jul 12 13:01:54 +0000 2012,Indeed - http://t.co/FsLqFvvh
220419546383786000,Wed Jul 04 07:31:29 +0000 2012,At the Park Plaza. Something about the lobby here which creates a feel good factor. Also, they give complimentary chocolates ;) #justsaying
219986871831367680,Tue Jul 03 02:52:12 +0000 2012,@comedycentral you understand me like no one else. #theitcrowd
218971465624731650,Sat Jun 30 07:37:20 +0000 2012,#smdayblr very useful insights. Nice to have @swaratma touch to it.
218642169299353600,Fri Jun 29 09:48:49 +0000 2012,@Zomato from the Hindi word "Knicker" #betaknickerpehno  #foodiefriday
218641425632473100,Fri Jun 29 09:45:52 +0000 2012,@Zomato From the hindi word "knicker" #betaknickerpaheno
218638672159977470,Fri Jun 29 09:34:56 +0000 2012,#foodiefriday tune in for the quiz @Zomato
218638342860963840,Fri Jun 29 09:33:37 +0000 2012,RT @Zomato: Here we go! Q1: Which country is Brahma Beer brewed in? #FoodieFriday
217682228816248830,Tue Jun 26 18:14:22 +0000 2012,@madhukiranb @khushalipm @burrp_bangalore @zomato @rachitabhonsle Oye, try La  on Lavelle road. Just opened and heard some good stuff.
217448688321167360,Tue Jun 26 02:46:21 +0000 2012,No mum, that's not really what casting couch means!
216381975420870660,Sat Jun 23 04:07:37 +0000 2012,Under abuse from whit hair aunty on the breakfast table #cannoteategg @snehhamenon
215702383861309440,Thu Jun 21 07:07:11 +0000 2012,suu you're the best :) http://t.co/ShpXqX5O
215696785404997630,Thu Jun 21 06:44:55 +0000 2012,RT @meg_rao: Say what? #Fail #AppleForever “@mashable: FAIL: Microsoft executive's Surface Tablet freezes during presentation - http://t ...
215679973896372220,Thu Jun 21 05:38:07 +0000 2012,@sobelix @georgeabraham9 haha :) that is what I said ;)
215675090950553600,Thu Jun 21 05:18:43 +0000 2012,@georgeabraham9 it's a bit hard bro.
215674799106691070,Thu Jun 21 05:17:33 +0000 2012,@snehhamenon wish I could say the same ;) haha. See you soon!!
214756521505075200,Mon Jun 18 16:28:39 +0000 2012,Jaguar cars now available on Snapdeal. #bazingatweets
214756163668021250,Mon Jun 18 16:27:14 +0000 2012,Arnab Goswami unanimously chosen as the biggest idiot in India. Very rightly so. #sticktoteadingthenewsplease
214270679472799740,Sun Jun 17 08:18:05 +0000 2012,Sunday compulsory beer with optional movie going on.
214269913827770370,Sun Jun 17 08:15:03 +0000 2012,@snehhamenon same to same :)
213546083681439740,Fri Jun 15 08:18:48 +0000 2012,Kerala beef roast  http://t.co/b1FUpSNZ
212764150538051600,Wed Jun 13 04:31:41 +0000 2012,Now that's a happy birthday cake.  http://t.co/GykgR4m3
212018637614235650,Mon Jun 11 03:09:16 +0000 2012,Just posted a photo http://t.co/zLylLLuE
211130776710938620,Fri Jun 08 16:21:14 +0000 2012,@PolyesterPalla nah! I need you  :-)
211129751358816260,Fri Jun 08 16:17:09 +0000 2012,@PolyesterPalla I thought we had an understanding about that ?
211129528716771330,Fri Jun 08 16:16:16 +0000 2012,@PriyankaSerrao I just saw this . Maybe a bit late to ask you to have a good day too ?  ;-)
211129189183668220,Fri Jun 08 16:14:55 +0000 2012,@PolyesterPalla very!! I feel like my grandmum is giving me a session  :)
211127725589663740,Fri Jun 08 16:09:07 +0000 2012,@PolyesterPalla why are the majority of your tweets about guys and sex centric ?  :-) #preregistered
211008101611094000,Fri Jun 08 08:13:46 +0000 2012,@theeggfactory in J.P' Nagar is this lovely little place. Must visit. yes, the good is as good and simple as ever.
210931544175558660,Fri Jun 08 03:09:33 +0000 2012,That awkward moment when you have no newspaper in the loo.
210596822840909820,Thu Jun 07 04:59:29 +0000 2012,Android you beauty. What was i thinking using a blackberry all this while ? #changeisgood
210594250872725500,Thu Jun 07 04:49:16 +0000 2012,@meg_rao I thought it was decent too. Probably because I heard soo much hate before watching it :-)
210588158528729100,Thu Jun 07 04:25:04 +0000 2012,@meg_rao did you think it was very bad ?
210351558045610000,Wed Jun 06 12:44:54 +0000 2012,So snow white and the huntsmen wasn't that bad. Though Kristen Stewart certainly needs a plastic surgery at every emotion change.
210228121151090700,Wed Jun 06 04:34:24 +0000 2012,@PolyesterPalla the songs name is @AjayNoMotto. I believe he sits next to you.
210046637047947260,Tue Jun 05 16:33:15 +0000 2012,If there's a positive about fever, it's Television. Specifically tata sky plus ;)
209936153464418300,Tue Jun 05 09:14:14 +0000 2012,Watching through queen. #overrated
209518607762341900,Mon Jun 04 05:35:03 +0000 2012,@meg_rao thanks a bunch :-)
209516875456065540,Mon Jun 04 05:28:10 +0000 2012,@snehhamenon thanks fatty!
209516612934574080,Mon Jun 04 05:27:07 +0000 2012,@khushalipm you're way too kind. Thank you soo much :-)
209516498358763520,Mon Jun 04 05:26:40 +0000 2012,RT @khushalipm: Happy birthday to one awesome person I know! @NairOnFyre have a fantastic day and year ahead, champ.
209516483708067840,Mon Jun 04 05:26:37 +0000 2012,RT @snehhamenon: Happy happy happiest birthday @NairOnFyre ! Live it up!
209229950761443330,Sun Jun 03 10:28:02 +0000 2012,At the barbers shop. Old guy next to me is getting his armpit shaved. #nice
208794839066755070,Sat Jun 02 05:39:03 +0000 2012,@PriyankaSerrao true story
208571107819786240,Fri Jun 01 14:50:01 +0000 2012,At #fosterslol
208479717672763400,Fri Jun 01 08:46:52 +0000 2012,Its not the meetings. Its the driving!
208116681749430270,Thu May 31 08:44:18 +0000 2012,RT @rameshsrivats: Our currency is not working; economy is not working; administration is not working. So, how do we protest? Er... by n ...
208046405594529800,Thu May 31 04:05:03 +0000 2012,# vishwanathan you're such a star.
207394797802106880,Tue May 29 08:55:47 +0000 2012,Not all lounge music is Kenny G ?
207333847602429950,Tue May 29 04:53:36 +0000 2012,@Leah_Kath yes, I do that sometimes ;) @shonalisuares
207333720032673800,Tue May 29 04:53:05 +0000 2012,@ShonaliSuares I'm sure you do. This ones good as well - @PolyesterPalla :)
207333054342107140,Tue May 29 04:50:26 +0000 2012,@ShonaliSuares you're back because I reminded you that twitter exists. @Leah_Kath
207305327887138800,Tue May 29 03:00:16 +0000 2012,@fiddlesticks83 wow!! Totally ghetto dude. Do you also sleep at 10:35 instead of 10:30 ;) ?
207303071661957120,Tue May 29 02:51:18 +0000 2012,Just posted a photo http://t.co/mxoDv7Lq
207114057982029820,Mon May 28 14:20:14 +0000 2012,That awkward moment when Katy Perry sounds good #thatawkwardmoment
207109801174507520,Mon May 28 14:03:19 +0000 2012,RT @Zomato: Zomato Restaurant Summit 2012 covered on CNBC Young Turks. Here's more… http://t.co/eyugabWJ
206964003036074000,Mon May 28 04:23:58 +0000 2012,@khushalipm I'll go with 'you were right'
206956918210707460,Mon May 28 03:55:49 +0000 2012,That awkward moment when you don't know what to do with your 'Volkswagen IPL edition car' #IPL #thatawkwardmoment
206787756440031230,Sun May 27 16:43:37 +0000 2012,@khushalipm #IPL not really ?
206474647770906620,Sat May 26 19:59:26 +0000 2012,@rohinthampi @polyesterpalla dude shaktiman is way better than captain America.
206474359748046850,Sat May 26 19:58:18 +0000 2012,@PolyesterPalla lonely much ?
206307281397227520,Sat May 26 08:54:23 +0000 2012,Coming soon - Funeral Management!
206307144633552900,Sat May 26 08:53:50 +0000 2012,@sobelix @foursquare 10 ? How so ? I can't get myself to go into one. Even with hot mannequins ;)
206269672436416500,Sat May 26 06:24:56 +0000 2012,@cadbury, in this era of shit ads you're a saving grace #cadburyindia
206256012276142080,Sat May 26 05:30:40 +0000 2012,@PolyesterPalla I love you! @thotajunior
206253835616911360,Sat May 26 05:22:01 +0000 2012,@PolyesterPalla @thotajunior I'm sure you did. Then again, your taste in 'things' isn't very commendable ;) unless you think I'm super hot!!
206253488584400900,Sat May 26 05:20:38 +0000 2012,@fiddlesticks83  @chandnit this was modern sati. They just  couldn't take it anymore ;)
206253210892120060,Sat May 26 05:19:32 +0000 2012,Captain America - the most pansy superhero ever! #truestory
206252766664982530,Sat May 26 05:17:46 +0000 2012,@thotajunior @polyesterpalla please don't make the mistake of watching MIB. It's decent but there are better movies in this world.
206252383142031360,Sat May 26 05:16:14 +0000 2012,@ChandniT @fiddlesticks83 I'm well versed with the practise of sati. Don't believe me? ask any of my ex-gfs. You won't get a response ;)
205983289125769200,Fri May 25 11:26:57 +0000 2012,Wow, Zomato restaurant guides are selling big time. Actually went to a store which was out of copies. #madness
205982823549640700,Fri May 25 11:25:06 +0000 2012,@ChandniT sati ?
202736834864881660,Wed May 16 12:26:42 +0000 2012,@ikashyap #help there are no 'discs' really in Indranagar.The closest you could get is i-bar or ice (Taj) - MG Road @zomato
202243697864224770,Tue May 15 03:47:09 +0000 2012,Just posted a photo http://t.co/fXfIyYq2
201972809059143680,Mon May 14 09:50:44 +0000 2012,@lenskart, I suggest you learn a thing or two from @flipkart. Just copying one's name isn't sufficient, try to live up to quality standards
200874990676086800,Fri May 11 09:08:24 +0000 2012,@PolyesterPalla it does!!
200833724458352640,Fri May 11 06:24:25 +0000 2012,Desperately want to be part of #ZomatoSummit
200502627933495300,Thu May 10 08:28:46 +0000 2012,@AjayNoMotto @app_am @thotamahesh waggah border is peaceful now. Gas bombs might be dropped after lunch though!
200439570687475700,Thu May 10 04:18:12 +0000 2012,At, Hare Krishna!
200076134757576700,Wed May 09 04:14:02 +0000 2012,RT @AvinashBidaia: That awkward moment when you make eye contact with another man while your eating a banana or lollipop...
199873488549449730,Tue May 08 14:48:47 +0000 2012,@khushalipm @NairOnFyre haha.. #truestory
199871771476897800,Tue May 08 14:41:58 +0000 2012,@NairOnFyre @upayogkartanaam @Zomato let's read that as 'down' :)
199871651867926530,Tue May 08 14:41:29 +0000 2012,@Leah_Kath isn't @ShonaliSuares on twitter any more ? #fail?
199871078066159600,Tue May 08 14:39:13 +0000 2012,Yes, rain came and rain went. Now get on with it!
199870833592766460,Tue May 08 14:38:14 +0000 2012,@upayogkartanaam if you're a fan of Asian cuisine, try Urban Asian. Very seldom does it let you done @Zomato
199870333375881200,Tue May 08 14:36:15 +0000 2012,@khushalipm excuse me!!!!! We are ;)
199870196045987840,Tue May 08 14:35:42 +0000 2012,@AjayNoMotto @PolyesterPalla what can we say. She's easy like that!
199722663688671230,Tue May 08 04:49:28 +0000 2012,@PolyesterPalla @NairOnFyre ok, then he's in for the long haul.
199716711954518000,Tue May 08 04:25:49 +0000 2012,@PolyesterPalla you mean 'current' location ? ;)
198307686616535040,Fri May 04 07:06:51 +0000 2012,Its Friday Friday, gotta get down on friday. #dejavu
198307561278152700,Fri May 04 07:06:21 +0000 2012,@georgeabraham9 none better than you, knows that :)
198100232515498000,Thu May 03 17:22:30 +0000 2012,Sunil gavaskar, you're by far the worst commentator ever. Its just ridiculous to listen to the shit you speak.
198099271055183870,Thu May 03 17:18:41 +0000 2012,RT @OMGFacts: Some Malaysians protect their babies from disease by bathing them in beer.
198099112225292300,Thu May 03 17:18:03 +0000 2012,RT @Menon_Anjana: Just watched #theapprentice. Wish I could've gotten £1 for every time the word 'strategy' was said, I would've been as ...
198004891929677820,Thu May 03 11:03:39 +0000 2012,@fiddlesticks83 it's "demands" #badcop
197981915813380100,Thu May 03 09:32:21 +0000 2012,@fiddlesticks83 @AjayNoMotto Get a room, the two of you.
197977583399342080,Thu May 03 09:15:08 +0000 2012,@fiddlesticks83 don't judge a person by their DP. @Poojapatel @AjayNoMotto #bimbo
197972979798384640,Thu May 03 08:56:51 +0000 2012,Listen all you people who eat biryani with a spoon. You suck! Lose the damn thing #thingsthatmakememad
197928434209521660,Thu May 03 05:59:50 +0000 2012,@sobelix I don't need a time and place to think about Salma Hayek. #trustme
197923681610121200,Thu May 03 05:40:57 +0000 2012,@sobelix I'm not too sure actually. Though there is some lounge music playing.
197894551191552000,Thu May 03 03:45:12 +0000 2012,@prao24 madness!! Let's send it tonight.
197894094150844400,Thu May 03 03:43:23 +0000 2012,The sexiest woman in this world? Hands down, Salma Hayek :)
197885191346331650,Thu May 03 03:08:00 +0000 2012,As part of todays news - 'Leaking AC pours cold water drops on CM' #fail
197537733634306050,Wed May 02 04:07:20 +0000 2012,RT @sumank: Zomato recruitment ad says, "We're hiring the doers" If you're sexually active, jobs@zomato.com they're hiring sales manager ...
197449473193021440,Tue May 01 22:16:37 +0000 2012,#spinthebottle
197342781017030660,Tue May 01 15:12:40 +0000 2012,Hungover after #hangover kudos to the team
197177055505416200,Tue May 01 04:14:08 +0000 2012,@PolyesterPalla not really. Read the paper!! #purityisoverrated
197176213662478340,Tue May 01 04:10:47 +0000 2012,Bangalore girls vow to remain virgins before marriage. Screw it, it's their loss!
197030446645784580,Mon Apr 30 18:31:33 +0000 2012,@fiddlesticks83 @polyesterpalla  you can suck a duck!
197030182475923460,Mon Apr 30 18:30:30 +0000 2012,@AjayNoMotto  @fiddlesticks83 @georgeabraham9 @mcspicymani @rohinthampi @app_am @PolyesterPalla hangover tomorrow.free for repeat #dieinpain
197029164639985660,Mon Apr 30 18:26:28 +0000 2012,@PolyesterPalla are you sure you understood it the first time ? Considering your not the brightest bulb ;)
197028825283047420,Mon Apr 30 18:25:07 +0000 2012,TGIF, I regret to inform you that your service sucks and your way too expensive #nomoretgif
196936643293360130,Mon Apr 30 12:18:49 +0000 2012,XDD - http://t.co/468GCudO bad boys!
195857723282305020,Fri Apr 27 12:51:34 +0000 2012,RT @fiddlesticks83: Posh Friday at Sheraton today has DJ Ivan and DJ Marina playing. For reservations, call 9591996923. Please RT
195722256893231100,Fri Apr 27 03:53:17 +0000 2012,@tvstar_pune  habit of being awesome but still being dissed by fans #lethimbe
195722044124573700,Fri Apr 27 03:52:26 +0000 2012,@Naren_reddy23  #continuefollowingsachin be the change you want to see.
195721470725459970,Fri Apr 27 03:50:09 +0000 2012,If you catch Sachin Tendulkar in bed with your mum, be proud! Same goes with politics. The man knows right from wrong. #lethimbe
195705029129277440,Fri Apr 27 02:44:49 +0000 2012,Maybe Sachin will be a boon to Indian politics ? Just maybe. #continuefollowingsachin
195704825462276100,Fri Apr 27 02:44:01 +0000 2012,Thanks to the #unfollowSachin , I just started following him. Seriously!!
195704309525118980,Fri Apr 27 02:41:58 +0000 2012,RT @khushalipm: This #unfollowSachin trend will instigate ppl who aren't following Sachin to start following him now.
195581793355837440,Thu Apr 26 18:35:07 +0000 2012,@KedarKulkarni89  #Youforgot ah yes! My bad. Let's say, shake well :)
195573403388874750,Thu Apr 26 18:01:47 +0000 2012,@mcspicymani @AjayNoMotto @aparajita_tweet @polyesterpalla haha, Mani your soo oblivious to sarcasm! #cute
195570159346384900,Thu Apr 26 17:48:54 +0000 2012,@ajaymohandas we are proud of our handles. You know what I mean!
195569975132557300,Thu Apr 26 17:48:10 +0000 2012,@ajaymohandas @aparajita_tweet @polyesterpalla @mcspicymani when the quality of your tweets evade you,change your handle #desperatetimes.
195569536693579780,Thu Apr 26 17:46:25 +0000 2012,@ajaymohandas @mcspicymani @polyesterpalla @aparajita_tweet haha :) you're a mad fucker! Well said.
195556007320100860,Thu Apr 26 16:52:40 +0000 2012,To skate off a ramp without dying, please add 30ml mountain dew, 60ml red bull, 90ml thumbs up and with crushed tulsi leaves. Then, pray!
195536161379336200,Thu Apr 26 15:33:48 +0000 2012,@mcspicymani @fiddlesticks83 both of us want you, but you're playing hard to get.
195502866591514620,Thu Apr 26 13:21:30 +0000 2012,@PolyesterPalla unfortunately, polyester isn't the toughest material thus far #DealWithIt
195502135209771000,Thu Apr 26 13:18:35 +0000 2012,@ajaymohandas #tweetslikenair the mistake you're making is in going to places called 'kacharahanahalli'
195490361605492740,Thu Apr 26 12:31:48 +0000 2012,What's the only profession one can start with just a 10th pass - EVENT MANAGEMENT #truestory
195488816235167740,Thu Apr 26 12:25:40 +0000 2012,@fiddlesticks83 @mcspicymani does. But that ones mine! Maybe we can be a couple ?
195488638212124670,Thu Apr 26 12:24:58 +0000 2012,Fact - Kolkata is the only city in the world where rickshaws are still pulled by hand #wehavealongwaytogo
195409034269032450,Thu Apr 26 07:08:38 +0000 2012,@arfunnnnn 6km isn't too bad. You need to do some travel if you're looking for good food.
195340977286811650,Thu Apr 26 02:38:12 +0000 2012,RT @pallavi_shastry: Girl in white kurta,I know you're enjoying the rains but any longer on the streets, you'd be giving men a lot more  ...
195201854219624450,Wed Apr 25 17:25:23 +0000 2012,@ajaymohandas I feel for you bro. Sorry!
193917325743898620,Sun Apr 22 04:21:07 +0000 2012,@snehhamenon same here #Facepalm
193917203802886140,Sun Apr 22 04:20:38 +0000 2012,@PriyankaSerrao @georgeabraham9.  #College not soo scandalous also ;) #hangover
193415968221954050,Fri Apr 20 19:08:54 +0000 2012,XDD - http://t.co/rZGE2Y1L
193170417668718600,Fri Apr 20 02:53:11 +0000 2012,@Leah_Kath @priyankaserrao true story. @ShonaliSuares don't you see it ?
193164144965464060,Fri Apr 20 02:28:15 +0000 2012,@Leah_Kath your pic (thumbnail)looks just like a @PriyankaSerrao collection. #whatsgoingon
193163100533424130,Fri Apr 20 02:24:06 +0000 2012,True story - #herbsandspicefoodsucks if you don't believe me, ask @ajaymohandas
193049207584722940,Thu Apr 19 18:51:32 +0000 2012,@namrata_mani @ajaymohandas @rohinthampi my humps my humps my humps!!
193049116622864400,Thu Apr 19 18:51:10 +0000 2012,@namrata_mani @ajaymohandas @rohinthampi my humps my humps my humps!!,!
192662551023190000,Wed Apr 18 17:15:07 +0000 2012,@fiddlesticks83 have fun! http://t.co/URMXcTrY
192299870109970430,Tue Apr 17 17:13:56 +0000 2012,No alcohol in 2 days. #withdrawalsymptoms
192289848697167870,Tue Apr 17 16:34:07 +0000 2012,XDD - http://t.co/x7aplIjm #truestory
191741147079647230,Mon Apr 16 04:13:46 +0000 2012,RT @snehhamenon: Need to find myself an awesome roommate in Mumbai from the 1st of June. And I'm gonna say it, please RT.
191251666329280500,Sat Apr 14 19:48:45 +0000 2012,A tweet in time saves nine.
191251381502480400,Sat Apr 14 19:47:37 +0000 2012,@PriyankaSerrao thanks chinx. Was a fine and alcohol induced one, indeed.
191251058113265660,Sat Apr 14 19:46:20 +0000 2012,RT @snehhamenon: Party night with the cousins! @arun0488 ! #Bangalored and loving it!
190737975947173900,Fri Apr 13 09:47:31 +0000 2012,@aparajitablog @georgeabraham9 @rohinthampi @ajaymohandas maybe i don't. But at the same time I don't go around raping people no ;)
190737624623890430,Fri Apr 13 09:46:08 +0000 2012,Adobe is someone who washes your clothes! @rohinthampi
190517927932469250,Thu Apr 12 19:13:08 +0000 2012,Some people are really open about their sexual orientation. I have this friend who openly admits to being straight!
190387808282755070,Thu Apr 12 10:36:05 +0000 2012,RT @Zomato: Ofcourse! we are waiting to get Nomoshkared! “@Bobiswas: @zomato Nomoshkar ! Can I shoot and win a million #20toMillion”
190387715076931600,Thu Apr 12 10:35:43 +0000 2012,RT @Zomato: Ek idea. Ek video. Ek million. #20toMillion Just an idea can win u some awesome vouchers right now..what's ur 20 second TV a ...
190385753874898940,Thu Apr 12 10:27:55 +0000 2012,In @Zomato , we find......
190378215104184320,Thu Apr 12 09:57:58 +0000 2012,@snehhamenon Make a 20sec Ad for Zomato and win 1 million in cash. Ask your peeps to brace themselves
190371513524949000,Thu Apr 12 09:31:20 +0000 2012,RT @Zomato: Unleash the film maker in you and direct a TV advert for Zomato! Stand a chance to win a Million! #20toMillion http://t.co/i ...
190337710207139840,Thu Apr 12 07:17:01 +0000 2012,Sales is not for the faint hearted
190156926800240640,Wed Apr 11 19:18:38 +0000 2012,When inebriated refrain from all forms of social media. #drunktweets
190001522304757760,Wed Apr 11 09:01:07 +0000 2012,#earthquake in Bangalore. Missed it!! Damn..
189989673299492860,Wed Apr 11 08:14:02 +0000 2012,@snehhamenon come come!! #WeekendHurryUpAlready
189769913555107840,Tue Apr 10 17:40:47 +0000 2012,@PriyankaSerrao @Zomato chinx,have you tried Habanero ? Heard mixed reviews but worth a shot I guess!!
189667632922886140,Tue Apr 10 10:54:22 +0000 2012,RT @SmellySamm: Justin Bieber has a cold so cancelled shows. Frank Iero was seriously ill so played a show attached to an oxygen tank... ...
189598985525272580,Tue Apr 10 06:21:35 +0000 2012,#truestory north indian food gets monotonous after a while!
189598818231271420,Tue Apr 10 06:20:55 +0000 2012,RT @Zomato: Looking for awesome people to head our Chennai operations. Interested? Mail pc@zomato.com Pls RT!
189555310967533570,Tue Apr 10 03:28:02 +0000 2012,RT @Gunmaster_G9: All this is ok but has Zuckerburg ever bought an IRCTC Ticket on Tatkal? That wil be a true achievement
189391645312172030,Mon Apr 09 16:37:41 +0000 2012,The all new iPad! Such a beauty. #lovingit
188666710184837120,Sat Apr 07 16:37:03 +0000 2012,When you come back from a place like #ooty you realize what a shit hole you stay in #bangalore
187419059380424700,Wed Apr 04 05:59:20 +0000 2012,Attention you Skoda Fabia people who modify your car to look like a mini coupe #itsnotworking
187394830438121470,Wed Apr 04 04:23:03 +0000 2012,@thotamahesh @aparajitablog not really. Atleast we don't do the rapes ;)
187394713756766200,Wed Apr 04 04:22:36 +0000 2012,RT @itsakx: Lays baked has 50% less fat because you feel like eating just one. As opposed to normal Lays packet containing all of 2 chips.
187242481123999740,Tue Apr 03 18:17:40 +0000 2012,@themadfestival all set ? Seems like it's going to be one big party!
187241618783477760,Tue Apr 03 18:14:15 +0000 2012,@thotamahesh @ajaymohandas @aparajitablog  #mallu so apparently  Mallu's are the most horny race. Wtf ?
187241258782179330,Tue Apr 03 18:12:49 +0000 2012,@ajaymohandas  so I thought, but honestly there's a limit to how much one can trust us right ? Imagine varth archadi chopsuey ;)
187239007657279500,Tue Apr 03 18:03:52 +0000 2012,Still to find a chinese restaurant with a South Indian waiter #thesearchison
187238634171281400,Tue Apr 03 18:02:23 +0000 2012,#IPL5 @LalitKModi let's see how it rolls out this time. I have a feeling you'll still be missed.
187238114568323070,Tue Apr 03 18:00:19 +0000 2012,@shyambhat weird hearing you give psychiatric advice after watching you do a stand up set. Nonetheless #entertaining in different ways!
187175767669612540,Tue Apr 03 13:52:35 +0000 2012,@snehhamenon I guess whatever makes you happy at the end of it eh ?
187028973509808130,Tue Apr 03 04:09:16 +0000 2012,Just two days left for #themadfestival in ooty. Brace yourselves!!
186788424307576830,Mon Apr 02 12:13:25 +0000 2012,RT @deepigoyal: Looking for ppl to lead @Zomato Dubai & Singapore operations. 3 years of local experience a must. Pls email d@zomato.com ...
186729214232375300,Mon Apr 02 08:18:08 +0000 2012,No water to drink at the watering hole.
186654136345960450,Mon Apr 02 03:19:48 +0000 2012,What's with people being born today ? #birthdaymania
186434094694010880,Sun Apr 01 12:45:26 +0000 2012,RT @shyambhat: Typing "Suicide" in the google search bar, then being offered the "I Feel Lucky" option #lifesironies
185954320536174600,Sat Mar 31 04:58:59 +0000 2012,#hangover today @5.30.  Don't be a fool and miss it!
185606194231119870,Fri Mar 30 05:55:39 +0000 2012,At times, not reading the book is a boon #thehungergames surprisingly refreshing
185605039199494140,Fri Mar 30 05:51:04 +0000 2012,@sobelix No fame without shame
185591138139377660,Fri Mar 30 04:55:50 +0000 2012,some brilliant #IPL campaigns going on #radioindigo
185387105520861200,Thu Mar 29 15:25:04 +0000 2012,What's with the interiors ? #TGIF
185354667256057860,Thu Mar 29 13:16:11 +0000 2012,@Menon_Anjana I believe so too. But why me then ;) ?
185354526843355140,Thu Mar 29 13:15:37 +0000 2012,@sobelix @ajaymohandas  Makes sense
185329903162494980,Thu Mar 29 11:37:46 +0000 2012,Dear customer, we value your relationship with us. Dear HDFC, that's nice to know, but I still don't want a bloody credit card!
185328868868108300,Thu Mar 29 11:33:40 +0000 2012,A great man one said 'Be cheesy, sleezy and get it easy' #amen
185328601418313730,Thu Mar 29 11:32:36 +0000 2012,'Cheque' check!
184633507950243840,Tue Mar 27 13:30:33 +0000 2012,Its weird when the wife tell you 'why a beer is better ta wife' #endofdays
184471369130577920,Tue Mar 27 02:46:16 +0000 2012,@ShonaliSuares Really ? Not heard of it Nala. Will do now.
184191070509342720,Mon Mar 26 08:12:27 +0000 2012,@ShonaliSuares Already did
184191013710086140,Mon Mar 26 08:12:14 +0000 2012,@thotamahesh You're a star!
183504013185138700,Sat Mar 24 10:42:20 +0000 2012,#valuefortime
183503960471109630,Sat Mar 24 10:42:08 +0000 2012,Once again, the waiting games start.
183226853534867460,Fri Mar 23 16:21:00 +0000 2012,@ajaymohandas what's cracking ?
183226316747845630,Fri Mar 23 16:18:52 +0000 2012,@ShonaliSuares remember Patel"s Inn ? #legendary
183217873840390140,Fri Mar 23 15:45:19 +0000 2012,@sobelix you know Nishant Pais ? ;)
183215632983130100,Fri Mar 23 15:36:25 +0000 2012,@sobelix don't think twice, it's a lovely city, save the weather and a few people!
181992228019908600,Tue Mar 20 06:35:03 +0000 2012,Finally got some figures. 17% of my daily time goes waiting for clients.
181389866213445630,Sun Mar 18 14:41:28 +0000 2012,RT @sobelix: My sympathies with ad agencies. Its very difficult to make twitter-proof ads.
181296340750442500,Sun Mar 18 08:29:50 +0000 2012,Probably the most promising season yet. #kimi respect for finishing like you did.
181295646677020670,Sun Mar 18 08:27:05 +0000 2012,@pallavi_shastry Think about the greater good! I have pictures ;)
181019481454293000,Sat Mar 17 14:09:42 +0000 2012,nothing gay about getting a steam head massage
180160585718177800,Thu Mar 15 05:16:45 +0000 2012,@ShonaliSuares only me!! :)
180153730602237950,Thu Mar 15 04:49:31 +0000 2012,@ShonaliSuares if you say so nala. Ok let them working people work now ;)
180152063404158980,Thu Mar 15 04:42:53 +0000 2012,@ShonaliSuares you need a job! (That keeps you occupied) :)
180143689245532160,Thu Mar 15 04:09:37 +0000 2012,@ShonaliSuares haha. You know, I never know your tweet was about my earlier tweet. Thought it was something else
179912771222241280,Wed Mar 14 12:52:01 +0000 2012,@ShonaliSuares nothing awkward at all. Happens to the best of us! xx
177581218643197950,Thu Mar 08 02:27:16 +0000 2012,That awkward moment when you wake up early.
177580690634838000,Thu Mar 08 02:25:10 +0000 2012,@Leah_Kath what's the bet you have the highest tweet frequency ever ?
177579661696573440,Thu Mar 08 02:21:05 +0000 2012,RT @Zomato: After the iPad3 launch, you might want to congregate at a late night eatery to dissect the product. Hint: Use the 'Open Now' ...
176949466711076860,Tue Mar 06 08:36:55 +0000 2012,@Sruthihamsini make the call!
176949376185405440,Tue Mar 06 08:36:33 +0000 2012,#ajayissick is now trending in Zomato Bangalore. @ajaymohandas
176500056382386180,Mon Mar 05 02:51:07 +0000 2012,In no mood to pay a 20 rupee fine by being late to office #hurryingup
176499391077679100,Mon Mar 05 02:48:28 +0000 2012,@snehhamenon @mojorojo @Zomato we will look into this immediately. Thanks for the heads up.
176177537825767420,Sun Mar 04 05:29:32 +0000 2012,@snehhamenon #justforfun pardon me I'm still learning the game!
176022733690376200,Sat Mar 03 19:14:24 +0000 2012,#fun :)
173619055104753660,Sun Feb 26 04:03:03 +0000 2012,#spriteslam Paul George
172959963906453500,Fri Feb 24 08:24:03 +0000 2012,RT @pallavi_shastry: It's not @Zomato Bangalore if there isn't a spat between @aparajitablog and @arun0488 on a daily basis.
172193456310063100,Wed Feb 22 05:38:13 +0000 2012,@KedarKulkarni89  #AsSeenInGoa #Whatthehell haha. It's my new hobby :)
172193265653792770,Wed Feb 22 05:37:28 +0000 2012,@VodafoneIN I was merely praising your customer care promptness. #nocomplaints
172011007680589820,Tue Feb 21 17:33:14 +0000 2012,Caption at the back of an auto - 'girls are more poisons than snakes' #madness
172007074291646460,Tue Feb 21 17:17:36 +0000 2012,Vodafone and Tata photon seem to believe that I'm perpetually overdue with payment. It pisses me off that they're spot on!
171796608374145020,Tue Feb 21 03:21:17 +0000 2012,#earlymorningmeetings
170442008018685950,Fri Feb 17 09:38:36 +0000 2012,@ShonaliSuares  #happydays yaay :)
170435185333116930,Fri Feb 17 09:11:29 +0000 2012,@ajaymohandas @GeorgeAbraham9 #desperatetimes
170435110682898430,Fri Feb 17 09:11:11 +0000 2012,George buying followers #desperatetimes @ajaymohandas
169680934403182600,Wed Feb 15 07:14:21 +0000 2012,@aparajitablog yeah! #iamawesome
167852963346395140,Fri Feb 10 06:10:39 +0000 2012,@ajaymohandas #iamignoringyourreply #iamreplyingtoyourtweet
167852839618621440,Fri Feb 10 06:10:10 +0000 2012,sweets from my sweetheart #lovelovelove hahahahahhahaha
167849673166565380,Fri Feb 10 05:57:35 +0000 2012,Too hot for meetings #spf350
167849535681462270,Fri Feb 10 05:57:02 +0000 2012,@ShonaliSuares #lame
165386933114126340,Fri Feb 03 10:51:32 +0000 2012,@ShonaliSuares I love #dumplings
165294311641055230,Fri Feb 03 04:43:29 +0000 2012,8:45 #record
165294202001948670,Fri Feb 03 04:43:03 +0000 2012,@sobelix @GeorgeAbraham9 @pallavi_shastry @prao24 @thotamahesh @ajaymohandas #ajayisanut true.
165132589269655550,Thu Feb 02 18:00:51 +0000 2012,@GeorgeAbraham9@pallavi_shastry @prao24@thotamahesh who is faster, Usian Bolt or @ajaymohandas ?? Sleep over it! #crashlanding
164635566921629700,Wed Feb 01 09:05:52 +0000 2012,RT @AshuMittal: Q: How do you know someone is from IIMs within five minutes of meeting them? A: They tell you.
164603299868323840,Wed Feb 01 06:57:39 +0000 2012,#february you sexy thing. Let's make something out of it. Oooh and drop the #vday
164319140029546500,Tue Jan 31 12:08:30 +0000 2012,@ShonaliSuares @Leah_Kath happy #birthday Leah :)
164318875578667000,Tue Jan 31 12:07:27 +0000 2012,RT @GeorgeAbraham9: @ajaymohandas = #usainbolt
164247771489112060,Tue Jan 31 07:24:54 +0000 2012,@Leah_Kath @ShonaliSuares.   #weirdtweetsftw #shonalisucks
164242126442467330,Tue Jan 31 07:02:29 +0000 2012,@ShonaliSuares  #babuaa :) #mynali
164186106240303100,Tue Jan 31 03:19:52 +0000 2012,@ShonaliSuares I never drink too much. #playsafe
164182272176685060,Tue Jan 31 03:04:38 +0000 2012,@ShonaliSuares #mad email that was. #sorry :)
163727455197200400,Sun Jan 29 20:57:21 +0000 2012,@ShonaliSuares haha :) #babuaa only you are.
163637063999160320,Sun Jan 29 14:58:10 +0000 2012,#epic #djokovic does it again
163541838421176320,Sun Jan 29 08:39:47 +0000 2012,@ShonaliSuares  #lame I mean #babuaa
163541606480355330,Sun Jan 29 08:38:52 +0000 2012,@ShonaliSuares  #lame #bubuaa
163539764274929660,Sun Jan 29 08:31:32 +0000 2012,@ShonaliSuares #love #yummy
163538255952883700,Sun Jan 29 08:25:33 +0000 2012,@ShonaliSuares yummy paisam I had
163476068198662140,Sun Jan 29 04:18:26 +0000 2012,@ShonaliSuares that you are my #drunken monkey
162848330836221950,Fri Jan 27 10:44:02 +0000 2012,@ShonaliSuares implying that you're the pretty one :)
162815283071942660,Fri Jan 27 08:32:43 +0000 2012,@ShonaliSuares #fat is only for lazy people.
159946782690918400,Thu Jan 19 10:34:19 +0000 2012,@ajaymohandas #respect for #bullet
159316744903733250,Tue Jan 17 16:50:46 +0000 2012,@ShonaliSuares #tired no way. Just keep your phone on #loud tonight ok!
159287889270804480,Tue Jan 17 14:56:06 +0000 2012,@ShonaliSuares #rascal
159185390161510400,Tue Jan 17 08:08:49 +0000 2012,@ShonaliSuares #soon
159121806438043650,Tue Jan 17 03:56:09 +0000 2012,@ShonaliSuares still #waiting
159121681598779400,Tue Jan 17 03:55:39 +0000 2012,@ShonaliSuares #waiting
156937537993179140,Wed Jan 11 03:16:39 +0000 2012,@ShonaliSuares very pretty.
156808193945767940,Tue Jan 10 18:42:41 +0000 2012,@ShonaliSuares they'd be soo much happier if the same picture was taken sometime now ;)
156806381914169340,Tue Jan 10 18:35:29 +0000 2012,@ShonaliSuares haha :-) Those lucky #fish
156802555169619970,Tue Jan 10 18:20:17 +0000 2012,@ShonaliSuares #only person apart from @ajaymohandas who tweets me :)  #love
156802210284584960,Tue Jan 10 18:18:54 +0000 2012,@ShonaliSuares Yes got a few ;) Will be discussed #♥
156452515444043780,Mon Jan 09 19:09:21 +0000 2012,@ShonaliSuares you know it :-) we're trending everywhere ;)
148033183403884540,Sat Dec 17 13:33:55 +0000 2011,Check out and buy tickets for the hottest New Year's Eve parties in your city on @zomato http://t.co/MuiFaqTn
141585267130777600,Tue Nov 29 18:32:12 +0000 2011,@pallavi_shastry too cute he looks
131611290593533950,Wed Nov 02 05:59:11 +0000 2011,RT @Zomato: Need to transfer the lease of our Gurgaon office on MG Road (2k+1.5k sqft). Interested startups please get in touch with d@z ...
125537171741483000,Sun Oct 16 11:42:48 +0000 2011,Go @zomato !!
125536344670871550,Sun Oct 16 11:39:31 +0000 2011,#zomathon @zomato team downing some beer after a great first zomathon!
114003434134441980,Wed Sep 14 15:51:51 +0000 2011,Finally have the zomato app! Life saver!
113530683841978370,Tue Sep 13 08:33:18 +0000 2011,Check this video out -- Super hit Kannada song by Malayali Artist http://t.co/yQnejJi via @youtube
22732441252,Wed Sep 01 18:57:13 +0000 2010,Tweet.
