id,created_at,text
1260684077453250600,Wed May 13 21:31:21 +0000 2020,RT @PGAWORKS: 🏌️‍♂️PGA WORKS Ambassador @Paulmillsap4 recently sat down with the @NBATV crew to chat about staying ready for his @NBA retur…
1260415302648475600,Wed May 13 03:43:20 +0000 2020,RT @NBA: Nikola Jokic, @thats_G_ and @Paulmillsap4 each go 3-5 from the field to put the @nuggets up 29-17 after 1. #NBATogetherLive   http…
1260338599272169500,Tue May 12 22:38:32 +0000 2020,I’ve teamed up with my partners @drinkhydraguard to select one lucky winner of an autographed jersey 🏀 Go follow th… https://t.co/TbwW3thpVW
1260228097653145600,Tue May 12 15:19:27 +0000 2020,Tonight! https://t.co/sZghRmJe8f
1260227886864199700,Tue May 12 15:18:36 +0000 2020,RT @core4atlanta_: On Mother's Day, we honor Bettye Millsap, mother of Core4. 😍 Happy Mother's Day to all the moms!   #Powerof4 #blessedbyb…
1260227827842113500,Tue May 12 15:18:22 +0000 2020,@core4atlanta_ @iamamilly_ @Elijah_Millsap ❤️
1258408437794259000,Thu May 07 14:48:46 +0000 2020,RT @NBA: 🔥 @Paulmillsap4 has 11 straight @ATLHawks points!  They lead, 83-74. #NBATogetherLive   https://t.co/oJTJWR7oBb
1256980179454316500,Sun May 03 16:13:23 +0000 2020,@Rell831 Facts!
1256979015253897200,Sun May 03 16:08:45 +0000 2020,Be immuned to disappointment!
1256320453158699000,Fri May 01 20:31:51 +0000 2020,When you think or feel like giving up... Don’t!
1256067542700814300,Fri May 01 03:46:53 +0000 2020,@BleacherReport 😂😂😂
1256067222008561700,Fri May 01 03:45:36 +0000 2020,Tough one for me but Penny was something else smh
1256065383942942700,Fri May 01 03:38:18 +0000 2020,Orlando Penny or Orlando TMac? Who you got?
1255923429347217400,Thu Apr 30 18:14:14 +0000 2020,#tbt... It was at this moment when I realized I’ve arrived #firstallstargame #MambaForever https://t.co/tLbuId0dKz
1252323043675762700,Mon Apr 20 19:47:35 +0000 2020,@beckstead6 🙏🏾
1252322955738013700,Mon Apr 20 19:47:14 +0000 2020,@DJ_Nyke 🙏🏾
1252322915338481700,Mon Apr 20 19:47:04 +0000 2020,@deige22 Happy Birthday 🎉
1252295754976161800,Mon Apr 20 17:59:09 +0000 2020,What’s everybody doing today?
1252064747194704000,Mon Apr 20 02:41:12 +0000 2020,@BaronDavis 😂😂😂
1252064660540452900,Mon Apr 20 02:40:51 +0000 2020,@NBA Unbelievable 🙌🏾
1252059201125286000,Mon Apr 20 02:19:10 +0000 2020,@armills122 😂
1252052356138561500,Mon Apr 20 01:51:58 +0000 2020,I’m bringing back the Kangol hat and hoop earrings 😂
1252017220974022700,Sun Apr 19 23:32:21 +0000 2020,@InsideHoops Paul Millsap 😜
1252011399800172500,Sun Apr 19 23:09:13 +0000 2020,@espn @thebalanceguru The jumper for sure 😂
1251999330598137900,Sun Apr 19 22:21:16 +0000 2020,@espn Wait did he just give him the ball for game🤔🤦🏾‍♂️
1251982547493388300,Sun Apr 19 21:14:34 +0000 2020,Who’s excited about the #LastDance coming on tonight? I know I am!
1251982235571388400,Sun Apr 19 21:13:20 +0000 2020,Appreciate the @NBA and @ChrisBHaynes for having my on yesterday. Great talking with you. #bts https://t.co/CUuaKlFamL
1251638122187681800,Sat Apr 18 22:25:57 +0000 2020,“Work hard in the dark to shine in the light”. -Kobe Bryant    #MambaMentality
1251368097480507400,Sat Apr 18 04:32:58 +0000 2020,@City_Of_Utah Only if you allow it!
1251140510267306000,Fri Apr 17 13:28:37 +0000 2020,Smiling is the best defense against in an offensive world. Don’t let the world give you buckets. Smile 😃 https://t.co/tG61tOFZQK
1251007530668454000,Fri Apr 17 04:40:12 +0000 2020,@maxisnicee @KlayThompson @StephenCurry30 🔥🔥🔥
1250954964295282700,Fri Apr 17 01:11:19 +0000 2020,Any good movies on Netflix?
1250921707587563500,Thu Apr 16 22:59:10 +0000 2020,So many battles against one of the 🐐. Blessed to be apart of your legacy 🙏🏾@KevinGarnett5KG. #tbt #TBThursday https://t.co/aS7bw1I1iW
1250835795776135200,Thu Apr 16 17:17:47 +0000 2020,@TylerDildine @DeronWilliams @MisterCBooz 🙏🏾🙏🏾🙏🏾
1250825390408401000,Thu Apr 16 16:36:26 +0000 2020,@Ballislife @justsanaa Classic 🔥
1250825290965631000,Thu Apr 16 16:36:03 +0000 2020,@espn @RobinRoberts @GMA Let’s gooooo!
1250825189220184000,Thu Apr 16 16:35:38 +0000 2020,@isaiahthomas 🙏🏾🙏🏾🙏🏾
1250819179315204000,Thu Apr 16 16:11:46 +0000 2020,@mikedolanny @Ballislife Most definitely
1250809802755723300,Thu Apr 16 15:34:30 +0000 2020,I learned a lot from these 2 guys🙏🏾. @DeronWilliams @MisterCBooz https://t.co/kGcjFsbPAs
1250796932751974400,Thu Apr 16 14:43:22 +0000 2020,@core4atlanta_ @RISEtoWIN 🙏🏾🙏🏾🙏🏾
1250796851755774000,Thu Apr 16 14:43:02 +0000 2020,@SportsCenter @D_Herrera9 Creativity at its finest 😂
1250796727109423000,Thu Apr 16 14:42:33 +0000 2020,@espn Get that shot out of here!
1250796558917857300,Thu Apr 16 14:41:52 +0000 2020,@Twitter Wait what🤔
1250794270090358800,Thu Apr 16 14:32:47 +0000 2020,RT @core4atlanta_: Tune in to @RISEtoWIN Podcast. Our very own, @Paulmillsap4 and PGA’s ambassador, has joined in to discuss his passion fo…
1250794165010497500,Thu Apr 16 14:32:22 +0000 2020,Good morning! Be #happy with what you have while working for what you want.
1247251760676319200,Mon Apr 06 19:56:07 +0000 2020,What’s your favorite pair of kicks I wore this year? #nike #nikebasketball https://t.co/ZyqFQA3SIh
1247214277133394000,Mon Apr 06 17:27:10 +0000 2020,Workout 1 completed for the day. Must hydrate for the the rest of the day and make sure I’m boosting my immune syst… https://t.co/UOyB98PdDz
1246466175107653600,Sat Apr 04 15:54:29 +0000 2020,It seems hard sometimes but remember one thing. Through every dark night, there's a bright day after that. So no ma… https://t.co/VZYgcj3JRn
1245736722559725600,Thu Apr 02 15:35:53 +0000 2020,“Yesterday is history, tomorrow is a mystery, today is a gift of God, which is why we call it the present.”
1245138981521522700,Wed Apr 01 00:00:41 +0000 2020,@AubreyBball @fastpp3 Yessir!🙌🏾
1244398649590706200,Sun Mar 29 22:58:52 +0000 2020,Thinking about taking a trip. Where should go? A) Around the house B)End of driveway or C) to the mailbox? If Any g… https://t.co/Q71BuvHvjn
1242510445501530000,Tue Mar 24 17:55:49 +0000 2020,Just want to take a second out of this busy day🙄 to say thank you 🙏🏾. You keep the world going ✊🏾 https://t.co/Zfrz4dNmtU
1242234970594254800,Mon Mar 23 23:41:11 +0000 2020,While we all do our part &amp; #stayhome. My partners @drinkhydraguard have decided to waive their site shipping charge… https://t.co/KHFRG8Rulc
1241796886182244400,Sun Mar 22 18:40:23 +0000 2020,#NBATogether is here to help youth, families and fans in response to the Coronavirus pandemic. Visit… https://t.co/5rTs4aXvek
1241471762304401400,Sat Mar 21 21:08:28 +0000 2020,Now more than ever, we are one team.   #playinside #playfortheworld @Nike https://t.co/pKBPJozVbW
1241039589038530600,Fri Mar 20 16:31:10 +0000 2020,Stay Strong! We will get through this💪🏾 #flattenthecurve https://t.co/xu93hvx5kF
1239944535066783700,Tue Mar 17 15:59:48 +0000 2020,Sometimes the bad things that happen in our lives put us directly on the path to the best things that will ever hap… https://t.co/HNpmDvhFvH
1237519627514564600,Tue Mar 10 23:24:05 +0000 2020,One of the most genuine human beings I have ever met. Also had the pleasure of playing with one of the greatest sho… https://t.co/AygSLPX78J
1237418104449196000,Tue Mar 10 16:40:40 +0000 2020,RT @NBA: 💪 @BeMore27 (21 PTS) and @Paulmillsap4 (20 PTS, 10 REB) power the @nuggets to the home W.  https://t.co/sOpyRKLsZw
1237229685479800800,Tue Mar 10 04:11:58 +0000 2020,Good win tonight! #restandrecover
1237069321769226200,Mon Mar 09 17:34:44 +0000 2020,Don’t let people put limits on you!
1236980938829115400,Mon Mar 09 11:43:32 +0000 2020,Let’s eat!!!
1236102166869422000,Sat Mar 07 01:31:36 +0000 2020,This Laker vs. Bucks game should be interesting!
1235972981383467000,Fri Mar 06 16:58:16 +0000 2020,It’s been a long week! Make sure you are hydrating. I use @drinkhydraguard to keep me going.  Use PM10 for a discou… https://t.co/cda4whM9L4
1235636567114485800,Thu Mar 05 18:41:29 +0000 2020,@SportsCenter Tuff💪🏾
1235636497669394400,Thu Mar 05 18:41:12 +0000 2020,@BleacherReport @aDANCYlife 😂😂😂
1235636097176215600,Thu Mar 05 18:39:37 +0000 2020,@TheHoopCentral Crazy🤦🏾‍♂️
1235583084147417000,Thu Mar 05 15:08:57 +0000 2020,What was I thinking? 🤔🤦🏾‍♂️😂. #tbt #bulldogs #gameday #letsgetit https://t.co/2kD5dxoNiT
1235383980632883200,Thu Mar 05 01:57:47 +0000 2020,@espn @inthegymhoops_ Wow! Kids a beast!
1235383894855372800,Thu Mar 05 01:57:27 +0000 2020,@NBAonTNT @SHAQ 😂
1235383828790874000,Thu Mar 05 01:57:11 +0000 2020,@BleacherReport @iamsamkeller 😂😂😂
1235383561106096000,Thu Mar 05 01:56:07 +0000 2020,@Ballislife He was a beast!
1235311612061458400,Wed Mar 04 21:10:13 +0000 2020,#nationalsonsday  To my only son I promise to do my best to set a good example and teach you how to be a man. I wil… https://t.co/6YRE5Zy5nn
1235249266626424800,Wed Mar 04 17:02:29 +0000 2020,Volume ⬆️   There’s no better sound than hearing a 🏀 bounce early in the AM. “I Gotta Grind won’t stop, Hustle won’… https://t.co/BFPQYJVzhM
1235216428023730200,Wed Mar 04 14:52:00 +0000 2020,Rise and Grind💪🏾💪🏾💪🏾
1234319100576440300,Mon Mar 02 03:26:20 +0000 2020,MJ, fade-away, perfect 👌🏾. Come catch this fade. #4PM #MJ https://t.co/zKNTvKp5tt
1230921866849767400,Fri Feb 21 18:26:57 +0000 2020,Young PM Dawn had to find a way.  #fbf #slammagazine #boards https://t.co/kNy0ap2JOo
1230920385505439700,Fri Feb 21 18:21:03 +0000 2020,#fbf Young PM Dawn https://t.co/DerCdk81D9
1230281840428290000,Thu Feb 20 00:03:42 +0000 2020,Get. To. It! @ Pepsi Center https://t.co/tUD9qCcWyl
1229880850675830800,Tue Feb 18 21:30:19 +0000 2020,Proud dad moment. #girldad @ Pepsi Center https://t.co/aCOZ96TBI0
1228109874271264800,Fri Feb 14 00:13:05 +0000 2020,Locked in 🔒 and properly hydrated💧Follow @drinkhydraguard to elevate your game with #premiumhydration  use code:PM1… https://t.co/fjy5vZhzqK
1214639320423755800,Tue Jan 07 20:05:55 +0000 2020,Last night was All Love back in the ATL! I appreciate everyone who came out to support. #4PM @core4atlanta_ @ State… https://t.co/svuSyaU61R
1207804392759603200,Thu Dec 19 23:26:21 +0000 2019,https://t.co/f2JXcCYEYE
1203437462493810700,Sat Dec 07 22:13:44 +0000 2019,“Yea, though I walk through the valley of the shadow of death, I will fear no evil: for thou art with me; @ TD Gard… https://t.co/vPFv785XL2
1198990781903593500,Mon Nov 25 15:44:13 +0000 2019,RT @NBA: 🙌 Millsap x Murray 🙌  @Paulmillsap4 (23 PTS) &amp; @BeMore27 (22 PTS) fuel the @nuggets win, improving Denver to 12-3 on the season! #…
1198468222258835500,Sun Nov 24 05:07:45 +0000 2019,RT @AubreyBball: @Paulmillsap4 still waters run deep! 14 years of consistency! Just keeps getting better every year! When u focus on the li…
1198401121850667000,Sun Nov 24 00:41:07 +0000 2019,Work For A Cause, Not For Applause. Live Life To Express, Not To Impress. Don’t Strive To Make Your Presence Notice… https://t.co/iOokPo8xYk
1198348476419133400,Sat Nov 23 21:11:55 +0000 2019,Work For A Cause, Not For Applause. Live Life To Express, Not To Impress. Don’t Strive To Make Your Presence Notice… https://t.co/CecZZkSNju
1196919258028159000,Tue Nov 19 22:32:43 +0000 2019,Excited to introduce my new partners @Drinkhydraguard! The Premium Natural Sports Drink that is packed with electro… https://t.co/PLWtoOXbVi
1196820867302318000,Tue Nov 19 16:01:45 +0000 2019,Excited to introduce my new partners @Drinkhydraguard! The Premium Natural Sports Drink that is packed with electro… https://t.co/bf1h94Pty2
1196609035572633600,Tue Nov 19 02:00:00 +0000 2019,RT @nuggets: Check out some of Paul's best plays from the past five games! https://t.co/gXrM4LVByD
1196609005566644200,Tue Nov 19 01:59:53 +0000 2019,RT @nuggets: 💪Paul has been putting in work lately! 💪  #MileHighBasketball https://t.co/Rom4whMGiB
1196292675202363400,Mon Nov 18 05:02:54 +0000 2019,Great road win!!! On to the next!
1195429770026201000,Fri Nov 15 19:54:01 +0000 2019,RT @nuggets: Battled back for the W!  #MileHighBasketball https://t.co/YKYng9nEtF
1195428367799066600,Fri Nov 15 19:48:27 +0000 2019,RT @NBA: 💪 @Paulmillsap4 puts up 18 PTS and 9 REB in the @Nuggets 16-PT comeback win!  #MileHighBasketball https://t.co/y3E1fcmVSS
1195428325516296200,Fri Nov 15 19:48:17 +0000 2019,You Were Given This Life Because You Are Strong Enough To Live It.
1193708896784912400,Mon Nov 11 01:55:53 +0000 2019,Great road win today! Keep rolling 🌊
1193701041524469800,Mon Nov 11 01:24:40 +0000 2019,Super Saiyan ⚡️⚡️⚡️ @ Target Center https://t.co/zKWUtm8Bi9
1193068712082976800,Sat Nov 09 07:32:01 +0000 2019,What a good team win against a good opponent. #4🅿️Ⓜ️ #HeadBandPaul⚡️⚡️⚡️ @ Pepsi Center https://t.co/lTj1otcM2q
1192566870123012000,Thu Nov 07 22:17:53 +0000 2019,A wise man once told me to “go with the flow.” I said “wise man what do you mean by that? He said “STOP TRYING TO C… https://t.co/ruroJlDs2l
1192286488941060000,Thu Nov 07 03:43:45 +0000 2019,Dealer: “Why do you tip the waiter and not me?” Me: With the waiter I get what I order, Hit me with a King please!… https://t.co/TM9WpP4uSY
1191946623569543200,Wed Nov 06 05:13:15 +0000 2019,11 stitches but still smiling. #unbreakable  #cantstopmyshine Great win tonight! #barnabybear @ Pepsi Center https://t.co/lOAkqyabEj
1188522830016761900,Sun Oct 27 18:28:19 +0000 2019,RT @Ballislife: Jimma &amp; the Core-4 squad put on a show today in their scrimmage against Oak Hill! They lost 80-88 https://t.co/ES51eryZW1
1188230385521582000,Sat Oct 26 23:06:14 +0000 2019,RT @SoleCollector: .@Paulmillsap4 broke out the red “Wizenard” Nike Kobe 4 Protros tonight. 📸: @gwephoto https://t.co/XWbOyy5CcA
1188229705842999300,Sat Oct 26 23:03:32 +0000 2019,#NewProfilePic https://t.co/Dd2Z5uh3Gy
1106634305973956600,Fri Mar 15 19:12:33 +0000 2019,RT @NBA: 💪 @Paulmillsap4 scores a season-high 33 PTS on 14-19 FGM in the @nuggets home W! #MileHighBasketball https://t.co/9qSnMTMVwU
1105931107252486100,Wed Mar 13 20:38:17 +0000 2019,RT @NBA: The @nuggets won tonight at home, led by @BeMore27’s 30 PTS &amp; @Paulmillsap4’s 23 PTS! #MileHighBasketball https://t.co/krv3nQ9DGS
1047221753972502500,Tue Oct 02 20:28:17 +0000 2018,Had a lot of questions last night on how do I prepare for the upcoming season. core4atlanta @iamamilly_… https://t.co/BOZYyX3Ugk
1047212918754820100,Tue Oct 02 19:53:10 +0000 2018,Are you ready for your blessing? Are you ready for your miracle?
1046959742952902700,Tue Oct 02 03:07:08 +0000 2018,Energy attracts like energy so give out positive vibes!
1046464015340265500,Sun Sep 30 18:17:18 +0000 2018,I’m Grateful!!!
1046166260029882400,Sat Sep 29 22:34:07 +0000 2018,I am super blessed!!!
1026164904179290100,Sun Aug 05 17:55:53 +0000 2018,Just know we coming harder then ever next year. _________________________  #denver #bball #denverhoops #nuggets… https://t.co/q1Nv7lRWPM
1022322364791627800,Thu Jul 26 03:27:00 +0000 2018,🤔I’m Thinking about adding some more NBA guys to my Atlanta Pro AM team. Who would y’all like to see me play with??… https://t.co/9ueN5nmlE9
1022321853476560900,Thu Jul 26 03:24:58 +0000 2018,🤔I’m Thinking about adding some more NBA guys to my Atlanta Pro AM team. Who would y’all like to see me play with??… https://t.co/njZFT1AuLS
1021556531752587300,Tue Jul 24 00:43:51 +0000 2018,What Pro Am has the best comp??? I got My Pro AM team VS any Pro AM team you know 🤷🏾‍♂️ core4atlanta @aeblhoops   🎥… https://t.co/Ew5A7hDaDr
1021157330027761700,Sun Jul 22 22:17:34 +0000 2018,The Birthday Boy🎊 _________________________  #birthday #bday #bdayvibes #dude #basketball #bball #nba #cake #ninja… https://t.co/qY92Q8intO
1020304043929894900,Fri Jul 20 13:46:55 +0000 2018,Triple OT win against my guys @ShelvinMack mikescottva . https://t.co/PqoM7MvmRp
1020077680773873700,Thu Jul 19 22:47:25 +0000 2018,Young Guys are always asking me “How have you managed your body and development over the years?” My answer is TRAIN… https://t.co/1Ir80Jrkl0
1019671082243108900,Wed Jul 18 19:51:45 +0000 2018,“Whatever you wanna do in life, just give your heart to it and stay strong “ #DreamBig #blessed #anythingispossible… https://t.co/aACw5qWKrC
1002990652953464800,Sat Jun 02 19:09:40 +0000 2018,@theParkinglot That’s just tragic lol
1002952894868439000,Sat Jun 02 16:39:38 +0000 2018,One day at a time. Keep collecting wins!
1002952717776482300,Sat Jun 02 16:38:56 +0000 2018,Win the day!
1001642779758346200,Wed May 30 01:53:42 +0000 2018,@JoelOsteen 🙏🏾🙌🏾🙌🏾🙌🏾
1001464429362397200,Tue May 29 14:05:00 +0000 2018,@Ballislife 😂😂😂
1001459224231034900,Tue May 29 13:44:19 +0000 2018,@24Bazemore Way out of pocket lol
1001459045696327700,Tue May 29 13:43:37 +0000 2018,If you respect it do not abuse it!
1001451712618483700,Tue May 29 13:14:29 +0000 2018,@SLAMonline No question
1001451534733819900,Tue May 29 13:13:46 +0000 2018,@SLAMonline @NBAonTNT 😂😂😂
1001292046945083400,Tue May 29 02:40:01 +0000 2018,The rockets are falling apart🤦🏾‍♂️
968883015270068200,Wed Feb 28 16:18:06 +0000 2018,Definitely not the outcome I was looking for on my first game back but boy is it great to be back!
968597341962887200,Tue Feb 27 21:22:56 +0000 2018,“A diamond is a chunk of coal that used the pressure as power to propel it to another level!”    My unc always givi… https://t.co/3zrRN1dIKL
962495474459598800,Sun Feb 11 01:16:18 +0000 2018,Thank you guys for the Birthday wishes! I really appreciate it!🙏🏾
961284839050629100,Wed Feb 07 17:05:40 +0000 2018,Make today Great!!!
960972665321242600,Tue Feb 06 20:25:12 +0000 2018,When you run sprints and reevaluate your life afterwards 😂
955676213149773800,Tue Jan 23 05:38:59 +0000 2018,What a win tonight! Great game from my young buck @BeMore27
955171001742000100,Sun Jan 21 20:11:27 +0000 2018,I think the Jags can pull it off today. What y’all think?
954818881096437800,Sat Jan 20 20:52:15 +0000 2018,I’m back on Twitter! It’s been awhile!
954612662041591800,Sat Jan 20 07:12:49 +0000 2018,High School Students of America Be The Voice 4 The Planet &amp; Water &amp; WIN!! 🌎 create a 30/60 second video… https://t.co/ZquobM0d3h
832770951561506800,Sat Feb 18 01:57:21 +0000 2017,RT @nbacares: .@Paulmillsap4 lends a hand during today's day of service with @kaboom  #NBACares #NBAAllStar https://t.co/UZbj97qMSR
832743835855777800,Sat Feb 18 00:09:36 +0000 2017,RT @ATLHawks: #PaulMillsap fielding the tough questions: https://t.co/8FjjyXiV3x
832743813802229800,Sat Feb 18 00:09:31 +0000 2017,RT @ATLHawks: What up @TheNBPA 🙌 https://t.co/clkDYmr8Cj
832743796664328200,Sat Feb 18 00:09:27 +0000 2017,RT @ATLHawks: #PaulMillsap participating in the @nbacares All-Star Day of Service today, helping to build a playground at William Hart Elem…
830868193790959600,Sun Feb 12 19:56:28 +0000 2017,RT @NBAcom: .@3DTV Man the Paint talks with Hawks @Paulmillsap4 who wants to "make some noise" down low. #TruetoAtlanta  WATCH: https://t.c…
828406891827040300,Mon Feb 06 00:56:08 +0000 2017,Atlantas defense came to play today!!!!
824813955587661800,Fri Jan 27 02:59:05 +0000 2017,Blessed to be headed to my 4th All Star game in my home state! Thank you to the coaches for voting me in!
824789969063526400,Fri Jan 27 01:23:47 +0000 2017,RT @DwightHoward: Congratulations @paulmillsap4  Your Competitive Fire 🔥 Passion 4 The Game🏀 &amp; Your Amazing Season- All Reasons why this is…
793435377344344000,Tue Nov 01 12:51:49 +0000 2016,Love going to battle every night with this team and especially with my front court brotha from… https://t.co/Sdoptim0YW
782650222296064000,Sun Oct 02 18:35:28 +0000 2016,Matt Ryan and Julio Jones is the best tandem in the NFL. #facts
761984289475027000,Sat Aug 06 17:56:26 +0000 2016,RT @Hollis_CREW: Hope this little person makes ur Saturday morning @Paulmillsap4  cause ur a big guy w/ a BIG 💙 #HollisHERO https://t.co/n2…
760259720498311200,Mon Aug 01 23:43:36 +0000 2016,RT @ATLHawks: Today @Paulmillsap4 provided backpacks &amp; school supplies to every student at Hollis Innovation Academy! @Hollis_CREW https://…
759516735976403000,Sat Jul 30 22:31:15 +0000 2016,If we want to change the world then we must change our "Perception" and also our "Perspective".
756452383325028400,Fri Jul 22 11:34:37 +0000 2016,#ImJustSaying #WhatsThePoint #ImOnOneToday #IAintSorry 💯💯💯 https://t.co/Fcjh5dMszx
753223827878875100,Wed Jul 13 13:45:29 +0000 2016,Rise and Grind!!!
752584882715500500,Mon Jul 11 19:26:33 +0000 2016,Congrats to the great #TimDuncan. I learned a lot from this man over the years. #halloffamer… https://t.co/NL8cVGPkms
752543308254179300,Mon Jul 11 16:41:20 +0000 2016,Time to work! https://t.co/JinUSqd9fC
752540899838529500,Mon Jul 11 16:31:46 +0000 2016,Salute to the greatest power forward to ever play the game of basketball. #TimDuncan #Legend
750713268243693600,Wed Jul 06 15:29:25 +0000 2016,RT @TheNBPA: Bros @Paulmillsap4 and @Elijah_Millsap Sharpen Skills in Real Estate Through NBPA Program -- https://t.co/h0il9vhfcs https://t…
749976836713619500,Mon Jul 04 14:43:06 +0000 2016,Happy 4th of July! https://t.co/hSaC27dfoX
713360719870185500,Fri Mar 25 13:43:43 +0000 2016,I am a father first. Proud to do my part for the women in my life. #LeanInTogether https://t.co/RF72WzvbCU https://t.co/uvg5ZtqFGV
712425625924059100,Tue Mar 22 23:48:00 +0000 2016,Thanks to @CricketNation and my ATL fans for coming out last Friday. Definitely gave me #STSA https://t.co/bVZQRoOsYw
711661491607351300,Sun Mar 20 21:11:36 +0000 2016,Big Thank you to @Cricketnation for having me in the the store today! https://t.co/X268d2Ri4z
711615869558890500,Sun Mar 20 18:10:19 +0000 2016,https://t.co/c82RUjBjan
710930127970959400,Fri Mar 18 20:45:25 +0000 2016,https://t.co/e5dPy6MTSJ
699283978272964600,Mon Feb 15 17:27:47 +0000 2016,Had a blast in Toronto weekend. Great city great people! Thanks for the hospitality! See you in a few weeks. #AllStarTO #the6ix
698891956949094400,Sun Feb 14 15:30:01 +0000 2016,Blessed beyond measures!
698709208284303400,Sun Feb 14 03:23:51 +0000 2016,The NBA Dunk Contest is back!!!!
697638009139757000,Thu Feb 11 04:27:17 +0000 2016,I want to thank everbody for the Birthday wishes.   I really do appreciate it!
697637524555067400,Thu Feb 11 04:25:21 +0000 2016,Good win tonight! Ready to enjoy this break and come back stronger than ever.
693091807949930500,Fri Jan 29 15:22:18 +0000 2016,Repost @nba. Super excited and blessed to be voted by the coaches to appear in my 3rd #allstar… https://t.co/MYVRFeKJMv
685999676156457000,Sun Jan 10 01:40:42 +0000 2016,Big win today! Way to go #ATLHawks!
680956789257572400,Sun Dec 27 03:42:04 +0000 2015,Good win tonight! Let's keep it rollin! #ATLHawks
678758217065889800,Mon Dec 21 02:05:44 +0000 2015,Good win! Stay focused!
677135462360838100,Wed Dec 16 14:37:29 +0000 2015,So Blessed!
670636401289920500,Sat Nov 28 16:12:32 +0000 2015,#Blessed
669930201070063600,Thu Nov 26 17:26:21 +0000 2015,There is always something to be thankful for. Happy Thanksgiving!
669576671163469800,Wed Nov 25 18:01:33 +0000 2015,Congratulations to @LATechHoops on a great upset win yesterday at Ohio State. Proud of you guys!
669541822121844700,Wed Nov 25 15:43:04 +0000 2015,Congratulations Dikembe Mutumbo on a great honor! Much deserved.
669371603705274400,Wed Nov 25 04:26:41 +0000 2015,Good win tonight #ATLHawks #hawknation!
667210039086551000,Thu Nov 19 05:17:24 +0000 2015,Feels good to be back on the winning side. Good win tonight! #atlhawks #hawknation
667030202875166700,Wed Nov 18 17:22:47 +0000 2015,Life is like a book, to see how it ends, you must keep turning the page! #DailyMotivation #stilltrill #StriveForGreatness
666617018393755600,Tue Nov 17 14:00:56 +0000 2015,Today will be a great day!
666475176377327600,Tue Nov 17 04:37:19 +0000 2015,Learn from your mistakes, learn from your failures and get better.
661749140028850200,Wed Nov 04 03:37:44 +0000 2015,Good win tonight! Keep let's keep it rollin!
660941650995355600,Sun Nov 01 22:09:03 +0000 2015,Good win today! What did you all think about the uniforms?
660858246253535200,Sun Nov 01 16:37:38 +0000 2015,#Blessed
651206121034616800,Tue Oct 06 01:23:32 +0000 2015,RT @SiriusXMNBA: We really enjoyed a chance to speak with @paulmillsap4 and you'll really enjoy listening to the… https://t.co/QvUvSCoEn1
644624318001844200,Thu Sep 17 21:29:48 +0000 2015,RT @AubreyBball: @Paulmillsap4 Respect players who think outside the box and willing to expand their games! #nocomfortzone #nobarriers #rel…
643606299108880400,Tue Sep 15 02:04:33 +0000 2015,Who's going to pull it out? http://t.co/Vk88TfJ187
643603233609502700,Tue Sep 15 01:52:23 +0000 2015,@SWolfgang11 Stop it! Lol
643602884316241900,Tue Sep 15 01:50:59 +0000 2015,Julio Jones is a beast!!!!
643601814399680500,Tue Sep 15 01:46:44 +0000 2015,Stop the bleeding Falcons!!!
642500623204790300,Sat Sep 12 00:51:00 +0000 2015,RT @MarkAdamsBball: Great days training in Atlanta with @AubreyBball @Paulmillsap4 @Amillyy24 &amp; John Millsap. #MuchIsGivenMuchIsRequired ht…
637377754875461600,Fri Aug 28 21:34:33 +0000 2015,Always good working with the bros and aubreybball. https://t.co/wC4gQUoJub
637039322932318200,Thu Aug 27 23:09:44 +0000 2015,#RIP Darryl Dawkins https://t.co/MQ5CNon1Yl
636678335876202500,Wed Aug 26 23:15:18 +0000 2015,First #Braves game with the fam lastnight. https://t.co/bYc88W4ZAk
632368193772879900,Sat Aug 15 01:48:20 +0000 2015,Chillen with the GOAT! Who denies it? http://t.co/vi8Z76ZrC9
631562079221084200,Wed Aug 12 20:25:08 +0000 2015,Happy Bday to my bro @Elijah_Millsap! http://t.co/BHOC4OLIlY
624387475457192000,Fri Jul 24 01:15:49 +0000 2015,RT @ATLHawks: This week @Paulmillsap4 returned to Louisiana for a Champions Tour Kickoff &amp; received a hero's welcome. Take a look: http://t…
620700621910335500,Mon Jul 13 21:05:34 +0000 2015,RT @ATLHawks: .@Paulmillsap4's brother and Hawks Summer Leaguer @Amillyy24 talks about the impact his brother has had on him: http://t.co/f…
620700621910335500,Mon Jul 13 21:05:34 +0000 2015,RT @ATLHawks: .@Paulmillsap4's brother and Hawks Summer Leaguer @Amillyy24 talks about the impact his brother has had on him: http://t.co/f…
619189768983867400,Thu Jul 09 17:01:59 +0000 2015,It's official! @ATLHawks let's do it! #truetoatlanta #blessed #GodisGreat
617872916676370400,Mon Jul 06 01:49:17 +0000 2015,Congratulations @ussoccer_wnt for winning the Womens World Cup!!!
616432280081432600,Thu Jul 02 02:24:42 +0000 2015,RT @Elijah_Millsap: Persevere to the Top!! So proud of my bro @Paulmillsap4 . @DeMarreCarroll1  https://t.co/lgVrYAnijJ
616398843085586400,Thu Jul 02 00:11:50 +0000 2015,Blessed and Excited to be back with the @ATLHawks!!! Great things ahead. Thank you all for your support.
611176669064204300,Wed Jun 17 14:20:47 +0000 2015,Much respect for the @warriors. Played the right way all year and it paid off. Congrats!
601877743354007600,Fri May 22 22:30:11 +0000 2015,Ready to go to work with my brothers tonight!!! #TrueBelievers @Al_Horford @DeMarreCarroll1 @KyleKorver @Teague0 http://t.co/Cfq10X7ZBB
601854306061418500,Fri May 22 20:57:03 +0000 2015,Game time and time to step up! I'm pledging to #Power4ward in my community for a year to the ATL Ronald McD's House. http://t.co/CBVMoB3RRh
601826971761418200,Fri May 22 19:08:26 +0000 2015,RT @ItzJade: We got this @ATLHawks @Paulmillsap4 @DeMarreCarroll1 @KyleKorver @Al_Horford @DennisMike93 #TrueBeliever http://t.co/3g6u7xcbCF
601809836158783500,Fri May 22 18:00:20 +0000 2015,#TrueBelievers its your time to shine!!! Get LOUD in the stands and show your support on social media! #TrueToAtlanta http://t.co/z24OrBojRf
601776569967837200,Fri May 22 15:48:09 +0000 2015,All of them! #TrueToAtlanta  https://t.co/KKDJlcxZhV
601776350920343600,Fri May 22 15:47:17 +0000 2015,We got a Truuuuuuuuuu @ATLHawks believer @2chainz! https://t.co/fLHx8cBMnV
601776061324603400,Fri May 22 15:46:08 +0000 2015,Thank you for your service! https://t.co/mau6fXIKCp
601763204939817000,Fri May 22 14:55:02 +0000 2015,.@ATLHawks fans it’s game day! Are YOU wearing red today? Send me your pics and let me know if you’re a #TrueBeliever http://t.co/27y2pe1huu
601133924815872000,Wed May 20 21:14:30 +0000 2015,Headed to shoot around. #HawksNation we need you in the stands tonight! Blow up social media and let everyone know you're a #TrueBeliever
601133437039304700,Wed May 20 21:12:34 +0000 2015,@chriscauley @nathan143g Wow! Stay strong.
601123481439313900,Wed May 20 20:33:00 +0000 2015,Thanks for the support!  https://t.co/N6t53nAxzZ
601122937861726200,Wed May 20 20:30:51 +0000 2015,RT @WelcomeToKW: @Paulmillsap4 @ATLHawks Don't forget your @LATechHoops fans that will be Hawks fans tonight!
601122508662767600,Wed May 20 20:29:09 +0000 2015,RT @doctorwoods_21: @Paulmillsap4 @ATLHawks I'll be in Atlanta downtown! I better hear all the fans from outside!!
601116528306737200,Wed May 20 20:05:23 +0000 2015,I'm rallying up all my #TrueBelievers!!! @ATLHawks fans where are you??? Can't wait to hear you at the game! #TrueToAtlanta
601053878977699800,Wed May 20 15:56:26 +0000 2015,Throughout the playoffs I'll be more active on my Twitter! True Believers, I need YOU! #TrueToAtlanta @ATLHawks
599400806111129600,Sat May 16 02:27:43 +0000 2015,Proud of this team!!! #truetoatlanta #easternconferencefinals
598701061298229200,Thu May 14 04:07:10 +0000 2015,What a finish! Great win! #1more #truetoatlanta
595795690548285400,Wed May 06 03:42:16 +0000 2015,Good team win!!! Let's keep it going... #truetoatlanta  #NBAPlayoffs
594345560385138700,Sat May 02 03:39:58 +0000 2015,Good win against a good team. Took a big step tonight... 2nd round here we come! #hawksrising #ATLHawks #truetoatlanta #NBAPlayoffs
592328185133572100,Sun Apr 26 14:03:38 +0000 2015,Woke up today feeling #blessed #thankful and #grateful...
591457346804551700,Fri Apr 24 04:23:14 +0000 2015,Omg!!! #NBAPlayoffs
591070218824376300,Thu Apr 23 02:44:56 +0000 2015,Good win tonight! Thanks for holding us down #Atl... Now we have to hit the road and try and get this next one. #ATLHawks #truetoatlanta
589962724223934500,Mon Apr 20 01:24:09 +0000 2015,Hard fought win tonight! Great playoff atmosphere at Phillips Arena. #NBAPlayoffs
588542919197466600,Thu Apr 16 03:22:21 +0000 2015,Great regular season #hawknation. Let's have a great #2015Playoffs. #ATLHawks #hawksrising
588464545896800300,Wed Apr 15 22:10:55 +0000 2015,RT @LATechHoops: CONGRATS to @Paulmillsap4 for winning the LABC Louisiana Pro Player of the Year award for the 5th straight year! http://t.…
586733846873432000,Sat Apr 11 03:33:44 +0000 2015,60 wins! "Acknowledge your accomplishments". #hawknation #hawksrising #60 #atl
582570261679104000,Mon Mar 30 15:49:08 +0000 2015,RT @Fact: Sometimes the bad things that happen in our lives put us directly on the path to the best things that will ever happen to us.
580913170681860100,Thu Mar 26 02:04:27 +0000 2015,Great win tonight! Get back on track!
579121095422312400,Sat Mar 21 03:23:23 +0000 2015,Tough loss tonight but have to keep pushing forward. #hawknation
578587816474480600,Thu Mar 19 16:04:19 +0000 2015,"Success" precedes "Work" only in the dictionary! Keep doing the work and success will come!
576610270048481300,Sat Mar 14 05:06:15 +0000 2015,I know it's late back home but thanks for the support #hawknation. Good win tonight! #hawksrising #roadhawks
576474214984597500,Fri Mar 13 20:05:37 +0000 2015,@ATLHawks fan in #ATL we got a late game vs the @Suns tonight but don't fall asleep!!!  We need your support. #HawksRising
576063319011799040,Thu Mar 12 16:52:52 +0000 2015,YESTERDAY is PAST; TODAY is NOW; PREPARE for TOMORROW! What happened on yesterday does not define today or tomorrow! Keep pressing forward!
575680183815950340,Wed Mar 11 15:30:26 +0000 2015,#HawksNation send me pictures of you tonight from enemy territory at the @DenverNuggets game!
575442409405870100,Tue Mar 10 23:45:36 +0000 2015,Headed out for a LONG road trip today!  6 straight on the West coast.  Will definitely miss the #HawksNation out there!!!
574948277054926850,Mon Mar 09 15:02:05 +0000 2015,@SacramentoKings at home tonight in @PhillipsArena.  Last @ATLHawks game before our long road trip so come check us out!!!  #HawksRising
574306701417054200,Sat Mar 07 20:32:42 +0000 2015,Quick WORK trip to #Philly.  Let's get it @Teague0 @KyleKover @Al_Horford @DeMarreCarroll1 @mikescott
573898157630865400,Fri Mar 06 17:29:17 +0000 2015,@KingJames and the @Cavs are in town tonight vs my @ATLHawks.  Love competing against the best!! #HawksRising
573855640990408700,Fri Mar 06 14:40:21 +0000 2015,Prayers go out to my lil bro @wessywes2. One of the toughest dudes I know. I know you will come back even stronger. #getwell #keepyourheadup
573644857643683840,Fri Mar 06 00:42:46 +0000 2015,Man can't wait to see Craig Sager tonight on @NBAonTNT. Missed you man! #WelcomeBackSager
573531866755690500,Thu Mar 05 17:13:47 +0000 2015,Congrats to @NBA legend and 10x CHAMPION "Mr. Clutch" @sam10rings as @NCCU retires his jersey tonight!!!  True champion and class act.
573224363870183400,Wed Mar 04 20:51:52 +0000 2015,Been in #ATL almost 2 years now.  Anyone know where I can get a good cup of gumbo???
573170054566711300,Wed Mar 04 17:16:04 +0000 2015,No @ATLHawks game tonight but definitely catching up with the @NBA on @ESPN tonight! #LoveThisGame
573162648440684540,Wed Mar 04 16:46:38 +0000 2015,#Hawksnation Thanks for coming out and the supporting us in our come back win last night!
572968669271072800,Wed Mar 04 03:55:50 +0000 2015,Tough win tonight! #NeverGiveUp #humbleandhungry #hawksnation
572833492259766300,Tue Mar 03 18:58:41 +0000 2015,@nytimes says the @ATLHawks vs @HoustonRockets is the @NBAgame of the week! Agreed.
572833091363971100,Tue Mar 03 18:57:06 +0000 2015,#HawksNation staying healthy is a must!! Let me know if you came out to our @ATLHawks &amp; @ATLtrackclub 5k this weekend!
572242108288925700,Mon Mar 02 03:48:45 +0000 2015,Really proud of this team right now!  Been a great weekend, looking forward to getting to work this week!! #HawksNation
571878579228712960,Sun Mar 01 03:44:12 +0000 2015,Dare to Dream and watch it happen!!! Good road win #ATLHawks!
571741474120859650,Sat Feb 28 18:39:24 +0000 2015,"I truly hope that you've done all you can possibly do to leave it a better place for the folks who come behind you." - Earl Lloyd
571741246198194200,Sat Feb 28 18:38:30 +0000 2015,My thoughts and prayers are with the family of Earl Lloyd. He paved the way for African Americans in the @NBA. #RIP
570793197787426800,Thu Feb 26 03:51:17 +0000 2015,Big win win tonight! Most importantly appreciate #hawknation coming out to support. #truetoatlanta #loyalty
567800506190688260,Tue Feb 17 21:39:24 +0000 2015,All star kicks mean. What do you all think? #AllStarKicks #NBAAllStar2015  #ShoeGameCray http://t.co/Z0eXCHmQkm
566999454373666800,Sun Feb 15 16:36:18 +0000 2015,Had a fun time with the greats @scottiepippen and @de11edonne lastnight. #shootingstars #TeamMillsap http://t.co/krn3uqDA2R
566248043318501400,Fri Feb 13 14:50:28 +0000 2015,SEND TWEET  Come stop by @Modells Penn Plaza tomorrow at 2:00pm, I'll be there!
565940828560834560,Thu Feb 12 18:29:42 +0000 2015,I'm always looking to make new friends so come kick it with me at the Samsung Soho Studio (130 Prince St.) Today from 7-8pm!
562460853593600000,Tue Feb 03 04:01:32 +0000 2015,Reflect, Refresh, Refocus. #HawksNation
560963071003602940,Fri Jan 30 00:49:52 +0000 2015,Truly Blessed to be playing in my 2nd #allstargame. Glad to see Al and Jeff voted in. #ATLHawks #hawksrising
560817311633129500,Thu Jan 29 15:10:41 +0000 2015,Good win last night. Fans were awesome! #17 #ATLHawks #HawksNation #HawksStreak
559560080245276700,Mon Jan 26 03:54:53 +0000 2015,#16 let's keep it rolling #HawkNation
559011909354422300,Sat Jan 24 15:36:39 +0000 2015,Good win last night #HawkNation. Felt like a playoff game in the arena. Crowd was crazy!!!
556674721652420600,Sun Jan 18 04:49:30 +0000 2015,Nice win tonight #HawksNation!!!
554418837299687400,Sun Jan 11 23:25:26 +0000 2015,How bout them Hawks?! Good win today! On to the next. #ATLHawks #humbleandhungry
553666720016400400,Fri Jan 09 21:36:47 +0000 2015,RT @NBATV: Tomorrow on #InsideStuff, @PaulMillsap4 takes us through his intense workouts- catch it at noon tomorrow! https://t.co/kDLUpilR4j
553299835303243800,Thu Jan 08 21:18:55 +0000 2015,Everybody go check this out... #InsideStuff  http://t.co/vaQXr7350N
553037040720551940,Thu Jan 08 03:54:40 +0000 2015,Good win tonight! Our crowd was a big reason we won. Thanks let's keep it rolling! #ATLHawks
552517210242285600,Tue Jan 06 17:29:02 +0000 2015,Awesome road win last night! Stay humble Stay hungry. #ATLHawks #roadhawks
551790107951255550,Sun Jan 04 17:19:48 +0000 2015,#RIPStuartScott
550873141971390460,Fri Jan 02 04:36:06 +0000 2015,Wow! Not use to seeing Alabama get domoninated like this.
550141018428166140,Wed Dec 31 04:06:54 +0000 2014,Big time win tonight! The definition of a team #ATLHawks
547608796861071360,Wed Dec 24 04:24:45 +0000 2014,What a game tonight!!! Glad we came out with the victory. #ATLHawks
547254422003122200,Tue Dec 23 04:56:36 +0000 2014,Also thanks to my Louisiana Bulldogs for coming out and supporting me. Greatly appreciated. Let's get this win this week! #WeAreLATech
547253966220701700,Tue Dec 23 04:54:47 +0000 2014,Great road win tonight!!! #team #ATLHawks
542888954484506600,Thu Dec 11 03:49:47 +0000 2014,Good win tonight! Must keep improving.
541793007985758200,Mon Dec 08 03:14:53 +0000 2014,Great win today! Keep it rollin!
540538021171712000,Thu Dec 04 16:08:01 +0000 2014,Another big win...Let's keep it rollin!
540164384547696640,Wed Dec 03 15:23:19 +0000 2014,Good win lastnight. The grind don't stop. #atlhawks #hawksrising #atl
537637161621680100,Wed Nov 26 16:01:02 +0000 2014,Tough road win lastnight. Now we have to take care of home.
536264215908999200,Sat Nov 22 21:05:27 +0000 2014,@24Bazemore hands aren't that full lol
533303823176335360,Fri Nov 14 17:01:54 +0000 2014,"Know what you can and can not Control"
532974919424831500,Thu Nov 13 19:14:57 +0000 2014,Smh 9 years in the league and this lol... http://t.co/0cvSWMkTuH
532921639198261250,Thu Nov 13 15:43:14 +0000 2014,Good win lastnight. Was good seeing old teammates and coaches.
532019131525369860,Tue Nov 11 03:57:00 +0000 2014,Road kill!!! Good win tonight!!! #ATLHawks
530011083831267300,Wed Nov 05 14:57:44 +0000 2014,"Think Gold and never settle for silver"
529293388366245900,Mon Nov 03 15:25:52 +0000 2014,RT @Fact: You can't have a better tomorrow if you're always thinking about yesterday.
528341789644976100,Sat Nov 01 00:24:33 +0000 2014,RT @HideokiBespoke: S/O to my guy @paulmillsap4 of @atlhawks representing on the cover of simplybuckhead current issue… http://t.co/DnOxVt0…
527457380754137100,Wed Oct 29 13:50:13 +0000 2014,First game tonight. Let's get it!
527262235601543200,Wed Oct 29 00:54:47 +0000 2014,Trying to watch NBA basketball in Toronto but can't find TNT.
526442374143438850,Sun Oct 26 18:36:57 +0000 2014,"Make sure everybody in your "boat" is rowing and not drilling holes when your not looking." Know your circle.
526016417179901950,Sat Oct 25 14:24:21 +0000 2014,What's a life without the grind...
523507741319790600,Sat Oct 18 16:15:46 +0000 2014,Make a difference in someones life today. #love #purpose #makeadifference
523104610429698050,Fri Oct 17 13:33:52 +0000 2014,Tough loss last night but that's what preseason is about. Learn and get better. #atlhawks #atl  #ATLOpeningTIP
520597455818457100,Fri Oct 10 15:31:20 +0000 2014,Thanks @SimplyBuckhead for putting me on the cover this month. Great articles go check them out. http://t.co/LYvnjuFM8q
520292124219412500,Thu Oct 09 19:18:03 +0000 2014,Good practice at Miller Grove High School! The gym was rockin!
520290684440686600,Thu Oct 09 19:12:20 +0000 2014,RT @SimplyBuckhead: Hey @ATLHawks fans - have you seen who's on the cover of our Men's issue? It's @Paulmillsap4 http://t.co/AHiQ3g4kDS
518826105693036540,Sun Oct 05 18:12:37 +0000 2014,RT @ATLHawks: You may notice our 3D @Paulmillsap4 billboard by Spaghetti Junction now! http://t.co/Sk0XfDi6CW
518541256172257300,Sat Oct 04 23:20:44 +0000 2014,There are some great games going on in College football!
517175423567138800,Wed Oct 01 04:53:24 +0000 2014,RT @NBA: The @ATLHawks' @Paulmillsap4 prepares for a new season! http://t.co/bf1vRsDN52
514221452443533300,Tue Sep 23 01:15:22 +0000 2014,5 hour photo shoot today but excited to get back on the court with these guys. Tag someone who you… http://t.co/Xj3eVwP8z9
512634040730800100,Thu Sep 18 16:07:34 +0000 2014,RT @SLCMassChoir: @Paulmillsap4 All About YOU!!! http://t.co/5NzQJS5NuF Check it out!!! #LIKE #RETWEET Tell us what you think! #MakingGODFa…
511005134583636000,Sun Sep 14 04:14:52 +0000 2014,Fight wasn't even close...
508726418239684600,Sun Sep 07 21:20:04 +0000 2014,Kind of feel bad for Romo. Not another season like this. Don't do it!
506791124103888900,Tue Sep 02 13:09:54 +0000 2014,"Take advantage of Time or Time will take advantage of you"
495404673197539300,Sat Aug 02 03:04:12 +0000 2014,Prayers go out to @Paul_George24. Get well my man
494549026855874560,Wed Jul 30 18:24:10 +0000 2014,@BigTiggerShow I'm all good my man
493594483104047100,Mon Jul 28 03:11:09 +0000 2014,Blessed to be apart of #USAB...  I'll do it for my country. #USA #Salute #trainingcamp #Vegas http://t.co/w1PnXLH3zK
490960258349539300,Sun Jul 20 20:43:41 +0000 2014,You can't stop eating for the fear of choking. So don't be afraid to fail
489646588805935100,Thu Jul 17 05:43:38 +0000 2014,RT @NBA: Elijah Millsap records an @NBASummerLeague record-tying 7 steals, plus 19pts, to lead the @Sixers past LAL, 85-63! http://t.co/dju…
489426375804469250,Wed Jul 16 15:08:35 +0000 2014,Stay on a mission to improve your overall Wellbeing...
488923315965145100,Tue Jul 15 05:49:36 +0000 2014,#mightykacy is a stud!
488468697355276300,Sun Jul 13 23:43:07 +0000 2014,Love the energy and intensity that our young guys are playing with. #atlhawks #NBASummerLeague
488384846826594300,Sun Jul 13 18:09:55 +0000 2014,Had fun with the winners of a trip to Las Vegas summer league game. We fell short but on to the next. #atlhawks #Vegas #NBASummerLeague
488166180306182140,Sun Jul 13 03:41:01 +0000 2014,RT @Amillyy24: People may forsake you but believe me when i say No matter what your goin through. The #Gym is always… http://t.co/izqjgc3ETk
487649481660198900,Fri Jul 11 17:27:51 +0000 2014,Good move by @KingJames. #Respect
487038588152864800,Thu Jul 10 01:00:22 +0000 2014,Been on the golf course working on this picture perfect swing. #golf #perfect #needmorework #sunisbeaming http://t.co/FjrgiOYYi9
486175471689019400,Mon Jul 07 15:50:39 +0000 2014,http://t.co/d3R4f4Mqsh
482206819759054850,Thu Jun 26 17:00:39 +0000 2014,I think we can pull this game out. What do you all think? #USAvsGermany #FIFA #USMNT
481045335540650000,Mon Jun 23 12:05:20 +0000 2014,Thank you God for another week to get better. #alwaystryingtogetbetter #blessed
480863672043307000,Mon Jun 23 00:03:28 +0000 2014,Great effort from the #USMNT. #USAvsPortugal
480853501871161340,Sun Jun 22 23:23:03 +0000 2014,What a kick!!! USA!!! #WorldCup2014
479352399354531840,Wed Jun 18 19:58:12 +0000 2014,@snow70er my man sweet
479347040925659140,Wed Jun 18 19:36:55 +0000 2014,I had no idea that soccer was such a physical sport. #WorldCup2014
478665079525613600,Mon Jun 16 22:27:02 +0000 2014,Lets go USA! #USAvGHA
478606495865913340,Mon Jun 16 18:34:15 +0000 2014,amilly24 and elijah_millsap called out my alma mater #latech vs #UAB #WaterBuckets #ConfrenceUSA http://t.co/PEFEdeuqcG
478219898901250050,Sun Jun 15 16:58:03 +0000 2014,Happy Fathers Day to all the true fathers out there. #FathersDay
477586162974863360,Fri Jun 13 22:59:49 +0000 2014,RT @TravelinTweeter: Coca-Cola presents: Happy Cycle - http://t.co/q2IeIdsXGB - Love this bold move by Coke to address the calorie issue in…
477275993518768100,Fri Jun 13 02:27:18 +0000 2014,RT @Elijah_Millsap: #Spurs are trying to eat the whole plate
477266380060774400,Fri Jun 13 01:49:06 +0000 2014,You would be amazed at what you can accomplish if you keep the game simple. Spurs are showing that. #SpursVsHeat
476540689530896400,Wed Jun 11 01:45:28 +0000 2014,San Antonio plays with a pace like no other.
475833789151997950,Mon Jun 09 02:56:30 +0000 2014,I love the people who understand the game of basketball.
475831456422719500,Mon Jun 09 02:47:14 +0000 2014,@RealMattGlauser meaning it's not about x's and o's smart guy
475828106163683300,Mon Jun 09 02:33:55 +0000 2014,This game is going to come down to who wants it more. #NBAFinals
475628701867335700,Sun Jun 08 13:21:33 +0000 2014,Put God before all
475088342997282800,Sat Jun 07 01:34:22 +0000 2014,Congratulations Quin Snyder for being named Head coach of the @utahjazz!!! The Jazz are getting a great coach and person.
474749668111700000,Fri Jun 06 03:08:35 +0000 2014,@65FalconsShaRoc yes he can
474749075511074800,Fri Jun 06 03:06:14 +0000 2014,Some people just don't age. Ray Allen is one of them
474696963817242600,Thu Jun 05 23:39:10 +0000 2014,Who do you all think will win it?
474696828458655740,Thu Jun 05 23:38:38 +0000 2014,Should be an epic #NBAFinals. I think the #Spurs will get there revenge.
474236662718144500,Wed Jun 04 17:10:05 +0000 2014,Congrats to my man Big Al Jefferson for making the All Nba 3rd team! Glad your finally getting the recognition you deserve.
474196234170015740,Wed Jun 04 14:29:27 +0000 2014,Blessed to see another day
473863442009694200,Tue Jun 03 16:27:03 +0000 2014,Sometimes you have to make sacrifices to get where you want to go.
473638897553907700,Tue Jun 03 01:34:47 +0000 2014,Congratulations to the guys who made the All Defensive 1st and 2nd team! All well deserved.
473181050110087200,Sun Jun 01 19:15:28 +0000 2014,No #NBAFinals until Thursday... smdh
472938825862234100,Sun Jun 01 03:12:57 +0000 2014,Wow! This is a good game...
472216856859013100,Fri May 30 03:24:06 +0000 2014,@eWOO22 what's good bruh?
472214613577453600,Fri May 30 03:15:11 +0000 2014,@riazda I hope so. It's been a good chess match thus far
472213523473240060,Fri May 30 03:10:51 +0000 2014,@Cw1284 way too young
472212373059563500,Fri May 30 03:06:17 +0000 2014,Okc look tired. The Spurs have way more energy. #OKCvsSpurs #NBAPlayoffs
471771980094390300,Wed May 28 21:56:19 +0000 2014,You are a true hero Maya Angelou. Rest in peace http://t.co/gbly4XtwvF
471093837566595100,Tue May 27 01:01:38 +0000 2014,Stop what yall doing and go show @snoopnnyastereo some love. One of the Coldest up coming producers in… http://t.co/IAg3YVffZL
467647230179307500,Sat May 17 12:46:02 +0000 2014,http://t.co/pUqEMe1NNd
466662051805679600,Wed May 14 19:31:17 +0000 2014,RT @ATLHawks: Chilling with @Paulmillsap4 in Vegas? Sounds pretty cool to us.  Dial **DUNK to enter to win! http://t.co/AqSmGj97wT
463421712717979650,Mon May 05 20:55:20 +0000 2014,Thanks Hawks fans for your support this year! Didn't end the way we wanted but we are on the right track... #Atl #gettingbetterstartsnow
460986618396950500,Tue Apr 29 03:39:09 +0000 2014,Great team win tonight!
460596849552801800,Mon Apr 28 01:50:21 +0000 2014,@jbryant3 @Amillyy24 @Elijah_Millsap @BDSSports Preciate you coming out family
457881654292262900,Sun Apr 20 14:01:08 +0000 2014,Because he lives we can face tomorrow.  Happy Easter everybody!
457724176778817540,Sun Apr 20 03:35:22 +0000 2014,Great team win tonight!!!
443445596469608450,Tue Mar 11 17:57:23 +0000 2014,Congrats @LATechHoops!!! Proud of you guys! http://t.co/SDjGdznh3A
442797003450220540,Sun Mar 09 23:00:07 +0000 2014,It feels good to be back in SLC!
441680172094193660,Thu Mar 06 21:02:13 +0000 2014,Great 3pt streak by @KyleKorver! Hate to see it end. Congrats bro
439557313767411700,Sat Mar 01 00:26:44 +0000 2014,RT @CCarlisle36: Millsap vision looking good tonight! @Paulmillsap4 http://t.co/br9MpbLV8n
438537989384175600,Wed Feb 26 04:56:18 +0000 2014,Yea @MrSupaCutz that brought back memories
438527197553233900,Wed Feb 26 04:13:25 +0000 2014,What's up @brianmar10
438520133112197100,Wed Feb 26 03:45:21 +0000 2014,Tough loss but you have to love the fight! #ATLHawks
437423443026251800,Sun Feb 23 03:07:30 +0000 2014,So proud of our guys! Great win!!! S/o @mikescott @Teague0 and @DeMarreCarroll1 on a hell of a game!
437069858354655200,Sat Feb 22 03:42:29 +0000 2014,Tough loss. #keepfighting #tomorrowsanewday #gohawks
436370204151394300,Thu Feb 20 05:22:18 +0000 2014,@JWinfro thanks my man
435458679866134500,Mon Feb 17 17:00:14 +0000 2014,RT @AthIeteFitness: I can accept failure. Everyone fails at something. But I can't accept not trying. -Michael Jordan
435417734642286600,Mon Feb 17 14:17:32 +0000 2014,This weekend was amazing! Glad I could be apart of it.... Let's get back in #grindmode
434872955185532900,Sun Feb 16 02:12:46 +0000 2014,S/o my man Dominique Wilkins and the #TeamEast for winning the #shootingstars
434777386232471550,Sat Feb 15 19:53:01 +0000 2014,#AllStarKicks http://t.co/YBIrp2gwRz
434528901394477060,Sat Feb 15 03:25:37 +0000 2014,At the #bbvacompassrisingstars game supporting my man @antic12pero. Who y'all got winning #mvp? http://t.co/698w2w6XBP
434461884578684900,Fri Feb 14 22:59:19 +0000 2014,Enjoying my time on sport center! http://t.co/wbGnV3iXpp
433055733895004160,Tue Feb 11 01:51:47 +0000 2014,Thanks for all the bday wishes!
432886014953017340,Mon Feb 10 14:37:23 +0000 2014,RT @Elijah_Millsap: Want to wish my bro @Paulmillsap4 a Happy B Day!!! Continue doing Big things #fromIsrael #7hrsahead
431824264082509800,Fri Feb 07 16:18:22 +0000 2014,RT @BDSSports: @Paulmillsap4 will be on #InsideStuff tomorrow! Watch this clip and tune-in at noon &amp; 6:30pm ET to @NBATV” Clip: http://t.co…
430481737043701760,Mon Feb 03 23:23:38 +0000 2014,RT @BDSSports: @Paulmillsap4 interview audio with SirusXMNBA Radio,Frank Isola &amp; Malik Rose http://t.co/73PwMDJecz . #nba #NBAAllStar #paul…
430184981273776100,Mon Feb 03 03:44:26 +0000 2014,Congratulations @Seahawks. #SuperBowlXLVIIIChamps
429049592865624060,Fri Jan 31 00:32:48 +0000 2014,I am very honored... Thank you coaches!
428249736853090300,Tue Jan 28 19:34:28 +0000 2014,@P3sportscience thanks
428248634334122000,Tue Jan 28 19:30:05 +0000 2014,@DeMarreCarroll1 preciate it my man
428210204321533950,Tue Jan 28 16:57:23 +0000 2014,@RonnieBrewerJr thank bro
428204909839024100,Tue Jan 28 16:36:20 +0000 2014,I am very grateful to be named Eastern Conference Player of the Week! I couldn't have done it w/o the help of my teammates #GoHawks
423226100215328800,Tue Jan 14 22:52:20 +0000 2014,In the U.k and got to visit Chelsea F.C http://t.co/ckPumuJsyc
423108657824280600,Tue Jan 14 15:05:39 +0000 2014,RT @Elijah_Millsap: Getting back to work. Finishing the season in Europe #MaccabiAshdod #Israel
421886935930376200,Sat Jan 11 06:10:58 +0000 2014,Great win tonight! #ontothenextone #ATLHawks
416804228892352500,Sat Dec 28 05:34:06 +0000 2013,@SNOOPnNyaStereo what's good
416802914045149200,Sat Dec 28 05:28:53 +0000 2013,Jay-z concert was crazy! Definitely one of my all time favorites
416481169791016960,Fri Dec 27 08:10:23 +0000 2013,@hessrp right
416421896897327100,Fri Dec 27 04:14:51 +0000 2013,2nd longest game of my life. Glad we pulled off the win. #GoHawks
415907913736392700,Wed Dec 25 18:12:28 +0000 2013,Merry Christmas!
415377590413979650,Tue Dec 24 07:05:09 +0000 2013,Tough loss but I love the fight of our team. Word of advice "don't be in the wrong place at the wrong time" lol. #igotgot #GoHawks
415377590413979650,Tue Dec 24 07:05:09 +0000 2013,Tough loss but I love the fight of our team. Word of advice "don't be in the wrong place at the wrong time" lol. #igotgot #GoHawks
413516565309833200,Thu Dec 19 03:50:06 +0000 2013,Great team win tonight!
409166519986180100,Sat Dec 07 03:44:34 +0000 2013,S/O my man @KyleKorver for an amazing accomplishment! Glad I can be apart of it. Go hawks! #keepitgoing
406638116431466500,Sat Nov 30 04:17:36 +0000 2013,What a game! Great win #ATLHawks
406081734934286340,Thu Nov 28 15:26:44 +0000 2013,Happy Thanksgiving! I'm thankful for all my family and friends.
405911541330878460,Thu Nov 28 04:10:27 +0000 2013,Always good seeing my good friend @RonnieBrewerJr http://t.co/SSO2wULAD2
404476573698781200,Sun Nov 24 05:08:24 +0000 2013,Let one slip away tonight. Have to bounce back. #ATLHawks #bounceback
404093040270139400,Sat Nov 23 03:44:23 +0000 2013,Great win in Detroit! Rest up and back at it tomorrow. #ATLHawks
401917328759480300,Sun Nov 17 03:38:53 +0000 2013,Great road win tonight! #ATLHawks #keepitrollin
398262002562244600,Thu Nov 07 01:33:55 +0000 2013,Has anyone played the new COD Ghost? How is it?
393749054511140860,Fri Oct 25 14:41:04 +0000 2013,Proud of my young buck @Elijah_Millsap  and the Petron Blaze. Tough loss today but great season
393744921926324200,Fri Oct 25 14:24:39 +0000 2013,@_aamosj. I'm very proud of him
393739728421670900,Fri Oct 25 14:04:01 +0000 2013,Thanks everyone. Let's go Petron!
393739057777623040,Fri Oct 25 14:01:21 +0000 2013,I'm not able to see the #PBAFinals. Can someone give me an update please?
393519156924276740,Thu Oct 24 23:27:32 +0000 2013,S/o to my brother @Elijah_Millsap and the Petron Blaze. Good luck in the PBA championship game 7. #letsgetit
391314928612560900,Fri Oct 18 21:28:43 +0000 2013,ATL Hawks at Turner Field playing softball. http://t.co/fVcGSh0n1r
385224352821952500,Wed Oct 02 02:06:57 +0000 2013,@NandoManofUtah thanks. I appreciate it
385206389326749700,Wed Oct 02 00:55:34 +0000 2013,Feel like we accomplished a lot on the first day of camp. Can't wait for tomorrow. #Compete #Greatthingsahead
383977842612375550,Sat Sep 28 15:33:46 +0000 2013,Morning swim lesson with my girls. #ILoveMyBabys #priceless http://t.co/LEVNtQ96fi
379367038650974200,Sun Sep 15 22:12:04 +0000 2013,Great weekend in the lab with @AubreyBball and @MarkAdamsBball. Everybody show some love and check my guys out. #2ofthebest
376761003733954560,Sun Sep 08 17:36:37 +0000 2013,Great workouts this weekend with the great @AubreyBball. #continuetogetbetter
367046402234658800,Mon Aug 12 22:14:16 +0000 2013,I'm a day late seeing that the Philippines is 12 hours ahead smh
367045570487410700,Mon Aug 12 22:10:58 +0000 2013,Happy Birthday to my bro @Elijah_Millsap all the way to the Philippines. Much love
355049926373285900,Wed Jul 10 19:44:33 +0000 2013,Glad to be a Hawk. Thanks to #utahjazz for an amazing 7 years. Most importantly thanks to #jazznation for your love and support. #alwayslove
346412459717972000,Sun Jun 16 23:42:21 +0000 2013,Everybody plz go follow my Lil bro @Elijah_Millsap.
333345118662844400,Sat May 11 22:17:24 +0000 2013,Big shout out to @premierspautah; they're giving everyone 15% off when you mention my name. Get details here http://t.co/ie4DAbxZZx.
333286577033850900,Sat May 11 18:24:46 +0000 2013,.@RippinShoulders congrats to CJ for winning the massage for his EMT mom of 12 kids! Please DM me your email address.
333285930179903500,Sat May 11 18:22:12 +0000 2013,RT @RippinShoulders: @PaulMillsap_24 My Mom! She has 12 kids, 8 living at home!! She ruptured a disk in her back while at work as an EMT he…
333241151945592800,Sat May 11 15:24:16 +0000 2013,You all have some great moms! Go to https://t.co/RQ8TU42uXH for another chance to win. Instructions on my page. Announce winner at noon
333003463313207300,Fri May 10 23:39:47 +0000 2013,RT @kgpogi: @PaulMillsap_24 @premierspautah  My Mom worked two jobs to support my lil bro and me. &amp; she always found time to cook meals and…
333003374482047000,Fri May 10 23:39:26 +0000 2013,RT @MychalMcPhee: @PaulMillsap_24 @premierspautah . My mama went through breast cancer and she had a heart surgery. She could use some lovi…
332995298811060200,Fri May 10 23:07:20 +0000 2013,RT @hoejarris: @PaulMillsap_24 @premierspautah because anyone who has me as their son needs a massage and she's a saint.
332988514813743100,Fri May 10 22:40:23 +0000 2013,I'm giving away 2 massages to @premierspautah for Mother's Day at noon tomorrow. Reply with why your mom deserves a massage. #SupportUtahBiz
321452319927570400,Tue Apr 09 02:39:40 +0000 2013,How you all liking the game so far? Truly amazing basketball we're all witnessing.
321445106353856500,Tue Apr 09 02:11:00 +0000 2013,RT @Crazy_JazzFan: @PaulMillsap_24 looks awesome! Also thanks for all the hard work you put out there each game keep up the good work!
321441863921963000,Tue Apr 09 01:58:07 +0000 2013,How do y'all like my new logo on my site http://t.co/0n8T0dEfzS? Tell me what you think!
320280031458902000,Fri Apr 05 21:01:24 +0000 2013,Correction: @Fatima_Habibaty won tickets to tonight's bees game. Congratulations!
320278951199133700,Fri Apr 05 20:57:07 +0000 2013,congratulations to @Fatima_Habibaty for liking my page and winning the @OfficialSLBees tickets for tomorrows game!
320240790829932540,Fri Apr 05 18:25:28 +0000 2013,Picking a winner for 4 bees tickets to tomorrows game soon! Remember to like my FB page and I'll pick from there. @OfficialSLBees
319536491829280800,Wed Apr 03 19:46:51 +0000 2013,Happy birthday! @24_7ballin: @PaulMillsap_24 Can I get a shoutout for my 17th birthday?
319535041023733760,Wed Apr 03 19:41:05 +0000 2013,I'll be pickin a random person who likes my page
319534495495778300,Wed Apr 03 19:38:55 +0000 2013,alright y'all who loves the @OfficialSLBees? to win 4 tickets for this Saturday, all you gotta do is like my fb page: http://t.co/ezj4HxdEbI
319530859285864450,Wed Apr 03 19:24:28 +0000 2013,Who wants in on the next giveaway? Tweetin it out in about 10 minutes. be ready!
318227016879067140,Sun Mar 31 05:03:27 +0000 2013,Good win #JazzNation love the support! On to the next.
318226779993169900,Sun Mar 31 05:02:31 +0000 2013,RT @courtmerrill23: Met @PaulMillsap_24 tonight! He makes the boot proud on the daily!!! #louisianaproud #latech #utahjazz http://t.co/N ...
317655581672484860,Fri Mar 29 15:12:47 +0000 2013,@formalliemoe happy birthday!
316986390615298050,Wed Mar 27 18:53:39 +0000 2013,Temporarily @flyskiwake: Just tried to visit your website, and said it is not found? Is it just me or are there technical probs with it?
316410936393089000,Tue Mar 26 04:47:00 +0000 2013,RT @Kochdog18: @PaulMillsap_24 great game thanks for the picture and autograph!! @ephdogg88 http://t.co/dodWJ1gFq2
316404351235141600,Tue Mar 26 04:20:50 +0000 2013,Tough loss for @LATechSports b-ball still proud of my bulldogs
316253169334247400,Mon Mar 25 18:20:05 +0000 2013,Thank you! @Crazy_JazzFan: @PaulMillsap_24 checked and liked!
316252250618073100,Mon Mar 25 18:16:26 +0000 2013,hey yall, check out my new facebook pics: http://t.co/Jea33VFRko like my page while you're at it too!
315647058549829600,Sun Mar 24 02:11:37 +0000 2013,RT @c_neiger: @PaulMillsap_24 come with me sometime? Thanks a "hundred" million @dpcheesesteaks I'm so happy! http://t.co/t9TPpeKF0U
315206612858052600,Fri Mar 22 21:01:27 +0000 2013,RT @c_neiger: @PaulMillsap_24 this is the best day of my life!!!!!!! I really am in love with you. Thank you and @dpcheesesteaks
315191962061918200,Fri Mar 22 20:03:14 +0000 2013,Congratulations to @c_neiger for winning the $100 gift certificate to @dpcheesesteaks thanks for the participation y'all!
314936681058947100,Fri Mar 22 03:08:50 +0000 2013,I'm gonna pick a random follower that retweets my last tweet to win the gift card.
314934852417880060,Fri Mar 22 03:01:34 +0000 2013,I'm giving away $100 to one of my favorite places, @dpcheesesteaks Re-tweet this tweet and be sure to follow me. Picking winner tomorrow!
314902327804952600,Fri Mar 22 00:52:20 +0000 2013,This @dpcheesesteaks: Be sure to follow @PaulMillsap_24 right away. Tonight at 9pm he'll be giving away a $100 gift card to DP Cheesesteaks!
314902212725841900,Fri Mar 22 00:51:52 +0000 2013,RT @dpcheesesteaks: Be sure to follow @PaulMillsap_24 right away. Tonight at 9pm he'll be giving away a $100 gift card to DP Cheesesteaks!
314782390214082560,Thu Mar 21 16:55:44 +0000 2013,#tbt at the beach http://t.co/4moGZxzrJv
314458375985430500,Wed Mar 20 19:28:13 +0000 2013,RT @kobebryant: The more I follow, the less I can actually follow..  #timelinemigraine #countonmeactuallyfollowingwhoifollowneed to rota ...
314449742417518600,Wed Mar 20 18:53:55 +0000 2013,Yeah, happening soon @TheSinnerrrr: @PaulMillsap_24 will it be today?
314444244825813000,Wed Mar 20 18:32:04 +0000 2013,and a big shout out to @LATechSports for their first round win in the NIT! Go bulldogs!
314443068839428100,Wed Mar 20 18:27:24 +0000 2013,Coming up with another contest, be ready. This time giving away a $100 gift card to a local restaurant.
313329634823508000,Sun Mar 17 16:43:00 +0000 2013,RT @ChaseAmes: @PaulMillsap_24 thanks again for the tix. I was HUNGRY for a win. I got it. #gojazz http://t.co/rHL96zNSOa
313057769458642940,Sat Mar 16 22:42:43 +0000 2013,RT @flyzach15: @PaulMillsap_24 A RT would just make my day so much better and would be the icing on the cake from going to the Game toni ...
313057698818191360,Sat Mar 16 22:42:26 +0000 2013,RT @emilyarden_: @PaulMillsap_24 #PMSWAG http://t.co/bXyGcBQcLI
313057584745705500,Sat Mar 16 22:41:59 +0000 2013,RT @b_nielsen67: @PaulMillsap_24 #PMSWAG would give me the chance to take one these to the game tonight!!!! http://t.co/3uFS7PkLo7
313057533872971800,Sat Mar 16 22:41:47 +0000 2013,RT @billyconard: @PaulMillsap_24 Such a big fan, I bought my house on this street because of the name.   #PMSWAG http://t.co/opcMtNTArD
313057486942904300,Sat Mar 16 22:41:35 +0000 2013,RT @jonrbing: @PaulMillsap_24 we're the biggest @utahjazz fans and we'd love 2 come watch u win tonight! #UpdateOurJerseys #PMSWAG http: ...
313057374904672260,Sat Mar 16 22:41:09 +0000 2013,RT @kwill777: @PaulMillsap_24 my entire room is a jazz sanctuary I live and breathe the jazz #PMSWAG http://t.co/mbmtknn5s0
313057260505022460,Sat Mar 16 22:40:41 +0000 2013,RT @PorterReeve: @PaulMillsap_24 this is my twitter page #PMSWAG #JazzNation http://t.co/B4NMjPWJsx
313057104497877000,Sat Mar 16 22:40:04 +0000 2013,RT @deige22: @PaulMillsap_24 not sure where to put my pic. I will reply on here and I tweeted regular. #jazznation #PMSWAG http://t.co/p ...
313056603018506240,Sat Mar 16 22:38:05 +0000 2013,I'm gonna retweet some more of the pics I liked.
313047530533433340,Sat Mar 16 22:02:02 +0000 2013,Thanks y'all for participating! You are what makes #JazzNation the best in the NBA!
313047140677087200,Sat Mar 16 22:00:29 +0000 2013,And we have a winner! @ChaseAmes: @PaulMillsap_24 #PMSWAG http://t.co/9U06qdgCQU
313044067216920600,Sat Mar 16 21:48:16 +0000 2013,Sorry everyone. Miscommunication On my end, cutting it off by 4. 10 min. Get your pics in! #PMSWAG
313033588947943400,Sat Mar 16 21:06:38 +0000 2013,Oh, almost forgot. Use #PMSWAG when you tweet so I can see your pic!
313032215598600200,Sat Mar 16 21:01:10 +0000 2013,K everyone, for two tickets hit me up with a pic showin me why you're the greatest jazz fan out there. Closing it at 5. #PMSWAG
313030890810908700,Sat Mar 16 20:55:54 +0000 2013,Hey all, I know it's short notice, but I'm givin away two tickets to tonight's game. Givin the details in a few minutes. #PMSWAG
312456665171632100,Fri Mar 15 06:54:08 +0000 2013,RT @Eptorgan: I made a point to track down my favorite player tonight for a pic: @PaulMillsap_24 . http://t.co/q1Ti19Rkrb
312256632832798700,Thu Mar 14 17:39:17 +0000 2013,Semi #tbt me and my bro. http://t.co/k4S7yHCDX6
310132188916097000,Fri Mar 08 20:57:30 +0000 2013,RT @trilbytreble: @PaulMillsap_24 Very impressive!
310131443634417660,Fri Mar 08 20:54:32 +0000 2013,remember to check out my site http://t.co/0n8T0dEfzS let me know what y'all think.
309724768003829760,Thu Mar 07 17:58:33 +0000 2013,The day I signed with the bulldogs. http://t.co/ARu7hCjzAD
309329421431611400,Wed Mar 06 15:47:35 +0000 2013,@CassiQRose happy birthday!
308663200621150200,Mon Mar 04 19:40:16 +0000 2013,you can catch updates on my google plus page too https://t.co/cTAkmBzIga
308662497240571900,Mon Mar 04 19:37:28 +0000 2013,check out my new website http://t.co/CaRQr0RxjF pretty cool things to check out. follow my updates!
308650257191931900,Mon Mar 04 18:48:50 +0000 2013,Unleashing something here in the next little bit. Stay tuned!
307575625709940740,Fri Mar 01 19:38:38 +0000 2013,RT @DanielClayMoore: Went to my first Tech Basketball game since @PaulMillsap_24 was show in' out. #dunkindawgs did not dissapoint. #WeA ...
307197587839131650,Thu Feb 28 18:36:27 +0000 2013,#throwbackthursday http://t.co/5ILgEboLua
304696126060236800,Thu Feb 21 20:56:32 +0000 2013,Happy #tbt everyone http://t.co/3jbCMpHtJg
304100466625769500,Wed Feb 20 05:29:35 +0000 2013,Great team win tonight! #JazzNation
302582992474361860,Sat Feb 16 00:59:41 +0000 2013,Excited to watch my boy @JeremyEvans40 defend his crown. Bring it back for #UtahJazz
302544108621291500,Fri Feb 15 22:25:11 +0000 2013,RT @NicSLTID: @PaulMillsap_24 A RT for Jeremy?  Lets spread the word an help him defend his crown! http://t.co/vPLTbEzj
302467932615749600,Fri Feb 15 17:22:29 +0000 2013,RT @RenoHaas: Today is my dads birthday and he would love a Bday wish rt from @PaulMillsap_24 is it possible?
301843722893668350,Thu Feb 14 00:02:06 +0000 2013,wrappin it up. thanks ya'll, questions will be answered soon!
301839784664526850,Wed Feb 13 23:46:27 +0000 2013,hey all what questions do you have for me? i'm going to answer them on my site once its up.
301562226920280060,Wed Feb 13 05:23:32 +0000 2013,Great win tonight! That's how we have to play #consistency
301463575858393100,Tue Feb 12 22:51:32 +0000 2013,@scottgoffjr and get there early to eat in the VIP room around 6.
301462722946666500,Tue Feb 12 22:48:08 +0000 2013,@scottgoffjr enjoy the game. Just be sure to pick up the tickets at will call under your name.
301143146883059700,Tue Feb 12 01:38:15 +0000 2013,You guys are fast. That was fun y'all, we'll have to do it again. Always love #JazzNation
301142787431215100,Tue Feb 12 01:36:50 +0000 2013,Final winner! @AllenSchow: #pmswag @PaulMillsap_24 so stoked!!! http://t.co/u1lkEqte
301138436532875260,Tue Feb 12 01:19:32 +0000 2013,Final location: go to the pie pizzeria underground and order #PMSWAG get it!
301134807826587650,Tue Feb 12 01:05:07 +0000 2013,Staying in SLC for the last one. Sorry all who didn't have any #PMSWAG in the area.
301133261265068000,Tue Feb 12 00:58:58 +0000 2013,One more to go. Anyone hungry?
301132733902630900,Tue Feb 12 00:56:53 +0000 2013,Winner! @scottgoffjr: @PaulMillsap_24 #pmswag http://t.co/S3kLcFqL
301130826136055800,Tue Feb 12 00:49:18 +0000 2013,Sounds like it was picked up. Waiting for the picture to verify. #PMSWAG
301127807659024400,Tue Feb 12 00:37:18 +0000 2013,Underneath a table. Go get it #PMSWAG http://t.co/jGVO36DM
301126363086217200,Tue Feb 12 00:31:34 +0000 2013,City creek it is. Be ready for the exact location soon. #PMSWAG
301095115370426400,Mon Feb 11 22:27:24 +0000 2013,I'm thinking downtown next.
301094012826288100,Mon Feb 11 22:23:01 +0000 2013,Got a winner! @Tim_Ormond: @PaulMillsap_24 @scfurse77 15's son.  Hyperfuse.  #pmswag http://t.co/l0EfYvo5
301091290479734800,Mon Feb 11 22:12:12 +0000 2013,Tweet me as soon as you get it. Want to make sure it's gone. #PMSWAG
301090523249266700,Mon Feb 11 22:09:09 +0000 2013,Next place: look behind a big statue. http://t.co/FoJFhzxi
301088380329000960,Mon Feb 11 22:00:38 +0000 2013,Next one comin up real soon.
301068394302685200,Mon Feb 11 20:41:13 +0000 2013,Lovin how fast #PMSWAG is being picked up! Love #JazzNation
301068185262755840,Mon Feb 11 20:40:23 +0000 2013,And it's found. Congratulations! @ryanwood71: @PaulMillsap_24 Nicole will be pumped! Got that #PMSWAG #thanks http://t.co/iAF9JCPF
301062059670523900,Mon Feb 11 20:16:03 +0000 2013,You see the signed ball? Go get it at the district!!! http://t.co/S1CglvdE
301061816430252000,Mon Feb 11 20:15:05 +0000 2013,2nd location: in front of a movie theater on a bench. http://t.co/kS6Lh7ZL
301060088624451600,Mon Feb 11 20:08:13 +0000 2013,Remember to tweet back at me the pic of you using the #PMSWAG right when you get it
301056194045431800,Mon Feb 11 19:52:44 +0000 2013,@PaulMillsap_24 get ready...
301025383388688400,Mon Feb 11 17:50:18 +0000 2013,one down. headin back up to salt lake, keep tabs y'all! get some #PMSWAG
301022964802002940,Mon Feb 11 17:40:42 +0000 2013,Less than 10 min!@Tay_Murph: Just a little #PMSWAG to start off the day! #JazzNation #HappyBirthday @PaulMillsap_24 http://t.co/CYRgA06O
301015406875918340,Mon Feb 11 17:10:40 +0000 2013,There it is. Go get it! Fanzz at university mall. http://t.co/CYMzUwrJ
301015047835115500,Mon Feb 11 17:09:15 +0000 2013,First location: find my signed jersey at this store. Tweeting another pic. You don't need to pay for it. Go get it!! http://t.co/BoID2cbA
301008377419542500,Mon Feb 11 16:42:44 +0000 2013,Starting things off in Utah County soon. Be ready.
300997609940725760,Mon Feb 11 15:59:57 +0000 2013,@ryanwood71 happy birthday Nicole!
300983762752258050,Mon Feb 11 15:04:55 +0000 2013,I'll be tweeting out pictures of things hidden around town, and ya'll have to go pick them up. Good luck!
300983540605136900,Mon Feb 11 15:04:02 +0000 2013,Good morning twitter world! Instead of getting gifts for my birthday yesterday, I'm going to be giving out gifts to fans all day today.
300779617554399200,Mon Feb 11 01:33:43 +0000 2013,Be sure to catch me on channel 2 tonight. Talkin sports!
300747437654564860,Sun Feb 10 23:25:51 +0000 2013,Thanks ya'll for all the birthday wishes! I got something special for all my twitter followers tomorrow. Stay tuned.
300674512419180540,Sun Feb 10 18:36:04 +0000 2013,Happy birthday! @BigBabyJonathan: @PaulMillsap_24 happy b day today is my b day too
300663468770615300,Sun Feb 10 17:52:11 +0000 2013,Happy birthday! @JentryDiederich: @PaulMillsap_24 Happy Birthday! It's my birthday too!
300030932293939200,Fri Feb 08 23:58:43 +0000 2013,RT @Kevin_Hooker10: @PaulMillsap_24 can a jazz fan way out in Virginia get a RT? #JazzNation
300030039783768060,Fri Feb 08 23:55:10 +0000 2013,Game tonight! Who's excited??
299954209648959500,Fri Feb 08 18:53:51 +0000 2013,RT @motorrboater18: @PaulMillsap_24 Is my favorite jazz man! Can I get a RT my man!? #JazzNation
299949700205916160,Fri Feb 08 18:35:55 +0000 2013,hey ya'll, be some of the first to like my facebook page! http://t.co/sMJIzjwc
299738872445825000,Fri Feb 08 04:38:10 +0000 2013,Shout out to my boy! @JeremyEvans40: Excited to defend my title in the #SpriteSlam dunk in Houston!
299693649938231300,Fri Feb 08 01:38:28 +0000 2013,RT @DadoooMoric: @PaulMillsap_24 hey Paul!! It's my 17th birthday today so I was wondering if you and/or your team can hook it up with a ...
299652549076738050,Thu Feb 07 22:55:09 +0000 2013,Welcome! @Akshunz: @PaulMillsap_24 New fan of yours. http://t.co/0Drshi6v
299383510777602050,Thu Feb 07 05:06:05 +0000 2013,Another great win tonight #JazzNation on to the next Friday night against Chicago. Come support!
299286928870764540,Wed Feb 06 22:42:18 +0000 2013,RT @EChatterley25: @paulmillsap_24 can I get a RT?? Big fan of you and the Jazz! #JazzFam #jazznation #getthebuckstoday
299266448151416800,Wed Feb 06 21:20:56 +0000 2013,RT @dhogge3: Goin too see my team play lets kill it tonight!! @PaulMillsap_24 @gordonhayward
299192086207537150,Wed Feb 06 16:25:26 +0000 2013,RT @RenoHaas: Taking my nephew to the #utahjazz game tonight. Can I get RT from my favs? @DeMarreCarroll1 @randyfoye @dfavors14 @PaulMil ...
299182961054593000,Wed Feb 06 15:49:11 +0000 2013,RT @SirJordanHelm: One of these days @PaulMillsap_24 will retweet one of my tweets.
298903452128514050,Tue Feb 05 21:18:31 +0000 2013,Thanks man @DarrenColwell: @PaulMillsap_24 that block you had in the 4th was sick. Good win
298903282821263360,Tue Feb 05 21:17:50 +0000 2013,RT @jaypot27: So much respect for @PaulMillsap_24! He's a baller on &amp; off the court. Can I get a RT on behalf of #JazzNation?
298874351971872800,Tue Feb 05 19:22:52 +0000 2013,@MehmetOkur13 memittt. You have an all access pass. Your the money man lol
298866156075372540,Tue Feb 05 18:50:18 +0000 2013,RT @pjlamb12: After watching @PaulMillsap_24 and Big Al messing around in the locker room, I think they should have their own tv show. I ...
298865939502473200,Tue Feb 05 18:49:27 +0000 2013,Shoot around at 5 @Corbin630: @PaulMillsap_24 How early should I get to the game on Wednesday to get your autograph?
298852107971358700,Tue Feb 05 17:54:29 +0000 2013,RT @mjohns1330: Thanks to everybody who retweeted my tweet so @PaulMillsap_24 could give me tickets. My seats weren't bad http://t.co/oO ...
298683635891052540,Tue Feb 05 06:45:02 +0000 2013,@SNOOPnNyaStereo anybody!
298682570751762400,Tue Feb 05 06:40:48 +0000 2013,@SNOOPnNyaStereo on this 2k
298680554885353500,Tue Feb 05 06:32:48 +0000 2013,@SNOOPnNyaStereo yoooooo!!! What's up fam?
298668779146194940,Tue Feb 05 05:46:00 +0000 2013,Thanks Memo @MehmetOkur13: @PaulMillsap_24 Nice win Paulittt :))
298667232005861400,Tue Feb 05 05:39:52 +0000 2013,Lots of fun chillin with this guy in the locker room after the game. Always loved fresh prince! @alfonso_ribeiro http://t.co/HFIwiEba
298665814536626200,Tue Feb 05 05:34:13 +0000 2013,Great win tonight #JazzNation mad respect to all the fans!
298587773844213760,Tue Feb 05 00:24:07 +0000 2013,@mjohns1330 says I'm following
298587605077995500,Tue Feb 05 00:23:27 +0000 2013,@5kl @mjohns1330 @mehmetokur13 haha didn't use hashtag #bestnbafans
298584066297573400,Tue Feb 05 00:09:23 +0000 2013,Congrats @mjohns1330 for winning the tickets! DM me the name you want them under in will call. Thanks for all the participation! #jazznation
298568356628418560,Mon Feb 04 23:06:58 +0000 2013,lovin the responses #jazznation is the best! keep em comin!
298548692426817540,Mon Feb 04 21:48:49 +0000 2013,@MehmetOkur13 ha, lookin good!
298544554817249300,Mon Feb 04 21:32:23 +0000 2013,My boy knows whats up! @MehmetOkur13: Cuz they give u all they got nite in nite out..Win or lose,They gonna be there 4 u...Gojazz...
298543993778745340,Mon Feb 04 21:30:09 +0000 2013,RT @MehmetOkur13: @PaulMillsap_24 Cuz they give u all they got nite in nite out..Win or lose,They gonna be there 4 u...Gojazz...
298539202314911740,Mon Feb 04 21:11:07 +0000 2013,why are #jazz fans the best fans in the nba? most RTs gets three lower bowl tickets to tonights game. use #bestnbafans - til 5 pm #SACatUta
298532273039478800,Mon Feb 04 20:43:35 +0000 2013,Best fans @NckJrvs: best part of @PaulMillsap_24 on Twitter. he interacts... he's no better than everyone else, I think that's awesome.
298529513128722400,Mon Feb 04 20:32:36 +0000 2013,Love it! @ColettaDesigns: hey Paul, chek out this sick pic i made for you, follow me and ill make you some more thks http://t.co/l0TbV9YM
298526397960429600,Mon Feb 04 20:20:14 +0000 2013,alright #jazznation who is excited for the game tonight? ya'll watchin?
298469136672096260,Mon Feb 04 16:32:42 +0000 2013,Get well soon! @jasontbrown: my 5 year old loves you! he's been sick, could you throw him a shout out to perk him up? his name is Stockton
298465124551909400,Mon Feb 04 16:16:45 +0000 2013,RT @crispeezy70: @PaulMillsap_24 would love a shout out from my favorite player!
298276550795747300,Mon Feb 04 03:47:26 +0000 2013,Great game!!
298142079605936100,Sun Feb 03 18:53:05 +0000 2013,RT @courtmerrill23: @PaulMillsap_24 hell yeah you are! #BayouBoy
298110213322600450,Sun Feb 03 16:46:28 +0000 2013,RT @JonnyWillingham: @PaulMillsap_24 Baltimore 79ers. They got this.
298108765868290050,Sun Feb 03 16:40:43 +0000 2013,I'm a saints fan all the way. But pullin for the Ravens today.
298107737135521800,Sun Feb 03 16:36:37 +0000 2013,Super Bowl Sunday! Who ya'll got?
297584812955414500,Sat Feb 02 05:58:42 +0000 2013,Solid win tonight! Always love the support from #JazzNation
297408001566973950,Fri Feb 01 18:16:07 +0000 2013,thanks ya'll for sharing your favorite jazz moments. i'll hit ya up later. love the jazz fans! #jazznation
297407606383857660,Fri Feb 01 18:14:33 +0000 2013,RT @JakeLouisButler: Frick! @PaulMillsap_24 is about 1 retweet away from an unfollow. #killinmesmalls
297407415291359200,Fri Feb 01 18:13:48 +0000 2013,RT @HickoryBaconBoy: @PaulMillsap_24 could all the #CottonwoodHigh boys get a retweet? #Jazz
297407394957381600,Fri Feb 01 18:13:43 +0000 2013,RT @BradleyDWells: @PaulMillsap_24 so hard to decide! But 3OT win against Raps and Mo's game winning 3 against Spurs are at the top! Hea ...
297407365131681800,Fri Feb 01 18:13:36 +0000 2013,RT @AmberMaddy1: We love @PaulMillsap_24 :) would love a retweet...get the win tonight #WeAreUtahJazz #24 #mybabylovesthejazz http://t.c ...
297406036992737300,Fri Feb 01 18:08:19 +0000 2013,RT @TruBluY: @PaulMillsap_24 triple OT win.  Anytime you get an AND1.  Your crafty steals!
297405747053072400,Fri Feb 01 18:07:10 +0000 2013,RT @dunksonkids: @PaulMillsap_24 the comeback against @DeronWilliams and the Brooklyn Nets! I flew there from Utah and sat right by your ...
297404938034757600,Fri Feb 01 18:03:57 +0000 2013,RT @jazzfan2002: @PaulMillsap_24 any time the Jazz win but I am a true fan so I stick around in the losses to!
297404249187426300,Fri Feb 01 18:01:13 +0000 2013,RT @xgordo30: @PaulMillsap_24 Retweet for all your fans in Scotland!?
297404182095347700,Fri Feb 01 18:00:57 +0000 2013,RT @TheChaseEvans: @PaulMillsap_24 tonights win against Portland!
297404077908824060,Fri Feb 01 18:00:32 +0000 2013,RT @KennChapman17: @PaulMillsap_24 favorite moment is the next game #alwayslookingforward #dontlookback
297404026306306050,Fri Feb 01 18:00:20 +0000 2013,Playing my hardest @DowdAlex: @PaulMillsap_24 Are you going to stay with #jazznation or are you leaving in the next month or so?
297403868919259140,Fri Feb 01 17:59:42 +0000 2013,RT @kingbusche: @paulmillsap_24 favorite Jazz Moment? Hittin up a double double and the W just after joining twitter ;)
297403411215835140,Fri Feb 01 17:57:53 +0000 2013,RT @ColtonClayson: @PaulMillsap_24 Rookie sophomore dance off. Enes Kanter doing the worm.
297403352080330750,Fri Feb 01 17:57:39 +0000 2013,RT @davidjsmith1232: @PaulMillsap_24 Another favorite moment: when you convince Al Jefferson and Marvin Williams to get on Twitter!
297403286074572800,Fri Feb 01 17:57:23 +0000 2013,RT @Miss_Riss12: I ❤ @PaulMillsap_24 ❗
297403205682356200,Fri Feb 01 17:57:04 +0000 2013,RT @chrisblakesley: @PaulMillsap_24 Gordon's behind the back fade away to seal the win over Miami
297403052409901060,Fri Feb 01 17:56:27 +0000 2013,RT @m_harris4: @PaulMillsap_24 Going to the games, it never gets old! We've had so many great time this season, hard to just pick one! # ...
297402406570975200,Fri Feb 01 17:53:53 +0000 2013,RT @ClintBeastWoodx: @PaulMillsap_24 Beating Miami in Utah! Such a fun game to watch! And Finally having my favorite player in the NBA o ...
297402226639532000,Fri Feb 01 17:53:10 +0000 2013,RT @Tim_Rehm: @PaulMillsap_24 big Al's game tying three in the 3OT win vs the raptors!
297402054668865540,Fri Feb 01 17:52:29 +0000 2013,RT @ryanfkingwilson: @PaulMillsap_24 Triple OT win. Al hitting the 3
297402044040495100,Fri Feb 01 17:52:27 +0000 2013,RT @wilcopete: @PaulMillsap_24 Beating the Heat at home! show's the tenacity of the team-that can take down even the world champs! #wear ...
297401963816042500,Fri Feb 01 17:52:08 +0000 2013,RT @davidjsmith1232: @PaulMillsap_24 The @mowilliams three-pointer vs. San Antonio. Also, when Paul Millsap joined Twitter!
297401901228625900,Fri Feb 01 17:51:53 +0000 2013,RT @jtb_brandt: @PaulMillsap_24 definitely gotta be the buzzer beater vs the Spurs. i was blessed enough to see it in person. great team ...
297401492732796900,Fri Feb 01 17:50:15 +0000 2013,aight twitter peeps, hit me up with your favorite jazz moment of the season. let's see what ya'll got.
297401175895068700,Fri Feb 01 17:49:00 +0000 2013,RT @big_farmer_fred: @PaulMillsap_24 I would absolutely enjoy a retweet from my favorite jazz player!! I can't wait to see you rock the  ...
297373609280827400,Fri Feb 01 15:59:28 +0000 2013,RT @Jacobthom9: @PaulMillsap_24 need to get Paul's followers up ! #followfridays
297194527255560200,Fri Feb 01 04:07:51 +0000 2013,RT @Jazz6thman: Got hacked opening a DM from Kevin Murphy. That ain't right.
297192332913156100,Fri Feb 01 03:59:08 +0000 2013,Looking like my account may have been hacked. Don't click any messages from me. Workin on it.
296855663504654340,Thu Jan 31 05:41:20 +0000 2013,RT @mggreen3: @PaulMillsap_24 Welcome to twitter man. Can I get a retweet? #UtahJazz #paulmillsap
296853765686980600,Thu Jan 31 05:33:47 +0000 2013,RT @MaryUtah: “@PaulMillsap_24: @mowilliams hit me up with a shoutout! looking for more followers.” Following!!!
296851953437253600,Thu Jan 31 05:26:35 +0000 2013,@FakeMHarpring I see you!
296849056901242900,Thu Jan 31 05:15:05 +0000 2013,Shout out to all my new followers on my first day!
296848842589098000,Thu Jan 31 05:14:14 +0000 2013,Me and my boy Marvin chillin after the great win. Thank you #jazznation! http://t.co/IBCsZuYR
296842972580941800,Thu Jan 31 04:50:54 +0000 2013,RT @mowilliams: Everybody welcome my homie P Diddy @paulmillsap_24. #finally made it
296801247124660200,Thu Jan 31 02:05:06 +0000 2013,RT @JazzNation2013: #JazzNation Welcomes @PaulMillsap_24 to twitter. We love you Paul! #GoJazz
296799504303288300,Thu Jan 31 01:58:10 +0000 2013,RT @utahjazz: I can confirm that @PaulMillsap_24 is indeed Paul Millsap. We will get the account verified soon. #NOHatUTA
296799422950563840,Thu Jan 31 01:57:51 +0000 2013,RT @DJJazzyJody: Just verified from the man himself that @PaulMillsap_24 is indeed Paul Millsap.
296746465731170300,Wed Jan 30 22:27:25 +0000 2013,@mowilliams hit me up with a shoutout! looking for more followers.
296740924946518000,Wed Jan 30 22:05:24 +0000 2013,RT @PJtweetz: @PaulMillsap_24 Didn't miss a home game your entire career at tech and even made a trip to Memphis your Jr. year. How abou ...
296709807715524600,Wed Jan 30 20:01:45 +0000 2013,RT @Reggi3_24: One of the ultimate professionals in the NBA is now on twitter! Give @PaulMillsap_24 a follow!
296702236908724200,Wed Jan 30 19:31:40 +0000 2013,RT @LATechHoops: We changed our avatar in honor of one of the greatest Bulldog bball players Paul Millsap (@PaulMillsap_24) joining twit ...
296702176053583900,Wed Jan 30 19:31:25 +0000 2013,RT @theJFord: Some of my fondest memories as a student at #LATech came from @LATechHoops games when @PaulMillsap_24 was playing sitting  ...
296695175185571840,Wed Jan 30 19:03:36 +0000 2013,RT @BleedTechBlue: Pretty awesome that we were one of the first accounts that @LATechHoops great Paul Milsap (@PaulMillsap_24) followed. ...
296695155296190460,Wed Jan 30 19:03:32 +0000 2013,RT @LATechHoops: Be sure to follow former @LATechHoops legend Paul Millsap (@PaulMillsap_24) #WeAreLATech #DogStrong
296695133771014140,Wed Jan 30 19:03:26 +0000 2013,RT @tylerwarren22: One of @LATechHoops best @paulmillsap_24 got a twitter! Go follow!
296686158526701600,Wed Jan 30 18:27:47 +0000 2013,yes, this is my actual twitter account. working on getting the verification tag from twitter. please help spread the word!
296686158526701600,Wed Jan 30 18:27:47 +0000 2013,yes, this is my actual twitter account. working on getting the verification tag from twitter. please help spread the word!
