id,created_at,text
1242825935482749000,Wed Mar 25 14:49:28 +0000 2020,@MumbaiPolice people are back on the streets. Cars bikes autos on yaari road Versova. As soon as the cops have left. Heavy fines please?
1242400368375386000,Tue Mar 24 10:38:25 +0000 2020,@Uppolice @lkopolice Got them a into ambulance to take them to Medanta hospital. Looking for a pass for their drive… https://t.co/QxCG3SQdm8
1242392880003469300,Tue Mar 24 10:08:39 +0000 2020,@Uppolice how can a family member get a pass to take older members to the hospital? Friend is in Mumbai. Father has… https://t.co/G6J4m1xBQ4
1024037095617097700,Mon Jul 30 21:00:43 +0000 2018,@OnePlus_Support Exactly my point. Isn't it a design flaw? The oneplus3 chargers where not this broad. They worked just fine.
1023835301658206200,Mon Jul 30 07:38:52 +0000 2018,@OnePlus_IN how is this going to ever work? Not just European airport, it's an issue on Indian airports too. The ad… https://t.co/v4q5np77CZ
944812616932843500,Sun Dec 24 06:10:56 +0000 2017,Gandlaf gets puppy votes too! #gandalfthewhite #hendricksapproved @ Pune City https://t.co/Yh1zZWxl3U
935428106331942900,Tue Nov 28 08:40:14 +0000 2017,@TheOfficialSBI one of my imps is showing in progress since 21st November, How can i get it resolved. Give me an em… https://t.co/G3Q9145JjC
935036124476481500,Mon Nov 27 06:42:38 +0000 2017,@TheOfficialSBI Can you get me working landline numbers of SBI SIB branch Pune. My IMPS made on 21st November is st… https://t.co/S497QDRVMM
935034919129976800,Mon Nov 27 06:37:51 +0000 2017,@TheOfficialSBI your branch phone numbers aren't working. There is no official list of branch details on your websi… https://t.co/ZyRtsMY59x
931012896041177100,Thu Nov 16 04:15:46 +0000 2017,@Olacabs  and @Uber  you should really look at pet friendly cabs. Especially outstation cabs!
931010074943688700,Thu Nov 16 04:04:33 +0000 2017,@Olacabs can I take Hendricks along in the outstation car? He will be meeting his grandparents for the 1st time in… https://t.co/au78beJwX2
925576483090735100,Wed Nov 01 04:13:24 +0000 2017,@Quikr  why is your scheduling team so disorganized! Between the seller and I we have wasted 2 working days!
911438010029293600,Sat Sep 23 03:52:09 +0000 2017,RT @RajkummarRao: Very happy to share this news that #NEWTON is India's official entry to the #OSCARS this year. Congratulations team.
907938104392032300,Wed Sep 13 12:04:47 +0000 2017,RT @anikaitc: 3rd edition of #24ADP #Digital #Conference is taking place on 7th Sept. Grab your early bird passes b4 its too late! https://…
903941839350251500,Sat Sep 02 11:25:03 +0000 2017,RT @sobelix: @rha_india being covered by History Channel. More power to @blueghose &amp; Co https://t.co/2oXWvcvNYo
902458740460273700,Tue Aug 29 09:11:45 +0000 2017,RT @MumbaiPolice: If you are stuck on the road , kindly dial 100 or contact us on Twitter. We will  assist you #MumbaiRains
902442020131692500,Tue Aug 29 08:05:18 +0000 2017,Are you vishwas or avishwas? #theinterview https://t.co/Z430blNpTz
848530569793327100,Sun Apr 02 13:40:27 +0000 2017,RT @Phil_Lewis_: This is the best video on the Internet currently. https://t.co/KPNZddth5S
848139749936083000,Sat Apr 01 11:47:28 +0000 2017,RT @indiantweeter: Suhana khan is 16 years old, indiatoday wants you to spice up your Friday by looking at 20 photos of a 16 year old. Bril…
840013626668806100,Fri Mar 10 01:37:09 +0000 2017,@greenappletwist I think it's reaching India now! All the beverages have Matcha suddenly
839736949787119600,Thu Mar 09 07:17:45 +0000 2017,So Matcha is the new Kale now?
831483897477288000,Tue Feb 14 12:43:04 +0000 2017,RT @schmmuck: Mother of god what is this abomination ??! https://t.co/XqHctRJd6Q
823872369840234500,Tue Jan 24 12:37:34 +0000 2017,RT @KeerthiKadam: Successful event #FAS2017 @creativebharat6 @wittypendotcom @ghemudamol @100rupis @_dasharathi @Puneri_Raavan @sonalibrahm…
811505499183153200,Wed Dec 21 09:36:02 +0000 2016,History lessons #travelgram  #kalapani #solotraveler  #andaman @ Cellular Jail https://t.co/FhxFeECtxl
811449545087275000,Wed Dec 21 05:53:42 +0000 2016,Travel to USA, Australia, Italy or China with TourRadar and Topdeck! #LifeIsAJourney #gotouring https://t.co/Y2m1VPDSfw
789438380949897200,Fri Oct 21 12:09:11 +0000 2016,Boom! OnePlus Dash for Diwali Level 3 'Splash'! #OnePlusDiwaliDash https://t.co/OokI1uexWj
789438342710501400,Fri Oct 21 12:09:02 +0000 2016,Boom! OnePlus Dash for Diwali Level 3 'Splash'! #OnePlusDiwaliDash https://t.co/jjrqT8la0F
783696061764214800,Wed Oct 05 15:51:16 +0000 2016,@nitkoos @Uber_India same story all the time
782105028391608300,Sat Oct 01 06:29:04 +0000 2016,Kerala is only 1% away from being ODF! Let’s support them as they go #TheLastMile https://t.co/vvwpqnSNNu #globalcitizenIndia
782104861437329400,Sat Oct 01 06:28:24 +0000 2016,.@vijayanpinarayi @drthomasisaac Only 1% away! Include migrant workers &amp; make Kerala ODF by #WorldToiletDay #TheLastMile #GlobalCitizenIndia
780293798660157400,Mon Sep 26 06:31:53 +0000 2016,RT @anikaitc: @AkshatShaligram @happyPaapi @Puneri_Raavan @sheetalw Check this out! https://t.co/cZy7IiQ8kv
777818811026157600,Mon Sep 19 10:37:10 +0000 2016,My friends finally have an emoji (🖕) to express their feelings towards me. Finally no length angry messages!
768040307506155500,Tue Aug 23 11:00:53 +0000 2016,@FabFurnish thank you
768031818385920000,Tue Aug 23 10:27:09 +0000 2016,@FabFurnish you will need to share it with my friend, how do I get her in touch with you?
768020468053971000,Tue Aug 23 09:42:03 +0000 2016,@FabFurnish where do we escalate it now. Apparently your customer service doesn't care much! https://t.co/yWKToZ251i
766657233769812000,Fri Aug 19 15:25:02 +0000 2016,Aata me kharach marin #marathimanoos #SindhuForGold
766656274960293900,Fri Aug 19 15:21:14 +0000 2016,No nails left to bite #SindhuForGold
762957854567440400,Tue Aug 09 10:25:02 +0000 2016,@passportsevamea wht's  d police verification process? recvd passport but no update on it. Fmly hasnt hd any in months too. travelling soon!
753154800309633000,Wed Jul 13 09:11:11 +0000 2016,@awaiz_mukadam you get used to it :) And also make minor modifications
746204141236588500,Fri Jun 24 04:51:45 +0000 2016,@awaiz_mukadam riders yes, driver no.
739686630949167100,Mon Jun 06 05:13:30 +0000 2016,Another fabulous weekend with @PuneMarketers at #24adp lets #EvolveTogether! Thank you to the brilliant speakers
739684513278627800,Mon Jun 06 05:05:05 +0000 2016,@sarpotdar_eshan was lovely meeting you yesterday https://t.co/k6Upq8re7i
739684227822719000,Mon Jun 06 05:03:57 +0000 2016,RT @AkshatShaligram: Overwhelmed with response &amp;feedback received for #24adp! What else you need on #monday morning 😃😃 #mondaymotivation ht…
739175427176964100,Sat Jun 04 19:22:09 +0000 2016,RT @PuneMarketers: All set for #24ADP #digitalmarketing #conference #preparations #excited https://t.co/fmN7MT0cAI
739175283375231000,Sat Jun 04 19:21:35 +0000 2016,RT @PuneMarketers: Spreading smiles all over comes our speakers @DJaynomics @Puneri_Raavan . Meet them at #24adp #evolvetogether #pune http…
739175159232233500,Sat Jun 04 19:21:05 +0000 2016,RT @PuneMarketers: #Digitalmarketing in #realestateindustry #24adp Listen to @Puneri_Raavan @lakeer07 &amp; Sameer Wagh from @timesofindia http…
712594272806023200,Wed Mar 23 10:58:08 +0000 2016,@CourtyardChakan Surely, I plan to come there for a long ride. Whats on the menu?
710333786337062900,Thu Mar 17 05:15:46 +0000 2016,#doglovers @SanyaSays help please? https://t.co/yYS5LoVWiF
709292893563854800,Mon Mar 14 08:19:38 +0000 2016,@sheetalw #GirlLove I love how you have built your patience in 2 years :D
707248317336395800,Tue Mar 08 16:55:13 +0000 2016,@greenappletwist lol till midnight, now my midnight and yours might be different ;)
707231382192267300,Tue Mar 08 15:47:55 +0000 2016,@TK_INDIA  I dnt kow the girl bu she was riding a @royalenfield on a local magazine cover when i was 7-8. That made me think more of myself
707230403573063700,Tue Mar 08 15:44:02 +0000 2016,@TK_INDIA @kavikanaparthi wanted to be a pilot #TKDelightfulStories
707230218667171800,Tue Mar 08 15:43:18 +0000 2016,@TK_INDIA  yoga #TKDelightfulStories
707229327377588200,Tue Mar 08 15:39:45 +0000 2016,RT @TK_INDIA: Q4. Ultramarathon is a normal marathon which is ________?  https://t.co/383RSparrW #TKDelightfulStories #WomensDay
707229134628335600,Tue Mar 08 15:39:00 +0000 2016,RT @TK_INDIA: #RT &amp; answer all the Qs to #win return flight tickets to a destination of your choice! https://t.co/383RSparrW #TKDelightfulS…
707229041829384200,Tue Mar 08 15:38:37 +0000 2016,@TK_INDIA @Globeracers races and racers #TKDelightfulStories
707227982604075000,Tue Mar 08 15:34:25 +0000 2016,@greenappletwist  probably we can go to turkey? #TKDelightfulStories https://t.co/jt5JbRMxp0
707227530122559500,Tue Mar 08 15:32:37 +0000 2016,@TK_INDIA Bangalore Palace #TKDelightfulStories
707226989795541000,Tue Mar 08 15:30:28 +0000 2016,@TK_INDIA #TKDelightfulStories  Ultra Marathon runner Kavitha Kanaparthi in Banglore! Begur parts I think
707066817345417200,Tue Mar 08 04:54:00 +0000 2016,There you go @rohanbuilders &amp; @Binti_Period #smashshame with #bintirosepose have a happy period this women's day https://t.co/YLSx6mzJrB
705798577524617200,Fri Mar 04 16:54:28 +0000 2016,@vartikAab  @DasraIndia @gatesfoundation let's do it !
705398644850221000,Thu Mar 03 14:25:17 +0000 2016,RT @a_bhatewara: Thx @kunjal23 for the illuminating talk on use of #socialmedia in HR @RohanBuilders! https://t.co/SXOxxW6Ic2
705290131767320600,Thu Mar 03 07:14:05 +0000 2016,This women’s day lets #BintiRosePose instead of just giving a rose… https://t.co/srAVdhQNhf
704568661688713200,Tue Mar 01 07:27:13 +0000 2016,RT @LastWeekTonight: #MakeDonaldDrumpfAgain https://t.co/ISfj3GUNUy
704183715753238500,Mon Feb 29 05:57:35 +0000 2016,80 lakhs to panchayat, I cn see more #audiwalasarpanch #UnionBudget2016 #Budget2016
701654937428578300,Mon Feb 22 06:29:07 +0000 2016,@ChitraChaudhuri For sure! Bijlee just got revamped, you will like to see her
701652471240740900,Mon Feb 22 06:19:19 +0000 2016,RT @SokratiTutors: Happiness is when your client is happy with you! @RohanBuilders CMO Abhishek @a_bhatewara testifying @sokrati https://t.…
701651319350661100,Mon Feb 22 06:14:45 +0000 2016,@ChitraChaudhuri oops, just saw this! Coming to Pune?
699817997750267900,Wed Feb 17 04:49:47 +0000 2016,RT @PuneMarketers: Pune digital marketers is back;awesome agenda,amazing speakers;4-5 Jun'16, https://t.co/LendWMjHFD #Digitalmarketing htt…
684320570998046700,Tue Jan 05 10:28:32 +0000 2016,@anaggh looking forward to it
684320305083363300,Tue Jan 05 10:27:29 +0000 2016,RT @AkshatShaligram: #ImSoPuneri my 31st Dec celebration was in Narayan Peth 😄😄😂
682796383611453400,Fri Jan 01 05:31:58 +0000 2016,@anaggh lets change it this year? We can meet over a nice meal in Pune whenever you like!
675605953769705500,Sat Dec 12 09:19:46 +0000 2015,Morning sun, coffee mug, a book in hand n Dido/Adele playing on loop #ItsMySpot @RohanBuilders https://t.co/l9YBe8gLXv
674851025791025200,Thu Dec 10 07:19:57 +0000 2015,@RohanBuilders adele songs and window corner coming your way soon! https://t.co/f8keuMOE8K
674437967566377000,Wed Dec 09 03:58:36 +0000 2015,Sometimes Bombay surprises you with so much innocence… https://t.co/L52OX8MEjT
673369277836079100,Sun Dec 06 05:12:01 +0000 2015,Looks nice and tastes awesome! #lovingCalories #cheesecake #phew https://t.co/IujmqBBQmv
673180997949657100,Sat Dec 05 16:43:51 +0000 2015,First go at cheesecake #baking #lovingCalories https://t.co/j9moa4HaVi
672361806946566100,Thu Dec 03 10:28:41 +0000 2015,#RadioCityChennai #help RT  https://t.co/fK9Q2QzC2T
672344990018904000,Thu Dec 03 09:21:51 +0000 2015,#ChennaiFloods #help need 2 contact 4 girls in #perungudi #ChennaiRainsHelp Fernland Apt Church main road cnt gt thru thm house no 20 pls RT
648370964007252000,Mon Sep 28 05:37:38 +0000 2015,RT @anikaitc: Social Media be like...  #DigitalIndia #ModiAtFacebook #ModiInUSA http://t.co/0HPD4SKDC4
642625081135403000,Sat Sep 12 09:05:33 +0000 2015,RT @PuneMarketers: Boys and girls, please have a look at newly launched - http://t.co/ef59zBR1xl :) #Digitalmarketing #Pune #Socialmedia ht…
630283339887292400,Sun Aug 09 07:43:52 +0000 2015,RT @TheFlourWorks: What's a #Sunday without some #bacon? #FoodQuotes #Weekends #PuneFoodies http://t.co/lEBPiRs3sG
626417931803566100,Wed Jul 29 15:44:07 +0000 2015,Soupy dinner with mum #yummyInmyTummy #homechef #redlentilsoup https://t.co/5DeIpCGeOU
613013731866312700,Mon Jun 22 16:00:37 +0000 2015,RT @AksharPathak: A true sign of adulthood is having Tide, Colin, Harpic, and Lizol in your grocery bag.
607807207313272800,Mon Jun 08 07:11:45 +0000 2015,@hrishikeshkunte @24adp @SupercoolSEO @amitksrawat @_dasharathi Was a pleasure! Thanks for being such a sport through the day.
607622609585340400,Sun Jun 07 18:58:13 +0000 2015,Its a wrap guys @24adp ! What a brilliant time with all the people out there http://t.co/D5tswT4ICH
607612888501485600,Sun Jun 07 18:19:36 +0000 2015,@amitksrawat @CrccPune Checking it out soon with #Bijlee!
607246684532281300,Sat Jun 06 18:04:26 +0000 2015,Amazing Day1 @24adp. Smiling speakers, enthusiastic listeners n a #vibrantTeam. Looking fwd to tomorrows hustle and bustle. #Exictedmeinidda
597649262172733400,Mon May 11 06:27:42 +0000 2015,Three trips for 2 in Australia, Cambodia, Brazil are up for grabs. Enter to win one of them. http://t.co/tKg8MBnuwL #TourRadar #wonderlands
594340199808761900,Sat May 02 03:18:40 +0000 2015,Perfect mornings! #goa https://t.co/ul2121ZcWE
594080883151413200,Fri May 01 10:08:14 +0000 2015,Hello beach #goa is where #kings is! https://t.co/Hicix4FvFg
588657057370218500,Thu Apr 16 10:55:53 +0000 2015,Some people should just not reproduce https://t.co/bI0ZywFMqA
586869161462079500,Sat Apr 11 12:31:26 +0000 2015,Send TRAI your views, protect #NetNeutralityIndia and #SaveTheInternet - http://t.co/WfGncupDJy
580744979275886600,Wed Mar 25 14:56:07 +0000 2015,RT @PuneMarketers: This year we bring to Apla Pune the best of digital marketing thought leaders. #24adp http://t.co/x12W7fGUic
580261820197433300,Tue Mar 24 06:56:13 +0000 2015,Riding up a storm #sundaymorning #bijlee https://t.co/9kY9vSSAt9
574134635422162940,Sat Mar 07 09:08:58 +0000 2015,Well the boy always look drunk #holiness #colours #FreekaChasma https://t.co/9yAk3Vliz2
560828724312948740,Thu Jan 29 15:56:02 +0000 2015,@greenappletwist automated expense sheet next?
560828480896528400,Thu Jan 29 15:55:04 +0000 2015,@greenappletwist haha creating your own magic Huh?
551657214415368200,Sun Jan 04 08:31:43 +0000 2015,@PuneMarketers @SocialScatterer @8ap home and office. @SanyaSays please help with the query
532816589339365400,Thu Nov 13 08:45:48 +0000 2014,@Testerfly @MrShri have been meaning to go there for ages. Think will go there this week. What should i look fwd to?
532815678877614100,Thu Nov 13 08:42:11 +0000 2014,RT @SapnaSarfare: @Puneri_Raavan http://t.co/o80eLuUTDv
529224421211242500,Mon Nov 03 10:51:49 +0000 2014,@ChandniT now I am craving them too! The owner had told me he will freeze them and send, be a darling and get it done?
529149648762441700,Mon Nov 03 05:54:42 +0000 2014,You know you are a #HarryPotterForever  fan when your phone autocorrects diagonally  to diagon alley!
493066008123695100,Sat Jul 26 16:11:11 +0000 2014,I'm at Malaka Spice (Pune, Maharashtra) w/ 3 others https://t.co/BZtrnYbIwA
492231083342446600,Thu Jul 24 08:53:30 +0000 2014,I'm at Habibi (Pune) http://t.co/15GhyiT664
489379564066730000,Wed Jul 16 12:02:34 +0000 2014,Coffee with Boss (@ Le Plaisir w/ @sanyasays) http://t.co/raUVcFbvg9
487551596856094700,Fri Jul 11 10:58:53 +0000 2014,Boss lady! @sanyasays! #hitler #work #boss http://t.co/8e0cvhViNL
487547128236212200,Fri Jul 11 10:41:08 +0000 2014,:D (@ MagikBox Media - @magikboxindia) http://t.co/crNRjruJPm
472699705915240450,Sat May 31 11:22:46 +0000 2014,@khatteemithi oh had a  rocking start! Will end it with a blast!
471377668034687000,Tue May 27 19:49:28 +0000 2014,@khatteemithi coming soon aap ke city mein
471376987315920900,Tue May 27 19:46:46 +0000 2014,@khatteemithi such prettiness! My hippie life plans should start from Canada?
471376589632983040,Tue May 27 19:45:11 +0000 2014,Friend found #Malad in America! Look for building for Valentine there as well @TheCastelino? http://t.co/P7lVXXcXMy
471373733450375200,Tue May 27 19:33:50 +0000 2014,@khatteemithi rather correct the when to went
471373099070263300,Tue May 27 19:31:19 +0000 2014,@khatteemithi when for long drive and coffee! Momos were added joy! Send you Ganesh bhel ki bhel. He exports!
471371658528190460,Tue May 27 19:25:35 +0000 2014,@khatteemithi you are missing the wonderful Pune weather! #SummerRains
470868401553145860,Mon May 26 10:05:49 +0000 2014,Home is where your minion is! #minion #speaker #gift #bestieLove http://t.co/DL6rTvrKm9
465410999458091000,Sun May 11 08:40:03 +0000 2014,RT @Zomato: Here's to the greatest superhero ever! #HappyMothersDay http://t.co/7XHLDn8AIH
462083604122959900,Fri May 02 04:18:10 +0000 2014,Look what I found! #90s #flashBack #dad #sista #naughtyMe http://t.co/aKPihjvwAw
458817402273153000,Wed Apr 23 03:59:27 +0000 2014,@khatteemithi le chale le chale from my brother Nikhil is stuck in my head since morning #SoulMusic
457224701400850400,Fri Apr 18 18:30:38 +0000 2014,Zomato love (@ Quarter Pillar w/ 3 others) http://t.co/A6gWOtdos7
454217137314226200,Thu Apr 10 11:19:39 +0000 2014,@AsianExpressIn congratulations! Heard few days back! Next food outing spot
452402256399597600,Sat Apr 05 11:07:57 +0000 2014,Mumbai bound (@ Expressway Food Mall w/ 2 others) http://t.co/IZ7TO5ebkv
452096323601592300,Fri Apr 04 14:52:17 +0000 2014,Awesome friends keep you updated #RE #goodies @boyofbaz ❤️ http://t.co/UloqCfEC1T
450293752586706940,Sun Mar 30 15:29:31 +0000 2014,@greenappletwist haha and miss Aakanksha's hen party? #killme
450269773209681900,Sun Mar 30 13:54:14 +0000 2014,RT @AksharPathak: Facebook, I've had it with the sponsored stories. I'm not interested. Please stop acting like a Baniya. Your name is not …
450269482854797300,Sun Mar 30 13:53:04 +0000 2014,@greenappletwist coming weekend? Aaja!
449950092108107800,Sat Mar 29 16:43:56 +0000 2014,@rushilwalia more pictures please!
449947078169350140,Sat Mar 29 16:31:57 +0000 2014,@khatteemithi @DDas haha then Canada Bhraman happens?
449946931477770240,Sat Mar 29 16:31:22 +0000 2014,@MissDeeCurls @greenappletwist in case I fun what I am looking for Manila, NY and Brazil will definitely happen along with Mumbai of course
449867660491120640,Sat Mar 29 11:16:23 +0000 2014,@greenappletwist oh what was the name of the restaurant chain guy that you #louv  saying!
449867030804434940,Sat Mar 29 11:13:52 +0000 2014,@khatteemithi how is ze tuRonto!
449864726701277200,Sat Mar 29 11:04:43 +0000 2014,@khatteemithi working on Saturday! :(
449850340389552100,Sat Mar 29 10:07:33 +0000 2014,@greenappletwist @MissDeeCurls @happening will know by next month! Will always be just a few months/years. Mumbai and I can never be forever
449786696058425340,Sat Mar 29 05:54:39 +0000 2014,@greenappletwist @MissDeeCurls @TheCastelino Mumbai might be happening again! I think I need my girls back for the pending drinking night!
449784468308365300,Sat Mar 29 05:45:48 +0000 2014,@greenappletwist how does Mehul Dixit sound?
449439439408754700,Fri Mar 28 06:54:47 +0000 2014,@greenappletwist The tiny lill things in life can be adjust/squashed/folded and taken along all the time. Worry not! And oh so cute he is!;)
449437791735140350,Fri Mar 28 06:48:14 +0000 2014,You know you are loved when your guy and girl friends show you off with pride! #love #friends http://t.co/Dtlcfa2NKt
445222318957010940,Sun Mar 16 15:37:27 +0000 2014,@greenappletwist holi scenes tomorrow in Pune! Coming?
444526353333772300,Fri Mar 14 17:31:56 +0000 2014,RT @SMEFsBrick: That's SMEF's Brick Group of Institutes #architecture #design #rainsinsummer #education #pune #interiordesign http://t.co/v…
443267292944560100,Tue Mar 11 06:08:52 +0000 2014,@khatteemithi this weeks plan!
442584571205275650,Sun Mar 09 08:55:59 +0000 2014,@khatteemithi yup!
442560259920388100,Sun Mar 09 07:19:23 +0000 2014,@khatteemithi #sundaybrunch  cheese mushroom with basil omelette http://t.co/67mKbopozr
442149632622075900,Sat Mar 08 04:07:41 +0000 2014,@RimaMIshra2 @khatteemithi the night was filled with wine, hysterical mythology and #Thebong who tried to talk in Marathi!
438565899507748860,Wed Feb 26 06:47:13 +0000 2014,RT @_Snape_: Draco Malfoy having hard times.. http://t.co/L6JswOWzcR
438559699152027650,Wed Feb 26 06:22:34 +0000 2014,Happy With the changes now @MissDeeCurls @WoMenon91 @greenappletwist ?
438497147734880260,Wed Feb 26 02:14:01 +0000 2014,@hamganesh @akkiman haha I would say THE girl on the Cafe Racer! Made my day
423348534826369000,Wed Jan 15 06:58:50 +0000 2014,Falling in love with the classics all over again! #vintagebikes http://t.co/clRFf47dIZ
422012341597659140,Sat Jan 11 14:29:17 +0000 2014,@SanyaSays @TheFlourWorks @rohanlilani tomorrow a date?
419014829622325250,Fri Jan 03 07:58:14 +0000 2014,@rohanlilani @TheFlourWorks @SanyaSays better inform me
405768490079891460,Wed Nov 27 18:42:01 +0000 2013,@greenappletwist hahaha. It might be true. Rational school of thought
405312302217314300,Tue Nov 26 12:29:17 +0000 2013,@Shaair forgot my nephews naming ceremony for a short while when I heard you were playing at high! Haha was a pleasure watching you perform
401278479003435000,Fri Nov 15 09:20:19 +0000 2013,@WoMenon91 exams done? Movie time chalu?
400963527935946750,Thu Nov 14 12:28:49 +0000 2013,@greenappletwist was it equally hot and had no cafés except a huge ass mall?
400643840391925760,Wed Nov 13 15:18:29 +0000 2013,@Sanya_Says  long drive pe chal? #winteriscoming
397807694813212700,Tue Nov 05 19:28:40 +0000 2013,@SanyaSays @rohanlilani long drive pe chal!
383189665505087500,Thu Sep 26 11:21:50 +0000 2013,@SanyaSays bwhahahahaha kill me now
383188741512511500,Thu Sep 26 11:18:09 +0000 2013,@SanyaSays which tykes today?
383188351651954700,Thu Sep 26 11:16:36 +0000 2013,@SanyaSays I know #InterviewsDay
377452379668373500,Tue Sep 10 15:23:54 +0000 2013,@greenappletwist @TheCastelino ermmm.. There will be stuff on fb tomorrow #ProBlackmailer
377449970443378700,Tue Sep 10 15:14:20 +0000 2013,@TheCastelino can't find, where is the video? @greenappletwist  help please
369717959964786700,Tue Aug 20 07:10:05 +0000 2013,@Digital_Baba surething! Get my name right this time :)
369711865309306900,Tue Aug 20 06:45:52 +0000 2013,@mojorojo Just got mine. The server must have got screwed
369710774991601660,Tue Aug 20 06:41:32 +0000 2013,Booked! http://t.co/5ryeD1ORyl http://t.co/onPjv36y1u via @NH7
369682963450974200,Tue Aug 20 04:51:01 +0000 2013,@MissDeeCurls @WoMenon91 @greenappletwist blah
369510722696257540,Mon Aug 19 17:26:36 +0000 2013,@WoMenon91 @MissDeeCurls @greenappletwist aaj khatam hone aa gaya. Abort mission
369510562415136800,Mon Aug 19 17:25:57 +0000 2013,@greenappletwist @TheCastelino deal. Oh it sounds lovely
369491964057509900,Mon Aug 19 16:12:03 +0000 2013,@greenappletwist @TheCastelino well I am sick of asking you guys to come on skype. So go figure
369422874236309500,Mon Aug 19 11:37:31 +0000 2013,@greenappletwist &amp; @TheCastelino  say bye to danzakudro. Welcome #MovesLikeJagger
369347321776992260,Mon Aug 19 06:37:18 +0000 2013,@MissDeeCurls @greenappletwist @WoMenon91 you are all fired
369332769500835840,Mon Aug 19 05:39:28 +0000 2013,@greenappletwist @WoMenon91 @MissDeeCurls. Can you help. These girls are just not cut out for the job
369279470869299200,Mon Aug 19 02:07:41 +0000 2013,@greenappletwist @WoMenon91 not for you chotu, me
369168412619993100,Sun Aug 18 18:46:23 +0000 2013,@WoMenon91 @greenappletwist taken. Not original as well
369158666991067140,Sun Aug 18 18:07:39 +0000 2013,@WoMenon91 finally back here. Suggest names you n @greenappletwist
341785536878506000,Tue Jun 04 05:16:36 +0000 2013,@greenappletwist baby I am armed! run for your life, coz you and I will get closer #MolestingYourLove
314368012683706400,Wed Mar 20 13:29:09 +0000 2013,@piyushn that will be me I guess! Sales and marketing manager actually
309692218803892200,Thu Mar 07 15:49:13 +0000 2013,@AoiMumbai. And I am back again
309692120518758400,Thu Mar 07 15:48:49 +0000 2013,@saketpgupta what do I do?!
306783497861857300,Wed Feb 27 15:11:00 +0000 2013,@PolyesterPalla cheers
306302527685677060,Tue Feb 26 07:19:48 +0000 2013,WTF twitter! Stop spamming people through my in box!
305275418120953860,Sat Feb 23 11:18:26 +0000 2013,@MissDeeCurls tonight's POA?
305269612164050940,Sat Feb 23 10:55:21 +0000 2013,@MissDeeCurls and will you have time for me one of these days btw?
305254845605089300,Sat Feb 23 09:56:41 +0000 2013,@MissDeeCurls @greenappletwist it threw up on D
302005799826382850,Thu Feb 14 10:46:08 +0000 2013,@jarnagandhi @shereendsouza do you wants some?
301982184393302000,Thu Feb 14 09:12:17 +0000 2013,@jarnagandhi @shereendsouza meet and we'll talk
301981438910275600,Thu Feb 14 09:09:20 +0000 2013,@jarnagandhi @shereendsouza is not here, but can I get some cupcakes? *doing the eye lashes thing*
301683883328557060,Wed Feb 13 13:26:57 +0000 2013,@MissDeeCurls not true. I don't get any now a days
301572338636443650,Wed Feb 13 06:03:43 +0000 2013,To all those who have been receiving direct messages. Apologies. I have no clue how this is happening! #help
301572338636443650,Wed Feb 13 06:03:43 +0000 2013,To all those who have been receiving direct messages. Apologies. I have no clue how this is happening! #help
301571988839870460,Wed Feb 13 06:02:19 +0000 2013,@1SH4N damn, how to fix it? And where in the hell did it come from
301571905029283840,Wed Feb 13 06:01:59 +0000 2013,@Digital_Baba Mumbai is my mistress :)
301571280870703100,Wed Feb 13 05:59:30 +0000 2013,@MissDeeCurls @le15patisserie today is #pregnantCravings day
301570521517133800,Wed Feb 13 05:56:29 +0000 2013,@le15patisserie do you delivery in juhu? Feels like a cupcake day today
300828801364029440,Mon Feb 11 04:49:10 +0000 2013,@upsdiva @greenappletwist lesson 1: if you break the glass, just act cool, step over and walk away. Makes it look like u are in control
300650439391715300,Sun Feb 10 17:00:25 +0000 2013,@mishti_doi @greenappletwist @thecastelino are we talking daali way now Ms. Daali?
300649046014558200,Sun Feb 10 16:54:53 +0000 2013,@greenappletwist @TheCastelino @mishti_doi and this time its moi tilting
300648850899730400,Sun Feb 10 16:54:06 +0000 2013,@upsdiva take advice from @greenappletwist
300516717745037300,Sun Feb 10 08:09:03 +0000 2013,@SupraMario is this china's revenge for indian chinese?
300514291579252740,Sun Feb 10 07:59:25 +0000 2013,@anaggh it was nice to you yesterday. More meet ups soon
300161999105585150,Sat Feb 09 08:39:31 +0000 2013,And the chopsticks are out! Sushi time @AoiMumbai. #ZomatoMeetup
300159784454328300,Sat Feb 09 08:30:43 +0000 2013,#ZomatoMeetup @AoiMumbai with Rocky and Mayur
300156680702922750,Sat Feb 09 08:18:23 +0000 2013,At @AoiMumbai for the @Zomato foodie meet with @mishti_doi @TheLyingLlama
298122890287669250,Sun Feb 03 17:36:50 +0000 2013,@greenappletwist I have been saying the same thing to @MissDeeCurls
297559969753071600,Sat Feb 02 04:19:59 +0000 2013,@greenappletwist @TheCastelino @facepalm92 you are an exception to the rule
296152046896300000,Tue Jan 29 07:05:24 +0000 2013,@MissDeeCurls @GourmetItUp @FreshatTBD #BakeLoveTo waiting !
294490629273161700,Thu Jan 24 17:03:32 +0000 2013,Navi Mumbai is a touristy place for Mumbaikars! Hence no meters
294152861070270460,Wed Jan 23 18:41:21 +0000 2013,@greenappletwist @TheCastelino 3D tracks are we talking about?
294140123761762300,Wed Jan 23 17:50:45 +0000 2013,@greenappletwist @TheCastelino #drunkTyping
294139998339481600,Wed Jan 23 17:50:15 +0000 2013,@greenappletwist @TheCastelino rhe chair said, bady chair
292697609133498400,Sat Jan 19 18:18:42 +0000 2013,@greenappletwist #ValidDemands
292691553292533760,Sat Jan 19 17:54:38 +0000 2013,@greenappletwist when do we go to The table?
292691386707361800,Sat Jan 19 17:53:59 +0000 2013,@poojadhingraa time to suit up! :D
292663782700875800,Sat Jan 19 16:04:17 +0000 2013,@greenappletwist how about I screw up with your work for that recommendation !
292663606993100800,Sat Jan 19 16:03:35 +0000 2013,RT @PolyesterPalla: Which level are you at now? No not your video game, I meant relationship.
292660471008464900,Sat Jan 19 15:51:08 +0000 2013,Any good movie recommendation for tonight?
292656143887630340,Sat Jan 19 15:33:56 +0000 2013,@greenappletwist @mishti_doi only thing about Disha I don't miss!
292653808356581400,Sat Jan 19 15:24:39 +0000 2013,@greenappletwist US Club?
292651169866723300,Sat Jan 19 15:14:10 +0000 2013,@greenappletwist ALCOHOL !
292649573283930100,Sat Jan 19 15:07:50 +0000 2013,Living besides Andheri sports complex. Pros #LivePerformances Cons #SonuNigamLivePerformance
292648644732125200,Sat Jan 19 15:04:08 +0000 2013,@SupraMario I say for next 6 months!
292487732444422140,Sat Jan 19 04:24:44 +0000 2013,@greenappletwist boyce comes close second!
292295994752778240,Fri Jan 18 15:42:50 +0000 2013,New found love @bombayhigh
292295396057825300,Fri Jan 18 15:40:27 +0000 2013,@greenappletwist @MissDeeCurls @TheCastelino You forgot my milestone date too #excuses   #JustSaying
292294096754720800,Fri Jan 18 15:35:17 +0000 2013,@MissDeeCurls @greenappletwist @TheCastelino no reply from your allies #WhoIsDhokebazz now?
292292967778111500,Fri Jan 18 15:30:48 +0000 2013,Neighbours party playing #favicol and #TinkuJiya @greenappletwist @ChandniT :D
291111973901459460,Tue Jan 15 09:17:57 +0000 2013,@greenappletwist @MissDeeCurls @TheCastelino #ChotusCallingHerDeathAngels
291090176250372100,Tue Jan 15 07:51:20 +0000 2013,@TheCastelino @greenappletwist @MissDeeCurls keep me out of this, curly has no time anyway
288637335246098400,Tue Jan 08 13:24:38 +0000 2013,RT @Zomato: Zomato is now in London. http://t.co/L2UD8u8R
286853366536085500,Thu Jan 03 15:15:46 +0000 2013,@TheCastelino @greenappletwist believe in the dinosaurs
286844264497946620,Thu Jan 03 14:39:36 +0000 2013,@greenappletwist I am staying out of this and last time I was awesome at with. What say@TheCastelino Sexy duck
284219509353635840,Thu Dec 27 08:49:46 +0000 2012,And the awsomest New Year Party in town @Zomato http://t.co/eaOASqN4
281947880502202370,Fri Dec 21 02:23:07 +0000 2012,@DitiShah try sbarro
281946808169660400,Fri Dec 21 02:18:52 +0000 2012,@greenappletwist hahahaha my friends dash was called snooze
280702838865289200,Mon Dec 17 15:55:47 +0000 2012,Kung Pao potato and steamed red snapper @Asia7en Mumbai ! @Zomato place to be with Chef Chow Man in the house http://t.co/cOlWiOP8
280027334122278900,Sat Dec 15 19:11:33 +0000 2012,@greenappletwist doctor prescribed one spoon every 2 hours
280027097370603520,Sat Dec 15 19:10:37 +0000 2012,Living in an igloo #PuneWinters
280026259180892160,Sat Dec 15 19:07:17 +0000 2012,@greenappletwist @MissDeeCurls @TheCastelino single location, Pune. Ticketing negotiation when you are drunk
280012312398671870,Sat Dec 15 18:11:52 +0000 2012,@greenappletwist @MissDeeCurls @TheCastelino #SuperWorkaholic ticketing percentage or employee discount?
280008116848979970,Sat Dec 15 17:55:12 +0000 2012,@TheCastelino @MissDeeCurls @greenappletwist deal ! Date please. I can send a calendar invite to everyone :D
280006565795348480,Sat Dec 15 17:49:02 +0000 2012,@greenappletwist @MissDeeCurls @TheCastelino find a man first then #drunk Favicol dance
274591237955256320,Fri Nov 30 19:10:27 +0000 2012,@MissDeeCurls @greenappletwist a female called Neha, my attention h
274399182238912500,Fri Nov 30 06:27:17 +0000 2012,@greenappletwist @MissDeeCurls one female took fancy to tanvi
274396764247822340,Fri Nov 30 06:17:41 +0000 2012,@greenappletwist still think we should see who is it ?
274395169720262660,Fri Nov 30 06:11:21 +0000 2012,@GulPanag: Always be wary of people who make excessive use of  baby or sweetie. Sply if they r NOT ur  baby or sweetie @greenappletwist
274216380910407680,Thu Nov 29 18:20:54 +0000 2012,RT @PolyesterPalla: When your best friend behaves like a douche, punch him in the face, then take him out for a drink.
273029064502153200,Mon Nov 26 11:42:56 +0000 2012,@MissDeeCurls @ChandniT @MockingGujju I say le15 at least the owner has time for me and dinner when?
271215469074194430,Wed Nov 21 11:36:21 +0000 2012,@ChandniT which?
270452902080954370,Mon Nov 19 09:06:11 +0000 2012,RT @At_FatCat: So how about a board games bash at @At_FatCat?
269815871730487300,Sat Nov 17 14:54:51 +0000 2012,Shiverni empty on Saturday evening !
269805017106612220,Sat Nov 17 14:11:43 +0000 2012,#FoodMall on express way shut ! Hunger pangs thinking of cupcakes @poojadhingraa and lamb peri peri @At_FatCat
269766135283597300,Sat Nov 17 11:37:13 +0000 2012,Bal Thackeray passes away. Be safe people. R.I.P
266748255579283460,Fri Nov 09 03:45:14 +0000 2012,RT @PolyesterPalla: Your lips. My skin. That's how we begin to sin.
264577825166733300,Sat Nov 03 04:00:43 +0000 2012,@MissDeeCurls buy me one! I will be nice to you always
264028759492018180,Thu Nov 01 15:38:56 +0000 2012,RT @Zomato: Look what we just created - the world's most delicious food porn site. Introducing http://t.co/lIBQ0sn3
262885400878653440,Mon Oct 29 11:55:38 +0000 2012,@MissDeeCurls @BucketsNTuckets I have the chicken version
262858966009249800,Mon Oct 29 10:10:35 +0000 2012,@MissDeeCurls @BucketsNTuckets @Zomato hariyali paneer!
262488993847988220,Sun Oct 28 09:40:27 +0000 2012,@hamganesh are you at the buddha circuit?
262157939060650000,Sat Oct 27 11:44:57 +0000 2012,@InedibleBulk Chadigarh nu #Zomathon. Se pranam
262157755249467400,Sat Oct 27 11:44:14 +0000 2012,@KedarKulkarni89 @SanyaSays @MockingGujju @Zomato #Zomathon he is looking at impressing Ms. Qureshi from #LuvShuvTeyChickenKhurana
262148641572151300,Sat Oct 27 11:08:01 +0000 2012,Waiting for Kunal kapoor #Zomathon #LuvShuvTeyChickenKhurana
262146435217231870,Sat Oct 27 10:59:15 +0000 2012,Drunken Pav @MockingGujju @Zomato kind of local favorite ! #Zomathon @infinitiMall http://t.co/x2EV8dkI
262144089124909060,Sat Oct 27 10:49:56 +0000 2012,@MockingGujju warming up for #Zomathon @Zomato http://t.co/MlcP3wKs
262138872413159420,Sat Oct 27 10:29:12 +0000 2012,#Zomathon version 2.0, I am ready to hog, are you?
261689141337677820,Fri Oct 26 04:42:07 +0000 2012,@greenappletwist #Mumbai heat and my friends baby car !
256878779669037060,Fri Oct 12 22:07:28 +0000 2012,@greenappletwist  @MockingGujju you create epic memories !
256657159973130240,Fri Oct 12 07:26:50 +0000 2012,"@UberFacts: Hypergargalesthesia is the condition of extreme sensitivity to tickling  Some ppl may passout whn tickled." @greenappletwist :D
254276040879386620,Fri Oct 05 17:45:07 +0000 2012,@MissDeeCurls drop in a mail, I'll put u on my calendar and send you an invite
254275197149007870,Fri Oct 05 17:41:45 +0000 2012,@MissDeeCurls book tables?
254272859575287800,Fri Oct 05 17:32:28 +0000 2012,@MissDeeCurls got! Wanna go to @OttoInfinito ?
254271806666588160,Fri Oct 05 17:28:17 +0000 2012,@MissDeeCurls awwwww. So sweet, when should I get dressed and be ready?
251303882599325700,Thu Sep 27 12:54:49 +0000 2012,@MissDeeCurls @greenappletwist I am not sharing !
246686309505171460,Fri Sep 14 19:06:14 +0000 2012,@greenappletwist @MockingGujju @virajsawant. A floatmidget !
240166633501519870,Mon Aug 27 19:19:22 +0000 2012,@greenappletwist #SoMuchFun but not better than awesomely better so better is not better than non-better, jus marginally better
240087752455118850,Mon Aug 27 14:05:55 +0000 2012,RT @poojadhingraa: Nutella. The answer to EVERYTHING.
238905105641000960,Fri Aug 24 07:46:30 +0000 2012,@PolyesterPalla same story
238898408423817200,Fri Aug 24 07:19:53 +0000 2012,RT @Zomato: Zomato is now in Lucknow. Please visit to discover more places to eat in Lucknow (other than Tunday Kababis) :) http://t.co/ ...
238670191393902600,Thu Aug 23 16:13:02 +0000 2012,@greenappletwist #TravelAnalyst aka #HorribleNavigator
238665918127951870,Thu Aug 23 15:56:03 +0000 2012,@greenappletwist float midget !
238662657295654900,Thu Aug 23 15:43:06 +0000 2012,@greenappletwist breathe in, breathe out ! Repeat 3 times, every half n hour
238612543898275840,Thu Aug 23 12:23:58 +0000 2012,@dushinkaO_o. Just that one?
238594820346630140,Thu Aug 23 11:13:32 +0000 2012,#ThingsINeverGetTiredOfSeeing funny videos
238593624827375600,Thu Aug 23 11:08:47 +0000 2012,RT @ChandniT: Dear boys, just because she's white, doesn't mean she's hot.
236820071106899970,Sat Aug 18 13:41:19 +0000 2012,@jarnagandhi Happy Birthday girl
236415113891029000,Fri Aug 17 10:52:10 +0000 2012,@ChandniT wanna let people know the best buys in #MumbaiFast? http://t.co/uKw3V0El
236407796265000960,Fri Aug 17 10:23:05 +0000 2012,Seasoned pass holders make way with your stories for the newbies entering the Mumbai local word #MumabiFast http://t.co/uKw3V0El
235588967251202050,Wed Aug 15 04:09:21 +0000 2012,RT @Zomato: Happy Independence Day! :) http://t.co/uKlGEwn0
233954739669303300,Fri Aug 10 15:55:31 +0000 2012,@At_FatCat Karaoke night !!! #KWCKaraokeNight
233484298693529600,Thu Aug 09 08:46:09 +0000 2012,#10ThingsIGetAlot I could hear you talk from a mile away!
232752724679217150,Tue Aug 07 08:19:08 +0000 2012,RT @At_FatCat: Wondering what to have for lunch? Try our special Olympics Lunch Menu. http://t.co/n857omWf #mumbai
232190551884169200,Sun Aug 05 19:05:16 +0000 2012,#BeerCommandments thou shall keep phone away while drinking a lot of beer
232189281312067600,Sun Aug 05 19:00:13 +0000 2012,@ChandniT its an awesome ad! My flat mate was one of the team members for the ad concept and scripting
232115266966925300,Sun Aug 05 14:06:06 +0000 2012,RT @curlyfeat: Sizzlers from @bombay_blue for everyone! Woo Hoo! #Zomathon made my day!
232112492845871100,Sun Aug 05 13:55:05 +0000 2012,@greenappletwist add Punjabi beat to #Zomathon with a dash of pom poms and a hint of Sunny from the top floor film screening?
232090124287098880,Sun Aug 05 12:26:12 +0000 2012,Ma-hash brown soaking in the ice blends #Zomathon
232087605913731070,Sun Aug 05 12:16:11 +0000 2012,Pac Man brain freeze with the smoothies? #Zomathon
232038493621211140,Sun Aug 05 09:01:02 +0000 2012,RT @radhikarai: Need a reason other than food to come to #Zomathon ? Sunny Leone is coming to Infiniti Mall Malad
232019749691879420,Sun Aug 05 07:46:33 +0000 2012,RT @Zomato: Wishing all of you a Happy International Beer Day! What do we usually get to hear #OverABeer? http://t.co/LIoXrQxS
231682858362732540,Sat Aug 04 09:27:52 +0000 2012,RT @SirLoondry: RT @pluggdin: Zomato Ex-CTO launches Giveter, a recommendation service for online gifting http://t.co/17n868ug
231421167569870850,Fri Aug 03 16:08:00 +0000 2012,RT @At_FatCat: Karaoke plus #BeerFriday! Are you ready to begin the weekend?
231420504702087170,Fri Aug 03 16:05:22 +0000 2012,RT @PolyesterPalla: He wasn't a mistake. He was a lesson.
231014054603419650,Thu Aug 02 13:10:17 +0000 2012,RT @Zomato: Just one day left to register for the Zomathon! We'll be announcing final teams tomorrow, so sign up NOW - http://t.co/yRCiP ...
230554298189221900,Wed Aug 01 06:43:22 +0000 2012,@jarnagandhi did you see this? @Zomato  presents #Zomathon http://t.co/IJ8Prjuf
229286958071963650,Sat Jul 28 18:47:25 +0000 2012,@greenappletwist rules changed :D
229270446397329400,Sat Jul 28 17:41:48 +0000 2012,@greenappletwist I will always lose in this game, sober or not
229266659330908160,Sat Jul 28 17:26:45 +0000 2012,@greenappletwist fuzzy duck !
229247363879927800,Sat Jul 28 16:10:05 +0000 2012,@Miski7 we can either handle you or @greenappletwist after drinking...
228471693679681540,Thu Jul 26 12:47:51 +0000 2012,#TheGreatestIndianQuote aaj khane main kya hai?
228471194679140350,Thu Jul 26 12:45:52 +0000 2012,RT @Miski7: Can you sell him a haircut? Looking for awesome sale-oos for #Mumbai team. Send CVs to jobs[at]zomato[dot]com @Zomato http:/ ...
227811775662399500,Tue Jul 24 17:05:34 +0000 2012,@At_FatCat can you please have desserts without ice cream?? For non-ice cream lovers like me!
227805736699318270,Tue Jul 24 16:41:34 +0000 2012,@At_FatCat yummy juicy lamb burger and lamb peri peri :) with @Miski7
225979207182856200,Thu Jul 19 15:43:36 +0000 2012,@Miski7 @MockingGujju @virajsawant @mishti_doi. Home baby home
223826756400975870,Fri Jul 13 17:10:31 +0000 2012,#MyFavouriteLineWhenImMad. Whatever, let it  go
223725764841979900,Fri Jul 13 10:29:13 +0000 2012,@nainasahni @Zomato @deepigoyal #Wasabi #FoodieFriday really? Gold monk work?
223724778601717760,Fri Jul 13 10:25:18 +0000 2012,@jarnagandhi @Zomato why not ! We work hard, a shot of fun is our right left and center
223723873248624640,Fri Jul 13 10:21:42 +0000 2012,@Zomato #EkCuisinePeSawaal #FoodieFriday. Bawa cuisine! ParSHE
223715805521649660,Fri Jul 13 09:49:39 +0000 2012,@jarnagandhi. @shereendsouza. You should give it a shot every friday
223714966681817100,Fri Jul 13 09:46:19 +0000 2012,@jarnagandhi @Zomato he stopped walking now after so many drinks
223714462677471230,Fri Jul 13 09:44:18 +0000 2012,@jarnagandhi @Zomato read the rules, its humorous or correct answers
223713628984053760,Fri Jul 13 09:41:00 +0000 2012,@Zomato #FoodieFriday  Nathoolal !
223712536992825340,Fri Jul 13 09:36:39 +0000 2012,@Zomato #FoodieFriday Gelato
223667135346524160,Fri Jul 13 06:36:15 +0000 2012,RT @Zomato: #FoodieFriday is back at 3 pm today! Join us for a 13-themed quiz and awesome goodies, as always! http://t.co/AVhDwg4B
222635374596472830,Tue Jul 10 10:16:24 +0000 2012,RT @At_FatCat: Who wants free beer?! Follow us and RT this and we will give out two free beers to one lucky winner at @At_FatCat. #FCcontest
222631694447018000,Tue Jul 10 10:01:46 +0000 2012,RT @Zomato: We're 4 today! &gt;28.5m foodies #Zomatoed since July 2008. It's been a delicious journey so far! :D http://t.co/m8iAKRDe
222621873542926340,Tue Jul 10 09:22:45 +0000 2012,@shereendsouza @jarnagandhi both of you are jobless
222592793040797700,Tue Jul 10 07:27:12 +0000 2012,And looking forward to this ! http://t.co/9GYK9Th8
221564114382757900,Sat Jul 07 11:19:35 +0000 2012,RT @sobelix: Guess the only skill one needs to work in PR Firm is e-mail etiquette
221175418856816640,Fri Jul 06 09:35:03 +0000 2012,Burger king! @Zomato  #FoodieFriday
218943400341282800,Sat Jun 30 05:45:49 +0000 2012,@RassiBomb happy birthday!!!!
218929546215432200,Sat Jun 30 04:50:45 +0000 2012,@KedarKulkarni89 @Zomato @PetPujaris #YummyYatra. Visitors will be dropping in today/ tomorrow :)
218712923286142980,Fri Jun 29 14:29:59 +0000 2012,RT @Zomato: http://t.co/3j8Go6RG Have you seen our Last Wish commercial on TV yet? Check it out here and tell us what you think! :) #Las ...
218633492534263800,Fri Jun 29 09:14:21 +0000 2012,RT @virajsawant: Less than 24hrs for #yummyyatra with @petpujaris and @Zomato food guide for the right food guidance in pune..stay tuned ...
217315966881759230,Mon Jun 25 17:58:58 +0000 2012,Should a foodie company have corporate tie-up with restaurants or gym?
217314266481557500,Mon Jun 25 17:52:13 +0000 2012,@ChandniT I have one. #yummy
215803696271994880,Thu Jun 21 13:49:45 +0000 2012,@sobelix best find a tapri with cutting chai, pune people love to watch the drama and won't move
215798182863581200,Thu Jun 21 13:27:50 +0000 2012,Screw #FireInMantralaya, KP Plaza is on #fire !
215400153518055420,Wed Jun 20 11:06:13 +0000 2012,diet chiwada aur schezwan chakli le lo #traintravel
214299696674508800,Sun Jun 17 10:13:23 +0000 2012,RT @Zomato: We'll be having goodies up for grabs for those not taking part in the Food Sprint. Watch this space! #FoodSprint
214040520660488200,Sat Jun 16 17:03:31 +0000 2012,@InedibleBulk #awesomehomes
214039050330447870,Sat Jun 16 16:57:40 +0000 2012,Beautiful rains in #mumbai #frenchwindows :D
212945487945416700,Wed Jun 13 16:32:15 +0000 2012,RT @anandsinha3: Singapore, here we come! http://t.co/MUxZAEGi
211093243457318900,Fri Jun 08 13:52:05 +0000 2012,RT @Zomato: The Guzzler's Guide to UEFA #Euro2012! Here's where u can catch all the soccer action http://t.co/r7gQsqVY (for DEL, MUM, BL ...
210254036136497150,Wed Jun 06 06:17:23 +0000 2012,RT @Zomato: .@SelectCITYWALK &amp; @Zomato present #FoodSprint! #Delhi Challenge the foodie in u on 17th June. Register @ http://t.co/xq ...
209312512561250300,Sun Jun 03 15:56:06 +0000 2012,You know you are an alcoholic when you read leopard as Leopold
209227583563382800,Sun Jun 03 10:18:37 +0000 2012,RT @RedNinjaExp: Starting tomm we'll be giving out a FREE Zomato restaurant guide worth Rs 199 with every order of Rs 1000 and above..Ca ...
207137491994681340,Mon May 28 15:53:21 +0000 2012,@ChandniT including you. #neemranaJourney
207128109147881470,Mon May 28 15:16:04 +0000 2012,RT @Zomato: Zomato Restaurant Summit 2012 covered on CNBC Young Turks. Here's more… http://t.co/eyugabWJ
205990430540693500,Fri May 25 11:55:20 +0000 2012,@MockingGujju @sobelix @Miski7 @HeySalesGuy #BadJoke #CantGetAnyWorse
205981112118419460,Fri May 25 11:18:18 +0000 2012,RT @deepigoyal: .. @Zomato Restaurant Guides flying off the shelves. Thankyou so much people!
205970345176465400,Fri May 25 10:35:31 +0000 2012,@sobelix @MockingGujju @Miski7 @HeySalesGuy this is highly entertaining ! :D
205236008067940350,Wed May 23 09:57:32 +0000 2012,@HeySalesGuy #comingsoon. New wardrobe?
197917229176725500,Thu May 03 05:15:19 +0000 2012,ABC Farms sold?! #WTFPUNE
196883685021192200,Mon Apr 30 08:48:23 +0000 2012,New found hatred #blackberry
195792258052800500,Fri Apr 27 08:31:26 +0000 2012,RT @_Snape_: #YoMommaSoFat the Sorting Hat put her in all four houses.
195791613052719100,Fri Apr 27 08:28:52 +0000 2012,@ChandniT @MockingGujju @dushinkaO_o. Done! #priceygujju haahaha
195788699508805630,Fri Apr 27 08:17:18 +0000 2012,@dushinkaO_o @ChandniT @MockingGujju. #payday ke baad
195566126812508160,Thu Apr 26 17:32:52 +0000 2012,@upsdiva #hiccup , me too
195414278357000200,Thu Apr 26 07:29:29 +0000 2012,If you have not been caught even once by the traffic police #ThenYouAreNotLivingInIndia
194692987282931700,Tue Apr 24 07:43:20 +0000 2012,@dushinkaO_o. Honey I know everything you do #love
194692323664343040,Tue Apr 24 07:40:41 +0000 2012,@Miski7 @dushinkaO_o bake one!
194669290153185280,Tue Apr 24 06:09:10 +0000 2012,@Miski7 @mishti_doi and I shall have it ! :) #faileddiet
193296895261679600,Fri Apr 20 11:15:45 +0000 2012,@KedarKulkarni89 @dushinkaO_o @MockingGujju @ChandniT @Malaka_Spice @godoolally plans being made
193295123331817470,Fri Apr 20 11:08:43 +0000 2012,@MockingGujju hahaha on its way
193294591322099700,Fri Apr 20 11:06:36 +0000 2012,@ChandniT @dushinkaO_o @KedarKulkarni89 @MockingGujju. Let's go!!!
193294423579299840,Fri Apr 20 11:05:56 +0000 2012,@MockingGujju @dushinkaO_o @ChandniT @KedarKulkarni89 @Malaka_Spice @godoolally #Mumbai or start a replica ?
193224645611229200,Fri Apr 20 06:28:40 +0000 2012,@prao24 @Zomato is breezer even counted in alcohol category? #FoodieFriday question
193224310473768960,Fri Apr 20 06:27:20 +0000 2012,RT @Zomato: Q1: What has more alcohol - beer/breezer? (tag your answers with #FoodieFriday)
191055441248260100,Sat Apr 14 06:49:01 +0000 2012,@rohanlilani #gujjuland shook #mumbai... too much #dhokla?
190386247657725950,Thu Apr 12 10:29:53 +0000 2012,@rohanlilani try gujju meets Hyderabadi funda u might hv a higher chance at  #20tomillion http://t.co/2bPV2Nf *consulting charges applied
190384199520358400,Thu Apr 12 10:21:44 +0000 2012,RT @rohanlilani: I know what the #Gujjus are thinking. "I cane get thee aid made for 2 lakh. Baaki nu prophet" #20toMillion http://t.co/ ...
190383408814370800,Thu Apr 12 10:18:36 +0000 2012,RT @Zomato: Unleash the film maker in you and direct a TV advert for Zomato! Stand a chance to win a Million! #20toMillion http://t.co/i ...
190005798485762050,Wed Apr 11 09:18:07 +0000 2012,@sobelix team lunch? saw kedar checked in as well
190004582317961200,Wed Apr 11 09:13:17 +0000 2012,@ChandniT Indonesia
188126433636392960,Fri Apr 06 04:50:11 +0000 2012,RT @Zomato: Replug: #Zomato moves into print. Pre-book your copy of Citibank Zomato Restaurant Guide 2012 at http://t.co/zxofVPco Pls RT
186775579876536320,Mon Apr 02 11:22:23 +0000 2012,@ChandniT find a bottle of petrol, you get it in shacks on the roadside. Though a rip off
186775283012075520,Mon Apr 02 11:21:12 +0000 2012,RT @deepigoyal: Looking for ppl to lead @Zomato Dubai & Singapore operations. 3 years of local experience a must. Pls email d@zomato.com ...
184130543879847940,Mon Mar 26 04:11:57 +0000 2012,Monday mornings #facepalm after late night fun
175510196670566400,Fri Mar 02 09:17:46 +0000 2012,New found hatred @ChandniT  #pune is #awesomeness !
175509912833626100,Fri Mar 02 09:16:38 +0000 2012,@ChandniT Loser !
175182351226245120,Thu Mar 01 11:35:01 +0000 2012,#itsTimeForYouToRealize that sitting in office all day isn't easy for a sales person #gloomy day
175180577400557570,Thu Mar 01 11:27:59 +0000 2012,@ChandniT Sucks!
174012098580459520,Mon Feb 27 06:04:51 +0000 2012,13 hours of sleep after drinking binge ! #sweetsunday !
171001289109540860,Sat Feb 18 22:40:59 +0000 2012,@rohanlilani next time I come here, @vrinda_singh house, I will be talking about lipstick and emotions
2087041347,Tue Jun 09 07:17:17 +0000 2009,cant think of how i can't saty awake for long anymore... 21 huh?
1762049272,Mon May 11 10:41:44 +0000 2009,dont ever go back to work after a long break, jus quit and find a new job! moral pending work problem solved!
1762047756,Mon May 11 10:41:22 +0000 2009,@KshamaK besta luck
1761896657,Mon May 11 10:04:46 +0000 2009,dont ever go back to work after a long break, jus quit and find a new job! moral pending work problem solved!
1611408279,Sat Apr 25 07:36:53 +0000 2009,the center of gravity and a frnd alongwith .... perfect everning! another nice one anticipated 2de
