id,created_at,text
778373930268627000,Tue Sep 20 23:23:01 +0000 2016,Late nights @pier59studios #fireinthesky #nightsky #nyc @ Pier59 Studios https://t.co/oGouvQxyhQ
775387103186280400,Mon Sep 12 17:34:26 +0000 2016,☂🌟☂🌟☂ 🌟☂@itsjeremyscott carlynecerfdedudzeele #NYFW https://t.co/WcerBiqgZj
775369320683737100,Mon Sep 12 16:23:46 +0000 2016,Looking better than ever @annev 💖💖💖 #JeremyScott #NYFW #FrontRow #model #friends https://t.co/vwLJX1Olf0
775356491507392500,Mon Sep 12 15:32:47 +0000 2016,Kiss Kiss 💋💋 @chiaraferragni @ValeFerragni 👯 #JeremyScott #NYFW #FrontRow https://t.co/bdfXDTcnso
775174120145313800,Mon Sep 12 03:28:06 +0000 2016,Kiss from a rose 🌹 @theashleygraham #PrabalGurung #Bandier #Dinner #NYFW @ The New York EDITION https://t.co/OOKQLH9SQG
775170545088401400,Mon Sep 12 03:13:54 +0000 2016,Not only does @wyntergordon write songs for #Beyoncé , the girl can sing 🎶 @prabalgurung… https://t.co/Qt7Dqf106T
775138724355141600,Mon Sep 12 01:07:27 +0000 2016,Oui Oui 🎀 by carlynecerfdedudzeele   #knotonmyplanet #alexanderwang #wangfest… https://t.co/JuUPte6rDv
774776386741559300,Sun Sep 11 01:07:39 +0000 2016,At the #KnotOnMyPlanet launch party w/ this eternal beauty #naomicampbell 📸 @erinfmcmurray @ The… https://t.co/ZbY0m4GuWf
774300923145388000,Fri Sep 09 17:38:20 +0000 2016,Couldn't imagine a world without elephants 🐘#knotonmyplanet 👊🏽 if you agree, donate to the link… https://t.co/jJBGdUOz3K
773164964144087000,Tue Sep 06 14:24:26 +0000 2016,glamourmag #October cover ✨ #JoanSmalls #EmilyRatajkowski #KateUpton 📸 carterbedloesmith 👗… https://t.co/BInxMUf69E
769243126003273700,Fri Aug 26 18:40:27 +0000 2016,Did somebody say it's #nationaldogday ? #frankie #frenchbulldog #frenchie #frenchies… https://t.co/z2ez9OkuhM
765398518391509000,Tue Aug 16 04:03:21 +0000 2016,HBD #Madonna 💙💙💙 https://t.co/HCDcIAUl1k
764588583210582000,Sat Aug 13 22:24:58 +0000 2016,Summer fun w/ these boys #regram @pedrumorais https://t.co/haIHvW8yrL
764562627930517500,Sat Aug 13 20:41:50 +0000 2016,Caprese!  #lunch #summer #weekends #foodporn #hungry #yum #now https://t.co/wBqNRVRcr8
764250584983666700,Sat Aug 13 00:01:53 +0000 2016,Sunset #fireisland @ Fire Island Pines, New York https://t.co/ltzy3YLkrM
764173443180990500,Fri Aug 12 18:55:21 +0000 2016,My adopted orphan elephant Tusuja #worldelephantday #savetheelephants #love #elephants #wildlife… https://t.co/U0TUb9H5mi
760498290932736000,Tue Aug 02 15:31:36 +0000 2016,See you in #September 🤗 #BellaHadid https://t.co/2mBUZczqL4
759449900715237400,Sat Jul 30 18:05:40 +0000 2016,Angela's makin crab sauce, who's hungry? #jerseyshore #summer #family #fun #yes @ Long Beach Island https://t.co/KMDLBzG0Fe
759178108608077800,Sat Jul 30 00:05:40 +0000 2016,Hello weekend... #friday #smokey #margaritas #newfriends #yes #summer @ Hamilton Pork https://t.co/bEe5eoqGiI
758076106113179600,Tue Jul 26 23:06:42 +0000 2016,So much fun hangin' w/ these two 👯glamourmag #newfriends #fashion #models #fun #nyc @ Condé Nast https://t.co/q9GgExFPgH
757331225271042000,Sun Jul 24 21:46:49 +0000 2016,Heatwave Relief 🔥🔥🔥@Madonna 💦  #pool #wine #cheesedoodles #sunglasses #music #boxers #summer… https://t.co/xa4QY4AHIQ
756691028732772400,Sat Jul 23 03:22:54 +0000 2016,Ms @kateupton looking better than ever 💓glamourmag still gagging on that #bling 💍 @ Glamour… https://t.co/rQW5tMa4RX
753416727380258800,Thu Jul 14 02:32:00 +0000 2016,Enter the Dragon #gameofthrones #sushi #khaleesi #motherofdragons @ Japonica Restaurant https://t.co/9CLxTIPSyk
750883337238110200,Thu Jul 07 02:45:12 +0000 2016,Farewell  to a New York institution #FourSeasons Resturant #NYC @ The Four Seasons Restaurant https://t.co/9svrdfHGeJ
750849194865426400,Thu Jul 07 00:29:32 +0000 2016,Thanks for making me smile today 📸@lanoonyez #regram @ Condé Nast https://t.co/vS16hCInlZ
745264830119055400,Tue Jun 21 14:39:16 +0000 2016,I think I'm stuck 😂 thanks for the fun breakfast facebook @evachen212 ‼️ #Facebook #breakfast… https://t.co/rc82rnRsxk
741422119645524000,Sat Jun 11 00:09:42 +0000 2016,That #BODY @doutzen #doutzenkroes #golden #dutch #goddess #summer #sun #tan #bikini #travel… https://t.co/nkL3KRoO5r
740576304706297900,Wed Jun 08 16:08:44 +0000 2016,Girl on Fire @ysaunny_brito #Glamour #July 🔥🔥🔥 https://t.co/MLsj2RN0cg
739616742708777000,Mon Jun 06 00:35:47 +0000 2016,Gotham after the #rain #clouds #pink #blue #empirestatebuilding #hudsonriver #boat #view #nyc https://t.co/Trmuxsrp8x
738458086692823000,Thu Jun 02 19:51:42 +0000 2016,No filter is needed for this @golden_barbie Always great seeing you #JasmineSanders #Glamour… https://t.co/FjZ5pSAvJi
735500221669511200,Wed May 25 15:58:12 +0000 2016,Hey #HaileyClauson Thanks for the #GlamourKiss &amp; the #laughs 🙃💋 @ One World Trade Center https://t.co/zygUrglbPc
730181795145191400,Tue May 10 23:44:40 +0000 2016,#jacquelynjablonski &amp; #prabalgurung for #autismtomorrow 💙💙💙 @ Milk Gallery | New York https://t.co/Z7yese2HNq
730157619646705700,Tue May 10 22:08:36 +0000 2016,Jacquelyn Jablonski 📸 by Curtis Kulig up for auction @milkstudios supporting @autism_tomorrow… https://t.co/c1hJ9SgsZs
729651081286914000,Mon May 09 12:35:48 +0000 2016,The ☀️ is out, let's get this week started!  💙💚💙 emrata @nickjonas glamourmag #Glamour #June… https://t.co/E5i9NB3BaI
728716183738953700,Fri May 06 22:40:51 +0000 2016,A beauty inside &amp; out @doutzen for  @ste_kenya at #ElephantWatchCamp #Samburu #Kenya #Africa… https://t.co/A3p8GTYQsM
728671911245455400,Fri May 06 19:44:56 +0000 2016,Thank you @doutzen for introducing glamourmag to @ste_kenya 💙🐘 #Africa #SaveTheElephants… https://t.co/Org0bcFUAI
723315452924014600,Fri Apr 22 01:00:17 +0000 2016,Feeling blessed for such an incredible day #HappyBirthdayToMe #Jaipur #India ✌🏽 https://t.co/7ojUPPmn9y
722804635665358800,Wed Apr 20 15:10:28 +0000 2016,Mirror mirror... #Jaipur @ Amber Fort &amp; Palace https://t.co/kAoQuUm3DK
722803421326229500,Wed Apr 20 15:05:39 +0000 2016,Amber Fort #Jaipur #India #namaste4yn @ Amber Fort &amp; Palace https://t.co/Y8sWtC3PVF
722288124638982100,Tue Apr 19 04:58:03 +0000 2016,Felt the light  &amp; love of #Nepal thanks to @prabalgurung family and friends! Next stop ✈️… https://t.co/zBENncMcyv
721949381277196300,Mon Apr 18 06:32:00 +0000 2016,🙏🏼 #worldpeacepagoda #pagoda #pokhara #nepal #namaste4yn @ Pokhara, Nepal https://t.co/0lNntwTkDF
721747667588661200,Sun Apr 17 17:10:28 +0000 2016,Street Art #graffiti #namaste4yn @ Pokhara, Nepal https://t.co/lahQ9wUr8F
721029876988383200,Fri Apr 15 17:38:13 +0000 2016,Visiting the temples of Nepal #namaste4yn @ Patan Durbar Square https://t.co/kWowpU9ejz
720470975066869800,Thu Apr 14 04:37:20 +0000 2016,The gorgeous #FlorenceKosky stopped by for a #GlamourKiss #glamourfavs #latergram 💋💕 @ Condé Nast https://t.co/cBvcWOw6ye
716090969838501900,Sat Apr 02 02:32:46 +0000 2016,Happy Birthday @prabalgurung 🎂✨ @ Indochine https://t.co/TKQWVh2v9R
701222555542282200,Sun Feb 21 01:50:59 +0000 2016,Fruity Pebble Mac Daddies #MilkSugarLove #regram 🍒🍉🍋🍇🍓 @ Milk Sugar Love https://t.co/yInXNgYjmH
699486141934936000,Tue Feb 16 06:51:06 +0000 2016,💙💙💙 frederikkesofie dnamodels ✨✨✨✨✨✨✨✨✨✨✨✨✨ @ Vandal New York https://t.co/x9wFlFIppq
699476887492542500,Tue Feb 16 06:14:20 +0000 2016,💙🌟💙🌟💙 @ajak_deng #body #IMGstars #glamourfavs #NYFW #models @ Vandal New York https://t.co/BPfnqQdVx4
699440475267297300,Tue Feb 16 03:49:38 +0000 2016,YAAAAS @theashleygraham @imgmodels #glamourfavs #NYFW @ Vandal New York https://t.co/vJjBf0wTkq
697954650524360700,Fri Feb 12 01:25:30 +0000 2016,Thanks margaret__zhang for the #GlamourKiss 💋 loved meeting u ✨ @ WTC- World Trade Center https://t.co/tMXqx3eoUC
697793586763583500,Thu Feb 11 14:45:30 +0000 2016,Congratulations #HeriethPaul on becoming a @maybelline girl‼️ Always a glamourmag fav 💗💄💋 @ One… https://t.co/oIad25cfqu
697791665768112100,Thu Feb 11 14:37:52 +0000 2016,And the latest face of @maybelline is... @heriethpaul ‼️ One of glamourmag favs will hold this… https://t.co/xlIr6kZFZG
696911222550220800,Tue Feb 09 04:19:18 +0000 2016,THE FUTURE IS NOW @fordmodels glamourmag #March #Fashion #BTS https://t.co/THB1V79e9T
696692086653984800,Mon Feb 08 13:48:32 +0000 2016,So much fun #AlewyaDemmisse @womenmgmt 💕💕 @alxjhnbck natasharoyt pasqualeferrantehair… https://t.co/GybWhsDKPM
696378316014665700,Sun Feb 07 17:01:43 +0000 2016,Beauty @agnessokolowska looking fresh in her mini-bangs ☄⭐️ @alxjhnbck natasharoyt… https://t.co/hA9bDWLftf
691690744051011600,Mon Jan 25 18:34:59 +0000 2016,Cure to the Monday Blues #kisses from #Cartagena #IsabeliFontana #BTS #Glamour #February… https://t.co/LID8e8HwJ9
689196898624884700,Mon Jan 18 21:25:19 +0000 2016,This Hot Pepper Chocolate Pie might be the best thing I ever ate #Nashville… https://t.co/0yybhZ9zMu
669137231064395800,Tue Nov 24 12:55:22 +0000 2015,Congratulations @missjourdandunn @bfc #Model of the Year https://t.co/B2bVkBG34c
666442695192154100,Tue Nov 17 02:28:15 +0000 2015,Path of lights #NYC https://t.co/dXzIMIuYWN
664664927844470800,Thu Nov 12 04:44:02 +0000 2015,Acquainted #theweeknd @ Prudential Center https://t.co/x7u8c33nJ2
664285637583900700,Wed Nov 11 03:36:52 +0000 2015,Ready for the @victoriassecret #afterparty #kendalljenner #gigihadid #victoriassecret #fashion… https://t.co/7uZnq7oUYd
663978588094337000,Tue Nov 10 07:16:46 +0000 2015,It doesn't get any better 💖💖💖 @carolynamurphy &amp; @the_real_iman  #glamourWOTY25 #nofilter #beauty @… https://t.co/POFLIUjcHx
663976390660763600,Tue Nov 10 07:08:02 +0000 2015,Thank you for the amazing 🎶 juliacumming #glamourWOTY25 @ Rainbow Room, 30 Rockefeller Plaza https://t.co/BmmZ1V5exD
658790001975541800,Mon Oct 26 23:39:10 +0000 2015,Just posted a photo @ Irish Hunger Memorial https://t.co/g4SEJLInJW
658357350831628300,Sun Oct 25 18:59:58 +0000 2015,🎃👻🎃👻🎃 #halloween #nyc https://t.co/9GcI0571J6
657937534467592200,Sat Oct 24 15:11:46 +0000 2015,Downward Dog #yoga #instafrenchie #frankie #french #bulldog #firstclass 😉 https://t.co/RTRindUUp4
654344148779012100,Wed Oct 14 17:12:56 +0000 2015,J'adore ophelieguillermand 💙🇫🇷❤️      📷 by #patrickdemarchelier #glamour #magazine #november #french… https://t.co/TJ2TuSPmKm
629772341124419600,Fri Aug 07 21:53:21 +0000 2015,Cheers!  #happy #summer #friday #ice #cold #rosé #beach #sun #fun #friends #weekend ⛅️🌊 https://t.co/rKGpJet5gV
628558906885861400,Tue Aug 04 13:31:36 +0000 2015,A Red Hot Sept Cover - Sorry my Bday present is a day late this year! ❤️ @karliekloss glamourmag… https://t.co/AmP0lFfHau
624979624141963300,Sat Jul 25 16:28:48 +0000 2015,Summer Lovin' ☀️🌊 @ The Beach https://t.co/YiWyGNSpDF
624382957223063600,Fri Jul 24 00:57:52 +0000 2015,Had the pleasure of working with ophelieguillermand today #Regram #GlamourFaves #Model https://t.co/aN5nHuQaXI
622869912516755500,Sun Jul 19 20:45:34 +0000 2015,Doggie Fro-Yo milksugarlovejc #NationalIceCreamDay #Frankie #Dog #Love #Summer #Sunday https://t.co/AeCw4c4ClL
617450776261197800,Sat Jul 04 21:51:51 +0000 2015,Happy 4th of July 💙🇺🇸#GodBlessAmerica #LoveWins @ 485 Tarpon https://t.co/EPUD0Ie0CE
613674578909511700,Wed Jun 24 11:46:35 +0000 2015,Check out this new site:   http://t.co/ObFuAA6qYH CONGRATULATIONS to georgesperos 💥 FOLLOW… https://t.co/bOBIHpihRs
613552983381536800,Wed Jun 24 03:43:25 +0000 2015,Birthday Girl @lindavojtova 🎈 @ TAO Downtown - NYC https://t.co/Gx4PeyByAH
612806620960178200,Mon Jun 22 02:17:38 +0000 2015,Perfect way to end the weekend... Mineral Muscle Soak @kiehls #Sunday #Night #Relax #Home @ Home https://t.co/sR9jYu56kB
612105488210231300,Sat Jun 20 03:51:35 +0000 2015,Happy Birthday kevinsampaiotwin jonathansampaio @ The Boom Boom Room, Top of the Standard Hotel https://t.co/3wfwvpjwvb
610958394816602100,Tue Jun 16 23:53:27 +0000 2015,#HeathLedger by #BenWatts @wattsupphoto #WattsUpMontauk exhibit #WattsXMilk #MilkStudio #NYC @ Milk… https://t.co/iVKeb2DFmS
608619034662318100,Wed Jun 10 12:57:40 +0000 2015,Say what? #BELLA @bellahadid @imgmodels glamourmag alique_photography jilliandavison #Glamour #July https://t.co/SJccR8h7tM
608497332930400300,Wed Jun 10 04:54:04 +0000 2015,The One &amp; Only #StephanieSeymour @imgmodels @skstudly #AldenManor #Yonkers #NARS @ Alden Manor, New York https://t.co/gfRKlJJOkn
608476770606719000,Wed Jun 10 03:32:21 +0000 2015,vanessa_moody @womenmgmt #BEAUTY @ Alden Manor, New York https://t.co/soMK1hsqji
608467249054277600,Wed Jun 10 02:54:31 +0000 2015,@loveme_eboni &amp; melodiemonrose @nextmodels #StevenKlein #NARS #Yonkers @ Alden Manor, New York https://t.co/DLEfTGpC1e
608465681487687700,Wed Jun 10 02:48:17 +0000 2015,😳 #AlejandroRoom #StevenKlein #NARS #Yonkers #Art @ Alden Manor, New York https://t.co/H0sURhfXb8
608455801078976500,Wed Jun 10 02:09:02 +0000 2015,Jordan, Alexandra and Cindy 🔥 @iblamejordan alexandraagoston @officialcindyb #stevenklien #yonkers… https://t.co/17ePtcnmHc
601881579732996100,Fri May 22 22:45:25 +0000 2015,Cheers to the weekend! 💥🍍💥 #MemorialDay #Weekend #Holiday #Mexico #Tulum @ Ahau Tulum https://t.co/ZiXU95XPgP
598675092298694700,Thu May 14 02:23:59 +0000 2015,🇯🇵 Love Boat @ BONDST https://t.co/VeOGUI4Zks
598561340416991200,Wed May 13 18:51:58 +0000 2015,Pretty in Pink 💕glamourmag @nekomimiarchive dnamodels #FernandaLy #GlamourFaves #Model #Exclusive… https://t.co/ZaapSU6kcF
597160929504194600,Sat May 09 22:07:14 +0000 2015,milksugarlovejc #JC @ Milk Sugar Love https://t.co/HX4NnAo8Ii
596086027892170800,Wed May 06 22:55:58 +0000 2015,Movie date w/ glamourmag fashion team.  Loved it. Thanks jilliandavison ‼️ #DiorAndI #RafSimons #Dior https://t.co/Z9xzoYjRKy
594261908846465000,Fri May 01 22:07:34 +0000 2015,🔥BEACH @constancejab by gilles_bensimon jilliandavison davidvoncannon sergehodonou for glamourmag https://t.co/JoIJqcQTJi
591423544736747500,Fri Apr 24 02:08:55 +0000 2015,Amazing day w/ the legendary @oribecanales glamourmag 🙏 https://t.co/MMw5rDOElt
591040605045846000,Thu Apr 23 00:47:15 +0000 2015,Evening commute from @condenast #1WTC ⚓️🌊 https://t.co/UnvOPlu8EH
584516182826422300,Sun Apr 05 00:41:32 +0000 2015,Seeing Spaceships @ Antica Pesa Brooklyn https://t.co/wgdfnN8PW0
580210132023402500,Tue Mar 24 03:30:49 +0000 2015,The beginning... #Frankie #NationalPuppyDay https://t.co/nXx0IHzi0u
575370100909322240,Tue Mar 10 18:58:16 +0000 2015,#AlessandraAmbrosio &amp; son Noah #DoubleTrouble Photographed by #PatrickDemarchelier styled by… https://t.co/zkXB08cRCR
575163156164648960,Tue Mar 10 05:15:57 +0000 2015,So proud of my 1st #model cover glamourmag #NataliaVodianova @natasupernova Photographed by… https://t.co/uQdaaO0kPD
574646232154533900,Sun Mar 08 19:01:52 +0000 2015,Well said #HilaryClinton #InternationalWomensDay #regram https://t.co/JoAhBvH0lf
574636350969901060,Sun Mar 08 18:22:36 +0000 2015,Final descent 💙 NYC @ LaGuardia Airport https://t.co/b3s2Cuce97
574584189577728000,Sun Mar 08 14:55:20 +0000 2015,See you soon ✈️ https://t.co/YzXfRthQRB
574040324835840000,Sat Mar 07 02:54:13 +0000 2015,Location:  Not NY https://t.co/GipwkT8EHu
570578948440109060,Wed Feb 25 13:39:56 +0000 2015,Ghost Town @ One World Trade Center https://t.co/dPJo3nHx4k
570239874692984800,Tue Feb 24 15:12:35 +0000 2015,View of the icy Hudson River from #1WTC @ Condé Nast https://t.co/wDsvhOQryI
567875539966504960,Wed Feb 18 02:37:34 +0000 2015,Pure joy 💗 malisamasala is back at work inhouseatelier ✂️ #FitAddiction 👠👔👗👘👖👚 @ In-House… http://t.co/YSZnSTV3jL
564529554707185660,Sun Feb 08 21:01:48 +0000 2015,@naomicampbell &amp; @cturlington 👯 #StevenMeisel #RolePlay #Phillips #NYC @ Phillips Art Auctions http://t.co/cGOZUzkuXv
564150225997426700,Sat Feb 07 19:54:29 +0000 2015,@louisvuitton #louisvuitton http://t.co/De29neajYw
562974029846679550,Wed Feb 04 14:00:42 +0000 2015,Happy Hump Day! glamourmag #50Shades 💪 jamiedornan 🔥@marilynraee 📷@pan_steven la_lauraferrara… http://t.co/ltFsLBfEKI
562702863206735900,Tue Feb 03 20:03:11 +0000 2015,RT @glamourmag: Love our December cover with @Lupita_Nyongo? "Like" it in @ASME1963's cover contest! http://t.co/jXQMZBJiaP http://t.co/QkJ…
560455226046832640,Wed Jan 28 15:11:53 +0000 2015,#HeriethPaul miguelreveriego @fentonbeth @benskervin @hungvanngo glamourmag #GLAMOUR #February http://t.co/AA2RjGXHK2
558973293953552400,Sat Jan 24 13:03:13 +0000 2015,I still Kerr 🎶 @mirandakerr        alique_photography glamourmag #February #Beauty http://t.co/IcnJCLMNQD
558639056054411260,Fri Jan 23 14:55:04 +0000 2015,Clap your hands it's Friday! glamourmag 📷 @alexilubo la_lauraferrara @marynalinchuk1 #BoydHolbrook… http://t.co/AomqnIuc3C
550661867476381700,Thu Jan 01 14:36:34 +0000 2015,Don't Look Back #2015 #happy #new #year #yohjiyamamoto #art @ Home http://t.co/QeuHw7q077
549261990464876540,Sun Dec 28 17:53:57 +0000 2014,Finally arrived!  My #Africa #Safari pix bound &amp; delivered 💚🐘🙏SM/CF #Botswana #Zambia http://t.co/wSB50Vjioy
548686228644966400,Sat Dec 27 03:46:05 +0000 2014,Tonight at The Directors Guild, I went #IntoTheWoods @ Screen Actors Guild Theater http://t.co/uO4kL9GG7q
545403191987548160,Thu Dec 18 02:20:28 +0000 2014,Until tomorrow @condenast #1WTC ✌️ @ Condé Nast http://t.co/SQWro0ZCqN
545082602034851840,Wed Dec 17 05:06:34 +0000 2014,Thank you @sharkeyhome for hosting an amazing party tonight 🎄🎅🎁#HappyHolidays @ West Village,NYC http://t.co/u1HinyukuY
541625587153264640,Sun Dec 07 16:09:37 +0000 2014,Lazy Sunday morning #Frankie #FrenchBulldog http://t.co/vVVDsYTnxW
541301720828354560,Sat Dec 06 18:42:41 +0000 2014,Cuckoo for #KarliesKookies  @karliekloss &amp; her recipe for success in 2015  #January glamourmag #Delish… http://t.co/xVrb4gq5xQ
540894279112335360,Fri Dec 05 15:43:40 +0000 2014,January glamourmag @angelalessandra dnamodels gilles_bensimon jilliandavison #AlessandraAmbrosio… http://t.co/FfbVydXtyk
540551461772730400,Thu Dec 04 17:01:26 +0000 2014,The end of an era glamourmag #GlamourWTC bye 4TS! @ Condé Nast Building http://t.co/JxUSw3pvPf
539926977721819140,Tue Dec 02 23:39:57 +0000 2014,The most gorgeous couple on the planet @doutzen sunneryjames dnamodels #VSFashionShow #London #Model… http://t.co/fSCuKmJCKz
539903838023856100,Tue Dec 02 22:08:00 +0000 2014,Do you @gotpuku ? #VSFashionShow charging station #Puku #London #iPhone #iLive @ Earls Court… http://t.co/rVjAWuEf1D
539890914035236860,Tue Dec 02 21:16:39 +0000 2014,It's a wrap!!! Hugs &amp; Kisses joansmalls until next year!!! #VSFashionShow 💥💥💥 @ Earls Court… http://t.co/7XyyxhX1Bo
539887528737001500,Tue Dec 02 21:03:12 +0000 2014,This is... 🎤 arianagrande #obsessed #highpony #VSFashionShow 💕#arianagrande @ Earls Court Exhibition… http://t.co/xt9vWrELJS
539873994275848200,Tue Dec 02 20:09:25 +0000 2014,Pre-Game #VSFashionShow w/ @cooper100 oliver_cheshire selectmodels #London @ Earls Court Exhibition… http://t.co/rfGXT3F1eH
539860057530589200,Tue Dec 02 19:14:02 +0000 2014,It's almost time.... #VSFashionShow @ Dean Street Townhouse http://t.co/rKSh5ECHvE
539828609759084540,Tue Dec 02 17:09:04 +0000 2014,Holiday Cheer #London #Christmas #Tree #Lights @ Oxford Street, London England http://t.co/2T3ujw5WFd
539807857529483260,Tue Dec 02 15:46:37 +0000 2014,So excited to see these ladies tonight!!! #VSFashionShow #London #VictoriasSecret #Model #Regram @… http://t.co/Ma6lWd7vv5
539430158038741000,Mon Dec 01 14:45:46 +0000 2014,Scotch Eggs Anyone? #Delish #London @ Dean Street Townhouse http://t.co/wdLemV5vLb
535561433082527740,Thu Nov 20 22:32:50 +0000 2014,It's been that kinda day- thanks @juicepressny #14Hours #Stimulating #ThreeGenders 🌈 http://t.co/TNjpY4Quwd
533118503503405060,Fri Nov 14 04:45:30 +0000 2014,PG &amp; Gigi @prabalgurung @gigihadid #macprabal #gigihadid @ Top Of The Standard http://t.co/eJNQNDXnfQ
532303131791876100,Tue Nov 11 22:45:31 +0000 2014,Check out @LiuWenLW on @glamourmag #GlamourWOTY Best Dressed List on http://t.co/h7WY3XMlg5 http://t.co/h18JAnLs65
532006934908387300,Tue Nov 11 03:08:32 +0000 2014,Model @liuwenlw takes over the show at glamourmag #GlamourWOTY http://t.co/vJ0kq0vOYI
531797026762416100,Mon Nov 10 13:14:26 +0000 2014,I feel the same way Frankie #Monday #Morning http://t.co/g7UC6sye00
531117391682367500,Sat Nov 08 16:13:48 +0000 2014,Perfect start to the #weekend #coffee #nytimes #nyc #sunshine        ☀️☕️🍳🍴📰🗽🌇 @ Edwards http://t.co/fFtTELIBN7
530576394691293200,Fri Nov 07 04:24:04 +0000 2014,Happy Birthday #GemmaWard @imgmodels 💥💥💥 @ Subrosa http://t.co/GuL65XlIX6
529451042594095100,Tue Nov 04 01:52:19 +0000 2014,And there she is lupitanyongo glamourmag Dec cover #WomenOfTheYear issue! 📷by #TomMunro styled by… http://t.co/M4xkoLHcBe
527619918322470900,Thu Oct 30 00:36:05 +0000 2014,An Englishman in NY #Sting @ 601 West 26th St http://t.co/OgBLaLJz9r
521001419373965300,Sat Oct 11 18:16:32 +0000 2014,Great day to be in bed w/ #StevieNicks #FleetwoodMac #iNewJersey @ Prudential Center, Newark, NJ http://t.co/IMzDw1SLOp
520696191928250400,Fri Oct 10 22:03:40 +0000 2014,#TeenageMutantNinjaTurtles made out of #Legos 🐢🐢🐢 @ Madison Square Park http://t.co/nQzCTu4d7w
514527043409567740,Tue Sep 23 21:29:41 +0000 2014,Warm Cookies From a Hot Model… http://t.co/zCooYTuOjo
509763438822694900,Wed Sep 10 18:00:49 +0000 2014,@mileycyrus @itsjeremyscott  carlynecerfdedudzeele #CCD #JeremyScott #MileyCyrus #NYFW @ Milk Studios… http://t.co/Xonx8xIIi5
509478755908472800,Tue Sep 09 23:09:35 +0000 2014,Just posted a photo http://t.co/lEMrlS01Rl
507606392572608500,Thu Sep 04 19:09:29 +0000 2014,Rest in peace #JoanRivers   Thank you for the laughter ❤️ http://t.co/4SGIRdOYxd
507605342478299140,Thu Sep 04 19:05:19 +0000 2014,So sad! “@CNN: Joan Rivers, the bold, pioneering comedian whose gossipy persona catapulted her to fame, has died. She was 81.”
507371541156601860,Thu Sep 04 03:36:16 +0000 2014,Happy Birthday Steven!!!  @stevenbermudez1 @imgmodels #IMGmodels #NYFW @ Dream Downtown http://t.co/N2l5z7GgzN
507327105906913300,Thu Sep 04 00:39:42 +0000 2014,A Fair &amp; Honest Appraisal of Your Appearance by @TheBumbys 🔮 Thank you nauticabrand #NYFW @ Sky… http://t.co/3QEdMTOjXS
507326035244118000,Thu Sep 04 00:35:27 +0000 2014,A Fair &amp; Honest Appraisal... By @TheBumbys 🔮 Thank you nautica #NYFW @ Sky Terrace-hudson Hotel http://t.co/10KakDqdaM
506565407139184640,Mon Sep 01 22:12:59 +0000 2014,The Mall at Short Hills #Maje #LaborDay #Shopping @ The Mall At Short Hills http://t.co/EwrlCQzs7j
504936093611851800,Thu Aug 28 10:18:40 +0000 2014,Early Bird gets the 🐛 #GoodMorning #Graffiti http://t.co/yKS6UJEsNH
504088359191707650,Tue Aug 26 02:10:05 +0000 2014,Doctor in the house #DrRuth #USOpen #Tennis @ Arthur Ashe Stadium http://t.co/Ob8vV0WyGC
502561534678433800,Thu Aug 21 21:03:01 +0000 2014,This #TBT is in honor of #RobinWilliams #NanuNanu http://t.co/XE8CAJI9ms
501769600665526300,Tue Aug 19 16:36:09 +0000 2014,Facebook Makes Startling $10K Donation To Anti-Gay Marriage Politician http://t.co/S4wqI3dWjl
501127940042530800,Sun Aug 17 22:06:26 +0000 2014,Just posted a photo @ Newport Yacht Club And Marina http://t.co/T9KTHvuEYN
499195727457710100,Tue Aug 12 14:08:30 +0000 2014,Thank you #SebastianKim for my contributors portrait &amp; #CCD for the pearls of wisdom #grateful… http://t.co/0PJlWEz363
498911270666371100,Mon Aug 11 19:18:10 +0000 2014,☀️🌊✌️ http://t.co/UG5opXZl1C
497733474850459650,Fri Aug 08 13:18:02 +0000 2014,Always stopping traffic @carolynamurphy @imgmodels in glamourmag #septemberissue nationwide 8/12 http://t.co/kyqDGrt9MV
497471520768151550,Thu Aug 07 19:57:07 +0000 2014,The Daily Summer http://t.co/vi7AQNiUVw via @Issuu
497420105542672400,Thu Aug 07 16:32:49 +0000 2014,Check out calvinklein #beauty @doutzen dnamodels in glamourmag #SeptemberIssue on sale nationwide 8/12 http://t.co/jiuR4BJhJ4
494529098660593660,Wed Jul 30 17:04:59 +0000 2014,Yum!!! @benandjerrys #Ben&amp;Jerrys #IceCream  Thank you! @CondeNast 🍦😊 @ Condé Nast http://t.co/MBqbgsaHnX
492486125198802940,Fri Jul 25 01:46:56 +0000 2014,The fabulous juneambrose  #ASP Event #JuneAfterDark @ Jimmy Rooftop At The James Soho http://t.co/gFzqlu8Xnm
491759428635738100,Wed Jul 23 01:39:18 +0000 2014,@imgmodels @chaneliman &amp; @iammarthahunt striking a pose w/ #Marilyn #TheLostPhotos exhibit… http://t.co/mjNIAOAux1
487723766030401540,Fri Jul 11 22:23:01 +0000 2014,How Eileen Ford Changed the Modeling World http://t.co/b93jsrOwBr
486887936294920200,Wed Jul 09 15:01:44 +0000 2014,Ms heriethpaul womenmanagementny your #happiness is #addictive August glamourmag #Prints story 💜 http://t.co/yZgkD7fHpd
486811686146297860,Wed Jul 09 09:58:45 +0000 2014,Good Morning #NYC ☀️ http://t.co/GFJTiHnAQY
485202611772325900,Fri Jul 04 23:24:51 +0000 2014,Just posted a photo http://t.co/MX5C83qUUp
485157645787992060,Fri Jul 04 20:26:11 +0000 2014,❤️🇺🇸 @ Lake Erie, Pa. Presque Isle http://t.co/p1PIF3DP9w
479785407651913700,Fri Jun 20 00:38:49 +0000 2014,#DebbieHarry #KooKoo #Blondie #Vinyl #Records @BlondieOfficial http://t.co/tzq7b7mlmy
474915271992291300,Fri Jun 06 14:06:39 +0000 2014,#Jersey...the #secret is #out http://t.co/gRyaVchsx1
472924509570220000,Sun Jun 01 02:16:04 +0000 2014,Happy Birthday @lanoonyez cc:  @prabalgurung jefftrosch @hanukhanuk kruekutz 📷by @briancoatsbc @ Bar Six http://t.co/Rul6xll8yB
470955450645508100,Mon May 26 15:51:44 +0000 2014,Happy Birthday #Stevie #FleetwoodMac #Rhiannon #70's #Rock #Goddess #StevieNicks http://t.co/V7KL92AXnr
469670009795801100,Fri May 23 02:43:51 +0000 2014,#regram Happy Birthday olgatavarez ❤️❤️❤️ @ Benihana http://t.co/P6GgJXzK5t
467434278561648640,Fri May 16 22:39:51 +0000 2014,Happy Friday!!! #Champagne #Gold http://t.co/iLJnBfjp2e
467410947900837900,Fri May 16 21:07:08 +0000 2014,Dynamic Duo @chaneliman @elsahosk http://t.co/gFkFyABMUo
467409217700106240,Fri May 16 21:00:16 +0000 2014,Is that scarlettj from glamourmag or the stunning @elsahosk @imgmodels ? http://t.co/axjJdmFP3q
465341827823194100,Sun May 11 04:05:12 +0000 2014,@Cher brought #Burlesque to #Jersey tonight @ IZOD Center http://t.co/5zJl5AWzpZ
464556216027721700,Fri May 09 00:03:27 +0000 2014,#RockyBroadway @ Winter Garden Theatre http://t.co/ksOg7Rjz9D
463813929471193100,Tue May 06 22:53:52 +0000 2014,Thank you for an amazing day! doutzen dnamodels @bushwickbaby glamourmag http://t.co/3chwYRKKYi
463499282138419200,Tue May 06 02:03:34 +0000 2014,love this duo #metgala http://t.co/cDsfh8NusK
457133641861443600,Fri Apr 18 12:28:48 +0000 2014,About to embark on the journey of a lifetime #Africa #Safari #WhereTheWildThingsAre @ John F. Kennedy… http://t.co/K7ym1J2kjO
456292819410251800,Wed Apr 16 04:47:40 +0000 2014,Dutch #model @ymrevcs dnamodels is giving face in glamourmag May issue on sale nationwide http://t.co/ykGGqyDsqJ
456286494450548740,Wed Apr 16 04:22:32 +0000 2014,Hot Mama #MissyRayder @marilynagencyny in the May issue of glamourmag #Glamour #Models http://t.co/LfiTREMkQU
456280868957347840,Wed Apr 16 04:00:11 +0000 2014,"Red Alert" its @joansmalls @IMGmodels May issue of glamourmag on sale nationwide today esteelauder… http://t.co/nI6f5SedD5
453688816704835600,Wed Apr 09 00:20:17 +0000 2014,Watch Beauty Truth or Dare With Coco Rocha and Chanel Iman http://t.co/sCZrxSENc6
452974126060548100,Mon Apr 07 01:00:22 +0000 2014,Game On! #GameofThrones #HBO http://t.co/4sVko1isH5
440295400982208500,Mon Mar 03 01:19:38 +0000 2014,Thank you @briancoatsbc shannonspillett for an amazing weekend! #40sweetie #ssbc40 Already missing my… http://t.co/AujKuuaTsB
438724408363188200,Wed Feb 26 17:17:04 +0000 2014,Carlyne Cerf de Dudzeele: J'Adore - Leopard: http://t.co/rGE9Taty0I via @YouTube #CerfStyle #CCD
430041504070271000,Sun Feb 02 18:14:19 +0000 2014,@NATELY Thanks!  So great seeing Ms. @ShaninaMShaik @GQMagazine SuperBowl Party!
420198105154617340,Mon Jan 06 14:20:09 +0000 2014,Excited to start the New Year at GLAMOUR today! @ Condé Nast Building http://t.co/RIDuYFou5X
407206750543441900,Sun Dec 01 17:57:09 +0000 2013,A tribute to a great man @ Park Ridge, NJ http://t.co/ND7B3HsBpf
401140483260710900,Fri Nov 15 00:11:58 +0000 2013,madonna exhibition by @danivescophoto @milkstudios #MadonnaNYC83 @ Milk Studios http://t.co/T6IkRVOTo7
400892810951680000,Thu Nov 14 07:47:49 +0000 2013,gq Babe #JourdanDunn officialjdunn @VictoriasSecret Party #vsfashionshow @ TAO Downtown http://t.co/F98NAv21MU
400887522710282240,Thu Nov 14 07:26:48 +0000 2013,The gorgeous sara_sampaio @VictoriasSecret Party #vsfashionshow @ TAO Downtown http://t.co/99FVKQGFGt
400885701849669600,Thu Nov 14 07:19:34 +0000 2013,Love these two @KarlieKloss @rjking3 @VictoriasSecret #VSFashionShow Party @ TAO Downtown http://t.co/DVo19zdJpw
400795567871492100,Thu Nov 14 01:21:24 +0000 2013,It's almost showtime! @VictoriasSecret @ 69th Regiment Armory http://t.co/0DAJbAAS4X
400266225089257500,Tue Nov 12 14:17:59 +0000 2013,#Regram awesome dinner last night w/ the beautiful  @luvalyssamiller &amp; @enikoeva  #GQ #MOTY #Carbone 🍝 http://t.co/ZKhXjvZ2JJ
400262115451478000,Tue Nov 12 14:01:39 +0000 2013,Celebrating @GQmagazine Men (&amp; Women) of the Year w/ emrata 🔥 http://t.co/fBmlQiT2tr
398819899885518850,Fri Nov 08 14:30:48 +0000 2013,Loungin' http://t.co/YmYHzdKHcv
398665085968982000,Fri Nov 08 04:15:37 +0000 2013,#SizeDoesMatter kennethwillardt featuring Robyn Lawley @BreeVandeis #models http://t.co/hlQrp41G7G
396051086462959600,Thu Oct 31 23:08:31 +0000 2013,Happy #Halloween Frankie!!! http://t.co/qBaBMon6lP
393749886812053500,Fri Oct 25 14:44:23 +0000 2013,I couldn't have said it better myself @ChockFullOfNuts #TGIF #NewYorksCoffee #Heavenly @ Condé Nast… http://t.co/KdfX1zIhR6
391140154767065100,Fri Oct 18 09:54:14 +0000 2013,RT @daniellenuss: Hooray for @mickeyrapkin and his show Freelancers! http://t.co/7z4tJjEduQ
390595217193455600,Wed Oct 16 21:48:51 +0000 2013,So amazing to work with you emrata 😘 @gqfashion terry_world @FordModels #GQ #EmilyRatajkowski http://t.co/Nd5mp3dfYL
382276200246542340,Mon Sep 23 22:52:03 +0000 2013,Calm before the storm #gqforgap cc:  inhouseatelier kumicraig Losi for @martialvivotl @ St. Patrick's… http://t.co/tItRXNbuEP
382263061044011000,Mon Sep 23 21:59:50 +0000 2013,I wonder whose bike this is? @rjking3 @ St. Patrick's Old Cathedral http://t.co/oB0Xuy3dXP
380755249818251260,Thu Sep 19 18:08:20 +0000 2013,October 2013 @gqfashion #StyleManual idriselba @TheJeffBridges #JustinTheroux http://t.co/U1j8SuF4LE
379269061248811000,Sun Sep 15 15:42:45 +0000 2013,British dude working #American flag #fannypack #beach #fashion #HGQRU @gqfashion http://t.co/yORDMrXpSE
375672711147966460,Thu Sep 05 17:32:08 +0000 2013,Mr. @instalaced paid @gqfashion a visit and loved our @fijiwater #myfijistraw @ Condé Nast Building http://t.co/Hi5H8hSOGW
374260486344548350,Sun Sep 01 20:00:28 +0000 2013,Best Seafood down the #JerseyShore @mudcitycrab #CrabCakes #Delish #LaborDayWeekend @ Mud City Crabhouse http://t.co/XOBRvzo9p2
372734787011620860,Wed Aug 28 14:57:52 +0000 2013,Get it before it's gone #GQ #WhatToWearNow http://t.co/bAXN98uiLU
355118372691775500,Thu Jul 11 00:16:32 +0000 2013,Happy Birthday T! cyndilauper @BeaconTheatre #CyndiBeacon @ Beacon Theatre http://t.co/WqcsmLmRu0
355062957064986600,Wed Jul 10 20:36:20 +0000 2013,Love your pocket squares of the week @campbellmoseley  #O'HarrowClothiers #PocketSquares #Style @ http://t.co/1eQkO7dv6q
352828099479613440,Thu Jul 04 16:35:48 +0000 2013,God Bless America! @KateUpton @gqfashion #4thofJuly #BTS #GQ http://t.co/c9XFk5yQSb
348780418046259200,Sun Jun 23 12:31:46 +0000 2013,#sundayfunday with @KateUpton http://t.co/17jGFq04wH
348466368963821600,Sat Jun 22 15:43:51 +0000 2013,The gqfashion team dressing model @victorrossll for mrporterlive #GQSelects cc: malisamasala… http://t.co/IYdi6SyrK5
348459044467519500,Sat Jun 22 15:14:44 +0000 2013,Hey @chrissyteigen love your @GQMagazine video:  http://t.co/EpocZJZXAi filmed @standardny Such a fun shoot! cc: @lisamariebenson #GQ
347310958290542600,Wed Jun 19 11:12:39 +0000 2013,Amazing night epixhd #CinemaSociety screening of #MDNA Tour madonna @ Paris Theatre http://t.co/SLPk4c6tsn
345550503339491300,Fri Jun 14 14:37:14 +0000 2013,RT @KateUpton: @GQMagazine @richardblandino I'm so glad you found these!
345404459607814140,Fri Jun 14 04:56:55 +0000 2013,irinashayk 🔥🔥🔥🔥🔥 http://t.co/zuconteFsG
345404334575591400,Fri Jun 14 04:56:25 +0000 2013,Hanging with longtime ❤irinashayk @ Nobu Next Door http://t.co/7sSRyVNkpk
345348825050914800,Fri Jun 14 01:15:50 +0000 2013,RT @KateUpton: “@GQMagazine: GQ Bookings Director @RichardBlandino recalls his first meeting with @KateUpton: http://t.co/rYopC51J09 #tbt”a…
345283880573599740,Thu Jun 13 20:57:46 +0000 2013,Remembering the day I fell for @kateupton gq #TBT #2010 http://t.co/AnmpNLzTYJ http://t.co/b0wz4FM6UH
344801145698537500,Wed Jun 12 12:59:33 +0000 2013,@iza_goulart welcome home gorgeous! You brought the ☀back to #nyc xo
344675312073850900,Wed Jun 12 04:39:33 +0000 2013,Happy 21st Birthday @KateUpton Sending you lots of #love  @GQMagazine http://t.co/Q97pugWH2r
344603744354328600,Tue Jun 11 23:55:09 +0000 2013,Premiere of Watts Up Rose in #NYC @jameshotels wattsupphoto gq #delish @ JIMMY at The James http://t.co/50oS036839
344301689802727400,Tue Jun 11 03:54:54 +0000 2013,Check out the top 100 Twitter users with the most followers.  http://t.co/0VjbuAbMAQ
343822940942528500,Sun Jun 09 20:12:31 +0000 2013,Perfect Sunday afternoon in the country @ Alexandria, New Jersey http://t.co/q3Dg9XFxgk
338085169191850000,Sat May 25 00:12:40 +0000 2013,Congratulations Noah Mills on the New York premiere of your film #Wracked @wrackedmovie @noah_live… http://t.co/fdxDhuv2ip
337394032495968260,Thu May 23 02:26:20 +0000 2013,If the past calls, don't answer.
330797144451715100,Sat May 04 21:32:39 +0000 2013,I know, I know...just one picture with your collar off? #Models #SpecialBookingsOnly #Fashion #Dogs @… http://t.co/zcu7ulLXLj
330118346097979400,Fri May 03 00:35:21 +0000 2013,Freedom Rising #WTC #NYC http://t.co/FdhL33WVi2
328543650814492700,Sun Apr 28 16:18:05 +0000 2013,Tonight it's all about @TeamRihanna411 #NobodysBusiness #Unapologetic #Rihanna #DiamondsWorldTour… http://t.co/MdguUe0k1a
328352869260607500,Sun Apr 28 03:39:59 +0000 2013,Happy 40th Birthday @MrChunkyExpress @ Perry Street http://t.co/C1wg5zwxLp
327981653920206850,Sat Apr 27 03:04:54 +0000 2013,Wonder Woman @RealLyndaCarter http://t.co/Yqm6xXG4Ld
325798454989312000,Sun Apr 21 02:29:39 +0000 2013,Celebrating pre-bday w/ Lisa Lisa #Freestyle #80's #PopMusic #Love http://t.co/xXjXoxVWNu
324612218773700600,Wed Apr 17 19:55:58 +0000 2013,Tahnee Atkinson onepoint1 @onemanagement @gqfashion Thank you #Australia #models #go-see #gq @ Condé… http://t.co/milqW3dQJu
318739298843250700,Mon Apr 01 14:59:05 +0000 2013,#Love is in the air http://t.co/BtrL43WgcJ
316349941553438700,Tue Mar 26 00:44:38 +0000 2013,You can't always get what you want, you get what you need. #stones
313998667298258940,Tue Mar 19 13:01:30 +0000 2013,@richardblandino: The gorgeous @brittanygk on the @todayshow this morning #modeling marieclaire #fashion http://t.co/VN15rMDu4V
301859015720329200,Thu Feb 14 01:02:52 +0000 2013,Girls will be boys! @fordmodels @GQMagazine @nypost #models #fashion #GQ http://t.co/PlTK3jMq
300975590981378050,Mon Feb 11 14:32:27 +0000 2013,#DSQUARED @DeanandDan #NYFW @ The Copa Cabana http://t.co/0e1ZFWPy
298995116599816200,Wed Feb 06 03:22:45 +0000 2013,Congratulations Olga &amp; josephthefox @framemodels #models http://t.co/gSHUUSUp
298943378027061250,Tue Feb 05 23:57:10 +0000 2013,Most fun I've had on a @GQMagazine shoot!!!   @KateUpton @Terry_World @lisamariebenson @nypost  #GQ  http://t.co/yFbF15u6
298932570194841600,Tue Feb 05 23:14:13 +0000 2013,Thanks @hm for the candy bar! #DELISH  #GQ @ GQ Magazine http://t.co/mXNqeHxv
298828778363289600,Tue Feb 05 16:21:47 +0000 2013,Holy chanel !!! @CDALIofficial seemanagement @ Highline Studios http://t.co/l5PoDTuM
298261219360534500,Mon Feb 04 02:46:30 +0000 2013,RT @BravoAndy: Stevie Nicks + Clydesdales + Cute Dude = tears
293959348516958200,Wed Jan 23 05:52:25 +0000 2013,Amazing night w/ the @GQMagazine @GQFashion team @BravoAndy Show #Bravo cc: @FordModels #RL http://t.co/Vw0fDAhI
291370682435129340,Wed Jan 16 02:25:58 +0000 2013,Dream date w/ Carlyne Cerf &amp; @The_Real_IMAN #fashionicons  @ No. 8 http://t.co/boaWDab6
287633401526247420,Sat Jan 05 18:55:21 +0000 2013,Mr. @barrysbootcamp is no joke! Thanks for the intro @MissCInTheCity #eyeofthetiger  @ Barry's Bootcamp TriB http://t.co/yS4B1Q9e
279073263710257150,Thu Dec 13 04:00:25 +0000 2012,Happy Birthday @alikavoussi #GuessWho?cc:  @annevinde theirishayk @ Frankies 570 http://t.co/RgXwKAp3
266376998371328000,Thu Nov 08 03:10:00 +0000 2012,It's a wrap! @victoriassecret #vsfashionshow  @ 69th Regiment Armory http://t.co/DRx77k3M
266340108398100480,Thu Nov 08 00:43:24 +0000 2012,Ready... @ 69th Regiment Armory http://t.co/ysck5xpH
265909482289262600,Tue Nov 06 20:12:16 +0000 2012,Hey @AnneV thanks for stopping by @GQMagazine today to say hi!  Looking forward to seeing you in #DieHard xo http://t.co/rUs2r64Y
261996555052146700,Sat Oct 27 01:03:41 +0000 2012,jodieboland's photo http://t.co/6MomoZMI
261986251010342900,Sat Oct 27 00:22:44 +0000 2012,Patsy is #AbFab As only @jodiebolandmkup could do her! #Halloween #bolistoli #sweetiedarling #bighair http://t.co/QvXvlbVy
259035493239496700,Thu Oct 18 20:57:28 +0000 2012,Trinidadian #model Sintra Arunte shot this iconic photo in 1972 for The Jamaican Tourists Board.  Yeah Mon! http://t.co/UnqJxjRN
255013757653237760,Sun Oct 07 18:36:32 +0000 2012,#Delish  @ Blue Bottle Coffee http://t.co/yvvkXq7G
251706559829266430,Fri Sep 28 15:34:55 +0000 2012,Love this Saturdays #gqxgap sweatshirt on @malisamasala @gq #fitaddiction   @ Pier 59 Studios http://t.co/yx0mxcOy
248271349397745660,Wed Sep 19 04:04:37 +0000 2012,Where's an apple box when you need one? Michelle Buswell @marilynagencyny @gq #gqxgap cc: @BrianC  @ Pier 40 http://t.co/Mz4QPaMn
248269407497908220,Wed Sep 19 03:56:54 +0000 2012,Adrija @wilhelminamodel @gq #gqxgap   @ Pier 40 http://t.co/H3I9GwqX
248260895845785600,Wed Sep 19 03:23:04 +0000 2012,Michelle Buswell @marilynagencyny  &amp; Lindsay Ellingson @ DNA models #gqxgap @gq  http://t.co/5mxsd4U3
248194754595155970,Tue Sep 18 23:00:15 +0000 2012,Travis Davenport @soulartistmgmt #gqxgap  http://t.co/TMTVElqb
248193432554704900,Tue Sep 18 22:55:00 +0000 2012,Stylist Brian Coats @thewallgroup and #ckonecolor makeup artist @jodieboland @jodiebolandmkup @gqfashion @gq http://t.co/UA8kPq8F
248189012009947140,Tue Sep 18 22:37:26 +0000 2012,Models Daniel Liu @fordmodels and Tommie #gqxgap  http://t.co/iVlGHXNz
248188350970855420,Tue Sep 18 22:34:48 +0000 2012,The amazing Brittany Kozerski making it all happen @brittanygk @GQfashion #gqxgap  http://t.co/zyPPRnhH
248163343834181630,Tue Sep 18 20:55:26 +0000 2012,Getting the boys groomed for #GQxGAP @jodieboland @jodiebolandmkup @calvinklein #ckonecolor @gqfashion @ford http://t.co/2KBv99D6
247046055156412400,Sat Sep 15 18:55:44 +0000 2012,Lunch on the Hudson  @ Michael Anthony's http://t.co/P6PAPtFg
246022047464054800,Wed Sep 12 23:06:41 +0000 2012,Front row @VH1 #storytellers featuring Alicia Keys
245358185785991170,Tue Sep 11 03:08:45 +0000 2012,Congratulations on your shoe collection! @armandoshoes @wilhelminamodel @GQfashion @GQMagazine #NYFW #models #fashion http://t.co/FKXdMpva
243053309726957570,Tue Sep 04 18:29:59 +0000 2012,We nailed it! @malisamasala #fitaddiction   @ Splashlight Studios http://t.co/wLFgdRpH
239515900796104700,Sun Aug 26 00:13:35 +0000 2012,Summer Fun  @ Beach Haven West http://t.co/UrpTLQsw
234463142040711170,Sun Aug 12 01:35:44 +0000 2012,Psyched to arrive in Mexico as they won gold today in the #Olympics http://t.co/Te7YslZV
234453079221731330,Sun Aug 12 00:55:44 +0000 2012,Finally  http://t.co/RXzq62q6
232555730220236800,Mon Aug 06 19:16:22 +0000 2012,NY Kitchen's snack plate lifts the mood on any #fashion shoot.  Cc:  @BrianCoatsBC #delish http://t.co/0JiwW57z
232310466116993020,Mon Aug 06 03:01:45 +0000 2012,Stunning as Lilith on #TrueBlood @jessicaclark @TrueBloodHBO @MarilynAgencyNY
231947375948754940,Sun Aug 05 02:58:58 +0000 2012,Coldplay  @ IZOD Center http://t.co/C72c3wRk
230412458106433540,Tue Jul 31 21:19:45 +0000 2012,@LindsayTHuggins @MadonnaNation Yankee Stadium here we come!!!  Shall we have a holiday?  #MDNA
230403852569047040,Tue Jul 31 20:45:33 +0000 2012,@LindsayTHuggins I have two words for you:  Moira McFarland! RT "Neat? Anybody who says my show is "neat" has to go!" @MadonnaNation
222508612596138000,Tue Jul 10 01:52:42 +0000 2012,Love watching @olgaremodeled on the @CW_Network I'll be watching #Remodeled Monday nights at 9pm!!! http://t.co/NdJILLuI
216624797440933900,Sat Jun 23 20:12:31 +0000 2012,RT @lisamariebenson: RT @THELOVEMAGAZINE: Kate Upton watches boys go by at Burberry Prorsum http://t.co/5OCyTPcm @IMGModels
216599875314397200,Sat Jun 23 18:33:29 +0000 2012,Now there's the @Versace dress I was talking about!  @KateUpton @GQMagazine #kateupton taking Milan by storm! http://t.co/5OiT0Rmw
216584523192868860,Sat Jun 23 17:32:28 +0000 2012,@KateUpton lovin' the Milan looks, let's see more!!!  Gold Versace dress? #kateupton #GQ #fashion https://t.co/TRXVVQHi
215680558292934660,Thu Jun 21 05:40:26 +0000 2012,@lisamariebenson AMAZING!!!!
215603949825298430,Thu Jun 21 00:36:02 +0000 2012,@lanoonyez means ure American!  RT "I can't stop thinking about Kate Upton's breasts. What does this meeeean? @RichardBlanidno @GQMagazine "
215584162709651460,Wed Jun 20 23:17:24 +0000 2012,It's a wrap! @GQMagazine cover girl @KateUpton leaving the taping of @jimmyfallon Tune in tonight! http://t.co/GAkXrF32
215563165369511940,Wed Jun 20 21:53:59 +0000 2012,@jimmyfallon #itssohot I'm seeing double!!! http://t.co/7Colcbwj
215529916295417860,Wed Jun 20 19:41:51 +0000 2012,Hey @jimmyfallon are you ready for @KateUpton tonight? http://t.co/XiVbII2R
215255532083228670,Wed Jun 20 01:31:33 +0000 2012,Behind the scenes of @GQMagazine July cover shoot w/ my favorite Wonder Woman @KateUpton http://t.co/foKbxcVF
215055716183060480,Tue Jun 19 12:17:32 +0000 2012,God Bless America &amp; God Bless @KateUpton #GQJuly http://t.co/SnTtFq3S
213820277304467460,Sat Jun 16 02:28:21 +0000 2012,I live, I love....  The GQ Warriors! http://t.co/6tCZ4LPT
213344186852847600,Thu Jun 14 18:56:33 +0000 2012,Congratulations @olgaremodeled for #TheNetworkTalent big win at BAMFF for the Best Reality Program!!!  #Remodeled http://t.co/5hDBvQns
212763989288034300,Wed Jun 13 04:31:02 +0000 2012,@lisamariebenson what are you up to now Ms. Benson?  #harpo
212617112223617020,Tue Jun 12 18:47:26 +0000 2012,Happy Birthday @AdrianaLima xoxo http://t.co/NGjzLaos
212307290978656260,Mon Jun 11 22:16:17 +0000 2012,Just posted a photo http://t.co/dJyw8s70
211101311448530940,Fri Jun 08 14:24:09 +0000 2012,@LindsayTHuggins WORD!
209742904636346370,Mon Jun 04 20:26:19 +0000 2012,Meet the #model behind the hand on this month's @GQMagazine cover with #MichaelFassbender http://t.co/9meISACy
208370544595304450,Fri Jun 01 01:33:03 +0000 2012,The cake is serious! http://t.co/6SP2XpX1
204191659909582850,Sun May 20 12:47:40 +0000 2012,When you want to get it dirty...the clean way.  #Schmere #behindthescenes http://t.co/DZp55kc6
203634609114718200,Fri May 18 23:54:09 +0000 2012,.@GQMagazine tailor Malisa at In-House Atelier ...the fit is addictive! #FashionFriday http://t.co/Aqev9vlG
200315794448588800,Wed May 09 20:06:22 +0000 2012,Daniel @FordModels great seeing you at Juan Carlos Castro's #FuegoArtificial exhibition! http://t.co/VENK1old
200312373179990000,Wed May 09 19:52:46 +0000 2012,Handsome guests at the #FuegoArtificial art opening:  Rob Evans @MajorModelsNY, Clint &amp; Miguel @FordModels http://t.co/y6HllmLI
197445977433579520,Tue May 01 22:02:44 +0000 2012,Steamed Pork Bun @ momofuku ssam bar http://t.co/79jJri8c
191171544016367600,Sat Apr 14 14:30:23 +0000 2012,BTS @GQMagazine April #stylebible "No Sweats" shoot w/ model Nathan Owens & @CalvinKlein #CK1 artist @jodiebolandmkup http://t.co/Hlj5bHzn
191160788533260300,Sat Apr 14 13:47:38 +0000 2012,Let's Go Yanks! http://t.co/PzrJC80h
187608976614105100,Wed Apr 04 18:34:00 +0000 2012,@NathanJOwens auditions are "No Sweats" for you - kill it!  #GQ
187607948736999420,Wed Apr 04 18:29:55 +0000 2012,@EmmaHeming Congratulations and Godbless - just hearing the great news!
187187217230331900,Tue Apr 03 14:38:05 +0000 2012,God save the Queen http://t.co/yKnXbF19
186794977853063170,Mon Apr 02 12:39:28 +0000 2012,You were just what I needed #Miami http://t.co/7gZIkqW4
186535251827367940,Sun Apr 01 19:27:24 +0000 2012,My favorite! RT @JodieBolandMkup "Lunch with the girls at il bucco!!!" @zimmermann_ @mcmallat (Taken with instagram) http://t.co/V482sn8j”
186229902641594370,Sat Mar 31 23:14:03 +0000 2012,A good beach day http://t.co/9dd6qej3
186201421954293760,Sat Mar 31 21:20:53 +0000 2012,@lisamariebenson @kateupton Even better if you two were here!!!! #miami
186171781277679600,Sat Mar 31 19:23:06 +0000 2012,Are you girls in Miami? @KateUpton @lisamariebenson
186039164461006850,Sat Mar 31 10:36:07 +0000 2012,Thank God we bought in Baltimore! #megaMillions RT @EricRayDavidson "Straight cash  cc  @BrianCoatsBC http://t.co/1q2BfnMA”
186037251975806980,Sat Mar 31 10:28:31 +0000 2012,Its a #Idontgiveaf* weekend : ) RT @BrianCoatsBC "Have a blast in Miami @richardblandino . Don't forget to thank your saints. #imasinner”
184994795222077440,Wed Mar 28 13:26:10 +0000 2012,@ladygaga may #bullying die with your birth.  Happy Birthday #LadyGaga !  There's a reason you were #BornThisWay today ; )
184815451686178800,Wed Mar 28 01:33:32 +0000 2012,It's a wrap! @BrianCoatsBC #champs http://t.co/wdpSrqVb
184801820022018050,Wed Mar 28 00:39:22 +0000 2012,#MDNA is getting us through the last shot of the day at @MilkStudios @MadonnaNation @guyoseary
184488574740217860,Tue Mar 27 03:54:38 +0000 2012,I stand corrected, thanks!  RT @MelodyMsBK "ummm it's fahggedaboudit. Lol”
184485125550116860,Tue Mar 27 03:40:56 +0000 2012,Just discovered #BK11223 on the @oxygen network.  Bay Ridge, Brooklyn has its own reality show! #dontworryaboutit
182595028416335870,Wed Mar 21 22:30:21 +0000 2012,Hunger Games @jesseamelia #DedicatedFan http://t.co/Qtz20U6a
181732256992329730,Mon Mar 19 13:22:01 +0000 2012,Happy Birthday @AnneV !!! xo
181730822829772800,Mon Mar 19 13:16:19 +0000 2012,LAX to JFK to 4 Times Sq! #redeye RT @CampbellMoseley "JFK to LAX!!!” ✈
181614314644451330,Mon Mar 19 05:33:22 +0000 2012,About to board...  Until next time @olgaremodeled bye bye #LA http://t.co/a8vfl5yM
181518732672241660,Sun Mar 18 23:13:32 +0000 2012,Grapes of Wrath http://t.co/QnjzrJcG
181252124670304260,Sun Mar 18 05:34:08 +0000 2012,Shayk it up baby! @AliKavoussi "#The Glamorous LIFE !" #models http://t.co/pg2zYGgW
181234958055125000,Sun Mar 18 04:25:55 +0000 2012,Soho House with my driver @olgaremodeled #LA http://t.co/qIiWmKDf
181161438738518000,Sat Mar 17 23:33:48 +0000 2012,Something tells me I shouldn't trust this place?  #OnlyInLA http://t.co/X8DE28xw
181156490038616060,Sat Mar 17 23:14:07 +0000 2012,Thanks for the @Burke_Willams spa day @olgaremodeled #naptime
180092276582785020,Thu Mar 15 00:45:19 +0000 2012,Yeah!!! RT @NathanJOwens: http://t.co/5qsbyrNJ @jodiebolandmkup @briancoatsbc @richardblandino it was a blast!!! Great job @WattsUpPhoto”
180090715446067200,Thu Mar 15 00:39:07 +0000 2012,Love me some Lisa Marie RT @lisamariebenson "Hanging w my favorite @GQmagazine sexy thang" http://t.co/qSM4AP0s
179370295788965900,Tue Mar 13 00:56:26 +0000 2012,The gorgeous Kenza @GQMagazine #stylebible event with GQ's own @BrianCoatsBC http://t.co/pm2ZQTGt
177118124066349060,Tue Mar 06 19:47:06 +0000 2012,Meet @michellevawer my "Go-See of the Week" on http://t.co/zqMPEFFl #models http://t.co/yeoho1fS
176538690951192580,Mon Mar 05 05:24:39 +0000 2012,@ErinHeatherton Happy Bday ❤ Frankie http://t.co/Uhwz0ymX
176195589799813120,Sun Mar 04 06:41:17 +0000 2012,@BrianCoatsBC http://t.co/rxzCRpTd
175115570000310270,Thu Mar 01 07:09:40 +0000 2012,#Frankie doesn't want to sleep...HELP! http://t.co/UwkB7Q6r
173985631620440060,Mon Feb 27 04:19:41 +0000 2012,Will you be getting back together? @AngiesRightLeg #Oscars
173967308606291970,Mon Feb 27 03:06:53 +0000 2012,So happy for Christopher Plummer! #Oscars #Beginners @BrianCoatsBC
169915268200542200,Wed Feb 15 22:45:31 +0000 2012,Anderson / VNY working the piano scarf at Gant  http://t.co/GPxxsFha
169912108992053250,Wed Feb 15 22:32:58 +0000 2012,Love this #model Onnys @NewYorkModels1 at Gant #nyfashionweek  http://t.co/eMNz44tJ
169908370927661060,Wed Feb 15 22:18:07 +0000 2012,Emil in Gant presentation #nyfashionweek #model  http://t.co/mhGatoap
169564599098671100,Tue Feb 14 23:32:05 +0000 2012,Are your finger mechanics up to speed?  Let @KateUpton show you how...  http://t.co/AySSWRBA
169549409535787000,Tue Feb 14 22:31:43 +0000 2012,Who's that handsome devil 20 seconds into this video? My moment with #Whitney http://t.co/yWAUGaxe
169179508572819460,Mon Feb 13 22:01:54 +0000 2012,Ran into #model Jamie Jewitt outside Michael Bastian show #NYFW http://t.co/jT1ZsLEN
168517266151968770,Sun Feb 12 02:10:21 +0000 2012,Where do broken hearts go?  #Whitney
168143314032398340,Sat Feb 11 01:24:24 +0000 2012,Is all about Blue this season #NYFW -First photo: Beyonce shows off baby http://t.co/K1ORCrMC http://t.co/JurDoiXT”
167831723915223040,Fri Feb 10 04:46:15 +0000 2012,#model Matt Loewen and friends at Richard Chai after party #NYFashionWeek http://t.co/iZyYyM0E
167825228561526800,Fri Feb 10 04:20:27 +0000 2012,Miles M. w/ Richard Chai @ his after party http://t.co/xDjaHSUs
167676718281273340,Thu Feb 09 18:30:19 +0000 2012,Good pick @glavs I'm at Buvette w/ my dear friend @erinfmcmurray and Giada is at the next table! #DELISH
167585189848031230,Thu Feb 09 12:26:37 +0000 2012,RT @KarenWalkerBot: Honey, I'm busy, touch yourself.
167453618646155260,Thu Feb 09 03:43:48 +0000 2012,It's official the #JerseyShore spin-off will be filmed in Jersey City - welcome home @snooki !!! #ItsOn
167439079787593730,Thu Feb 09 02:46:02 +0000 2012,@olgaremodeled when are you coming to NYC? #Remodeled
167362952415035400,Wed Feb 08 21:43:31 +0000 2012,Miss U2!  Much Love, Richard @GQMagazine RT @AnneV "Awww thank you Richard! Miss u! Xoxo"
167349057482797060,Wed Feb 08 20:48:19 +0000 2012,Work those skates Anne - hot!!! RT @AnneV "What a fantastic day in Venice! Nothing like shooting a beach 80s story" http://t.co/FhcohU5E
167339140076146700,Wed Feb 08 20:08:54 +0000 2012,Sure, calling Toni Robertson @MO_NEWYORK RT @BrianCoatsBC "I expect you to recreate this at home for our next dinner. I know you can do it."
167315104734523400,Wed Feb 08 18:33:24 +0000 2012,WORD! RT @LindsayTHuggins "Madonna concert at Yankee Stadium September 6th LET'S DO IT!!!" @KristenSaladino @BethThomasCohen @MadonnaNation
167311032237297660,Wed Feb 08 18:17:13 +0000 2012,Someone has violated the "No Flat Zone" SECURITY!!!  @ GQ Magazine http://t.co/gQX8rtcU
167308342576951300,Wed Feb 08 18:06:32 +0000 2012,Only @CondeNastCorp cafe:  #Fashion Bento Box by Mandarin Oriental @MO_HOTELS #delish cc:  @BrianCoatsBC http://t.co/61wpMOpN
166630025146286080,Mon Feb 06 21:11:08 +0000 2012,@NathanJOwens Sorry buddy, I'm all about BC w/ my wings!
166593178709930000,Mon Feb 06 18:44:43 +0000 2012,& my fav lesbian's thoughts? RT @CampbellMoseley RT @villagevoice Madonna's Lesbian Friends Comment On Her Performance http://t.co/D32n47Ri
166551590013112320,Mon Feb 06 15:59:28 +0000 2012,A Smalls step for mankind:  Joan Smalls video @GQMagazine #GQ #LustList #models http://t.co/aHL74sWG
166513727548559360,Mon Feb 06 13:29:01 +0000 2012,Looks like someone wants breakfast in bed!  #Frankie http://t.co/faMhMNKr
166353723046641660,Mon Feb 06 02:53:12 +0000 2012,Don't they know u can't F with NY?  #Giants #superbowl
166346672098643970,Mon Feb 06 02:25:11 +0000 2012,Holy shizzzzz @AdrianaLima lookin' hot on my TV!  Cover 3?  Hmmmm
166329022555488260,Mon Feb 06 01:15:03 +0000 2012,Now that was a halftime show!!! #Madonna
165986328683626500,Sun Feb 05 02:33:19 +0000 2012,@WaterBaby10 You are a very lucky girl to be at the #SuperBowl
165978377877065730,Sun Feb 05 02:01:43 +0000 2012,RT @ingridcasares: Watched Rehearsal for Half Time Show. Only one word necessary AMAZING.. !!!! The world is in for a big treat!! Congra ...
165973636765851650,Sun Feb 05 01:42:54 +0000 2012,@jodiebolandmkup Champagne suits you well... http://t.co/ENL4Y7FC
165642260422209540,Sat Feb 04 03:46:07 +0000 2012,In the mood for something Liu?  Check out this video of Liu Wen @MarilynAgencyNY for @GQMagazine #LustList http://t.co/rTk5xk3t
165639052392009730,Sat Feb 04 03:33:22 +0000 2012,@NathanJOwens thanks, hope she likes it too!  Can't wait to see Joan's...that comes out on Monday on http://t.co/zqMPEFFl
164924128963473400,Thu Feb 02 04:12:31 +0000 2012,Thank you @angelcandice !!!  You are the reason I love my job. @GQMagazine Lust List 2012:  Candice Swanepoel http://t.co/lG7C6yMx
164890732652544000,Thu Feb 02 01:59:48 +0000 2012,@olgaremodeled YES watching #remodeled tonight I need my weekly dose of Olga Tavarez!  And @josephremodeled too - he cracks me up!
162942136327733250,Fri Jan 27 16:56:47 +0000 2012,Go-See of the Week: Olga Tavarez http://t.co/hKbVcGxE via @GQ
162021897771560960,Wed Jan 25 04:00:05 +0000 2012,@olgaremodeled that's because I'm the only casting director at GQ ; )
161911304649572350,Tue Jan 24 20:40:38 +0000 2012,One good reason to watch #Remodeled     tonight on WPIX:  Olga Tavarez http://t.co/WwAmxu2J
159461816097968130,Wed Jan 18 02:27:14 +0000 2012,Watching the gorgeous Olga Tavarez on the new hit show #Remodeled WPIX (channel 11 in NYC) @olgaremodeled @BrianCoatsBC @damiennunes
157971547993276400,Fri Jan 13 23:45:27 +0000 2012,@lanoonyez Frankie's in the new Lanvin Campaign!!! http://t.co/vNds3alT
157948296365752320,Fri Jan 13 22:13:03 +0000 2012,Australian Beauty Nicole Trunfio: http://t.co/qdX3TAxj #go-see-of-the-week
156917554663800830,Wed Jan 11 01:57:15 +0000 2012,@BrianCoatsBC @brittanygk @morgankondash It's a NO FLATS ZONE in my neck of the woods!
156835983998984200,Tue Jan 10 20:33:11 +0000 2012,I have a hard time deciding which @AdrianaLima @GQMagazine cover is my favorite?  cc @MarilynAgencyNY #models http://t.co/CFLCrYg0
156827135506526200,Tue Jan 10 19:57:58 +0000 2012,A @GQMagazine favorite! RT @MarilynAgencyNY Congratulations to @AdrianaLima for reaching 200K followers on her Twitter! http://t.co/04BckLEl
156803535403622400,Tue Jan 10 18:24:10 +0000 2012,Hey @karolinakurkova it was great seeing you @pier59studios . Excited to see the show! xo
152885220704665600,Fri Dec 30 22:54:12 +0000 2011,@lanoonyez Frankie is w/ her Australian nanny in Brooklyn this weekend...next stop West Village Casa de Nunes! http://t.co/9SNIo0fM
152881382664839170,Fri Dec 30 22:38:57 +0000 2011,Thanks @jodiebolandmkup for treating my little Frankie like the king of the jungle while I'm away... http://t.co/BKSnRzAZ
148102078722617340,Sat Dec 17 18:07:41 +0000 2011,Mr @hipenfold where's my mag?  #redegg
148101261374406660,Sat Dec 17 18:04:26 +0000 2011,@KristenSaladino it's a girl and I need help Eva!
147463403177394180,Thu Dec 15 23:49:49 +0000 2011,Now that's a hot story @soulartistmgmt @tysoncbeckford @gqmagazine "@richardblandino @tysoncbeckford @gqmagazine lets shoot them together!!"
147461278036803600,Thu Dec 15 23:41:23 +0000 2011,A video that I just can't Shayk  http://t.co/rItC9r4M via @gqmagazine
147457447408312320,Thu Dec 15 23:26:09 +0000 2011,Hey @TysonCBeckford you are a lucky man!  Go-See of the Week: Shanina Shaik: The GQ Eye: GQ http://t.co/BiUaaK2n via @gqmagazine
147066514246340600,Wed Dec 14 21:32:44 +0000 2011,My new pup!  Need ideas for her name? http://t.co/Jdd0I7EX
145238280382857200,Fri Dec 09 20:27:59 +0000 2011,Another week gone by...Go-See of the Week: Zuzana Gregorova http://t.co/2jct1RF8 via @gqmagazine
145209388943155200,Fri Dec 09 18:33:11 +0000 2011,Just caught @TheEllenShow spying on me and @BrianCoatsBC in an editorial meeting! #shhhhh http://t.co/3PaNIO5S
144838293375295500,Thu Dec 08 17:58:34 +0000 2011,Hey @KateUpton did you that you're http://t.co/zqMPEFFl's BODY OF THE YEAR? #models #GQ http://t.co/oUM492NE
144220981601382400,Wed Dec 07 01:05:36 +0000 2011,@LindsayTHuggins They don't want to bumble with the bee #trust
142402214646906880,Fri Dec 02 00:38:28 +0000 2011,@AlexBland10 where in Sicily is your family from?  Not sure I have relatives in Canada, but ya never know!
142318974653300740,Thu Dec 01 19:07:42 +0000 2011,Supermodel comes complete w/ cape & boots! @AdrianaLima (accessories sold separately, batteries not incl.) #models http://t.co/ZOaADYMJ
142056427983343620,Thu Dec 01 01:44:26 +0000 2011,@BrianCoatsBC @damiennunes nope, just a twin filet topped w/ smokehaus blue #delish
142048864155869180,Thu Dec 01 01:14:23 +0000 2011,@LindsayTHuggins ...this year I'm gonna give it to someone special...
141933541146624000,Wed Nov 30 17:36:07 +0000 2011,It was a blast hanging out  @GQMagazine w/ you @ErinHeatherton !!!  Play date soon? xo http://t.co/xpydXqAn
137208532259975170,Thu Nov 17 16:40:37 +0000 2011,Thanks @CrisUrena you've got the magic touch! xoRB @GQMagazine @MarcosOlazabal #GoSeeOfTheWeek #GQ #models  http://t.co/thz5rD9u
135538026049847300,Sun Nov 13 02:02:38 +0000 2011,@BethThomasCohen #DELISH
135396836692340740,Sat Nov 12 16:41:36 +0000 2011,Just like us!  #celebrities and their Moshi phones @andersoncooper @EvaLongoria http://t.co/OKk6McSO
135393875345936380,Sat Nov 12 16:29:50 +0000 2011,@vivinator I wore the sweater you gave me yesterday and was thinking of you all day!  And then you appear...  #ThereAreNoAccidents
134695085425168380,Thu Nov 10 18:13:06 +0000 2011,Let it Rain!  @iza_goulart on the #VSFashionShow runway - HOT!!! http://t.co/8b8aEqhV
134678555887026180,Thu Nov 10 17:07:24 +0000 2011,Wow... @doutzenkroes your body looks INCREDIBLE!  Nice meeting your husband at the #VSFashionShow in hubby row.  How do I get me an Angel?
134505725673226240,Thu Nov 10 05:40:38 +0000 2011,Perfect way to end the night #delish  http://t.co/t5oR4qvG
134497172602355710,Thu Nov 10 05:06:39 +0000 2011,Sacha & Anja #model love at the #victoriassecret after party http://t.co/NgkDCiCg
134492338549559300,Thu Nov 10 04:47:26 +0000 2011,Oh wait... Can't forget Candice! http://t.co/vrolMlKh
134491715250831360,Thu Nov 10 04:44:58 +0000 2011,Love Joan Smalls!  #victoriassecret  http://t.co/LITc0hd7
134488658794385400,Thu Nov 10 04:32:49 +0000 2011,Maryna workin the turn tables at the #victoriassecret after party  http://t.co/yBlg5o5s
134457085168590850,Thu Nov 10 02:27:21 +0000 2011,And it's over...  Till next time @AdrianaLima @angelcandice @iza_goulart @MirandaKerr @karliekloss @itsmechaneliman #vs http://t.co/KOtGPiTj
134439953387106300,Thu Nov 10 01:19:17 +0000 2011,I'm ready to see some @VictoriasSecret wings!!! http://t.co/azxZFpuZ
134263437097316350,Wed Nov 09 13:37:52 +0000 2011,Working w/ some of my favorite peeps @BrianCoatsBC @jodiebolandmkup today @milk studios #delish
133979703290757120,Tue Nov 08 18:50:25 +0000 2011,Get to know your #modelbehavior w/ Lasilla Montenegro of @IMG_Models  http://t.co/ZOe8vrKG
131267599790120960,Tue Nov 01 07:13:29 +0000 2011,@BrianCoatsBC look who's got champs for you!   #ivehadalittlebittoomuch http://t.co/IGIREcvf
131220858877378560,Tue Nov 01 04:07:45 +0000 2011,BC I found a rabbit at Heidi Klum's party tonight @jodiebolandmkup @BrianCoatsBC #HalloweaveParty  http://t.co/cXjXc3nE
129021130718715900,Wed Oct 26 02:26:49 +0000 2011,Great party tonight for @soulartistmgmt Kicking off the One Year Anniversary at  The Rivington Hotel's rooftop #nyc  http://t.co/ksvUEvSR
128933935509020670,Tue Oct 25 20:40:21 +0000 2011,The gorgeous Chanel Iman stopped by @GQMagazine today.Can't wait 2 see her new wings n the @victoriassecret show.#major http://t.co/fqbeO5sd
128602552622268420,Mon Oct 24 22:43:32 +0000 2011,Mr. Andrea Preti @soulartistmgmt @GQMagazine #models  http://t.co/MGBYL2du
127446515747786750,Fri Oct 21 18:09:51 +0000 2011,Carlyne Cerf stopped by after a meeting on 12.  Great to catch up and chuckle about her closeup w/ Meisel for Nov @wmag http://t.co/2Bzkvp6o
127214066933575680,Fri Oct 21 02:46:11 +0000 2011,Sending you all the best for your birthday!!! @angelcandice
127124892859633660,Thu Oct 20 20:51:50 +0000 2011,Mr. Alex Cunha of DNA #models @GQMagazine casting  http://t.co/VVtCMzO6
126883901514854400,Thu Oct 20 04:54:14 +0000 2011,#DELISH Sofia Vergara @modernfam & chicken tacos!  RT @SofiaVergara Chicken tacoooos say.ly/bWQSt1
126849213161144320,Thu Oct 20 02:36:23 +0000 2011,Amber Valletta can't be killed off... Ugh!  #revenge
126405446356582400,Tue Oct 18 21:13:01 +0000 2011,Cool Brit from @Wilhelminamodel Mr. James Smith #GQ #model http://t.co/iihftHRe
126060601591078910,Mon Oct 17 22:22:44 +0000 2011,My @ttomford sunglasses are never coming off again!  Doc removed a piece of steel from my eye!  Fashion meets function: http://t.co/Q08B9vTT
125995200207261700,Mon Oct 17 18:02:51 +0000 2011,This business card for #kobold watches says it all...  http://t.co/rkauEDgQ
125265171437457400,Sat Oct 15 17:41:58 +0000 2011,Moshi Moshi handset for my iPhone:  clear sound, stays cool and less cell phone radiation. #violetnewsteadpleasehold  http://t.co/V5Nug8RJ
124972916268990460,Fri Oct 14 22:20:39 +0000 2011,Go-See of the day, Jacob Sones @FordModels @GQMagazine @models #GQ #model  http://t.co/WIHEk0J2
124604743090847740,Thu Oct 13 21:57:40 +0000 2011,And the photos of @VictoriasSecret model @iza_goulart are muito quente!  http://t.co/PlSrYQQQ #modelbehavior
124599231683100670,Thu Oct 13 21:35:46 +0000 2011,Love our new video w/ the gorgeous @iza_goulart (sexy samba lesson included!)  @GQfashion @GQmagazine http://t.co/CTU88tcL #modelbehavior
123961007918944260,Wed Oct 12 03:19:42 +0000 2011,Hey @1JessicaHart swing by @GQMagazine for a visit soon! xo
123903352995192830,Tue Oct 11 23:30:36 +0000 2011,The Gomez twins stopped by today from Q Management  http://t.co/timB6R56
123504681145217020,Mon Oct 10 21:06:25 +0000 2011,@BethThomasCohen you deserve all the blessings in the world my friend.
122742397594640380,Sat Oct 08 18:37:22 +0000 2011,@juneAmbrose You inspired me to get a POP Phone handset for my iPhone. Love it in matte black...Moshi Moshi!!!  http://t.co/Z5Oti2d7
121937210705580030,Thu Oct 06 13:17:51 +0000 2011,@campbellmoseley Not soon enough my love, but soon I hope!
121935012051431420,Thu Oct 06 13:09:06 +0000 2011,@kumicraig thanks for the Sisleyum Global Revitalizer. I don't know about the rest of the world, but I feel revitalized!
121734990554857470,Wed Oct 05 23:54:18 +0000 2011,Steve Jobs R.I.P.
121680293819195400,Wed Oct 05 20:16:57 +0000 2011,@CampbellMoseley Thanksgiving?
119430336940748800,Thu Sep 29 15:16:25 +0000 2011,@angelcandice can we trade places?  11:15am, stuck in traffic on the Long Island Expressway...
119385199753707520,Thu Sep 29 12:17:04 +0000 2011,RT @Joan_Rivers: Just wondering, was the West Virginia woman who was caught stealing a hearse with a body inside it wrong to use the car ...
119230024862810110,Thu Sep 29 02:00:27 +0000 2011,LOVE the all-black @RolexInc starting my Xmas list early!!!!
117770733672857600,Sun Sep 25 01:21:45 +0000 2011,It's all about Tony...  http://t.co/OqdTztAv
116866273454985220,Thu Sep 22 13:27:45 +0000 2011,@KimKardashian Garlic...lots of it!
116864715094892540,Thu Sep 22 13:21:33 +0000 2011,Come on everybody let's get #Stoned #LaraStone http://t.co/FX5t6l0w
116577079935516670,Wed Sep 21 18:18:36 +0000 2011,@karlapowellmua yes, it was nice to meet you!
114761337900511230,Fri Sep 16 18:03:29 +0000 2011,Just shot a video for @GQMagazine  @GQfashion w/ the amazing @kateupton look out for our new video series on www.gq.com #perfect10
114152805777932290,Thu Sep 15 01:45:24 +0000 2011,@daniellenuss so close, but so far away...
112677997747773440,Sun Sep 11 00:05:02 +0000 2011,Love my new cut! Thanks Jordan / 3 Squares Salon  http://t.co/i7V2jWQ
112546527406338050,Sat Sep 10 15:22:37 +0000 2011,#fashionbehindbars  http://t.co/s1S5NSD
112172009395466240,Fri Sep 09 14:34:25 +0000 2011,@briancoatsbc This must be heaven...a whole aisle of DELISH at Duane Reade!  #delish  http://t.co/vIPSg2w
111997495768399870,Fri Sep 09 03:00:58 +0000 2011,Hey, @NewJerZ. You're the coolest!
111990854545178620,Fri Sep 09 02:34:35 +0000 2011,The receptionist at Bruce Weber's FNO event @standardny feathers for days... http://t.co/30TTUQq
111984343911641090,Fri Sep 09 02:08:42 +0000 2011,#FNO w/ model Kelly Rippy & stylist Michela Buratti  http://t.co/Bz9dH1s
111233762490195970,Wed Sep 07 00:26:10 +0000 2011,Loving this vintage Guns & Roses Tee on Olga Tavarez of @networkmodeling  http://t.co/9KoI2Fw
109424392349556740,Fri Sep 02 00:36:22 +0000 2011,It ain't real Chardonnay unless it's served on ice in a Carvel cup! http://t.co/2buolJ4
109397095261278200,Thu Sep 01 22:47:54 +0000 2011,let's meet tonight at 8 at the PNC Arts Center, can't wait! @stevienicks
109334255418617860,Thu Sep 01 18:38:12 +0000 2011,Varsity Jackets never looked so good - check out Hannah Davis @MarilynAgencyNY on the homepage http://t.co/kYYblYw
109132287655948290,Thu Sep 01 05:15:39 +0000 2011,Me & Ro http://t.co/sowegBi
106134725839683580,Tue Aug 23 22:44:25 +0000 2011,I escaped just in the nick of time!  http://t.co/hJTijqi
102381855038373890,Sat Aug 13 14:11:51 +0000 2011,It's time for some Goldie, finally found one of my favs... Seems Like Old Times (1980) http://t.co/NqPjuKh
102204050707202050,Sat Aug 13 02:25:19 +0000 2011,@damiennunes  http://t.co/NRYPanK
98943479056564220,Thu Aug 04 02:28:58 +0000 2011,Welcome home my little Real L World reality star! RT @campbellmoseley Visiting my favorite!! @richardblandino @vivinator http://t.co/iWKFQKr
98527077980049400,Tue Aug 02 22:54:20 +0000 2011,My taxi has arrived...let the river run!  http://t.co/cG3Dg0x
93749651014033400,Wed Jul 20 18:30:33 +0000 2011,RT @MirandaKerr: @richardblandino Sexy picture Richard! So great to see you xxx
93736283045756930,Wed Jul 20 17:37:26 +0000 2011,Chatting with @GQfashion cover girl @MirandaKerr @Pier59 looking as stunning as ever!
53899602910392320,Fri Apr 01 19:20:41 +0000 2011,We'll miss you @damiennunes RT Last family night with my boys. Lovelove http://plixi.com/p/88491188
53533866782240770,Thu Mar 31 19:07:23 +0000 2011,@damiennunes Did she say she was vegetarian?
