id,created_at,text
1121114301094404100,Wed Apr 24 18:10:53 +0000 2019,RT @ETBrandEquity: Ace-cricketer and captain of #MumbaiIndians in the #IndianPremierLeague2019, Rohit Sharma shares his endorsement rule-bo…
1085827497680388100,Thu Jan 17 09:13:43 +0000 2019,@gopalbalaji @ImRo45 @PriyaRaju There are less drastic ways to help save the environment! Maybe if more of us saw t… https://t.co/mTZ5cuqVgp
1085825611451519000,Thu Jan 17 09:06:14 +0000 2019,RT @ImRo45: The only #10YearChallenge we should be worried about https://t.co/Tph0EZUbsR
1082905480505188400,Wed Jan 09 07:42:40 +0000 2019,🤣🤣🤣 could definitely use one @RishabPant777 @ImRo45 https://t.co/vNeiDOzxp5
1075999902898024400,Fri Dec 21 06:22:22 +0000 2018,I heart you https://t.co/uS0TKBhFyh
1073143966156107800,Thu Dec 13 09:13:54 +0000 2018,To many more lifetimes of this ❤️@ImRo45 https://t.co/iLfEqNRd87
1062238881939161100,Tue Nov 13 07:00:59 +0000 2018,Stan Lee 💔
1059885393460392000,Tue Nov 06 19:09:04 +0000 2018,🙌❤️ https://t.co/iodKBCzsij
1046067449806966800,Sat Sep 29 16:01:29 +0000 2018,@MikkhailVaswani @ImRo45 😁😁😁
1023933056615415800,Mon Jul 30 14:07:19 +0000 2018,How is this not punishable by law!!! This is beyond evil. We need harsh laws against animal brutality. Heartbreakin… https://t.co/EYftpr38kP
1021337576622391300,Mon Jul 23 10:13:48 +0000 2018,Happiest birthday @yuzi_chahal ! I’m sure you miss @ImRo45 today but I’ll have him back to you in no time 😁 https://t.co/Hi1i4zS9RF
1010452934197432300,Sat Jun 23 09:22:07 +0000 2018,🙌 @ImRo45 @SharpTVIndia https://t.co/QoeutN9MY4
1009384841027018800,Wed Jun 20 10:37:54 +0000 2018,❤️❤️❤️ https://t.co/J1MPCrsonr
1002919591293534200,Sat Jun 02 14:27:18 +0000 2018,RT @timesofindia: .@ImRo45 to throw ceremonial 'first pitch' for Seattle Mariners https://t.co/bzahf4f2EG via @TOISports https://t.co/xRQUB…
997405748177977300,Fri May 18 09:17:15 +0000 2018,RT @ImRo45: Always excited to be associated with products I love @TheRelispray 😁 https://t.co/sg1N3NMw7D
992112486542401500,Thu May 03 18:43:44 +0000 2018,RT @ImRo45: We need more people like you 👍 https://t.co/VMjFIE6M48
984764971853729800,Fri Apr 13 12:07:19 +0000 2018,Don’t throw trash in the ocean, it has no other place to go but in them 💔 https://t.co/J3S6I1zsYU
983689758474780700,Tue Apr 10 12:54:49 +0000 2018,Always knew you’d change the world with your bat ❤️ couldn’t be more proud 🦏🐘❤️❤️❤️ @ImRo45 https://t.co/7tVVFqnBHz
982694875001831400,Sat Apr 07 19:01:30 +0000 2018,RT @KP24: Did you see the great man @ImRo45 with @SORAI2018 on his bat this eve?   He’s as passionate as I am in saving our rhinos! https:/…
977799600605147100,Sun Mar 25 06:49:26 +0000 2018,❤️ https://t.co/JOrKnDUJhO
969475599709417500,Fri Mar 02 07:32:49 +0000 2018,😞 https://t.co/9eoCxKuEZ4
964100198984233000,Thu Feb 15 11:32:54 +0000 2018,💔any environment where you’re not seeing these amazing animals in the wild is just toxic for them #SayNoToCaptivity… https://t.co/CPOh77pADX
963796747612033000,Wed Feb 14 15:27:05 +0000 2018,RT @AristocratBags: You tweeted, @ImRo45 answered! Here is the #Hitman facing some of your questions in style.Presenting #RohitUnpacked for…
942787293542322200,Mon Dec 18 16:03:01 +0000 2017,❤️🙌 https://t.co/suS9hfpo9G
930112730505273300,Mon Nov 13 16:38:50 +0000 2017,Hahah can't wait for the entire episode @gauravkapur @ImRo45 #Hitman264 https://t.co/lXBWtQxq9h
929964087341133800,Mon Nov 13 06:48:10 +0000 2017,#Hitman264 ❤
927955904418406400,Tue Nov 07 17:48:22 +0000 2017,You and me both Mr @satyanadella @ImRo45 https://t.co/b0DAJIAwVl
924600801338593300,Sun Oct 29 11:36:23 +0000 2017,#SundayGoals ❤🙌👏🙌@ImRo45 https://t.co/CutQ0nC04s
908200251772817400,Thu Sep 14 05:26:28 +0000 2017,Only an absolute monster would leave a scared Orca alone in the middle of a hurricane to fend for herself… https://t.co/3GEKb7FZ5j
906910435114287100,Sun Sep 10 16:01:11 +0000 2017,💔don't let it be so https://t.co/ZZxkG5r9Bi
902423820627198000,Tue Aug 29 06:52:59 +0000 2017,Heard it's been stormy in Mumbai, please think about the stray animals and take them in if you can to wait out the rains #ShelterTheStrays
900275164855783400,Wed Aug 23 08:35:00 +0000 2017,RT @ChasingCoral: @ImRo45 @RichardVevers Thanks for spreading the word. Welcome to the coral nerd family, @lmR045! 🐠 #ChasingCoral #CoralNe…
900275057179492400,Wed Aug 23 08:34:34 +0000 2017,RT @ImRo45: "Without a healthy ocean we do not have a healthy planet 🌏" Chasing Coral, a MUST watch by all @ChasingCoral @RichardVevers htt…
875401210257449000,Thu Jun 15 17:14:47 +0000 2017,💯🙌💃❤🙌 @ImRo45
865907179966124000,Sat May 20 12:28:54 +0000 2017,RT @OlPejeta: Sign up for the Last Male Standing cricket cup on @OlPejeta in support of rhino conservation. See attached poster for more de…
860042758152753200,Thu May 04 08:05:47 +0000 2017,RT @ImRo45: Guess who's sleeping with their watch on tonight 😍Thank you @Hublot 🙌 ⌚️ https://t.co/gSLd1DHQz1
858415732400558100,Sat Apr 29 20:20:33 +0000 2017,Happy birthdayyyyyy Roooooooo ❤@ImRo45 Here's to a million more trips, even more memories and hazelnut coffee ❤ https://t.co/8GOsnZmXdC
853875309959147500,Mon Apr 17 07:38:32 +0000 2017,https://t.co/2MpgUFfTvu
849592992071635000,Wed Apr 05 12:02:08 +0000 2017,This is so cool! #RohitSharma
849245935360032800,Tue Apr 04 13:03:03 +0000 2017,RT @mipaltan: With so many questions posed by the Paltan 🤔, it's time @ImRo45 answered them! #CaptainsCorner coming soon...    #CricketMeri…
849169154720415700,Tue Apr 04 07:57:57 +0000 2017,RT @dodo: If everyone saw this, no one would ever buy a dog at a pet store. https://t.co/jZgqzA9hzA https://t.co/qnPVeQiWKm
849168696907939800,Tue Apr 04 07:56:08 +0000 2017,All they really want is a little love and compassion ❤🐶 https://t.co/5s23CvJnOv
836892468218036200,Wed Mar 01 10:54:47 +0000 2017,Well I guess it's time for me to start biting my nails again... ❤@ImRo45 https://t.co/I4MlwBCRaI
836551043437760500,Tue Feb 28 12:18:05 +0000 2017,🙌 see you soon @rahulsurgeon https://t.co/iJGSXSPc8o
834445583360225300,Wed Feb 22 16:51:44 +0000 2017,@V1SHAL_IN 😊
834370272832675800,Wed Feb 22 11:52:29 +0000 2017,Still want to go kiss a captive dolphin? https://t.co/Or9pRj3r0C
830338862786367500,Sat Feb 11 08:53:06 +0000 2017,Damn 😍 https://t.co/wuCxb5jHmu
829590394321174500,Thu Feb 09 07:18:57 +0000 2017,My beagle (Magic) is blind, he has a heart condition, a skin condition, stomach issues, he's… https://t.co/w8tw0WwAjF
826781145434046500,Wed Feb 01 13:16:00 +0000 2017,RT @AristocratBags: Ever dreamt of owning merchandise signed by @Imro45 and @Ashwinravi? Here’s your chance to unpack that dream! #UnpackYo…
821981264416739300,Thu Jan 19 07:22:59 +0000 2017,There's a kid after my own heart ❤Say NO to zoos and aquariums https://t.co/gxEfMgEl56
820536590795677700,Sun Jan 15 07:42:22 +0000 2017,RT @AristocratBags: Getting 2 of the world’s best cricketers to endorse you, that’s a dream unpacked @ashwinravi99 &amp; @ImRo45 #DreamPartners…
819259955186454500,Wed Jan 11 19:09:29 +0000 2017,RT @dodo: They'll still be performing. https://t.co/bsep68u26G
817770718989422600,Sat Jan 07 16:31:47 +0000 2017,💔 https://t.co/Uv9qAaTp4N
815252608075984900,Sat Dec 31 17:45:43 +0000 2016,#VSFashionShow ❤
811892302394183700,Thu Dec 22 11:13:03 +0000 2016,Change a life! 🐶 https://t.co/5x1xs6aRmi
811805263405543400,Thu Dec 22 05:27:12 +0000 2016,Thank you thank you thank you ❤
810016880505352200,Sat Dec 17 07:00:48 +0000 2016,🎼https://t.co/jjLuRtjZnN
808307102108090400,Mon Dec 12 13:46:45 +0000 2016,.@YUVSTRONG12 really??? You call me that on TWITTER!!
808306763770363900,Mon Dec 12 13:45:24 +0000 2016,Happy birthdayyyyyy @YUVSTRONG12 https://t.co/Y2K5h8eEAF
806798563539750900,Thu Dec 08 09:52:21 +0000 2016,❤️@Devang17 @avannedubash @rvora https://t.co/7qL16CNaSN
804250405127540700,Thu Dec 01 09:06:53 +0000 2016,❤️December❤️💃
803547478918238200,Tue Nov 29 10:33:42 +0000 2016,#LiveWithHitman https://t.co/NOvq7zq3m2 https://t.co/lrbDaGGFwh
803234771186765800,Mon Nov 28 13:51:07 +0000 2016,RT @ImRo45: Hi guys, Live video chat tomorrow on my Facebook page. Go to the link below for details: https://t.co/ICVk3NiDje #LiveWithHitman
797767803256315900,Sun Nov 13 11:47:20 +0000 2016,🙌❤️️ https://t.co/ikAEbdfbvL
795163879320027100,Sun Nov 06 07:20:16 +0000 2016,I know my husband wouldn't be who he is or where he is today if it wasn't for the help and support he got when he r… https://t.co/ZIYiEeBaXc
795154429825679400,Sun Nov 06 06:42:43 +0000 2016,My brother, saving the world one football player at a time @kunalsajdeh. We all know what a positive impact sport c… https://t.co/zgnoMtMuRi
794861244473835500,Sat Nov 05 11:17:43 +0000 2016,RT @StoryPicker: 5th and 6th Nov. See you at Select City Walk, Saket! 🐶 https://t.co/qZruvEnQeE
792616117785227300,Sun Oct 30 06:36:23 +0000 2016,Happy Diwali all! Let's keep these cuties in mind this Diwali! Stay safe and spread light ✨✨✨ https://t.co/jhZjIwHEtA
789712665736196100,Sat Oct 22 06:19:06 +0000 2016,🙌 https://t.co/mVQSpCZFak
788959950626132000,Thu Oct 20 04:28:05 +0000 2016,#HitmanHits150 🙌 https://t.co/79UkY3Yrle
788731728324014100,Wed Oct 19 13:21:12 +0000 2016,@shivkhanna14 wowwwww low blow! Hahaha I can't believe you just did that!
788725201529745400,Wed Oct 19 12:55:16 +0000 2016,@shivkhanna14 lies! I'm fragile right now!
788720568598040600,Wed Oct 19 12:36:51 +0000 2016,Heads up when anyone sees the moon please!!!
786907910706040800,Fri Oct 14 12:34:00 +0000 2016,#Repost @joinPAW with repostapp ・・・ Exactly. 🐾 #ProtectAnimalsWorldwide https://t.co/3oFqJ544BE
782542676746915800,Sun Oct 02 11:28:07 +0000 2016,👏 🙌 ❤️ @ImRo45
781419280101277700,Thu Sep 29 09:04:09 +0000 2016,Disgusting!Why is it so hard for us to make harsher laws against animal cruelty? How is all of this going unpunished https://t.co/MNDXH7D5YS
780365339326500900,Mon Sep 26 11:16:10 +0000 2016,🙌 https://t.co/yYNlQsiMgN
779973599058812900,Sun Sep 25 09:19:31 +0000 2016,You know you watch too many TV shows when you need an app to keep them straight... https://t.co/2bGXL5mPgD
776781345221701600,Fri Sep 16 13:54:39 +0000 2016,So proud 🙌 @ImRo45  https://t.co/71eWOdegmO
766264952046821400,Thu Aug 18 13:26:15 +0000 2016,Happy Rakhi to the best brother I could ever ask for! Sorry I'm not there!!! Love you lots and… https://t.co/ckPog276bT
757941257117265900,Tue Jul 26 14:10:52 +0000 2016,@Diya45_ @hypertygers @ImRo45 😊😊🙌
757201306595491800,Sun Jul 24 13:10:34 +0000 2016,Weird to see someone else play The Flash, got pretty used to @grantgust #JusticeLeague https://t.co/gdGKJ5y8ya
753835103562833900,Fri Jul 15 06:14:28 +0000 2016,💔 don't recognise this world anymore #NiceAttack 🙏
750402919619563500,Tue Jul 05 18:56:12 +0000 2016,@its_me_pooja_45 @singhvirat246 he's alive?? That's so great! Poor guy can't walk
750395939995676700,Tue Jul 05 18:28:28 +0000 2016,Now that's a hero https://t.co/k8NfjjXeXO
750231447240216600,Tue Jul 05 07:34:50 +0000 2016,Just posted a photo https://t.co/FPrAkMEIK8
749590632155361300,Sun Jul 03 13:08:28 +0000 2016,Rainy Saturday with this guy https://t.co/igWigGKoSn
746468711205212200,Fri Jun 24 22:23:04 +0000 2016,Headed home! Thank you @etihadairways for the incredible hospitality. It's the first time I… https://t.co/LxIx2hXxXz
743834748708020200,Fri Jun 17 15:56:38 +0000 2016,@kunalsajdeh how did you get him to smile #TheOtherLoveOfMyLife https://t.co/j5SkvhGzXL
743462757396262900,Thu Jun 16 15:18:28 +0000 2016,Game time #Euro2016 #Hublot #Paris #FineI'llWatchFootball @ImRo45 @Hublot https://t.co/gdZaOIRnMx
743055453463019500,Wed Jun 15 12:20:00 +0000 2016,😍 #TVShowAddict 🙌 https://t.co/t0FdNiLJvZ
742798398030553100,Tue Jun 14 19:18:33 +0000 2016,When you're at Budda bar and the cast of The Flash, Gotham and House are at the next table 🙌 #TvShowAddict
742744483033292800,Tue Jun 14 15:44:18 +0000 2016,For you @kunalsajdeh https://t.co/YTHbDn25T5
741960203365556200,Sun Jun 12 11:47:52 +0000 2016,My lunch date 😍 #Cannes https://t.co/DvHMVxwZsL
739088234060353500,Sat Jun 04 13:35:41 +0000 2016,❤️ https://t.co/I2TSR3hfaD
738752310101344300,Fri Jun 03 15:20:50 +0000 2016,#TreviFountain 😍 @ImRo45 https://t.co/qK9IFUeM6L
738458495524163600,Thu Jun 02 19:53:19 +0000 2016,🙌✈️❤️ @EtihadAirways @ImRo45 #EtihadAirways #IncreibleHospitality #Honeymoon #BetterLateThanNever  https://t.co/ke69EpY06X
738334444323508200,Thu Jun 02 11:40:23 +0000 2016,❤️ #1 https://t.co/UiDuF7v57I
737550549499797500,Tue May 31 07:45:28 +0000 2016,Dear world, before going to aquariums, tiger temples and places to kiss captive dolphins please watch documentaries like @blackfishmovies
731910857551044600,Sun May 15 18:15:21 +0000 2016,Vizag, we hardly knew you ♥️ 🙌
731184023607738400,Fri May 13 18:07:10 +0000 2016,.@davyjacobs82 @ImRo45 hey!! Aaaww we have to meet! Text me your schedule we'll all catch up 😊
730464579545747500,Wed May 11 18:28:21 +0000 2016,RT @Sachbang: MUM: 4 yr old male lab was abandoned near Juhu. Help find a foster home until he is adopted. Call 9819810724 https://t.co/5LY…
729748869743960000,Mon May 09 19:04:23 +0000 2016,RT @lauramcgoldrick: Hello Bangalore.. Traveling with these beauties @Jennapollard26 @ritssajdeh 💕💕 #mumbaiindians… https://t.co/ysIdrU7zex
727145756914667500,Mon May 02 14:40:32 +0000 2016,@siddsah the blue one is a limited edition watch they came out with for the World Cup
727125117633880000,Mon May 02 13:18:32 +0000 2016,🙌  https://t.co/OafAGD7cgF
726404485686255600,Sat Apr 30 13:34:59 +0000 2016,RT @ImRo45: I thought I'd change it up from the normal thank you post or video and send you a handwritten letter instead! ♥️🙌 https://t.co/…
726121352940277800,Fri Apr 29 18:49:55 +0000 2016,Happy birthday love of my life @ImRo45 thank you for coming into my life &amp;making it better than I could ever imagine https://t.co/njKhRfUKt9
726093183826808800,Fri Apr 29 16:57:59 +0000 2016,🙌❤️🕕  https://t.co/82JWKHSDu0
722879763941953500,Wed Apr 20 20:09:00 +0000 2016,🙌 @ImRo45 #RaiseTheRoof  https://t.co/LWelQirQvO
720321346643689500,Wed Apr 13 18:42:46 +0000 2016,Fineeee Eden, I'll share him with you
718474831348412400,Fri Apr 08 16:25:23 +0000 2016,❤️❤️❤️ @ImRo45 https://t.co/usRJyMLVtI
712893719360499700,Thu Mar 24 06:48:02 +0000 2016,Happy birthday to the most beautiful woman in the world! Love you mom ❤️ https://t.co/0RgLvwuKou
712320016570388500,Tue Mar 22 16:48:20 +0000 2016,JUNGLE BOOK https://t.co/XApYD5r8yW  CIVIL WAR https://t.co/LiKSeilTou  &amp; BATMAN Vs SUPERMAN https://t.co/RusHKnY9H4 #MovieHeaven @ImRo45
712260529692094500,Tue Mar 22 12:51:58 +0000 2016,RT @ImRo45: An eye for an eye turns the whole world blind. Spread love, not terror #HeartGoesOutToBrussels 🙏 https://t.co/z9LN7jmsAh
711934096193232900,Mon Mar 21 15:14:50 +0000 2016,RT @BCCI: LIVE on #Periscope: What's Rohit Sharma upto on an off day? What kind of music is he listening to? We tried to find… https://t.co…
710454945779208200,Thu Mar 17 13:17:13 +0000 2016,RT @BuzzFeedUK: SeaWorld to end its controversial orca breeding program https://t.co/8liYBkV85s https://t.co/7cvtqkcGA6
710169087100526600,Wed Mar 16 18:21:19 +0000 2016,RT @Wit_of_Wilde: It seems to me that we all look at Nature too much, and live with her too little.
705653332661170200,Fri Mar 04 07:17:19 +0000 2016,@Sachbang @ImRo45 hahahahaha yes he is adorable!!! I miss him too 😞
703267734709211100,Fri Feb 26 17:17:48 +0000 2016,@HuffingtonPost @Sachbang true heroes!! @kunalsajdeh @ImRo45
703159365784588300,Fri Feb 26 10:07:11 +0000 2016,This is absolutely brilliant! https://t.co/mWcygevvnz
702543139593175000,Wed Feb 24 17:18:31 +0000 2016,🙌 https://t.co/Oqtqs2G5S9
701350169737084900,Sun Feb 21 10:18:05 +0000 2016,Happy anniversary to the cutest couple I know ❤️ #32Years&amp;Counting https://t.co/RCRaPIAmWr
701054952047775700,Sat Feb 20 14:45:00 +0000 2016,Date night with this cutie 😍 https://t.co/a5syZ4CWvb
699859599717838800,Wed Feb 17 07:35:05 +0000 2016,Word! https://t.co/1a63QhtGgF
699823537767456800,Wed Feb 17 05:11:48 +0000 2016,@fighThesunrise @ImRo45 Hahahha ah the the real question!
699644821460287500,Tue Feb 16 17:21:38 +0000 2016,@YUVSTRONG12 @ImRo45 hahahahaha 😎
699576604125597700,Tue Feb 16 12:50:34 +0000 2016,Hahahahaha you tweeted this!!!! #You'reMarriedNowGetUsedToIt  https://t.co/h6FsTewVoD
698761699550064600,Sun Feb 14 06:52:26 +0000 2016,My other Valentine ❤️ https://t.co/wJlY0BUSPH
698578559682658300,Sat Feb 13 18:44:42 +0000 2016,Thank you for coming into my life and making it complete ❤️ @ImRo45 https://t.co/Rtuu5gBRRc
698542854323445800,Sat Feb 13 16:22:49 +0000 2016,@Azina_2545 was it overly censored?
698542024576921600,Sat Feb 13 16:19:31 +0000 2016,.@sushantmarathe It's next on my list for him!The 7 kingdoms are too complicated to explain during his short breaks! But I'll catch him up
698492154050646000,Sat Feb 13 13:01:21 +0000 2016,Suits, Greys Anatomy,The Vampire Diaries, Scandal, Big Bang Theory, The Bachelor and Arrow #BingeWeekend 😍
695833129987153900,Sat Feb 06 04:55:20 +0000 2016,Happy birthday to my guiding light @kunalsajdeh I love you so much ❤️❤️❤️ "It's too cold!! It hurts my teeth"  😏
695613927917355000,Fri Feb 05 14:24:18 +0000 2016,Manscaping for @kunalsajdeh  #AlmostBirthdayBoy!! @ImRo45 https://t.co/INK9sf6XAW
694781642452283400,Wed Feb 03 07:17:06 +0000 2016,Thank you for the goodies @DezignGenie love them!! https://t.co/Hws4uOyJZ5
693303359722299400,Sat Jan 30 05:22:56 +0000 2016,@Rahulpathak_31 that's a pretty insensitive comment. It's a bit scary that thats the first thing you think of when you see those images
693302808099946500,Sat Jan 30 05:20:45 +0000 2016,@Sachbang 😞
693254928224006100,Sat Jan 30 02:10:29 +0000 2016,Heartbreaking!! They're such amazing creatures we have to keep our seas clean.  https://t.co/RbKQnz2gKz
688194664973774800,Sat Jan 16 03:02:48 +0000 2016,Hahahaha @ImRo45  https://t.co/tOVBmMaW09
687897500011860000,Fri Jan 15 07:21:59 +0000 2016,.@prithinarayanan @ImRo45 hey!! How's the little one doing?
687884819750064100,Fri Jan 15 06:31:35 +0000 2016,Ro ❤️❤️ #124XOXO #TwoForTwo #CantStopSmiling #NoNailsLeftThough @ImRo45
687665614287171600,Thu Jan 14 16:00:33 +0000 2016,The other love of my life ❤️ https://t.co/gtufVPfqwi
686803024933568500,Tue Jan 12 06:52:55 +0000 2016,Ro ❤️ #171XOXO @ImRo45
685352815351435300,Fri Jan 08 06:50:19 +0000 2016,@fighThesunrise I see someone's catching up on Friends on Comedy Central!
682435745013866500,Thu Dec 31 05:38:55 +0000 2015,2015 you've been the best so far! 2016, the bars been set quite high #BringOn2016
679980738129821700,Thu Dec 24 11:03:36 +0000 2015,Thank you thank you and thank you 😊
677113355430072300,Wed Dec 16 13:09:38 +0000 2015,.@YUVSTRONG12 @apeni_george @ImRo45 hahaha she made me look amazing ❤️ couldn't have done it without her
676304634047139800,Mon Dec 14 07:36:04 +0000 2015,Introducing Mr. Sajdeh 😁❤️ #RitsyWedsRo @ImRo45 https://t.co/TjUc3Tm37C
674516921702748200,Wed Dec 09 09:12:20 +0000 2015,@siddsah @Spicysangria @mashable hahahahaha Shaan will have sleepless nights!
672268347778682900,Thu Dec 03 04:17:18 +0000 2015,@siddsah @Spicysangria oh wow!!
672264574247268400,Thu Dec 03 04:02:19 +0000 2015,@siddsah @Spicysangria hahahahah
672264354717388800,Thu Dec 03 04:01:26 +0000 2015,.@Spicysangria @siddsah "they're everywhere" Hahahahahahhah good to know
672264070528114700,Thu Dec 03 04:00:19 +0000 2015,.@siddsah @Spicysangria Taj Holiday Village. She wouldn't step on the dark tiles for fear it would "turn into a shark"
672262959347945500,Thu Dec 03 03:55:54 +0000 2015,Ahem ahem @Spicysangria https://t.co/KeN49X6hcU
672100947556876300,Wed Dec 02 17:12:07 +0000 2015,RT @ImSurbhi9: while nature is being cruel, humanity lay its roots deeper #ChennaiFloods @ImRo45 @ritssajdeh @PetaIndia  @Sachbang https://…
672003419918307300,Wed Dec 02 10:44:35 +0000 2015,RT @ImRo45: Stay safe Chennai. Warms my heart to see people open their homes to help each other out. Let's not forget our animals #ChennaiF…
671571067828244500,Tue Dec 01 06:06:34 +0000 2015,@buntysajdeh must you be mean!!
671567207449493500,Tue Dec 01 05:51:14 +0000 2015,💃 December ❤️❤️❤️
671031193542987800,Sun Nov 29 18:21:18 +0000 2015,Happy birthday to the best dad in the world!! ❤️💃❤️  @njdbakery best cake ever!!! https://t.co/hhXILakUwW
668876176337711100,Mon Nov 23 19:38:02 +0000 2015,.@Sachbang @apeni_george Aaww thank you!!!
668775903657226200,Mon Nov 23 12:59:35 +0000 2015,Thank you @apeni_george for making me look so amazing! Even kajal was foreign to me until she stepped in ❤️ https://t.co/FLtfApaMe0
667971355577483300,Sat Nov 21 07:42:36 +0000 2015,@dhara23_77 😁💃💃💃
665791063198736400,Sun Nov 15 07:18:53 +0000 2015,RT @MarkRuffalo: Don't allow this horrific act allow you to be drawn into the loss of your humanity or tolerance. That is the intended outc…
665406997374873600,Sat Nov 14 05:52:45 +0000 2015,https://t.co/WGdVrLx5D0
665066095087325200,Fri Nov 13 07:18:08 +0000 2015,😍❤️💃✨💃 congratulations!!!!!!! @YUVSTRONG12 @hazelkeech FaceTime! https://t.co/vGUHk1IfAF
664360625263349800,Wed Nov 11 08:34:50 +0000 2015,.@colstonJulian1 @ImRo45 happy Diwali Colston!!!! Also, I saw your pictures from Social 😱
664337830739468300,Wed Nov 11 07:04:16 +0000 2015,https://t.co/P16Dj5RbO8
664146520468385800,Tue Nov 10 18:24:04 +0000 2015,@Sachbang @ImRo45 😁😍
664139608754536400,Tue Nov 10 17:56:36 +0000 2015,@Fairuz_y ❤️
664126605267087400,Tue Nov 10 17:04:56 +0000 2015,Happy Diwali ✨❤️
664124847153246200,Tue Nov 10 16:57:57 +0000 2015,RT @ImRo45: Here's wishing you a fun filled Diwali ✨✨✨ #HappyDiwali https://t.co/uspO4xJR8r
662262125608374300,Thu Nov 05 13:36:09 +0000 2015,RT @ImRo45: Incredible initiative! So excited to be a part of the journey @sfanow #SportsForAll  https://t.co/qaAFR0Q7Ew
661129417624649700,Mon Nov 02 10:35:11 +0000 2015,.@YUVSTRONG12 @ImRo45 hahahaha you've got that stuck in everyone's head now!
660365405953720300,Sat Oct 31 07:59:16 +0000 2015,When you're on flight and Ari Gold is more entertaining than you are #HeStoleMyBook @ImRo45 https://t.co/SO24JpkgrY
660082943545618400,Fri Oct 30 13:16:52 +0000 2015,Has anyone seen the moonnnnn yet?
659395695363801100,Wed Oct 28 15:45:59 +0000 2015,Halloween costume on fleek  #50ShadesOfGrey #Halloween https://t.co/OeiF4zuCwt
655238826621665300,Sat Oct 17 04:28:04 +0000 2015,My cuties! #BathTime @kunalsajdeh https://t.co/ah8ZN48rSE
654660331461972000,Thu Oct 15 14:09:20 +0000 2015,They're here 😍 #DropBottle https://t.co/nwSS0Qw3iK
653552829198504000,Mon Oct 12 12:48:31 +0000 2015,😎 #GQsSportsmanOfTheYear #OctoberIssue @ImRo45 @gqindia @vasundhara00 http://t.co/AtUJlTVoCv
651763637128855600,Wed Oct 07 14:18:54 +0000 2015,.@ImRo45 @SillverStrreak haha don't worry she's kept 2 for us
650366960421568500,Sat Oct 03 17:49:01 +0000 2015,.@Fairuz_y hahah Aaww 😘 your turn to come here though. And bring the little one!!
650232465873698800,Sat Oct 03 08:54:35 +0000 2015,Dear brides-to-be, all due respect to tradition but please say no to Ivory chudas. Help save our elephants from extinction #SayNoToPoaching
649963645632286700,Fri Oct 02 15:06:23 +0000 2015,Take a bow Ro @ImRo45 and then take 105 more ❤️
649482206398648300,Thu Oct 01 07:13:19 +0000 2015,Take me back #OlPejeta http://t.co/yv3NnOIoiU http://t.co/rFocWYSmEs
648064726828580900,Sun Sep 27 09:20:45 +0000 2015,RT @ImRo45: Thank you GQ #GQAwards @gqindia http://t.co/F1mabHM5PV
645882631943422000,Mon Sep 21 08:49:54 +0000 2015,Diego ❤️ !! #AntiPoachingDog #Superhero  @OlPejeta https://t.co/SbnKANvrDy
645492959903789000,Sun Sep 20 07:01:28 +0000 2015,.@Sachbang @ImRo45 @OlPejeta 😊😊😊
645330403524374500,Sat Sep 19 20:15:32 +0000 2015,.@Fairuz_y hiiii aww so sweet! Thank you for everything... I hope you're planning your trip to Mumbai soon
645213853567946800,Sat Sep 19 12:32:24 +0000 2015,RT @ImRo45: Wonderful trip to Africa for a great cause!It's sad how many animals are on the brink of extinction #SayNoToPoaching http://t.c…
645148305752760300,Sat Sep 19 08:11:57 +0000 2015,Sudan!! @OlPejeta #LastMaleNothernWhiteAfricanRhino #SayNoToPoaching https://t.co/GkTEZcvrIy
644470542779740200,Thu Sep 17 11:18:45 +0000 2015,Lux the anti poaching hound dog. I'm in love! @OlPejeta https://t.co/mQqPzXcH0z
644190500514365400,Wed Sep 16 16:45:58 +0000 2015,Baraka the blind rhino ❤️ the cutest guy in @OlPejeta Absolute sweetheart https://t.co/z7wzuCw944
642234127484354600,Fri Sep 11 07:12:02 +0000 2015,That's a hero ❤️ https://t.co/tTpNunmiGV
641535025821847600,Wed Sep 09 08:54:03 +0000 2015,RT @ImRo45: Can't wait to meet you big guy! Let's help save this species from extinction @OlPejeta @TurkishAirlines http://t.co/c66acDAT2n
640058539298328600,Sat Sep 05 07:07:02 +0000 2015,RT @OurOcean: Happy National Wildlife Day! http://t.co/T84iTn61ah
639856387560898600,Fri Sep 04 17:43:45 +0000 2015,RT @ImRo45: Now that's legendary mate! 👏 https://t.co/hMfYijLQh0
639409778679087100,Thu Sep 03 12:09:05 +0000 2015,Brilliant move!!  https://t.co/4XOzExUI3B
637482874317373400,Sat Aug 29 04:32:15 +0000 2015,And the first Rakhi of the day goes to @kunalsajdeh love you ❤️ http://t.co/94A7ojp8r5
637177657315057700,Fri Aug 28 08:19:26 +0000 2015,RT @buntysajdeh: Engagement diaries. Happiness😍#tbt http://t.co/L1AyOs63kg
637177478868418600,Fri Aug 28 08:18:43 +0000 2015,😁❤️😍 @buntysajdeh @ImRo45 @seemakkhan @NirvanKhan15
636037204431794200,Tue Aug 25 04:47:41 +0000 2015,Happy birthday to the cutest little guy in the whole world!!! ❤️🐶❤️😘 https://t.co/vE2VcsHJCL
631523886551531500,Wed Aug 12 17:53:22 +0000 2015,RT @cricket_country: Rohit Sharma’s catch: Why it is one of the very best - http://t.co/VHRYl070xV #SLvsIND #INDvsSL http://t.co/eLLHqeNtxC
631397767198457900,Wed Aug 12 09:32:13 +0000 2015,Couldn't find a scissor so went to plan B https://t.co/8cLfT9Abzk
628172317357572100,Mon Aug 03 11:55:25 +0000 2015,Moms on Twitter!! 😍 @SillverStrreak  https://t.co/KpKCXnycF7
627792057424187400,Sun Aug 02 10:44:24 +0000 2015,.@ImRo45 ❤️❤️❤️
627552374073102300,Sat Aug 01 18:51:59 +0000 2015,THIS NEEDS TO STOP!! They've just redefined the word 'heartless'  https://t.co/o4LA1uwRUY
626307787409100800,Wed Jul 29 08:26:27 +0000 2015,If this doesn't melt your heart I don't know what will ❤️🐶❤️ https://t.co/2OoWUc3ZMh
626238734158032900,Wed Jul 29 03:52:03 +0000 2015,RT @rickygervais: RIP #CecilTheLion  I'm struggling to imagine anything more beautiful than this http://t.co/lile3Kb2dk
626032288531288000,Tue Jul 28 14:11:43 +0000 2015,Andddd I'm sleepy! Sleep at: 8pm  wake up at: 6:30am Jet lag in reverse 😔
625949666442502100,Tue Jul 28 08:43:24 +0000 2015,❤️☁️⚡️☔️ #RainReady #NiceLegsDad @kunalsajdeh http://t.co/qTJSlxdYxV
624940439733301200,Sat Jul 25 13:53:06 +0000 2015,RT @Sachbang: Do you? http://t.co/zWZT8XJoTS
623616231652724700,Tue Jul 21 22:11:10 +0000 2015,😍👏 https://t.co/jNQlJ8A2LX
622839749036933100,Sun Jul 19 18:45:42 +0000 2015,#Superstars 😍 http://t.co/iakjJC83oj
621718630741463000,Thu Jul 16 16:30:47 +0000 2015,FaceTime with this cutie 🐶🐾❤️😍 http://t.co/GeAIV6DOjK
621029202976870400,Tue Jul 14 18:51:14 +0000 2015,http://t.co/vGtIbbAqWt
620992522492325900,Tue Jul 14 16:25:29 +0000 2015,.@Sachbang that's the one. Anything we can do to help?
620988742581379100,Tue Jul 14 16:10:28 +0000 2015,Just saw the disgusting video of the guy throwing a friendly stray dog at a car @Sachbang what are the legal ramifications for this in India
620007369699754000,Sat Jul 11 23:10:50 +0000 2015,My kinda joint #DoggieDonuts #DoggieBeachDay http://t.co/yzW7nTuuPE
618126578992705500,Mon Jul 06 18:37:15 +0000 2015,#SaveGreatWhites  https://t.co/M288j1x7DH
615183319718740000,Sun Jun 28 15:41:47 +0000 2015,RT @Sachbang: Pls help. Also RT &amp; spread the word 🙏🐱🐶 http://t.co/0Gv7aZaFuZ
614484963665166300,Fri Jun 26 17:26:46 +0000 2015,#LoveWins #WayToGoUSA #TrueProgress http://t.co/9K0lJjS9wN
612239042692812800,Sat Jun 20 12:42:17 +0000 2015,.@NehaliKhona @ImRo45 Aaww so sweet
612147611265445900,Sat Jun 20 06:38:58 +0000 2015,True hero, I salute you! http://t.co/WO0RsfA1nw
611807868258402300,Fri Jun 19 08:08:57 +0000 2015,Some people come into your life and you just know they're there to stay forever ❤️ @ImRo45 @NehaliKhona http://t.co/xBIkeAKc9i
611120594445205500,Wed Jun 17 10:37:58 +0000 2015,RT @ImRo45: Cannot believe people call this a festival  #StopYuLin2015  https://t.co/OblKisD5Sf
611100924073775100,Wed Jun 17 09:19:48 +0000 2015,I had no idea this existed!! Broke my heart! Faith in humanity shaken #StopYulin2015 http://t.co/37vXXOXtuj
610809253398351900,Tue Jun 16 14:00:48 +0000 2015,.@ImRo45  https://t.co/Ukeqy0Bc5q
610792400915574800,Tue Jun 16 12:53:51 +0000 2015,Haha brilliant!!! @sushantmarathe  https://t.co/GbCuMf54FH
610136871834746900,Sun Jun 14 17:29:00 +0000 2015,Jurassic World with the family, brilliant way to end the weekend! @ImRo45 I'll watch it again with you when you're back 🐾
608890024357011500,Thu Jun 11 06:54:29 +0000 2015,If I had one wish it would be that dogs could have the same lifespan as humans. #MansBestFriend http://t.co/hC7Cjh1kO6
608587540883316700,Wed Jun 10 10:52:31 +0000 2015,RT @WSDIndia: Pls do RT. #powai #abandoned #doggie #displaced #adopt  http://t.co/7ri4EZGSRP http://t.co/QPcdTom3Jo
607928243732103200,Mon Jun 08 15:12:42 +0000 2015,👏🐎❤️ https://t.co/eu3FRHnDJe
607547642109780000,Sun Jun 07 14:00:20 +0000 2015,.@HariniRana @ImRo45 Aaww 😊😊
607102463519264800,Sat Jun 06 08:31:21 +0000 2015,Game of thrones season 5 marathon commences now http://t.co/YhYEDfidk5
606453387492622300,Thu Jun 04 13:32:09 +0000 2015,RT @ImRo45: Tomorrow is World Environment Day I'll be planting a sapling, urge you to do the same #GetYourGreenOn
606144856793059300,Wed Jun 03 17:06:10 +0000 2015,RT @ThatsEarth: A group of bunnies is called a fluffle http://t.co/XKzyGcq2zG
605814648814735400,Tue Jun 02 19:14:02 +0000 2015,Love of my life ❤️ @ImRo45 in this lifetime and all the rest http://t.co/HukodQywN6
604223186599714800,Fri May 29 09:50:08 +0000 2015,RT @HSI_Canada: VICTORY! #Ontario Bans Acquisition, Breeding of Killer Whales. READ: http://t.co/iwpXSmL0DO http://t.co/ctyLZIqblU
603158897508003800,Tue May 26 11:21:01 +0000 2015,RT @Sachbang: Have you placed water bowls outside for animals? If not, do it. Temperature is rising.
603124667692421100,Tue May 26 09:05:00 +0000 2015,@prithinarayanan hello hello happy birthday!!
602636012561387500,Mon May 25 00:43:16 +0000 2015,💃❤️ http://t.co/x9RPQIkkf3
602585420493295600,Sun May 24 21:22:14 +0000 2015,❤️❤️❤️❤️❤️❤️💃💃💃💃 http://t.co/nHENs3KICM
602104351079858200,Sat May 23 13:30:38 +0000 2015,RT @OurOcean: Happy World Turtle Day!  #WorldTurtleDay http://t.co/se8v0ov9vx
602038406311325700,Sat May 23 09:08:36 +0000 2015,"Will I die" "You might die" Hahahha epic!!!  https://t.co/aV3J2PEM4J
601367510592565200,Thu May 21 12:42:42 +0000 2015,🐶🐺🐯🐅🐶🐪🐘🐈🐎🐴🐼🐨🐇🐏❤️ https://t.co/7eZ1iiTu7t
601010936556585000,Wed May 20 13:05:48 +0000 2015,.@jatinsapru hello hello thank you!! Haha how you been
600741101809500200,Tue May 19 19:13:34 +0000 2015,FINALS!!! Congratulations my love @ImRo45 and @mipaltan #RaiseTheRoof #EdenHereWeCome
600303080454819800,Mon May 18 14:13:02 +0000 2015,http://t.co/5Iywa6x8WN
600006929411280900,Sun May 17 18:36:14 +0000 2015,Congratulationssssss @ImRo45 and @mipaltan *Does a little dance* 🙌
598794752851476500,Thu May 14 10:19:28 +0000 2015,RT @ThatsEarth: This is the correct way to see Wild Animals. Let them be free. http://t.co/5udmt2oFjh
598524252858355700,Wed May 13 16:24:36 +0000 2015,Can't believe the wishes are still pouring in. Thank you everyone ❤️
597790702001467400,Mon May 11 15:49:44 +0000 2015,.@davyjacobs82 @ImRo45 Davy! Thank you 😊 Haha yes you did, you knew before we did!! How are the little ones??
596217036595826700,Thu May 07 07:36:33 +0000 2015,http://t.co/5wnjuVFCVG
595883017278599200,Wed May 06 09:29:16 +0000 2015,Thank you @Sachbang and @PetaIndia love it!! http://t.co/vqxkALOzIz
595158052371898400,Mon May 04 09:28:31 +0000 2015,.@smithpatel16593 @ImRo45 Thank you Smith!! Hope you're doing well 😊
595157525667811300,Mon May 04 09:26:26 +0000 2015,.@colstonJulian1 @ImRo45 thank youuuuu!! Lots of awesome pictures to come hahah
594897830159847400,Sun May 03 16:14:30 +0000 2015,Aaww my happily ever after ❤️ @ImRo45
594848814940356600,Sun May 03 12:59:43 +0000 2015,.@prithinarayanan @ImRo45 haha thank you!! And big hug to you 😊
594795047922442200,Sun May 03 09:26:04 +0000 2015,.@ramonasworld @ImRo45 haha thank you!! And seriously the denial was justified at that point hahah ❤️
594794015561617400,Sun May 03 09:21:58 +0000 2015,.@Sachbang @PetaIndia @ImRo45 thank you Sachin!!!
594788678544699400,Sun May 03 09:00:46 +0000 2015,.@Devang17 you're kebab, so that goes without saying @ImRo45
594764222308847600,Sun May 03 07:23:35 +0000 2015,.@SaakshiSRawat @ImRo45 thank you!! Ziva is such a cutie congratulations to you guys for the bundle of joy
594755187593478100,Sun May 03 06:47:41 +0000 2015,Aaww thank you DK!! @DineshKarthik @ImRo45
594747389321187300,Sun May 03 06:16:42 +0000 2015,I heart you ❤️😍 https://t.co/rsS1Shkz9n
593678004124921900,Thu Apr 30 07:27:20 +0000 2015,❤️@YUVSTRONG12  https://t.co/Zwf29AnfBm
593676766159372300,Thu Apr 30 07:22:25 +0000 2015,Happy birthday to my main man and the best person I know. Happy Birthday Ro #RaiseTheRoof @ImRo45
592301800859914200,Sun Apr 26 12:18:48 +0000 2015,RT @ImRo45: Mother Nature you can be so cruel. Thoughts go out to everyone in Nepal. http://t.co/vhirCzVd0g
589870461841842200,Sun Apr 19 19:17:32 +0000 2015,RT @PetaIndia: I ❤ #DesiDogs!   🐶 🐶 🐾 🐶 🐾 🐶 🐾 🐶  RT if you do! ❤ http://t.co/DiwMnPMmit
589340429520244700,Sat Apr 18 08:11:22 +0000 2015,My favourite 😍❤️#SeaOtters http://t.co/DFgJUv1FXB
589333146539200500,Sat Apr 18 07:42:26 +0000 2015,RT @PetaIndia: I live on the Indian streets 🐶. It should NOT be a #ReasonWhySomeoneWouldKillMe. #StopAnimalCruelty http://t.co/3Op7uay3K3
589331912956579800,Sat Apr 18 07:37:31 +0000 2015,RT @SaritaTanwar: Spread the word. CCTv cameras in Bandra have footage of a driver running over a dog &amp; cops not doing anything. http://t.c…
586620675969814500,Fri Apr 10 20:04:02 +0000 2015,Sucks to say goodbye... http://t.co/yyJqrJFhWz
585133676192600000,Mon Apr 06 17:35:14 +0000 2015,"Fix me or I'll chew your socks." http://t.co/WWvZ7uNgZy
580639695052234800,Wed Mar 25 07:57:45 +0000 2015,Tickkkkkk tockkkkk 🙌😍 http://t.co/3F7S3Mr1mg
578929943070945300,Fri Mar 20 14:43:49 +0000 2015,RT @OurOcean: Nearly 3 million #whales died from 1900 to 1999 due to human activity. http://t.co/FTN7sQGnD3 http://t.co/NwqbYUUmXV
578929714523340800,Fri Mar 20 14:42:54 +0000 2015,RT @jogeshlulla: Lovely pups and kittens looking for their forever homes. Please spread the word. http://t.co/6xyKKY3T0h
578517769706065900,Thu Mar 19 11:25:59 +0000 2015,Cometh the hour cometh the man @ImRo45 take a bow Ro! Semis here we come #RaiseTheRoof #45
578475890432069600,Thu Mar 19 08:39:34 +0000 2015,“@mipaltan: Even Hulk would have been proud of this knock  HITMAN SMASH! #HumHaiIndians #INDvBAN #CWC15 http://t.co/6ssS3QLvTq”@MarkRuffalo
576244733711773700,Fri Mar 13 04:53:45 +0000 2015,.@Sachbang 😊 Great start to my Friday http://t.co/3W3ayKd8Xy
575946799413747700,Thu Mar 12 09:09:52 +0000 2015,.@Devang17  hahaha spot on! “@WolfpackAlan: When you're swimming and suddenly touch seaweed with your toes http://t.co/BHn9DGRbTf”
574594661488046100,Sun Mar 08 15:36:57 +0000 2015,@mayur_sd Hahahah you follow dog texts?!? Wait, of course you do
574594018958446600,Sun Mar 08 15:34:24 +0000 2015,So the only time I miss MTAB Holi @shaymitch ends up being there. What a bummer
573386425745322000,Thu Mar 05 07:35:51 +0000 2015,Marvel's Avengers: Age of Ultron Trailer 2 http://t.co/dTGWj1uZJk 👏
570821535377698800,Thu Feb 26 05:43:54 +0000 2015,RT @RobertDowneyJr: You've been good so here's a new #IronMan poster from @Avengers. &amp; on the DL, big announcement in 8 days… #getexcited h…
570173584221405200,Tue Feb 24 10:49:10 +0000 2015,RT @IamMrHomeCare: Watch the men do the housework for a change. Check out our team of experts in action! http://t.co/cY2iGFYGzm #IAmMrHomec…
565082680220323840,Tue Feb 10 09:39:44 +0000 2015,.@NehaliKhona 👏 leggo
565057011826434050,Tue Feb 10 07:57:44 +0000 2015,Genius @colstonJulian1 http://t.co/xOUUZ3HqVV
564689345332797440,Mon Feb 09 07:36:46 +0000 2015,“@Sachbang: This week is going to be an exciting one! @ritssajdeh you know why ;)” 👏😁 can't wait!
564685806351048700,Mon Feb 09 07:22:42 +0000 2015,RT @kaalicharan: Daisy, Lab mix puppy rescued from a breeder, needs a forever home - Delhi. To adopt her, please call 9811233956. http://t.…
563406718801936400,Thu Feb 05 18:40:04 +0000 2015,Happy birthday @kunalsajdeh best brother ever ❤️love you http://t.co/ABmAPf1KgE
562509119689461760,Tue Feb 03 07:13:19 +0000 2015,RT @rvora: Entering the B to C space!! http://t.co/SCBtUTx207
558610416830406660,Fri Jan 23 13:01:16 +0000 2015,This is brilliant, we need these in India! http://t.co/Xgx2f5MuXR #Recycle #FeedTheFurry&amp;Hungry
557391106032160800,Tue Jan 20 04:16:10 +0000 2015,.@mayur_sd if that's true you'll live to be a hundred 🏃
556711742697250800,Sun Jan 18 07:16:37 +0000 2015,Take. A. Bow. @ImRo45 http://t.co/u1Vq6uz2Pi
553462916872028160,Fri Jan 09 08:06:56 +0000 2015,.@mayur_sd http://t.co/2HnWrTCve7
552501982922285060,Tue Jan 06 16:28:32 +0000 2015,.@siddsah haha really? So entertaining!! Did you watch bachelor pad?
552493423882940400,Tue Jan 06 15:54:31 +0000 2015,.@NehaliKhona hahahaha I'm watching it now. Quite a few psychos this time, should be fun
550367572692963300,Wed Dec 31 19:07:09 +0000 2014,2014 you've been AMAZING. 2015 you promise to be even better #CantWait ❤️
547682742830235650,Wed Dec 24 09:18:36 +0000 2014,RT @ImRo45: And it's here!! http://t.co/HD3n3lUXSd Merry Christmas indeed #EntourageTrailer #LetsHugItOut
546698226640769000,Sun Dec 21 16:06:29 +0000 2014,@vaibhavdaga9 hello hello thank you so much 😊
546666923186864100,Sun Dec 21 14:02:05 +0000 2014,Thank you for all the wishes 😊 happy my birthday to you 😁
546400938118770700,Sat Dec 20 20:25:09 +0000 2014,.@NehaliKhona hahaha eeks for the balloons! But 😘 😘 thank you thank you
546390213539278850,Sat Dec 20 19:42:33 +0000 2014,.@namitaforvirat Aaww haha thank you Namita
546390154034683900,Sat Dec 20 19:42:18 +0000 2014,@onlyprathamesh thank you so much
546390115015086100,Sat Dec 20 19:42:09 +0000 2014,.@Azina_2545 thank you Azina 😊
546390049500061700,Sat Dec 20 19:41:53 +0000 2014,.@dhara23_77 so sweet thank you Dhara big hug
545090875001290750,Wed Dec 17 05:39:26 +0000 2014,http://t.co/Viwv1xHlIc
544728881475760100,Tue Dec 16 05:41:00 +0000 2014,Hahahaha how to be manly 101 😏 @mayur_sd
544526148123000800,Mon Dec 15 16:15:25 +0000 2014,Winter is here ❄️well, our version of it http://t.co/l6C7iEsRH6
541189239753277440,Sat Dec 06 11:15:44 +0000 2014,❤️ http://t.co/3saiiV4iBm
540138923796615200,Wed Dec 03 13:42:09 +0000 2014,You can't watch this and not cry! http://t.co/lvsagfNzPm #SaveAFurryLife ❤️
539739468643577860,Tue Dec 02 11:14:51 +0000 2014,Damn, girl!  👏  http://t.co/xySu9EvtB2
539252557084774400,Mon Dec 01 03:00:03 +0000 2014,Hello December ❤️🍀
538262577642340350,Fri Nov 28 09:26:13 +0000 2014,Emotional tribute #PutOutYourBats #63NotOut Thoughts go out to Sean
537835869307019260,Thu Nov 27 05:10:38 +0000 2014,Thoughts go out to the family and loved ones of Phil Hughes. Scariest thought for any sport lover. #RIP
535683329941463040,Fri Nov 21 06:37:13 +0000 2014,Love the new logo Ro @imro45 http://t.co/zvJnYLzrCZ
534675838172532740,Tue Nov 18 11:53:48 +0000 2014,@luckygal07 @shriyzz haha Aaww the cake was adorable 😊
532893044920438800,Thu Nov 13 13:49:37 +0000 2014,Hahaha brilliant “@davyjacobs82: I dunno man, probably coz u just scored 264 😜 @ImRo45 #RohitSharma http://t.co/6SgLuoQnK3”
532867160855441400,Thu Nov 13 12:06:46 +0000 2014,Roooo take a bow!! Absolute carnage!! Bye bye nails 😳#RecordBreakingInnings #264 @ImRo45 http://t.co/masNKTEL0i
532767093570433000,Thu Nov 13 05:29:08 +0000 2014,We really need to have stronger laws against animal cruelty http://t.co/d90CjbAZLe
531819932229439500,Mon Nov 10 14:45:27 +0000 2014,So sad! Gotta know where your trash goes 🐋  http://t.co/1avrFhNPfL
528778222033309700,Sun Nov 02 05:18:47 +0000 2014,RT @ImRo45: On this day last year this happened. http://t.co/RnRAux3Luk
528778197345648640,Sun Nov 02 05:18:41 +0000 2014,Gonna get choked up during this one for sure! http://t.co/yrLTragACR #Furious7 #PaulWalker #FavouriteMovie #Legacy
527850771111759900,Thu Oct 30 15:53:25 +0000 2014,RT @ImRo45: Was wonderful to be back on the field, felt like me again!Big thank you to everyone who came to cheer us on! Me to my bat: "you…
527511351388696600,Wed Oct 29 17:24:41 +0000 2014,@Xooopy totally 😍
527467962031034400,Wed Oct 29 14:32:16 +0000 2014,❤️Avengers 2 #CannotWait  http://t.co/sOLjWgwsXq http://t.co/ZwCQc8QPKJ
525207396692402200,Thu Oct 23 08:49:35 +0000 2014,Happy Diwali ❤️ http://t.co/ZhOAuonC15
523406400857198600,Sat Oct 18 09:33:05 +0000 2014,Bravo! http://t.co/qn15Z5MPmh
519864542570881000,Wed Oct 08 14:59:00 +0000 2014,@mayur_sd but we have proof!! 😏
514798191221284860,Wed Sep 24 15:27:07 +0000 2014,RT @astro_reid: Who knew #lightning was so fast? This blew my mind. #RealTime #SpaceVine https://t.co/8TQWUAUKWx
514341778561171460,Tue Sep 23 09:13:30 +0000 2014,@KunalCricket I'm not hereeeee! You're always here when I'm notttt! Back tomorrow
514327932664156160,Tue Sep 23 08:18:29 +0000 2014,Budweiser you've outdone yourself http://t.co/bsUTgyfElm
513720341240115200,Sun Sep 21 16:04:08 +0000 2014,http://t.co/m4Cy5RWOPj
498429527521910800,Sun Aug 10 11:23:54 +0000 2014,Aaww love you “@YUVSTRONG12: My first sister of the day my little marlow @ritssajdeh god bless you darling! http://t.co/BmqWLTuewL”
490803265429180400,Sun Jul 20 10:19:51 +0000 2014,Cutest video ever!!  http://t.co/4XgUcVTPvl
489688976421171200,Thu Jul 17 08:32:04 +0000 2014,Spread love not war #IsraelPalestineConflict http://t.co/VAMiC87aob
489433812603244540,Wed Jul 16 15:38:08 +0000 2014,@KunalCricket wow, why so angry? Rome withdrawals?
489017671074078700,Tue Jul 15 12:04:32 +0000 2014,Hello Mrs. Fields 😍 http://t.co/Osj6KwibQZ
487633873405100000,Fri Jul 11 16:25:49 +0000 2014,Just watched @blackfishmovie absolutely gutted and shocked at how amazing Orcas can be and how inhumane we can be #Live&amp;LetLive
486889144937771000,Wed Jul 09 15:06:32 +0000 2014,Because being a dog is so exhausting http://t.co/T9QqK3hgp8
483608960751374340,Mon Jun 30 13:52:15 +0000 2014,RT @YouGotGold: 347 days until the movie release. You're welcome.
482594907928789000,Fri Jun 27 18:42:46 +0000 2014,My friday night date ❤️#DoggieDownTime http://t.co/zQa4hx9QoX
481716155900362750,Wed Jun 25 08:30:56 +0000 2014,Michael Bay - Genius!! Teenage Mutant Ninja Turtles Official Teaser - http://t.co/qUmm5ev0jy
481371095446986750,Tue Jun 24 09:39:47 +0000 2014,John Newman - Love Me Again http://t.co/6uk9pSpoI1
481350318337191940,Tue Jun 24 08:17:13 +0000 2014,@NehaliKhona @Nikitarmehta aaawww and you're one of my favourites ❤️
480751607265521660,Sun Jun 22 16:38:09 +0000 2014,@mayur_sd hahahaha
479928940291555300,Fri Jun 20 10:09:10 +0000 2014,Cannot wait!!!! http://t.co/htpoVuJp9i
478110673897926660,Sun Jun 15 09:44:02 +0000 2014,Happy Fathers Day ❤️ http://t.co/lHgkJ3o8sj
475532201853874200,Sun Jun 08 06:58:06 +0000 2014,Beats by Dre | The Game Before The Game http://t.co/tKTdV0wbmZ
474827872054411260,Fri Jun 06 08:19:21 +0000 2014,RT @ImRo45: http://t.co/SzZXP8LEHb
470637680640811000,Sun May 25 18:49:01 +0000 2014,Speechless!! Absolutely amazing!!!!! @mipaltan @ImRo45 *does a little dance*
470637402331955200,Sun May 25 18:47:55 +0000 2014,RT @IPL: . @mipaltan skipper @ImRo45 and @coreyanderson78 are ready for the #Playoffs now! #BestGameEver #PepsiIPL http://t.co/D01PKOGv7u
468451336443269100,Mon May 19 18:01:16 +0000 2014,@mayur_sd hahahaha I see "Doge" has been replaced by Beyoncé! "Wow"
467948371840229400,Sun May 18 08:42:40 +0000 2014,@apurvasircar haha yeah!! It's epic
467934147416436740,Sun May 18 07:46:09 +0000 2014,@shivkhanna14 yummiest Gujju pizza ever! Next time you're in Ahmedabad you cannot leave without eating it
467932217713254400,Sun May 18 07:38:29 +0000 2014,Obsessed #JasubenPizza @Devang17 http://t.co/8BpgTsyhMx
466113184680517600,Tue May 13 07:10:17 +0000 2014,RT @thegooglefact: Sometimes the bad things that happen in your life puts you directly on the path to the best things that will ever happen…
465816405141909500,Mon May 12 11:31:00 +0000 2014,RT @PritishNandy: Wanted: Homes for 15 beagles just out from Ranbaxy lab in Delhi. Healthy, friendly but should be adopted in 2s. Call Shil…
465379803218993150,Sun May 11 06:36:06 +0000 2014,Love you mom ❤️ http://t.co/Bsq3Vvr3zU
464461137011306500,Thu May 08 17:45:38 +0000 2014,Amazing Spider-Man 2 ❤️
461777798604943360,Thu May 01 08:03:01 +0000 2014,@mayur_sd hahahahah the new Transformers movie is out this year!!
461423611136331800,Wed Apr 30 08:35:36 +0000 2014,Happy birthday Ro !!
460017155543543800,Sat Apr 26 11:26:51 +0000 2014,Miss my darlings ❤️@kunalsajdeh http://t.co/l675dyETLY
458169398432247800,Mon Apr 21 09:04:31 +0000 2014,❤️ “@ThatsEarth: Sleepy Little Otter http://t.co/r1B7TGeQ98”
456012660514226200,Tue Apr 15 10:14:25 +0000 2014,RT @DrinkRestless: The #IPL is just around the corner and @ImRo45 could use the support of his fans! Cheer him on and win merchandise! http…
454992071405735940,Sat Apr 12 14:38:57 +0000 2014,@siddsah yup see you 😊
454988903418953700,Sat Apr 12 14:26:22 +0000 2014,@siddsah Hiiii haha its an energy drink!!
454982533965283300,Sat Apr 12 14:01:03 +0000 2014,Honestly one of the yummiest drinks I've had in a while! Thanks Nitin @DrinkRestless http://t.co/zmvOSQghI7
454125213744365600,Thu Apr 10 05:14:22 +0000 2014,RT @DrinkRestless: The captain of the Mumbai Indians, the 2nd highest scorer in an ODI, #Restless welcomes aboard Rohit Sharma! @ImRo45 htt…
452115341377011700,Fri Apr 04 16:07:51 +0000 2014,FINALS!!!! *Does a little dance*
450960243191578600,Tue Apr 01 11:37:55 +0000 2014,Pharrell Williams - Happy (Official Music Video) http://t.co/nzDZE5qGHv
450344112982482940,Sun Mar 30 18:49:38 +0000 2014,Ritesh &amp; magnum?? @mayur_sd  @Sanch26  “@ThatsCute: Is it ice cream season yet?! http://t.co/8Etly9AAzn”
449423627503820800,Fri Mar 28 05:51:57 +0000 2014,@mayur_sd hahahaha do I want to know how you stumbled across this??
448103381135925250,Mon Mar 24 14:25:46 +0000 2014,#MH370 #Heartbroken wish the families peace, strength and a little closure
445439913786241000,Mon Mar 17 06:02:06 +0000 2014,RT @ImRo45: Happy Holi! #PlaySafe #BeKind http://t.co/zIzXMH0AUa
444713668840661000,Sat Mar 15 05:56:15 +0000 2014,RT @ESPNcricinfo: The audience erupts as Rohit Sharma wins the ODI batting award for his 209 v Australia in Bangalore.  http://t.co/QSNiUJh…
444434177698447360,Fri Mar 14 11:25:39 +0000 2014,@rucha2110 see you soonnnnn
442534426434863100,Sun Mar 09 05:36:43 +0000 2014,So simple yet so mean @mayur_sd @kunalsajdeh “@AlanHungover: I hope you step on a lego.”
441869297225187300,Fri Mar 07 09:33:44 +0000 2014,@Suits_USA is back!! *Does a little dance*
441437292498939900,Thu Mar 06 04:57:06 +0000 2014,RT @Sachbang: India's batting star Rohit Sharma hits out at animal circuses in new PETA ad http://t.co/aFQhE9JJoE @ImRo45 @ritssajdeh
441437036692930560,Thu Mar 06 04:56:05 +0000 2014,RT @PetaIndia: Cricketer Rohit Sharma @ImRo45 scores for animals used for circuses. #BanAnimalCircuses. http://t.co/th38nbt8dQ http://t.co/…
438582430111264800,Wed Feb 26 07:52:54 +0000 2014,#ThingsThatMakeMeHappy #VS http://t.co/Q7frhUKLPc
438582097968500740,Wed Feb 26 07:51:35 +0000 2014,RT @YouGotGold: Mark your calendars!!!!!! June 12, 2015 is the movie release date!!!
437890157346181100,Mon Feb 24 10:02:03 +0000 2014,@kunalsajdeh let's go??  “@ThatsEarth: Superslide into the Mediterranean Sea, Sicily, Italy http://t.co/QaN7nyArLb”
435652603876102140,Tue Feb 18 05:50:49 +0000 2014,@prithinarayanan good, same old! How long did it take you to get over the jet lag?
435645232256806900,Tue Feb 18 05:21:31 +0000 2014,@prithinarayanan hellooooo helloooo!! How was NZ???
431328874459168800,Thu Feb 06 07:29:52 +0000 2014,Happy birthday to the best brother anyone could ask for @kunalsajdeh love you Kun ❤️ http://t.co/5nWiYFf9uD
427007516287840260,Sat Jan 25 09:18:19 +0000 2014,Now that's a game!! #Brilliance
425650094957133800,Tue Jan 21 15:24:25 +0000 2014,RT @YouGotGold: Filming already began! http://t.co/vMFwWWNJY1
423782488100454400,Thu Jan 16 11:43:13 +0000 2014,@mayur_sd  haha you and the "doge"
423763136361951200,Thu Jan 16 10:26:19 +0000 2014,@colstonjulian1 's feature shot in beautiful #Calcutta for @harpersbazaarindia @nishfat http://t.co/TvR9hIZNxk #Rockstar
422978824830464000,Tue Jan 14 06:29:45 +0000 2014,http://t.co/AfVHmJgTsH - This is why I love Beagles #AnythingForACookie
422694168868421600,Mon Jan 13 11:38:37 +0000 2014,@Sachbang  #SportsIllustrated it is pretty awesome =  )
422683842567495700,Mon Jan 13 10:57:35 +0000 2014,@siddhanthaney @ImRo45 got it! It looks great =  ) both covers! So worth braving the storm in Vizag for haha
417969024459218940,Tue Dec 31 10:42:35 +0000 2013,Hello Goa ❤️ bubbye 2013, you've been pretty awesome
417198008149610500,Sun Dec 29 07:38:50 +0000 2013,Aamras from the Ahmedabad farm and down time with the grandparents #PerfectSunday
415763408764407800,Wed Dec 25 08:38:15 +0000 2013,Thank you @kunalsajdeh #MerryChristmas http://t.co/s9WUEvyZN2
414669487875842050,Sun Dec 22 08:11:24 +0000 2013,@colstonJulian1 thank you Colston!!! =  )
414437993983008800,Sat Dec 21 16:51:32 +0000 2013,Thank you thank you thank you for all the warm wishes =  ) happy my birthday to you too!
414317278713630700,Sat Dec 21 08:51:51 +0000 2013,@RohitRules4577 thank you thank you! I hope so too =  )
414311029464924160,Sat Dec 21 08:27:01 +0000 2013,@MSDfan_VINAYA thank you
414310982169927700,Sat Dec 21 08:26:50 +0000 2013,@anuragsinha1992 thanks Anurag
414310948414189600,Sat Dec 21 08:26:42 +0000 2013,@elyna_lina thank you so much
414307868683563000,Sat Dec 21 08:14:28 +0000 2013,@kritikasinghal0 aaww thank you! How sweet
414307460229242900,Sat Dec 21 08:12:50 +0000 2013,@ViratWorld haha how sweet thank you
414307317559992300,Sat Dec 21 08:12:16 +0000 2013,@agrawal_shreya thank you so much
414307142959517700,Sat Dec 21 08:11:34 +0000 2013,@onlyprathamesh thank you :)
414307106154487800,Sat Dec 21 08:11:26 +0000 2013,@imVkohliFanClub @imVkohli thanks!
414307054925271040,Sat Dec 21 08:11:14 +0000 2013,@AfshaAhmed8 @buntysajdeh thank you!
414306980446998500,Sat Dec 21 08:10:56 +0000 2013,@sharma123jo thank you
414306947035193340,Sat Dec 21 08:10:48 +0000 2013,@RohitSharma_FC thank you so much  = )
414306814323212300,Sat Dec 21 08:10:16 +0000 2013,@dhara23_77 thank you Dhara! And thank you for the picture it was so cute
413001173676072960,Tue Dec 17 17:42:07 +0000 2013,11:11 make a wish http://t.co/SAmilprTYB
410751146416807940,Wed Dec 11 12:41:19 +0000 2013,And the woolies are out! http://t.co/BnEi0ctlgt
410026853085102100,Mon Dec 09 12:43:14 +0000 2013,Hello December ❤️
408814433583259650,Fri Dec 06 04:25:31 +0000 2013,There's a special place in heaven for people like him. RIP Nelson Mandela
407752372828774400,Tue Dec 03 06:05:16 +0000 2013,RT @dhawal_kulkarni: Sanjana Khaire..Please Help http://t.co/08rTy6bJHO
407752350791921660,Tue Dec 03 06:05:10 +0000 2013,RT @dhawal_kulkarni: My friend's sister Sanjana Khaire(13)is missing since sunday..Help me find her..Contct us +919769633827 9773257285.981…
407013419691151360,Sun Dec 01 05:08:55 +0000 2013,Fast &amp; Furious 1,2,4,5,6 hands down my favourite movies. RIP Paul Walker. You will be missed
405322820521304060,Tue Nov 26 13:11:05 +0000 2013,@Sachbang =  ) now waiting for you know what!
404629309337239550,Sun Nov 24 15:15:19 +0000 2013,RT @ThatsEarth: Hero! http://t.co/BuVhhAMoSI
399052463732301800,Sat Nov 09 05:54:56 +0000 2013,Saturday morning puja @kunalsajdeh http://t.co/tUdnsdAMOv
398404043074056200,Thu Nov 07 10:58:20 +0000 2013,And he does it again, this time in whites!! What a debut!! Congratulations @ImRo45 #TakeABowHitman
397924029304029200,Wed Nov 06 03:10:56 +0000 2013,Test debut it is = ) @ImRo45 #Jersey280
396624573372067840,Sat Nov 02 13:07:21 +0000 2013,@jatinsapru absolutely!! See, you got to watch one (almost) rainless game and wasn't it so worth it!
396622346393747460,Sat Nov 02 12:58:30 +0000 2013,@rucha2110 haha coming back anytime soon?
396616605305540600,Sat Nov 02 12:35:42 +0000 2013,#Historic #Legendary #Unforgettable #Speechless #RecordBreaking #209 !! One of a kind @ImRo45 Happy Diwali indeed = )
395859261542391800,Thu Oct 31 10:26:17 +0000 2013,RT @Cornerstone_CSE: Congratulations on your Test team selection @ImRo45 ! Looking forward to seeing you in whites!
395828447245004800,Thu Oct 31 08:23:50 +0000 2013,RT @Cornerstone_CSE: CSE boys do it again! @ImRo45 @imVkohli Shikar Dhawan! http://t.co/TdcUBFqR6w
393302923834171400,Thu Oct 24 09:08:18 +0000 2013,@siddsah haha dark clouds were looming it was tension not boredom!
390511917950726140,Wed Oct 16 16:17:51 +0000 2013,RT @Cornerstone_CSE: CSE boys dominate! @ImRo45 @imVkohli &amp; Shikhar chase down a whopping 360!
390509363741589500,Wed Oct 16 16:07:42 +0000 2013,@KunalCricket haha just cause I stole your retweet!
390508004975468540,Wed Oct 16 16:02:18 +0000 2013,RT @KP24: Rohit &amp; @imVkohli take a bow.. As a cricket fan and a batsmen - WOW!
390499576467030000,Wed Oct 16 15:28:48 +0000 2013,Days like this make you fall in love with this game all over again #Legendary #TakeABow
389296160621342700,Sun Oct 13 07:46:52 +0000 2013,Happy Dussehra =  ) ❤️
386925667927207940,Sun Oct 06 18:47:22 +0000 2013,Congratulationssss captain @ImRo45 &amp; @mipaltan ! First IPL &amp; now Champions League in the bag with one rained out game, take a bow guys
386068770726219800,Fri Oct 04 10:02:22 +0000 2013,World Animal Day ❤️ http://t.co/6Fa5gGJT6b
385409060176027650,Wed Oct 02 14:20:55 +0000 2013,RT @mipaltan: MoM goes to @ImRo45 for his match winning innings of 51 runs from 24 balls. He really led from the front. #ThisTimeFor10dulka…
385406331269943300,Wed Oct 02 14:10:04 +0000 2013,Take a bow!!!!
382867581930975200,Wed Sep 25 14:01:59 +0000 2013,@SWPremiere my new obsession! #Revolution #Revenge #VampireDiaries #Greys Anatomy #Homeland #Suits #HowIMetYourMother #2BrokeGirls ❤️
380977437511024640,Fri Sep 20 08:51:13 +0000 2013,RT @BlueCross_: Blood required from a large or medium-sized dog for a sick dog in Hyderabad (Name: Zacx). Anyone that can help,... http://t…
378432601058713600,Fri Sep 13 08:18:57 +0000 2013,@Sachbang =  )
377757946085933060,Wed Sep 11 11:38:07 +0000 2013,"@Loveislife212: @ritssajdeh I really wish. I already have a dog. Let me RT. She is adorable. Is it mumbai?" Yeah =  )
377755286981066750,Wed Sep 11 11:27:33 +0000 2013,@Loveislife212 she's a stray she doesn't have a name but feel free to adopt and name her =  )
377734461930356740,Wed Sep 11 10:04:48 +0000 2013,Days like this, I love my job #PuppyShoot http://t.co/fYtb9IBzGo
377627923714699260,Wed Sep 11 03:01:27 +0000 2013,@Sachbang =  ) we'll miss you but I'll send you pictures. I'll check on you in the evening
377311427402678300,Tue Sep 10 06:03:49 +0000 2013,@mayur_sd things happen TO me okay I can't control that!! I'm not that clumsy...
377084169962414100,Mon Sep 09 15:00:46 +0000 2013,@ImRo45_lover wish you and your family the same =  )
372960100535001100,Thu Aug 29 05:53:11 +0000 2013,@siddsah being a sports manager does have its shortcomings *facepalm*
369879204810457100,Tue Aug 20 17:50:49 +0000 2013,@YUVSTRONG12 &lt;3 remember the pinky swear
369702481397579800,Tue Aug 20 06:08:34 +0000 2013,Happy Raksha Bandhan @kunalsajdeh I heart you ❤ http://t.co/4lTXx3QsrQ
369657518886502400,Tue Aug 20 03:09:55 +0000 2013,Ellie Goulding - Burn &lt;3  http://t.co/NzG2tLRINh
368786532074672100,Sat Aug 17 17:28:55 +0000 2013,#Love #BigFamily #80thBirthday ❤@kunalsajdeh http://t.co/uqedp7MFDD
367933161696538600,Thu Aug 15 08:57:56 +0000 2013,@ImRo45_lover =  )
367922095537127400,Thu Aug 15 08:13:57 +0000 2013,http://t.co/m7mUvQTYGb
367548011435798500,Wed Aug 14 07:27:29 +0000 2013,@KunalCricket congratulations captain!! Thanks for telling me...NOT
367538493800865800,Wed Aug 14 06:49:40 +0000 2013,@Sachbang =  )
367538341010739200,Wed Aug 14 06:49:03 +0000 2013,@Sachbang haha aaww so are we! Anything for the animals! = )
363547669995610100,Sat Aug 03 06:31:33 +0000 2013,http://t.co/sPjZPcYpbm
359259850489880600,Mon Jul 22 10:33:17 +0000 2013,#BringYourDogToWorkDay &lt;3 http://t.co/lVtlQyB77z
357040521597812740,Tue Jul 16 07:34:28 +0000 2013,Congratulations my love!! You're a CA!!! @kunalsajdeh http://t.co/q3iPoHjTUc
353123317701546000,Fri Jul 05 12:08:54 +0000 2013,@mayur_sd aahh have the cheese junglee sandwich and lemon grass cooler
347707280613048300,Thu Jun 20 13:27:30 +0000 2013,RT @googleindia: Google Person Finder launched to offer information on missing people in #uttarkhandflood affected areas http://t.co/YOlrbq…
347655063474405400,Thu Jun 20 10:00:00 +0000 2013,@nriti88 @DipikaPallikal aaww may be you should come to the office!! You missed @mayur_sd googling "how to be manly" #TrueStory
347601140201951200,Thu Jun 20 06:25:44 +0000 2013,#NDRF HELPLINE NUMBERS-  011-26105912, 26107953 Army helpline numbers: 1800 180 5558, 1800 4190282  ,8009833388 #Uttarakhand
346158893824618500,Sun Jun 16 06:54:46 +0000 2013,Happy Fathers Day ❤ http://t.co/08PkIURl6i
342963967091683300,Fri Jun 07 11:19:16 +0000 2013,Bombay rain &lt;3 could do without the thunder and lightning though
340407278542925800,Fri May 31 09:59:54 +0000 2013,http://t.co/PjT0zVjLgz
340381528917950460,Fri May 31 08:17:35 +0000 2013,Mayus Nexus obsession #PhoneCrush #BarbieAtTheOffice @mayur_sd @nriti88 http://t.co/8UjKKstOv6
339744262386225150,Wed May 29 14:05:18 +0000 2013,@siddsah must you pick on all my tweets!!!
339741876435431400,Wed May 29 13:55:50 +0000 2013,She doesn't mind - Sean Paul playing on loop
338723954887893000,Sun May 26 18:30:58 +0000 2013,Nails: Gone Fingers: Sore from being crossed  Congratulationsssss @mipaltan !!! Bring it home boys #TakeABowCaptain
338009782659194900,Fri May 24 19:13:06 +0000 2013,FINALS!!!!! *Does a little dance*
337662400146841600,Thu May 23 20:12:44 +0000 2013,6 movies later, Vin Diesel &amp; Paul Walker still make the best duo. How do you top yourself 5 time in a row!#Fast&amp;Furious6 Fast 7 hurry up!!!!
337493922467180540,Thu May 23 09:03:16 +0000 2013,@siddsah besides fast and the furious 3, I LOVE all the rest. Tokyo Drift was a let down. Not needed.
337487852558503940,Thu May 23 08:39:08 +0000 2013,Fast &amp; Furious 6 !!!! #CannotWait #FavouriteMovieSequel
337177568954437600,Wed May 22 12:06:11 +0000 2013,@siddsah haha I'm more a 'glass half full' kinda girl
337176318204588000,Wed May 22 12:01:13 +0000 2013,@siddsah haha he's Iron Man! He built himself a cooler one! Out with the old in with the new! That's how he rolls
337174124432605200,Wed May 22 11:52:30 +0000 2013,http://t.co/EUdvhT6ctt
336069355513212900,Sun May 19 10:42:32 +0000 2013,@nriti88 haha it was stuck in my head all week!
334749487199313900,Wed May 15 19:17:51 +0000 2013,@KunalCricket I'll land and call you. We're so going to Krispy Kreme
334748059571474400,Wed May 15 19:12:11 +0000 2013,@KunalCricket sleeppppppp you're meeting me tomorrow!!
333493952340705300,Sun May 12 08:08:49 +0000 2013,Happy Mother's Day mom &lt;3 http://t.co/rcx5791Rwt
333259892192337900,Sat May 11 16:38:44 +0000 2013,http://t.co/dIzmJFgOfN
329644123424423940,Wed May 01 17:10:58 +0000 2013,RT @ThatsEarth: Dog saves all her puppies from a house fire, and puts them to safety in one of the firetrucks. http://t.co/1HZ7Gvu7qc
328950586189942800,Mon Apr 29 19:15:06 +0000 2013,@ImRo45 Happy Birthdayyy #BestFriend #Captain what a way to start the birthday. You're too old for April Fools day jokes now #JustSaying
328950075130777600,Mon Apr 29 19:13:04 +0000 2013,@siddsah you tweet to me more than you call/message me Sid!! Shame on you
328831429666549760,Mon Apr 29 11:21:36 +0000 2013,@DipikaPallikal @nriti88 haha bye bye nails!
325584647755030500,Sat Apr 20 12:20:03 +0000 2013,@colstonjulian1 @nriti88 come on Colston it was a village!!! It had huts!
325137381416108000,Fri Apr 19 06:42:47 +0000 2013,@KunalCricket stop calling me that!!! You're the one that left me in suspense for 2 hours and you call me dramatic, nice!
324928147449589760,Thu Apr 18 16:51:21 +0000 2013,@nriti88 haha aaww 2 shoots in one day not the best idea. Hopefully my morning flight won't take me to Jaipur this time!! Feel better!!
324786303675805700,Thu Apr 18 07:27:43 +0000 2013,@nriti88 haha its always entertaining at least! And the wildlife is interesting #trombay #killmenow
324180965708689400,Tue Apr 16 15:22:19 +0000 2013,RT @ThatsEarth: Wow! Retweet so people can enjoy! http://t.co/6E8KWachHI
323814182019530750,Mon Apr 15 15:04:52 +0000 2013,@kunalsajdeh http://t.co/MUoLWdx0pQ
322428787637747700,Thu Apr 11 19:19:48 +0000 2013,Thai Pavilion &lt;3 http://t.co/14ovUnVV6O
320469317303013400,Sat Apr 06 09:33:33 +0000 2013,Iron man 3 #cannotwait
318314269252915200,Sun Mar 31 10:50:10 +0000 2013,@nriti88 #AllHeart aaww and the unforgettable Jaipur journey just before we landed of course!
318308760827355140,Sun Mar 31 10:28:17 +0000 2013,@nriti88 fun/hectic birthday for you. Happy birthdayyy #AllHeart http://t.co/DIiPeaeabz
316792777495175200,Wed Mar 27 06:04:18 +0000 2013,MTAB Holi without the rain dance #fail http://t.co/pzf8BojErd
316786480775311360,Wed Mar 27 05:39:17 +0000 2013,Happy Holi !!
314312150787178500,Wed Mar 20 09:47:11 +0000 2013,RT @ThatsEarth: Mother Giraffe with her little baby. http://t.co/CZhme8qSq4
312958606049955840,Sat Mar 16 16:08:41 +0000 2013,http://t.co/dEblfIg4l6
312849470062739460,Sat Mar 16 08:55:00 +0000 2013,En route Golden Temple &lt;3  = )
303077008383045600,Sun Feb 17 09:42:44 +0000 2013,Kabhi Khushi Kabhie Gham &lt;3 one of my favourites = )
301926954129559550,Thu Feb 14 05:32:50 +0000 2013,&lt;3 http://t.co/ILJGolie
298870570550956000,Tue Feb 05 19:07:51 +0000 2013,Happy birthday to my favourite person in the world @kunalsajdeh http://t.co/7ftwW3dV
295939701230141440,Mon Jan 28 17:01:37 +0000 2013,@nriti88 hahahahaha
295119450766721000,Sat Jan 26 10:42:14 +0000 2013,The amazing Spider-Man, The Dark Knight rises and The Avengers; hands down the cinematic highlights of 2012
292891616354652160,Sun Jan 20 07:09:37 +0000 2013,Vampire Diaries, Suits, Greys Anatomy and Homeland #ilovesundays
285704131732181000,Mon Dec 31 11:09:07 +0000 2012,Happy new year!! It's not about what you do it's about who you spend it with = ) #2013 #makeitcount
283253061013622800,Mon Dec 24 16:49:26 +0000 2012,Merry Christmas = )
282136915241730050,Fri Dec 21 14:54:17 +0000 2012,@dhara23_77 thank you for the collage it was so cute!
282136654465101820,Fri Dec 21 14:53:14 +0000 2012,Thank you = )
282009293987909630,Fri Dec 21 06:27:09 +0000 2012,@ImRo45 aaww thank you Ro = )
281743392571006980,Thu Dec 20 12:50:33 +0000 2012,@shivkhanna14 = )
281441078157123600,Wed Dec 19 16:49:17 +0000 2012,&lt;3 http://t.co/Qf1dBkrm
279942425244487680,Sat Dec 15 13:34:09 +0000 2012,@ImRo45 EVIL!! I can't believe you just did that! Wait wait your birthdays 4 months away. Revenge will be taken in full swing #run&amp;hide
279940446422175740,Sat Dec 15 13:26:18 +0000 2012,@ImRo45 don't be mean!! 6days *does a little dance*
279892265378410500,Sat Dec 15 10:14:50 +0000 2012,December ღ
274461858738610180,Fri Nov 30 10:36:21 +0000 2012,@fighThesunrise haha spidey!
274461246902902800,Fri Nov 30 10:33:55 +0000 2012,@fighThesunrise he's a cutie! Your issue is with Momo not Magic so take it up with Shai
274457062224826370,Fri Nov 30 10:17:17 +0000 2012,@fighThesunrise as in my dog?
273725266927435780,Wed Nov 28 09:49:23 +0000 2012,Vampire Diaries season 4 &amp; Greys Anatomy season 9 #iloveholidays!
268280849517142000,Tue Nov 13 09:15:13 +0000 2012,@rishika97 Thank you = ) same to you!
268277068125589500,Tue Nov 13 09:00:12 +0000 2012,Happy Diwali = )
268275679139864580,Tue Nov 13 08:54:40 +0000 2012,@tanispeaks thank you :) same to you and your family
258269434102296580,Tue Oct 16 18:13:26 +0000 2012,"Be yourself; everyone else is already taken." - Oscar Wilde
249124980644782080,Fri Sep 21 12:36:38 +0000 2012,@shivkhanna14 Seriously!!!!! Who PINGS on Twitter!
244413531208966140,Sat Sep 08 12:35:01 +0000 2012,Rain Gods pleaseeeee!!!
238953803519520770,Fri Aug 24 11:00:00 +0000 2012,@nriti88 hahahahah we'll order on Monday
237490712386629630,Mon Aug 20 10:06:13 +0000 2012,@kunalsajdeh here's proof that I did!! http://t.co/c6baU2U6
235443713726365700,Tue Aug 14 18:32:10 +0000 2012,http://t.co/8npwranW
230958506449182720,Thu Aug 02 09:29:33 +0000 2012,@YUVSTRONG12 aaww happy raksha bandhan big brother
208194281280782340,Thu May 31 13:52:39 +0000 2012,Junior MasterChef #Win !!
203735333270073340,Sat May 19 06:34:23 +0000 2012,RT @davyjacobs82: RT"@DwyerMatt: Hey friends please go on http://t.co/ZhHe0i5z &amp; vote Rohit Sharma in the Volkswagen Power Performan ...
189587152106029060,Tue Apr 10 05:34:34 +0000 2012,RT @davyjacobs82: Great knock by #KingSharma last night, serious skill my bruuuu! #Kapow! RT"@ImRo45: @davyjacobs82 and me... #epicnight ...
189451233684242430,Mon Apr 09 20:34:28 +0000 2012,RT @bipsluvurself: Mumbai Indians are outstanding:) Rohit sharma is our hero!yayyyyy!
189450473563107330,Mon Apr 09 20:31:27 +0000 2012,RT @abhinav_s_bhal: Rohit Sharma has set the mood for the season. Classic T20 game. Steyn was superb but it was Rohit's day today. #IPL5
189450130653577200,Mon Apr 09 20:30:05 +0000 2012,RT @rampalarjun: Yes Mumbai Indians super finish by Rohit Sharma. Yay congratulations. Dale Steyn also incredible and scary.
189433276388212740,Mon Apr 09 19:23:07 +0000 2012,RT @sachin_rt: Brilliant batting by Rohit. Keep it going buddy!!!
184963470725365760,Wed Mar 28 11:21:42 +0000 2012,@fighThesunrise hahahhahha so sweet!
184963272318001150,Wed Mar 28 11:20:55 +0000 2012,RT @fighThesunrise: you know you're old when seeing a friend @ritssajdeh excites you more than seeing @imVkohli @harbhajan_singh and @ir ...
121943618448654340,Thu Oct 06 13:43:18 +0000 2011,RT @7polly7: RT"Steve Jobs was born out of wedlock, put up for adoption at birth, dropped out of college, then changed the world. What's ...
100966476042870780,Tue Aug 09 16:27:38 +0000 2011,@apurvasircar we had a blast!
100966377506078720,Tue Aug 09 16:27:14 +0000 2011,@rucha2110 aaww we'll miss you!
17146662904397824,Tue Dec 21 09:17:37 +0000 2010,@ariffbham aaawww thank you!! Happy my birthday to you =  )
28495467417,Sat Oct 23 12:27:16 +0000 2010,Butterfly season!!! http://yfrog.com/65mpuj
28375464664,Fri Oct 22 04:59:28 +0000 2010,RT @MClarke23: Played a secret warm up game a few weeks ago, team we played were pretty cheeky- some interesting tactics! http://bit.ly/ ...
27913998187,Wed Oct 20 09:00:54 +0000 2010,Kinda miss the darker jerseys!!
27802553887,Tue Oct 19 04:18:58 +0000 2010,@NehaliKhona =  )
27735290302,Mon Oct 18 13:41:51 +0000 2010,My favourite person in the world!! http://yfrog.com/6xaieivj
27225678978,Wed Oct 13 09:28:19 +0000 2010,2-0!!!!! That's one way to break a 15 year jinx...
26832862102,Sat Oct 09 10:42:14 +0000 2010,@adhaar88 I knowwwww!!! Not just any wicket, ponting on 77!!! =  )
26832451943,Sat Oct 09 10:33:28 +0000 2010,Congratulationssssss !!! First Test wicket!!! =  )
26438572699,Tue Oct 05 08:18:12 +0000 2010,@adhaar88 =  ) wooooohoooo
26438329470,Tue Oct 05 08:12:24 +0000 2010,Congratulationssssssssss
26340364402,Mon Oct 04 06:49:53 +0000 2010,Breast Cancer Awareness Moth...  http://twitpic.com/2ujjw3
26258190852,Sun Oct 03 11:17:38 +0000 2010,It sucks that channels switch to an ad while a player celebrates a milestone... Why cut that short that's the best part of the match!!
25800578467,Tue Sep 28 16:35:54 +0000 2010,Insane thunder and lightning!! Boo...
25614142812,Sun Sep 26 18:42:42 +0000 2010,Congratulationssssssss what a way to end an era!! =  )
25418794905,Fri Sep 24 16:22:51 +0000 2010,Rain Gods + a sense of humour = a delayed semi final
25403698129,Fri Sep 24 13:29:29 +0000 2010,Yet another do or die to the final!! Good luckkkkkk =  )
25393142635,Fri Sep 24 10:51:17 +0000 2010,Looks like rain!!
25300803214,Thu Sep 23 12:08:57 +0000 2010,RT @funnyoneliners: Murphy's Unspeakable Law:  As soon as you mention something.. if it's good, it goes away. If it's bad, it happens.
25217657518,Wed Sep 22 14:47:01 +0000 2010,Do or die time... Good luckkkkk !!
25106804201,Tue Sep 21 10:46:31 +0000 2010,@ashutosh_m hahahhaha I'm too far back now!! After season 4 I'm blank
25101042880,Tue Sep 21 08:40:34 +0000 2010,@smitasmitten1 =  ) hahhaha
25100276812,Tue Sep 21 08:21:27 +0000 2010,All new Gossip Girl, One Tree Hill, How I Met Your Mother, Chuck & Two and a Half Men tonight!!!!! =  )
24872067991,Sat Sep 18 18:51:54 +0000 2010,what a GAME!! No nails left...
24739308354,Fri Sep 17 07:38:19 +0000 2010,@NehaliKhona yeahh!! Sucks to be forced to retire... Poor guy
24735570180,Fri Sep 17 06:14:50 +0000 2010,Flintoff retired!!!!
24680753178,Thu Sep 16 16:57:43 +0000 2010,Pollard jeez!!!
24470462937,Tue Sep 14 12:23:08 +0000 2010,Entourage season finale, out of control!!
24197158889,Sat Sep 11 14:13:54 +0000 2010,@ariffbham okay shoot away
24194971140,Sat Sep 11 13:43:51 +0000 2010,@ariffbham dude you're going to Spain for 3 weeks "shoot me" seriously?!
24136965704,Fri Sep 10 20:59:17 +0000 2010,@dhanaisha liarrrrrrr... Haha but HIIIIIII
24136717596,Fri Sep 10 20:54:51 +0000 2010,@dhanaisha suddenly you remembered me??? What happened
24119122988,Fri Sep 10 16:29:23 +0000 2010,Wishing I was in South Africa again!! @Devang17 you knowwwww you're missing me there!!
23257118882,Tue Sep 07 17:38:33 +0000 2010,Mmmmm double stuffed Oreos and M&Ms... =  )
22435059919,Sun Aug 29 12:51:17 +0000 2010,Sooooooo much rain =  )
22340511518,Sat Aug 28 09:12:51 +0000 2010,@ariffbham no no he's some random guy. Half the stuff he wrote about was made up! Just mean!!
22335503572,Sat Aug 28 07:15:00 +0000 2010,Good luckkkkkkkkkkk =  )
22097732652,Wed Aug 25 15:33:36 +0000 2010,Finals here we comeeee... Congratulationsssssss =  )
22087946704,Wed Aug 25 13:25:00 +0000 2010,Wooooohoooooo
22079094140,Wed Aug 25 10:57:23 +0000 2010,@TheSahilArora rough patches, we'll bounce back...
21992199767,Tue Aug 24 11:11:58 +0000 2010,@ariffbham aawwwww
21482723253,Wed Aug 18 11:29:52 +0000 2010,RT @ThatsSoMeee: "That spider is more scared than you are." "Oh really? Did it tell you that?"  #ThatsSoMeee
21399919560,Tue Aug 17 12:41:16 +0000 2010,Glee doesn't suck!! Who knew!! =  )
21217393202,Sun Aug 15 08:38:57 +0000 2010,Happy Independence Day!!
21047941596,Fri Aug 13 08:30:14 +0000 2010,RT @TheSahilArora: BB users can breathe easy. RIM has agreed to give the govt access to data. http://bit.ly/aY79kD
20791030922,Tue Aug 10 12:35:33 +0000 2010,@adhaar88 what a throw!!
20786881541,Tue Aug 10 11:20:59 +0000 2010,@adhaar88 hahaha
20785892379,Tue Aug 10 11:01:22 +0000 2010,@adhaar88 I wanted to tweet thatttt but I didn't wanna piss anyone off!!
20781806369,Tue Aug 10 09:32:40 +0000 2010,Woooohooooo
20777917786,Tue Aug 10 08:02:38 +0000 2010,India New Zealand finallyyyyyy
20541356566,Sat Aug 07 09:56:11 +0000 2010,Congratulationssssss
20445394245,Fri Aug 06 05:43:53 +0000 2010,What a game!!
19899461481,Fri Jul 30 10:12:27 +0000 2010,RT @LeoDiCaprio: It's World Tiger Day. Congrats to India and Nepal for signing a pledge to cooperate on tiger protection #SaveTigersNow
19803936182,Thu Jul 29 06:00:36 +0000 2010,Congratulationsssss!!!! 9th wonder =  )
19412219522,Sat Jul 24 10:28:12 +0000 2010,Perfect rainy day!!
18859515930,Sun Jul 18 19:24:54 +0000 2010,@shaanskhanna my favourite song !! Well top 5
18831134139,Sun Jul 18 10:11:58 +0000 2010,Happy birthday Nelson Mandela!!
18100701950,Fri Jul 09 07:34:38 +0000 2010,I want a Paul the octopus!!
17663201625,Sat Jul 03 16:54:34 +0000 2010,Thai P!! =  )
17654474123,Sat Jul 03 15:08:26 +0000 2010,@ImRo45 finally!! Did you buy anything??
17639153044,Sat Jul 03 10:05:39 +0000 2010,@ariffbham messi all the wayyyy
16463911209,Fri Jun 18 11:49:21 +0000 2010,@ariffbham send me a pictureeeeeeeeeee sri lankas all sunny
16463434629,Fri Jun 18 11:39:45 +0000 2010,@ariffbham storm??
16369164424,Thu Jun 17 06:37:38 +0000 2010,In Sri Lanka
16121194768,Mon Jun 14 03:55:37 +0000 2010,Thunderstorms!!
15901450684,Fri Jun 11 03:38:30 +0000 2010,Rainnnnnn =  )
15771508887,Wed Jun 09 10:01:47 +0000 2010,@shaanskhanna yessss, well yes for the nice place and watch the match
15407648867,Fri Jun 04 10:58:01 +0000 2010,Fridayyyyyyy =  )
14902619854,Fri May 28 12:26:27 +0000 2010,@siddsah must you be mean
14897098711,Fri May 28 10:18:17 +0000 2010,Congratulations on your maiden ODI 100 Rooo...
14895861009,Fri May 28 09:43:56 +0000 2010,@ariffbham fineeee
14895108600,Fri May 28 09:22:22 +0000 2010,@ariffbham don't be an ass just come
14893356848,Fri May 28 08:30:54 +0000 2010,@ariffbham hahahaha what fun!! Let's go for Prince of Persia
14892949097,Fri May 28 08:18:58 +0000 2010,@ariffbham Woodside??
14892161807,Fri May 28 07:55:53 +0000 2010,@ariffbham where??
14887199732,Fri May 28 05:43:30 +0000 2010,Good luck Raina Ro =  )
14684995594,Tue May 25 10:46:55 +0000 2010,@siddsah Biebs!!!! Haha really sid
14434309914,Fri May 21 15:17:30 +0000 2010,Best 2 episodes of Greys Anatomy!!
14418557729,Fri May 21 10:00:48 +0000 2010,@siddsah haha aaww
14418544577,Fri May 21 10:00:28 +0000 2010,@ariffbham fool
14418173346,Fri May 21 09:49:44 +0000 2010,@ariffbham I mean Deli for Delhi!!
14417790451,Fri May 21 09:38:35 +0000 2010,@ariffbham ohhhhh listen some people call it Deli okay!!
14417465438,Fri May 21 09:28:59 +0000 2010,@siddsah you're in delhi?? I called you from singapore to wish you fool
14411146049,Fri May 21 06:17:36 +0000 2010,@shaanskhanna I am too!!
14410208377,Fri May 21 05:52:26 +0000 2010,@shaanskhanna you wanna study further??
14276519014,Wed May 19 05:25:30 +0000 2010,Back homeeee... Mrs fields!!!!
13861798598,Wed May 12 17:13:14 +0000 2010,@shaanskhanna haha I will... Comeeeeeeeee
13861357405,Wed May 12 17:03:24 +0000 2010,Singaporeeee =  )
13843524032,Wed May 12 10:31:06 +0000 2010,@shaanskhanna yup
13800501190,Tue May 11 17:42:37 +0000 2010,@siddsah touching wood =  )
13799931564,Tue May 11 17:30:04 +0000 2010,@siddsah why the hell are you noticing such things
13784107911,Tue May 11 11:50:14 +0000 2010,Wavin flag stuck in my head!!
13683789648,Sun May 09 19:27:40 +0000 2010,Congratulations captain = )
13666127868,Sun May 09 12:59:59 +0000 2010,Stupid rain!!
13655101070,Sun May 09 07:12:12 +0000 2010,@shaanskhanna haha happy mothers day!!
13654420934,Sun May 09 06:51:59 +0000 2010,Happy monther day mom :)
13536023353,Fri May 07 07:47:22 +0000 2010,Good luckkkkk =  )
13532483183,Fri May 07 05:55:59 +0000 2010,@siddsah haha just Yuvi and bhaiya are cornerstone
13478103058,Thu May 06 09:34:59 +0000 2010,@siddsah tomorrow 7
13250851320,Sun May 02 15:22:23 +0000 2010,Raina!! What a gameeeee =  ) I was jumping!!"That's awesome" ; ) haha
13233152602,Sun May 02 06:52:42 +0000 2010,@siddsah 7pm
13191186463,Sat May 01 14:36:56 +0000 2010,Gooo short ball!!
13179850568,Sat May 01 09:14:42 +0000 2010,Good luck Raina Ro ...
13063796316,Thu Apr 29 11:38:49 +0000 2010,@karishmau haha i sat and read till 2!!
13062660745,Thu Apr 29 11:06:35 +0000 2010,@siddsah I loveeeee runts!! The banana flavours my favourite
13024929309,Wed Apr 28 19:53:14 +0000 2010,Can't sleepppp
12841246682,Sun Apr 25 20:32:23 +0000 2010,@ariffbham hahahha drama queen
12840827684,Sun Apr 25 20:22:54 +0000 2010,@ariffbham hahahhaa that was Lisa, never mind fool
12840598216,Sun Apr 25 20:17:44 +0000 2010,Chennais Super King = Raina
12820730213,Sun Apr 25 13:12:07 +0000 2010,@ImRo45 aaww don't be sad ninja
12814452177,Sun Apr 25 10:02:44 +0000 2010,Good luckkkkk =  )
12503548843,Tue Apr 20 07:24:34 +0000 2010,@siddsah NEVER!! Chennai Deccan all the way! Rather, Ro Raina
12503289543,Tue Apr 20 07:15:52 +0000 2010,@siddsah haha awesome now also follow Imraina =  )
12457240736,Mon Apr 19 14:03:46 +0000 2010,@ariffbham seriously!!!
12402538994,Sun Apr 18 15:23:47 +0000 2010,Come onnnn Deccannnn
12398226262,Sun Apr 18 13:52:44 +0000 2010,Woooooooohooooooo Csk!!!!!
12391970773,Sun Apr 18 10:50:19 +0000 2010,@ariffbham S H R E K
12391331170,Sun Apr 18 10:27:05 +0000 2010,Semi-finals in Bombay!! =  )
12391301615,Sun Apr 18 10:25:58 +0000 2010,@ariffbham haha I watch!! =  )
12389996471,Sun Apr 18 09:37:36 +0000 2010,@ariffbham you play cricket but you won't watch todays double headers!!!!
12281003168,Fri Apr 16 12:55:13 +0000 2010,Weekendddddd
