id,created_at,text
561944032876982300,Sun Feb 01 17:47:52 +0000 2015,Assume your brothers expression
510139187660873700,Thu Sep 11 18:53:54 +0000 2014,INSTEAD, COME TOMORROW TO THE LAST NYC DAMEHT SHOW OF 2014 @ THE PYRAMID CLUB!!! http://t.co/q2puvJJymy
504382453637976060,Tue Aug 26 21:38:42 +0000 2014,RT @SYFFAL: BRO! @Dameht &amp; this new track Girl Jeans ARE THE BALLS KNEES! http://t.co/fot9MkKFAQ yes, balls have knees bro. #ballskneesbro
502849787189030900,Fri Aug 22 16:08:26 +0000 2014,"Life is nothing but a rushed Soundcheck"
501448021339807740,Mon Aug 18 19:18:19 +0000 2014,RT @splashthat: Video: Go inside the @DAMEHT + @TheBlackSoft show. #CULTCALL #CapturedbySplash http://t.co/47zKTNccky
500095386984673300,Fri Aug 15 01:43:26 +0000 2014,RT @tigho: Dameht punks up the Pyramid club Friday nights http://t.co/uDOA6DswIY
500095366466113540,Fri Aug 15 01:43:21 +0000 2014,RT @boweryboogie: Punk at the Pyramid: The Frenetic Energy of DAMEHT [8/8/14] http://t.co/hNk6681oPc
497835827050057700,Fri Aug 08 20:04:45 +0000 2014,RT @papermagazine: Pre-gaming with @DAMEHT: we hang out at the Pyramid Club with the cute as fuh LES punkers http://t.co/Wl7FhwHhdy http://…
496314951053901800,Mon Aug 04 15:21:20 +0000 2014,RT @ventsmagazine: DAMEHT Release New Track "The Greek" http://t.co/oN2meurtf0
495232992521248800,Fri Aug 01 15:42:01 +0000 2014,RT @GroundSounds: DAMEHT - "The Greek" http://t.co/2LQKJOQ2TC @DAMEHT
495232984707264500,Fri Aug 01 15:41:59 +0000 2014,RT @DarkMatterUS: Artist Spotlight @DAMEHT @pancakesnwhisky see them Friday night at @ThePyramidClub http://t.co/7XgxH8oM4D
494992537107460100,Thu Jul 31 23:46:32 +0000 2014,RT @DarkMatterUS: Check out @DAMEHT this Friday at #thepyramidclub via @BlackBook http://t.co/hKX3MEXcZn
489796248678187000,Thu Jul 17 15:38:20 +0000 2014,We're all in the race up to the TOP OF THE PYRAMID CLUB. Our inauguration is tomorrow at NYC Pyramid Club. Gotta start somewhere right?
489006935111655400,Tue Jul 15 11:21:53 +0000 2014,RT @LifeandTimes: .@its_dvlp speaks on producing for @Eminem, @LilTunechi, @RickyRozay &amp; more: http://t.co/CDqzkuuZFi http://t.co/TLiWsbNO4l
487092618577588200,Thu Jul 10 04:35:04 +0000 2014,Go listen to DAMEHT'S 'In Perfecto' soon to be released EP!!! Streaming for another 30mins on http://t.co/IrPv9UF4zq
482312034818981900,Thu Jun 26 23:58:44 +0000 2014,RT @BiIIMurray: I want to see a documentary about Morgan Freeman that is narrated by wild animals.
480517853993795600,Sun Jun 22 01:09:18 +0000 2014,RT @brvdleysoileau: @DAMEHT TONITE Opens at 7 Performance at 11 BK Bazaar http://t.co/CeDOwwh3eP
477092315539189760,Thu Jun 12 14:17:26 +0000 2014,RT @9MusesNRoman: Sup sup! New release by @DAMEHT "The Greek" https://t.co/vCwFGP70md  See you at our next show @BKBazaar  Brooklyn Night B…
476750929812013060,Wed Jun 11 15:40:53 +0000 2014,#CULTCALL #CULTCALL #CULTCALL #CULTCALL #CULTCALL #CULTCALL #CULTCALL #CULTCALL #CULTCALL #CULTCALL #CULTCALL #CULTCALL #CULTCALL #CULTCALL
468575028960055300,Tue May 20 02:12:47 +0000 2014,El Mayor Clasico. Ya.
464860988916129800,Fri May 09 20:14:31 +0000 2014,RT @we_heart: Lower Manhattan joint gets a new lease of life through gallery takeover... http://t.co/TYN1m8KqG3 http://t.co/D6No2oT8eW
459155742487236600,Thu Apr 24 02:23:54 +0000 2014,"There are two kinds of people. There are Clayton's people, then there's everyone else" -Elsa Rensaa #elgoog #GalerieABP #AuBonPunk #DAMEHT
458719513979408400,Tue Apr 22 21:30:29 +0000 2014,RT @LoriGreenberg1: My @boweryboogie story about #ClaytonPatterson #ElsaRensaa @DAMEHT @GalerieABP http://t.co/2iRDVomALS
456843724140838900,Thu Apr 17 17:16:46 +0000 2014,RT @PRHTH: whereisfenix's photo 106 of 365. The homies #dameht http://t.co/iK3QPTgCJ5 http://t.co/685SRBz1QP
456843335312085000,Thu Apr 17 17:15:13 +0000 2014,RT @FRANK151: $16 Burger Show by #ClaytonPatterson is an experience. Make sure your eyes are bigger than your stomach. Our recap: http://t.…
452235089678979100,Sat Apr 05 00:03:42 +0000 2014,Well, well, well... http://t.co/Z8WjabiKrA
450298284712947700,Sun Mar 30 15:47:31 +0000 2014,#CULTCALL TONIGHT. @DAMEHT http://t.co/1ugT3rErCD
449752852597313540,Sat Mar 29 03:40:10 +0000 2014,RT @AFilmByHammer: dameht show this Sunday at Pravda downtown!  Turn up to party with my mom and the cult of DAMEHT!!! http://t.co/WmY9P4No…
448474300035919900,Tue Mar 25 14:59:40 +0000 2014,#cultcall 3/30 NYC. DAMEHT.
447908371031937000,Mon Mar 24 01:30:52 +0000 2014,#cultcall 3/30
443607030990127100,Wed Mar 12 04:38:52 +0000 2014,RT @brvdleysoileau: !!!!!!!!! @dameht !!!!!!!!!
441761389032398850,Fri Mar 07 02:24:57 +0000 2014,@gunsgermssteal !!!
436902435886727200,Fri Feb 21 16:37:12 +0000 2014,Push Pop #DAMEHT
436902082944450560,Fri Feb 21 16:35:48 +0000 2014,Love Punk/Meta Rock #DAMEHT
435889769961500700,Tue Feb 18 21:33:14 +0000 2014,Worry not amigo, it all works out in the end.
435561139536396300,Mon Feb 17 23:47:22 +0000 2014,@brvdleysoileau your pretty damn Karate as well my man.
435560888352124900,Mon Feb 17 23:46:22 +0000 2014,@gunsgermssteal is Pretty damn Karate.
435559783249510400,Mon Feb 17 23:41:59 +0000 2014,The psychology behind constantly deleting a twitter entry. I can be good thesis material for you sociology majors.
434498122103132160,Sat Feb 15 01:23:19 +0000 2014,@TheophilusL It's Headline Records... Punk shop on Melrose &amp; Fairfax LA.
434201051345215500,Fri Feb 14 05:42:52 +0000 2014,Happy V-Day folks. Check out this little gesture of local appreciation @AFilmByHammer cooked up for the occasion http://t.co/riOsrtDucv
434200422908444700,Fri Feb 14 05:40:22 +0000 2014,RT @its_dvlp: How to NOT pick up girls in a subway. lol.     http://t.co/LXjzxHocdI
430839139114553340,Tue Feb 04 23:03:50 +0000 2014,RT @brvdleysoileau: copy, duplicate, reproduce, clone, counterfeit, knock-off, imitate, replicate, repeat
428667569726181400,Wed Jan 29 23:14:47 +0000 2014,RT @BiIIMurray: If you don't pretend to use the force to open automatic doors, you're not living life to the fullest
427309051110637600,Sun Jan 26 05:16:31 +0000 2014,RT @Prophlogic: New Coffee spot Alert!! #BeanSnobs dameht @charlie_mad #CortadoMob @afilmbyhammer @ Andante Coffee… http://t.co/HMuMgjDihH
414094622819123200,Fri Dec 20 18:07:06 +0000 2013,RT @RedOne_Official: Bravooooo #Raja!!!! Let's win the finals Against Bayern Munich!!!! #Morocco #WorldCup #OneLove http://t.co/af5BjwOwFl
413395155681812500,Wed Dec 18 19:47:40 +0000 2013,@lordemusic is my favorite rapper.
408280188557226000,Wed Dec 04 17:02:37 +0000 2013,It's a Paul Wall &amp; Mike Jones type day.
402921524497481700,Tue Nov 19 22:09:12 +0000 2013,Check out http://t.co/08qtz2tWTe for photos on last weekend's showwww
398588755700756500,Thu Nov 07 23:12:19 +0000 2013,There's a show in my mind, and everybody is naked!!!!! Haha. Saggy, sturdy and naked.
398587634676957200,Thu Nov 07 23:07:52 +0000 2013,"I don't find it shameful dressing up like a woman, because I don't think there's anything shameful about being a woman"-Some Other God
398585796661612540,Thu Nov 07 23:00:33 +0000 2013,Face it....That's just not your type of sneaker. I'm sorry.
398585398727024640,Thu Nov 07 22:58:59 +0000 2013,"Not sure if I'll grow more neurotic or anxious as I get older... I can't wait to find out" -Some God
394837823159021600,Mon Oct 28 14:47:27 +0000 2013,RT @TerribleRecords: “I have never thought of music as a challenge — you always figure the audience is at least as smart as you are" - Lou …
394837572813590500,Mon Oct 28 14:46:27 +0000 2013,RT @NewYorker: "He is everywhere." @sfj remembers the iconic rock star Lou Reed: http://t.co/Ndh5dgw7qU
391264556942893060,Fri Oct 18 18:08:34 +0000 2013,RT @yourKAPTN: I think I just spotted a Triberras
389928419334828000,Tue Oct 15 01:39:14 +0000 2013,RT @VibeMagazine: .@Eminem's Awesome 'Rap God' Might Make Your Brain Explode http://t.co/tPAwlGGs7c
389926308912058400,Tue Oct 15 01:30:51 +0000 2013,RT @Prophlogic: Congrats to my dude idvlp on his single with #Eminem #RapGod #TrisMoneyTrustFund #HabibiMOB http://t.co/onxyXeX9aG
389878833870295040,Mon Oct 14 22:22:12 +0000 2013,RT @jab_music: Shouts to my bro's @its_dvlp and @Filth_mob  for producing Eminem's "Rap God" #MMLP2 🔥🔥🔥🔥🔥
389878219568316400,Mon Oct 14 22:19:45 +0000 2013,RT @AFilmByHammer: @its_dvlp and @Filth_mob made another classic with @Eminem on #RAPGOD!!!
389874473585090560,Mon Oct 14 22:04:52 +0000 2013,RT @brvdleysoileau: #RAPGOD
389874437178556400,Mon Oct 14 22:04:44 +0000 2013,RT @Filth_mob: #RapGod !!!!
389874306379153400,Mon Oct 14 22:04:12 +0000 2013,RT @brvdleysoileau: CONGRATS TO @filth_mob &amp; @its_dvlp ON EM's NEW TRACK #RAPGOD
389873789544439800,Mon Oct 14 22:02:09 +0000 2013,Well I'm begging to feel like a #rapgod !!!!!! Congrats @its_dvlp for bringing out an Eminem that many forgot about!! Congrats bro!!!!!
389872716339503100,Mon Oct 14 21:57:53 +0000 2013,RT @WinterlyThought: @its_dvlp  WHAT THAA BEAAAAAAAT MAAN CRAZY
389872618805153800,Mon Oct 14 21:57:30 +0000 2013,RT @Filth_mob: @its_dvlp hahahahahahahahahahahahahahahahahahahahahahahahahahahahahahahHahahaHaaaaaaaaaaaaa #BEATGOD
378583102089863200,Fri Sep 13 18:16:59 +0000 2013,Turns out it was just a reflektor!
376223782945316860,Sat Sep 07 06:01:54 +0000 2013,Captured by @theshark  #DAMEHT #LIVE http://t.co/IHvlWGHujg
375830026861936640,Fri Sep 06 03:57:15 +0000 2013,RT @Filth_mob: Dameht Dameht Dameht Dameht Dameht Dameht Dameht Dameht Dameht Dameht Dameht
375767853481201660,Thu Sep 05 23:50:12 +0000 2013,Now http://t.co/dBhL6aafRI
367293747543162900,Tue Aug 13 14:37:08 +0000 2013,RT @NewYorker: Debbie Harry at the Supermarket http://t.co/vM5sMcTKck
359757013355474940,Tue Jul 23 19:28:50 +0000 2013,RT @BiIIMurray: I love how people say they're "expecting" a baby, as though it might be something else, like a penguin.
357204720139501600,Tue Jul 16 18:26:56 +0000 2013,RT @SpiceyMilk: SPICEY MILK - THE MOVES EP - OUT TODAY!!! FREE DOWNLOAD ---------&gt; https://t.co/DInju518M4
350397009628368900,Thu Jun 27 23:35:31 +0000 2013,“@BiIIMurray: When I laugh at jokes on the internet I don't even laugh. I just blow more air out of my nose than usual.”
350396360039727100,Thu Jun 27 23:32:56 +0000 2013,RT @BiIIMurray: I've always wanted to get in a taxi and yell, "FOLLOW THAT CAR!!"
346791094387875840,Tue Jun 18 00:46:54 +0000 2013,Follow this band @DAMEHT from a dirty ol' town in the United States called New York City.
340184704391184400,Thu May 30 19:15:28 +0000 2013,http://t.co/8JKT7jQH7P
339814732867448800,Wed May 29 18:45:20 +0000 2013,RT @ChloeNorgaard: Remembering ths perfect night when we escaped fashion week to th raddest punkfiesta @MParziale @DAMEHT http://t.co/DdxPd…
338494371957714940,Sun May 26 03:18:41 +0000 2013,RT @Filth_mob: #dameht#dameht#dameht http://t.co/FO9XmbZcCw
338434889672179700,Sat May 25 23:22:20 +0000 2013,RT @MrAgard: @iamenasty @donlucas @MorganePress @ProjectMKUltra @jorgeliloy @RivingtonSChild @charlie_Mad  in this new @DAMEHT http://t.co/…
338099297373519900,Sat May 25 01:08:48 +0000 2013,Hey folks... This is "I love you too". DAMEHT 1st music videoooo. Thanks to y'all who helped on this piece!! Much luv http://t.co/awKMcN9ryQ
337724792977383400,Fri May 24 00:20:39 +0000 2013,Y'all should visit http://t.co/hndy248jrA  "I love you too" Video dropping Friday night. Follow @DAMEHT
327264176668020740,Thu Apr 25 03:33:54 +0000 2013,RT @Mohombi: #RedOneCamp is aaaaaaaaall THAT!! its_dvlp @rivingtonSchild @prophlogic @bilalthechef @johnmamann !!!… http://t.co/O8yNy27Qeq
309228856194261000,Wed Mar 06 09:07:59 +0000 2013,RT @RedOne_Official: That was a special night. @prophlogic @rivingtonschild #Studio #Music #RedTeam #7Lions #Brothers #Dameht http://t.c ...
308342697792516100,Sun Mar 03 22:26:42 +0000 2013,This band #DAMEHT has a twitter! Who cares! Just follow @DAMEHT
302120629853888500,Thu Feb 14 18:22:25 +0000 2013,It is "YO" iPhone... Not "TO". Auto correct, please check ya self.
300089716244627460,Sat Feb 09 03:52:18 +0000 2013,RT @avarye: DAMEHT http://t.co/2P7uoVdk
300089695734464500,Sat Feb 09 03:52:13 +0000 2013,RT @avarye: DAMEHT http://t.co/vmVmMPnc
300089673403994100,Sat Feb 09 03:52:08 +0000 2013,RT @avarye: DAMEHT http://t.co/aJLs36Nw
300089656886829060,Sat Feb 09 03:52:04 +0000 2013,RT @avarye: DAMEHT http://t.co/wYmbvnN6
300089638230560800,Sat Feb 09 03:51:59 +0000 2013,RT @avarye: DAMEHT http://t.co/6FPwG00b
300089622078316540,Sat Feb 09 03:51:55 +0000 2013,RT @avarye: #DAMEHT listening party http://t.co/H4Ta1OWn
300089602365067260,Sat Feb 09 03:51:51 +0000 2013,RT @avarye: DAHMET Listening party http://t.co/ghjzXsbi
263244525647044600,Tue Oct 30 11:42:40 +0000 2012,Love you you Dirty Ol' Town... Keep your folks safe!!!
246857073353187330,Sat Sep 15 06:24:47 +0000 2012,@charlie_Mad can I do your hype man!??????????
246856680460152830,Sat Sep 15 06:23:13 +0000 2012,RT @charlie_Mad: ima shit on everyone, rappers especially. writers were the realest before they got concerned with bullshit MFA's and be ...
238161396188205060,Wed Aug 22 06:31:16 +0000 2012,RT @charlie_Mad: Read my new short story "Stashed" with artwork by @daliaralph here: http://t.co/f1sHlYzp
238161036119781380,Wed Aug 22 06:29:50 +0000 2012,RT @ProjectMKUltra: Feels Just Like Old Times... Only Slightly Different. http://t.co/3jrLIzgJ
234570517804351500,Sun Aug 12 08:42:24 +0000 2012,RT @charlie_Mad: I have two new short-stories on http://t.co/eGbhhqZL: #Waves &amp; #Paint. #support #ebooks #MadLit
232222232078848000,Sun Aug 05 21:11:09 +0000 2012,@PorcelainBlack Stealing Candy From A Baby!! King Of The World!!! Mannequin Factory!!! And alllll the rest!! ;)!!!!!
231849234129899520,Sat Aug 04 20:28:59 +0000 2012,@evasimons Aifa!!!!!!!!! ;)
224919284793618430,Mon Jul 16 17:31:50 +0000 2012,Question to self : what the fuck is going on?? Answer from self: you! Tell!! Me!!!!
224864841511346180,Mon Jul 16 13:55:30 +0000 2012,RT @ProjectMKUltra: @RivingtonSChild we watching Lucifer Rising right now
224721863383842800,Mon Jul 16 04:27:22 +0000 2012,RT @ProjectMKUltra: Revisiting Mad Ave @ArlenesGrocery with @DonLucas. @RivingtonSChild @charlie_Mad @its_dvlp @9MusesNRoman killing it  ...
223597678183985150,Fri Jul 13 02:00:15 +0000 2012,RT @priyankachopra: http://t.co/w9UhAcxG getting creative with my boys @BilalTheChef  n @RivingtonSChild !
206597973537337340,Sun May 27 04:09:29 +0000 2012,RT @Lefsetz: If everybody's not a beauty then nobody is. Warhol.
205925328760221700,Fri May 25 07:36:38 +0000 2012,Dear Sweden, I know you miss me. For we been together with creeper shoes and girl jeans! @E_Fuckin_Q
204870529772044300,Tue May 22 09:45:15 +0000 2012,How bout you go.... And fuck off.
193547520297799680,Sat Apr 21 03:51:39 +0000 2012,RT @priyankachopra: http://t.co/wHJ7YbIh team @RedOne_Official in da house!!! Last day in studio!!c u boys in LA! Thank u for the magic!!
193030004366508030,Thu Apr 19 17:35:14 +0000 2012,RT @BilalTheChef: New remix by @theWAVs , check it out   https://t.co/zdWqY23v
192311536050638850,Tue Apr 17 18:00:17 +0000 2012,Folks better hurry up and join a click or crew, something! whatever it is, by all means, AVOID BEING YOURSELF! :)
191528235216023550,Sun Apr 15 14:07:44 +0000 2012,RT @RedOne_Official: @2101Records @CashMoney @RepublicRecords @PorcelainBlack @RedOne_Official #SwallowMyBullet  http://t.co/XeTKQS6b
190398690052149250,Thu Apr 12 11:19:19 +0000 2012,Spiraling down Stockholm.   @ Nobis Hotel http://t.co/Qn1W1gzf
189175363996356600,Mon Apr 09 02:18:16 +0000 2012,The truth will set you free! But 1st it will piss you off!
187614719316721660,Wed Apr 04 18:56:49 +0000 2012,RT @Defff666: I may have retweeted wiz, but I bet me and my homies give a fuck less. #FLXVRMY #LegionOfDoom
187378652936286200,Wed Apr 04 03:18:46 +0000 2012,I just noticed that MAB is back in the studio. #DAMEHT
187327647074885630,Tue Apr 03 23:56:06 +0000 2012,Countless odd religions too. It doesn't matter which you choose. One stubborn way to turn your back, oh this I've tried but I refuse! -JC
187077847662329860,Tue Apr 03 07:23:29 +0000 2012,By the way my brother @charlie_Mad killed shit in #RATS! Read it over at http://t.co/zkagUn7v
187076672531595260,Tue Apr 03 07:18:49 +0000 2012,HEADLINES: Henry Miller was found alive! Sleep tight dear contemporaries.
57467730349133820,Mon Apr 11 15:39:09 +0000 2011,RT @thekiddaytona: Tonight #Oknowsbday that's what we on!!! http://plixi.com/p/90468778 #Community!!!!!!
57467430628360190,Mon Apr 11 15:37:57 +0000 2011,Big Shout outs to me bredren @oknows tonight we toast at White Noise.
57465854006276100,Mon Apr 11 15:31:41 +0000 2011,Some of these smart dummies...
56731696300699650,Sat Apr 09 14:54:25 +0000 2011,RT @Filth_mob: Even tho I appear to be , I'm no better than anybody else .. I just get higher
53530938990280700,Thu Mar 31 18:55:45 +0000 2011,@shape777 I'll be on my way!
53310745177366530,Thu Mar 31 04:20:46 +0000 2011,@kittyharlow allll goood!
53196518701801470,Wed Mar 30 20:46:53 +0000 2011,@kittyharlow yess she willlll.
53185717391724540,Wed Mar 30 20:03:57 +0000 2011,@NATICUSX @kittyharlow come to white noise tonighttt! Gathering of peeeps.
53162681825374210,Wed Mar 30 18:32:25 +0000 2011,White Noise tonight for the boys n girls. Mid-night. Free.
53158065641500670,Wed Mar 30 18:14:05 +0000 2011,@PrinceTerrence come to white noise tonight... I'll be there after 12.
51328815561060350,Fri Mar 25 17:05:17 +0000 2011,Paris I miss you!!
50719770202484740,Thu Mar 24 00:45:10 +0000 2011,@PrinceTerrence might not, but I'll have them look out... Let me know if you end up going.
49859921637941250,Mon Mar 21 15:48:26 +0000 2011,I'm @Defff666
49820052349911040,Mon Mar 21 13:10:00 +0000 2011,How bout some Hunter S. Thompson? "Life has become immeasurably better since I have been forced to stop taking it seriously".
47138527317721090,Mon Mar 14 03:34:35 +0000 2011,Klok vamo hace? Rompe?
46714786037239810,Sat Mar 12 23:30:47 +0000 2011,Everybody's looking for Mambo.
45587762656714750,Wed Mar 09 20:52:24 +0000 2011,@Filth_mob the aliens are here filth!!... Come have a drink with em' tonight!
45585407236255740,Wed Mar 09 20:43:02 +0000 2011,We're In White Noise tonight! Free at the door, DJ Mark Nick (tiswas) from 12-4am.
45253887451611140,Tue Mar 08 22:45:42 +0000 2011,RT @taxiplasm: on a loop with @Tyondai Braxton's Central Market -this album is so fucking genius it hurts.
44836774572331010,Mon Mar 07 19:08:14 +0000 2011,RT @thekiddaytona: Tonight Community Mondays at White Noise w/ @djsoulnyc!!! We also celebratin my brother @6thSense birthday!!!  http:/ ...
44569147224489980,Mon Mar 07 01:24:47 +0000 2011,RT @oknows: RT @DevinSchenck: White Noise and our own @oknows & @thekiddaytona present to you the new Monday:  http://plixi.com/p/82160321
43115838974345220,Thu Mar 03 01:09:51 +0000 2011,@Filth_mob whitee nooissee #swassoneversleeps
43045231905611780,Wed Mar 02 20:29:17 +0000 2011,White Noiseee tonightttt!!!
42648771791818750,Tue Mar 01 18:13:54 +0000 2011,I'm in a pretty good position now ain't I momma?? Yea. And I'm looking pretty dapper now a days, ain't I momma?? Yea. Well thanks.
42371035919687680,Mon Feb 28 23:50:16 +0000 2011,WHITE NOISE CALLS.
42370853702340610,Mon Feb 28 23:49:33 +0000 2011,RT @oknows: Come party with kids at #whitenoise tonight music provided by @6thSense and legendary teddy smooth!!
41733855236993020,Sun Feb 27 05:38:21 +0000 2011,RT @Filth_mob: I think I'm ric flair, McMahon jr , off the ropes , Jimmy snuka!!!! - @iamenasty
41684220904603650,Sun Feb 27 02:21:07 +0000 2011,I'm @terryrichardson I'm Terryrichardson! #swasso
41602555465179140,Sat Feb 26 20:56:36 +0000 2011,I dare you to test my #swasso muthafucka... I double dog dare you.
40711946382614530,Thu Feb 24 09:57:39 +0000 2011,RT @Filth_mob: Oh u got swag ... I got that Swaso bitch !!! Haaaaa . Its the new grey poupon #swasosauce
40660433077534720,Thu Feb 24 06:32:57 +0000 2011,I think @9MusesNRoman got tooo drunk off that #swasoo where is this guy!!??
40643267976495100,Thu Feb 24 05:24:44 +0000 2011,RT @its_dvlp: Whitenoise poppin!!!! This gonna be a great last night in NYC.
40635033093935100,Thu Feb 24 04:52:01 +0000 2011,@Eibolone go in fam!
40631207309873150,Thu Feb 24 04:36:49 +0000 2011,@ white nizoooo. #swasoo on the rocks,,
40605097385918460,Thu Feb 24 02:53:04 +0000 2011,A
40604154128760830,Thu Feb 24 02:49:19 +0000 2011,Would u like some #swasoo sauce on your chicken meat balls sir??... Well yes! Thanks!! #beautyandessex
40601833818816510,Thu Feb 24 02:40:06 +0000 2011,RT @Defff666: Don't act like Defff don't know about #teamswasoo @charlie_Mad
40596040096677890,Thu Feb 24 02:17:04 +0000 2011,@filth_mob hahahaa....@eibolone blessed me KING PAPI SWASO, but I'll let you rock for tonight!!
40595311642546180,Thu Feb 24 02:14:11 +0000 2011,RT @Filth_mob: Swaso is the new swag ... And I'm king papi Swaso ....Yo riv I had to !!! Haaaaaaa
40562680209088510,Thu Feb 24 00:04:31 +0000 2011,WHITENOIZZZERRRRR
40485924261462020,Wed Feb 23 18:59:31 +0000 2011,@Eibolone Many types of Swasoos! Swazuus and SWASO!! Ahahhaahaa
40468180572979200,Wed Feb 23 17:49:00 +0000 2011,White Noise is soo Swaso tonight! Mid-night, Free at the door. We all in. @9MusesNRoman B-day weekend!
40319677305589760,Wed Feb 23 07:58:54 +0000 2011,The swazo is real. The swazo is real!!! #DAMEHTTHEMAD is real! Sleep paralysis is real! Specially while "King of Limbs" is playing on beats.
40115416856674300,Tue Feb 22 18:27:15 +0000 2011,Prince Swaso, travel light.
40108645521965060,Tue Feb 22 18:00:20 +0000 2011,Waddup Swaso??
40090195525246980,Tue Feb 22 16:47:02 +0000 2011,#DAMEHTTHEMAD
40089982429433860,Tue Feb 22 16:46:11 +0000 2011,Justice "cross" is the best album in existence. That's because "In Rainbows" doesn't really exist, its a parallel reality.
40070928641703940,Tue Feb 22 15:30:28 +0000 2011,T
39848075652628480,Tue Feb 22 00:44:56 +0000 2011,#DAMEHTTHEMAD
39571937005023230,Mon Feb 21 06:27:39 +0000 2011,RT @charlie_Mad: Dameht the MAD
39269672738234370,Sun Feb 20 10:26:34 +0000 2011,RT @taxiplasm: "pain is temporary, film is forever."
38592794008231940,Fri Feb 18 13:36:53 +0000 2011,@RivingtonSChild in BK... Shooting to the city soon.
38588755828944900,Fri Feb 18 13:20:50 +0000 2011,@its_dvlp I've been waiting for my car for years now!! Hahaha. Delusions man. Hell of a drug.
38581037336510460,Fri Feb 18 12:50:10 +0000 2011,Youu knooow who's upp!!!RT @its_dvlp: Who Up!?? I'm here NY!!
38155887050887170,Thu Feb 17 08:40:47 +0000 2011,RT @18kJaq: Foreplay at white noize....its called FREEDOM
38155792506945540,Thu Feb 17 08:40:24 +0000 2011,RT @Defff666: #whitenoise #orgy
38063409748647940,Thu Feb 17 02:33:18 +0000 2011,Ace Hotel... Swaso on 1,000 with @charlie_Mad @Eibolone where u at!!!!? White Noise on deck!!
38044787223441410,Thu Feb 17 01:19:18 +0000 2011,RT @PrinceTerrence: My band HussleClub plays Legion in Brooklyn tonight its Free and we're on at 11pm sharp SWAG.
38013990537928700,Wed Feb 16 23:16:56 +0000 2011,1st stop Ace hotel for some #stomptown Then catching @PrinceTerrence Hussle Club in BK. Last stop WHITE NOISE.
38004446973661180,Wed Feb 16 22:39:00 +0000 2011,WhiteNoiseWhiteNoiseWhiteNoise!! Tonight! Free. All in.
37369615579353090,Tue Feb 15 04:36:25 +0000 2011,At white Noise... All funk tonight beybee.
37216547932082180,Mon Feb 14 18:28:11 +0000 2011,RT @ProjectMKUltra: Radiohead's New Album Drops This Week!  http://t.co/uWHutRq via @SPINmagazine
36953499652726780,Mon Feb 14 01:02:55 +0000 2011,@terryrichardson maad swagged out. Spotted him walking on red #bestgrammymoment
36951893401935870,Mon Feb 14 00:56:32 +0000 2011,RT @diplo: That be mad ham if gaga suicides bombs the staples center from her egg
35623605215698944,Thu Feb 10 08:58:23 +0000 2011,Its all gone to shit. #Dameht
35567997900824576,Thu Feb 10 05:17:26 +0000 2011,@kittyharlow where uu at??
35472867667873790,Wed Feb 09 22:59:25 +0000 2011,RT @Filth_mob: I'll put u in my back pocket and just sit
35463085258964996,Wed Feb 09 22:20:33 +0000 2011,#whitenoisecrew @9MusesNRoman @charlie_Mad @Defff666 @DonLucas @iamenasty @kittyharlow @ladygaga @oknows @thekiddaytona
35421097180528640,Wed Feb 09 19:33:42 +0000 2011,RT @Casablancas_J: Under Cover of Darkness now available as a free download on http://www.thestrokes.com #undercoverofdarkness
35418629533220864,Wed Feb 09 19:23:53 +0000 2011,White Noise. Tonight. Mid-Night-4AM. Free!
35412422139449344,Wed Feb 09 18:59:14 +0000 2011,@18kJaq klok papa!? Meet me tonight at WN man. There's some chopping up to do asap!
35083100308520960,Tue Feb 08 21:10:37 +0000 2011,RT @taxiplasm: COME TO MY ART OPENING!!! My latest fashion film straight from Art Basel with XXXX Magazine, Wed, ... http://tmi.me/6xfMa
34899007645949950,Tue Feb 08 08:59:06 +0000 2011,Fucking Imi-bus!! I swear this shit is one big social experiment.
34897659001049090,Tue Feb 08 08:53:44 +0000 2011,Chiquitaa!! Great kicking it At the White! @kittyharlow: @RivingtonSChild hit me up!!
34896195675492350,Tue Feb 08 08:47:56 +0000 2011,Wednesday! RT @djkmarie: White Noise
34632624114769920,Mon Feb 07 15:20:35 +0000 2011,Wow. Thank God I didn't get that Diplomats tattoo when I was 17.
34624745609629696,Mon Feb 07 14:49:17 +0000 2011,Well if John Galliano said it cool, I'm off with my moms fur pants.
34434023816167424,Mon Feb 07 02:11:25 +0000 2011,Ooooooo yessRT @williamyan: Congrats to the homie @LVtheStylist he did his thing with Usher and BEP.
34411256165171200,Mon Feb 07 00:40:57 +0000 2011,@charlie_Mad just got an awsome pair of nuts tatted on his neck. #swag
34411256165171200,Mon Feb 07 00:40:57 +0000 2011,@charlie_Mad just got an awsome pair of nuts tatted on his neck. #swag
34388168627326976,Sun Feb 06 23:09:12 +0000 2011,Let's gooo Jets!!!!!!
33426185278988290,Fri Feb 04 07:26:38 +0000 2011,fucking cold... i'll smoke this cigarrillo under the sheets.
33387380501123070,Fri Feb 04 04:52:26 +0000 2011,Anyone interested in a pit-bull pup? 7 months... Female.
33008248932007936,Thu Feb 03 03:45:54 +0000 2011,RT @kittyharlow: Avenue B between 13th and 14th. @RivingtonSChild will hook you up ;) lol
32982848160018430,Thu Feb 03 02:04:58 +0000 2011,@kittyharlow white Noissse tonight!
32943334771138560,Wed Feb 02 23:27:57 +0000 2011,WhiteNoise. Mid-night calling. Free for all! See u there with some dranksss.
32903175501520896,Wed Feb 02 20:48:23 +0000 2011,On Bowery... I'll make this left onto Rue Saint Claude. Awesome.
32901474459582464,Wed Feb 02 20:41:37 +0000 2011,New Museum for Condo... Then some Ari Marcopoulos at the Frank Elbaz. #patinando
32540957652033536,Tue Feb 01 20:49:03 +0000 2011,RT @NewYorker: Dos and Don'ts for Dictators: http://nyr.kr/eyPQDp #Egypt
32358175114010624,Tue Feb 01 08:42:44 +0000 2011,Reading 2 books, watching 3 films, writing 15 songs and it all boils down to 1 principal. #dameht
32356339103563776,Tue Feb 01 08:35:27 +0000 2011,TRUTH!!!RT @paesart: The people need me so I come, ice road truckers stlye!
31217001200361470,Sat Jan 29 05:08:07 +0000 2011,Hahha RT @charlie_Mad: I'm at the Palace strip club in Passaic, New Jersey. This why i'll never start a revolution. ... http://tmi.me/64qii
31157885719285760,Sat Jan 29 01:13:13 +0000 2011,Paes nation wide tour 2011!!RT @paesart: Yo tell ur friends to hit me up in the NY and chi-town areas, NY next wed to sun chicago mon tues
30127169032167424,Wed Jan 26 04:57:31 +0000 2011,I think we might just officially release "Fuck it up". Might be time. @thekiddaytona got me thinking.
29590100706852864,Mon Jan 24 17:23:24 +0000 2011,Mann... Fukk.. Pirate it is. @charlie_Mad
29538051189379070,Mon Jan 24 13:56:34 +0000 2011,Not funny!RT @diplo: RT @sleighbells: wes just posted his tell em remix go get it at the mad decent blog it's a ... http://tmi.me/5SwWk
29448540237332480,Mon Jan 24 08:00:53 +0000 2011,RT @paesart: Got new pics from new mexico coming out tomorrow. Chicago by sun NY next mon! I'm telling u I'm just getting started!!!
29355696965292030,Mon Jan 24 01:51:58 +0000 2011,GANGA VERDE PAPA!!
29353047486369790,Mon Jan 24 01:41:26 +0000 2011,Ok.
29342340212592640,Mon Jan 24 00:58:53 +0000 2011,The scientist just passed out. Get it together man.
29321150794309630,Sun Jan 23 23:34:41 +0000 2011,RT @charlie_Mad: It is time.
29070762186899456,Sun Jan 23 06:59:44 +0000 2011,WeDnesDaY. WhiTe nOise. MidNighT. FrEE. Well. FoR YouR SOul. Dj NicKMark (tIswaS).
28911166503784450,Sat Jan 22 20:25:33 +0000 2011,@ItsMichy naa... That pic was arm pit hairs. I had to let her know... Shit aint boarwalk empire... It 2011.;)
28900999636721664,Sat Jan 22 19:45:09 +0000 2011,Had a crazy ass dream... My Marl had cut off her Fro! Phewww... Woke up screaming.
28745062305243136,Sat Jan 22 09:25:31 +0000 2011,O damm RT @18kJaq: KAWS X STANDARD HOTEL - 1,000 LIMITED SETS MADE DON’T MISS OUT! http://tumblr.com/xn31bh4run
28679496223686656,Sat Jan 22 05:04:59 +0000 2011,back pains.... n o bu e noo.
27894416706371584,Thu Jan 20 01:05:21 +0000 2011,White Noise tonight!!! All in! Midnight. DJ NIck Mark going in. I'll have some drinksss for ya'll.
27249463076593664,Tue Jan 18 06:22:32 +0000 2011,At a corporate party with my #whenanxietyattacks @ninjasonik T-shirt. What's good!?
26793649526284290,Mon Jan 17 00:11:18 +0000 2011,RT @charlie_Mad: Nevermind these bitches just like brady #groupies
26039366644142080,Fri Jan 14 22:14:03 +0000 2011,Welcome Ophiuchus... We're finally back out in this bitch!!
26002873993134080,Fri Jan 14 19:49:02 +0000 2011,HOES ON MY DICK CUZ I LOOK LIKE JESUS!
25649903367618560,Thu Jan 13 20:26:28 +0000 2011,@iamenasty hahaa.... Dude I tried man. Right before the peek-a-boo showdown.
25649457139810304,Thu Jan 13 20:24:41 +0000 2011,Sweet. White Noise left a nice incense smell on my sweater... Right when I was about to spend that dry cleaning money. #thankstothenoise
25647823076720640,Thu Jan 13 20:18:12 +0000 2011,RT @iamenasty: #realmen scream for help when being attacked by drunk women in the club &lt;&lt;&lt; haahahahaa
25477808792797184,Thu Jan 13 09:02:37 +0000 2011,RT @its_dvlp: Whitenoise. #poppin. Or is it I'm drunk?
25423585619218430,Thu Jan 13 05:27:09 +0000 2011,NICK MARK Just got on!! @Defff666 on deck!! Its 3 to 1 in here right now... But I'm at the door so ya'll bunch of chamaks aint getting in!
25417077623889920,Thu Jan 13 05:01:18 +0000 2011,MID-NIGHT!! White Noise in 5 seconds.
25395121344221184,Thu Jan 13 03:34:03 +0000 2011,RT @GLoBALinvasionn: Toonight on coast2coast.fm @djkaizza gonna drop a @yung_goose exclusive never heard prod by ... http://tmi.me/5om7f
25368156746817536,Thu Jan 13 01:46:54 +0000 2011,We off tonight... White Noise buddy.
25214798526423040,Wed Jan 12 15:37:31 +0000 2011,White Noise tonight! 11:30. DJ Nick Mark (TISWAS) and @Defff666 spinning. Free, all we ask for is your soul. Some drinks on me! Be nice.
25108988865544190,Wed Jan 12 08:37:04 +0000 2011,@ItsMichy nahh... Everytime I think I'm "bad-ass", I watch it. Brings me right back to LucKyLane.
25095143010869250,Wed Jan 12 07:42:02 +0000 2011,A Cross The Universe is the greatest Rock N Roll film of all time.
24958038712524800,Tue Jan 11 22:37:14 +0000 2011,Twitter Brag&gt; @charlie_Mad: i can write 9,000 word stories but i really suck at this 140 character crap
24830598812016640,Tue Jan 11 14:10:50 +0000 2011,These dudes really said H.A.M.!!
24674083845177344,Tue Jan 11 03:48:54 +0000 2011,GOD DAMEHT! ITS THEMAD!
24654273195278336,Tue Jan 11 02:30:11 +0000 2011,DAMEHTTHEMAD
24617036923539456,Tue Jan 11 00:02:13 +0000 2011,.DAMEHT THEMAD.
24582205032370176,Mon Jan 10 21:43:49 +0000 2011,End Of Dog Days. Wednesdays. White Noise. Mid-night. Rituals. #weruleinthedark
23953567018647550,Sun Jan 09 04:05:50 +0000 2011,GANGA VERDE BITCHH!
23953022841257988,Sun Jan 09 04:03:40 +0000 2011,GREENGANGBITCH!!
23932630600781824,Sun Jan 09 02:42:38 +0000 2011,RT @PrinceTerrence: †‡† #HUSSLECLUB †‡† RECORD †‡† RELEASE †‡† PARTY †‡† http://5z8.info/bomb_mhl
23799214974705664,Sat Jan 08 17:52:29 +0000 2011,Hosting your Wednesday nights at White Noise! DJ Nick Marc from Tiswas spinning Britpop, indie, rock n roll, electro n more! 11:30pm Free!
23648125952462850,Sat Jan 08 07:52:07 +0000 2011,HhahahaaaaaRT @Filth_mob: When throwin money in a strip club it's all about the flick of the wrist
23137688165023744,Thu Jan 06 22:03:49 +0000 2011,Dominican kids, puertorican kids and a kid from Argentina meet Jack White. What happeneds?
23136880098811904,Thu Jan 06 22:00:36 +0000 2011,Have to meet Jack White.
22762796169035776,Wed Jan 05 21:14:08 +0000 2011,Ace Hotel buddy.
22200199849975810,Tue Jan 04 07:58:34 +0000 2011,Drop Dead Fred!
22159172854353920,Tue Jan 04 05:15:33 +0000 2011,THE MAD IS IN MACHINE ROOM! @its_dvlp backkk in the stu from DR. JUST WAIT!!! JUST WAIT!!!!!!!!!!! #BRUGAL!
21731015101775870,Mon Jan 03 00:54:12 +0000 2011,Inventory Control. #revolutionaryroad @charlie_Mad
21370589784571904,Sun Jan 02 01:02:00 +0000 2011,White Kit-Kat, grinded on frosted flakes! Yes!!! Yes!!! Yes!!!
21345084117090304,Sat Jan 01 23:20:39 +0000 2011,@vashtie how many tweets can a re-tweet tweet if tweet is not re-tweeted -@its_dvlp
20557359289999360,Thu Dec 30 19:10:31 +0000 2010,My Girl rocks way more then yours.
20356670232207360,Thu Dec 30 05:53:03 +0000 2010,@Eibolone Uli is the fucking man.
20332051483860990,Thu Dec 30 04:15:13 +0000 2010,AahahhahahaaaRT @charlie_Mad: Reading "Outliers". So far i've learned that since I was born in Dec. i've been ... http://tmi.me/4O62H
20331853491732480,Thu Dec 30 04:14:26 +0000 2010,@iamenasty breaking the law!! Breaking the law!!
20307131374764030,Thu Dec 30 02:36:12 +0000 2010,RT @Eibolone: @diplo "Got room for one more if you still want to go to aspen" - Loyd Christmas (Dumb and Dumber)
20258366852964350,Wed Dec 29 23:22:25 +0000 2010,A master I tell you.
20258071456522240,Wed Dec 29 23:21:15 +0000 2010,Thinking bout it @its_dvlp is the master.
19965405380476930,Wed Dec 29 03:58:18 +0000 2010,@its_dvlp they might make you speak english as well. They get a kick from that.
19964511226175490,Wed Dec 29 03:54:45 +0000 2010,@its_dvlp they might sell u a story about how they alwayss wanted thos kicks you have on. They never seen Y3's like ever so don't listen.
19963116213243904,Wed Dec 29 03:49:12 +0000 2010,@its_dvlp ok where u at? My cuz kiko is scooping u up with my boy cien pie. They taking you to free por cafe. Then ya'll going to El Ninja.
19930515087818750,Wed Dec 29 01:39:39 +0000 2010,Happy bday to my mothafucking Johnny!!! @charlie_Mad
18488605143998464,Sat Dec 25 02:10:01 +0000 2010,Lmao... Thought it was only Dominicans.&gt;&gt;RT @PrinceTerrence: My holidays basically just consists of my family making fun of the way I dress
18441740692226050,Fri Dec 24 23:03:48 +0000 2010,Imi bus for the 1st time in a week or so. Note to self: just fucking breath. Self back to Riv: I WOULD BUT IT FUCKING STINKSSS!!
17342238870736896,Tue Dec 21 22:14:46 +0000 2010,Whiskey. Creating. Eating. Creating. Cigarettes. Thinking. Creating. Imagining. Writing. Thinking. Seeing. The difference. Creating.
17333038283227136,Tue Dec 21 21:38:13 +0000 2010,@its_dvlp davilla!!!
16739948388421632,Mon Dec 20 06:21:29 +0000 2010,I hope @Lefsetz goes in on Tron.
16739652119564288,Mon Dec 20 06:20:18 +0000 2010,RT @PrinceTerrence: My band @HussleClub is playing a benefit show tomorrow with Gang Gang Dance.
16739059057561600,Mon Dec 20 06:17:57 +0000 2010,Its the end of good dialogue.
16718437971656704,Mon Dec 20 04:56:00 +0000 2010,No more "Future" movies where ppl eat/shit/sleep. Pls.
16375743797792768,Sun Dec 19 06:14:16 +0000 2010,Boom Boom Bitch.
15643030035890176,Fri Dec 17 05:42:43 +0000 2010,Yo. Word up. Not to be on promo shit. BUT Electric Tape! Is fucking Toughhh!!!!! Hahahaaa!! Holllyyy fuckk!!! Pink Gun is a fucking Film!
15492795284332544,Thu Dec 16 19:45:44 +0000 2010,Bday was dope. The fam is Love. Hope everyone enjoyed themselves and got home/Vegas safe!
15492179141074944,Thu Dec 16 19:43:17 +0000 2010,ME ME ME ME ...ME!!!
15491217135509504,Thu Dec 16 19:39:28 +0000 2010,ART @tAzArnold: next time you RT me put an A on the front.. my nAme is tAz and im A rAd A$$ Arti$t! - ti$a
15225526738223104,Thu Dec 16 02:03:43 +0000 2010,@iamenasty 11 compadreeeeeee
15214564773728256,Thu Dec 16 01:20:09 +0000 2010,WHITE NOISE ON DECKKKKKK!!!!!
15148008089853952,Wed Dec 15 20:55:41 +0000 2010,RT @taxiplasm: "prophets are never accepted in their own country"
15146890916012032,Wed Dec 15 20:51:14 +0000 2010,@kittyharlow thankss chikitita!! See u tonight!
15141892412936192,Wed Dec 15 20:31:23 +0000 2010,RT @GLoBALinvasionn: @RivingtonSChild where r u johhny &lt; frioo papa... Running round!
15141495304626176,Wed Dec 15 20:29:48 +0000 2010,That's wat it izzRT @Defff666: @RivingtonSChild at the crib on the tables fool.  birthday party tonight
15141365222473728,Wed Dec 15 20:29:17 +0000 2010,@NATICUSX thankss Nati!
15141252672524288,Wed Dec 15 20:28:50 +0000 2010,@Eibolone see you tonighhtt brudda.
15141159219240960,Wed Dec 15 20:28:28 +0000 2010,@charlie_Mad haha had to man.
15119681492885504,Wed Dec 15 19:03:07 +0000 2010,Where are my Johnnys @its_dvlp @18kJaq @9MusesNRoman @AWintour @charlie_Mad @Defff666 @DonLucas @Eibolone ... http://tmi.me/4euYr
14915350487375872,Wed Dec 15 05:31:11 +0000 2010,@charlie_Mad heyy man. Forever Jung.
14914752304128000,Wed Dec 15 05:28:48 +0000 2010,@GLoBALinvasionn graciass mi brodel!
14587618163433472,Tue Dec 14 07:48:53 +0000 2010,Mi cumpleanios. White Noise. Wednesday. 11pm.
14185775100858368,Mon Dec 13 05:12:06 +0000 2010,RT @taxiplasm: Put more blood into the music
14050413296746498,Sun Dec 12 20:14:14 +0000 2010,@iamenasty what a night my good man. Let @charlie_Mad tell you what happened to us once we left! Shit was the funniest thing ever.
13836429046063104,Sun Dec 12 06:03:56 +0000 2010,Shaving half of my hair off tomorrow. Should be rock n roll.
13819756389867520,Sun Dec 12 04:57:41 +0000 2010,@charlie_Mad And I aint doing much tonight.... Only Swagging with James muthafucking Murphy!!!!! Ahhahahahahahaaaaaaaaa
13786453884534784,Sun Dec 12 02:45:21 +0000 2010,Kid Zooooom opening.
13542660157472768,Sat Dec 11 10:36:36 +0000 2010,Noise was super insane tonight. From being twiisteddd to @charlie_Mad doing kick flips to PVC pipes. #justgetmehome
13541518400815104,Sat Dec 11 10:32:04 +0000 2010,RT @oknows: When you do things your way it might take alittle longer than if you dumbed down. But fuck it.
13401593021992960,Sat Dec 11 01:16:03 +0000 2010,At Jesse Edwards opening on Ludlow... Killer shit.
13146898273669120,Fri Dec 10 08:23:59 +0000 2010,RT @its_dvlp: #funfacts!!! @its_dvlp = @liltunechi 's #fireman #feelme #hitemup #americandream #brandnew ... http://tmi.me/429qC
13146275994144768,Fri Dec 10 08:21:31 +0000 2010,RT @its_dvlp: #funfacts!!! @its_dvlp = @liltunechi 's #alwaysstrapped (original) #theonlyreason ... http://tmi.me/429ds
13146212647567360,Fri Dec 10 08:21:15 +0000 2010,RT @its_dvlp: #funfacts!!! @its_dvlp = @liltunechi 's #openshop #damageisdone #gotitup #whatswrongwiththem ... http://tmi.me/429cm
12973965295222784,Thu Dec 09 20:56:49 +0000 2010,Numb
12973032117108738,Thu Dec 09 20:53:06 +0000 2010,ELECTRIC TAPE #madaveboys
12971995406798848,Thu Dec 09 20:48:59 +0000 2010,RT @taxiplasm: straight from ART BASEL -MY LATEST FASHION FILM: http://taxiplasm.net/2010/11/30/it-cant-be-true-art-basel/ -
12857693265989632,Thu Dec 09 13:14:47 +0000 2010,Tonight WGHITEHNOISZEH!!!
12780236294852608,Thu Dec 09 08:07:00 +0000 2010,E+D +F D+G D+Y/WGHITEHNOISZEH
11652562491019264,Mon Dec 06 05:26:02 +0000 2010,;hollllllyyyy fuckkkkkkkingggggg shittttttttttttt!!!! Blackkkk fuckingggggggg swannnnnnnnnnn!!!!!!!!!!!!!!!!!!!!!!
11192166172852224,Sat Dec 04 22:56:35 +0000 2010,@ItsMichy wordd!!! Shit is nuts!
11163725314662400,Sat Dec 04 21:03:34 +0000 2010,Mi Marl won tix to go see Prince for my B-day!!! #movietypeshit
10583471193853952,Fri Dec 03 06:37:50 +0000 2010,The Noise sounds so much clearer from the side of earth.
10437033033998336,Thu Dec 02 20:55:57 +0000 2010,The Tape is Electric and The Boys gone MAD. Madaveboys.com "The genius resembles everyone and no one resembles him".
10198880083775488,Thu Dec 02 05:09:37 +0000 2010,Can't wait to see all of the "THIS IS MY YEAR" tweets. And of course to receive a few of the "before all the lines are busy" texts.
9910888458878976,Wed Dec 01 10:05:14 +0000 2010,@NATTYMON5TAAA well feeel speciall gotdammit! I follloowww! #muchlove
9909596290289664,Wed Dec 01 10:00:06 +0000 2010,Dopee night man! Good looks for everything!!RT @oknows: Thank you to my family @UniverseOf6 and @RivingtonSChild  WGHITEHNOISZEH.
9908372300103680,Wed Dec 01 09:55:14 +0000 2010,Hahahaa @charlie_MadRT @taxiplasm: "Yo, when I search for porn, you're the type I look for" ...(queue slap)
9890839408939008,Wed Dec 01 08:45:34 +0000 2010,Ya! RT @MALUCAMALA: http://twitpic.com/3btzlx - Downtown Dominicans stick together! @18Kjaq @RivingtonSChild @charlie_Mad
9870018548338688,Wed Dec 01 07:22:50 +0000 2010,Whiteee noissssseeeeeeeeeeee craaaaaaaaxinnngggggggggg itttttttt!!!!!!!!!!
9826854760349696,Wed Dec 01 04:31:19 +0000 2010,Slight delay. The wind broke the doors off this bus. #fantastic
9805278623039488,Wed Dec 01 03:05:35 +0000 2010,WGHITEHNOISZEH
9773004372312064,Wed Dec 01 00:57:20 +0000 2010,WGHITEHNOISZEH!!!!!!!!!
9523899507154944,Tue Nov 30 08:27:29 +0000 2010,RT @MALUCAMALA: just saw Radiant Child. &lt; Whoa! watching it for the 2d time as I type! Peeps must chekerao!
9488569898901504,Tue Nov 30 06:07:06 +0000 2010,@paesart Oooooo shiiiieeettt!!!!!
9460559476953088,Tue Nov 30 04:15:47 +0000 2010,@iamenasty we needed less of The Cramps and more LCD Soundsystem. Nothing against The Cramps, but you know.
9441197349142528,Tue Nov 30 02:58:51 +0000 2010,Tomorrow Midnight!! White Noise!!! End Of Dog Day goes on. FREE! I'll have some drinks for ya'll.
9410433454706688,Tue Nov 30 00:56:36 +0000 2010,PC sucks fucking balls through a tennis racket. I don't like em at all. I used the house one only to watch Karate movies, shit crashed.
9060836253368320,Mon Nov 29 01:47:26 +0000 2010,RT @ItsMichy: RT @Eibolone: Anyone looking to get a Song or Album Mixed at a good rate get at me, we can discuss ... http://tmi.me/3DEml
8721477817868289,Sun Nov 28 03:18:57 +0000 2010,War Games.
8667908477558784,Sat Nov 27 23:46:05 +0000 2010,The Horrors are most def the soundtrack of this evening.
8621772031131648,Sat Nov 27 20:42:45 +0000 2010,Where the dammit are my Johnnys?
8441146330058752,Sat Nov 27 08:45:00 +0000 2010,@9MusesNRoman CD's are awesome. But they look like he's been skating across the studio with them. 2 out of 135 actually play.
8436996213051392,Sat Nov 27 08:28:31 +0000 2010,I'm at White Noise, but in the Machine Room.
8422004101222400,Sat Nov 27 07:28:56 +0000 2010,Aahhhhhhhh.... EVERY MAN HAS THE EXACT SAME POWAAAAAHH!!!! @charlie_Mad @9MusesNRoman @Eibolone @DonLucas @iamenasty @its_dvlp @BradDTF FTW!
8037980522414080,Fri Nov 26 06:02:58 +0000 2010,We keep our web designer locked in a dungeon! Sweating crazy! Madaveboys.com
8037073969745920,Fri Nov 26 05:59:22 +0000 2010,Madaveboys.com "ET'EP".
7933345723842561,Thu Nov 25 23:07:11 +0000 2010,Happy Thanksgiving ya'll.
7526864633470976,Wed Nov 24 20:11:59 +0000 2010,ELECTRIC TAPE EP Cassettes coming for the holidays!!! Get em for ur loved ones while you can! @MadAveBoys
7369788758167552,Wed Nov 24 09:47:49 +0000 2010,SyFy channel at 4am rocks. Watching Curse of King after a long night! #ELECTRICTAPEBITCH
7332456055181312,Wed Nov 24 07:19:28 +0000 2010,END OF DOG DAYYSS!!! WHITE NOISEEE!!!!
7315920355590144,Wed Nov 24 06:13:45 +0000 2010,ELECTRIC TAPE EP!!! MADAVEBOYS.COM @MadAveBoys @9MusesNRoman @its_dvlp @DonLucas @charlie_Mad
7287988916584448,Wed Nov 24 04:22:46 +0000 2010,Paa guait noii papa!!
7205897621209088,Tue Nov 23 22:56:34 +0000 2010,EODD party tonight at White Noise! Kick it off at Mid-Night. Ave B. 14th st. FREE! Some beers on me!!
7163872804872192,Tue Nov 23 20:09:35 +0000 2010,End Of Dog Day came sooner this week! Tonight at White Noise!! Free!! Come as you are.
6964264757628928,Tue Nov 23 06:56:24 +0000 2010,RT @its_dvlp: Make this money and run!!!! @charlie_Mad
6457270934175744,Sun Nov 21 21:21:48 +0000 2010,#GREENGANGBITCH
6282041976950784,Sun Nov 21 09:45:30 +0000 2010,@taxiplasm speechless.
5903361433931776,Sat Nov 20 08:40:45 +0000 2010,Que afina y desafina... Pero es musica! #SuperPaco @DonLucas @9MusesNRoman what a moment!
5901964659396608,Sat Nov 20 08:35:12 +0000 2010,This is it RT @codyBware: #NP Francis and the Lights- Falling
5552402535026688,Fri Nov 19 09:26:10 +0000 2010,Bline buss. Degeneration.
5523002494025728,Fri Nov 19 07:29:21 +0000 2010,Ahhhhhh.....
5514432645955584,Fri Nov 19 06:55:17 +0000 2010,RT @BradDTF: Rock n roll (@ whitenoise) http://4sq.com/cDG2TA
5514379625766913,Fri Nov 19 06:55:05 +0000 2010,RT @its_dvlp: We the team.!!! (@ Whitenoise) http://4sq.com/ctxz69
5514279868436480,Fri Nov 19 06:54:41 +0000 2010,RT @18kJaq: Listenin to rock @ white noise!!
5476135362105344,Fri Nov 19 04:23:07 +0000 2010,White Noise. Mid-night. End Of Dog Day. I'll have a shit load of beers for the fellow vampires!
5359656868253696,Thu Nov 18 20:40:16 +0000 2010,Running to this People Mag Sexiest Man is the world 2010 event. Sorry @charlie_Mad @DonLucas @9MusesNRoman @its_dvlp they just want the Germ
5354998229639169,Thu Nov 18 20:21:45 +0000 2010,We can be like they are! C"mon babyyy don't fear the reaper!!!
5344579393949696,Thu Nov 18 19:40:21 +0000 2010,I might just wanna shif this shit 3 degrees to the left. Get our surfing on.
5341839401943041,Thu Nov 18 19:29:28 +0000 2010,End Of Dog Day Party! Tonight at White Noise. Free. #FUCKABOTTLE Bunch of Beers! 13th and ave B.
5339603603030016,Thu Nov 18 19:20:35 +0000 2010,@kittyharlow White Noise tonight! Gottabunchabeerr!! Its my fiesta!
5091295924060160,Thu Nov 18 02:53:54 +0000 2010,Runn Charlie!!! Run like fucking hell!!!RT @charlie_Mad: reality is catching up to me!
5085250656931840,Thu Nov 18 02:29:52 +0000 2010,CREATE DANGEROUSLY! HURRY!
4676866937987072,Tue Nov 16 23:27:06 +0000 2010,RT @fucktyler: Have a big buzz and still taking the fucking bus everywhere. Fuck . No swag
4671725413343233,Tue Nov 16 23:06:40 +0000 2010,Dood. These dark days are fucking strange. Makes me feel as if I'm living inside Crime and Punishment.
4606904839966720,Tue Nov 16 18:49:06 +0000 2010,RT @iamenasty: @RivingtonSChild #TheEndOfDogDays
4601990004867072,Tue Nov 16 18:29:34 +0000 2010,Its The End Of Dog Days! Let's get on the same frequency!
4404838632787968,Tue Nov 16 05:26:10 +0000 2010,The stars align like cars in Grand Central Station!!?? I been choose @JayElectronica as part of my Apocalypse Entourage!!! #GodTalk
4345257235849216,Tue Nov 16 01:29:24 +0000 2010,@charlie_Mad Cheap beer my good man. And a whollattaofit! #machineroom
4270929681063936,Mon Nov 15 20:34:03 +0000 2010,#official END OF DOG DAY PARTY @ White Noise! Every Thursday! buckets of beers all night! #FUCKABOTTLE
4085411697659904,Mon Nov 15 08:16:52 +0000 2010,Push push in the bush!!
4027165511254018,Mon Nov 15 04:25:25 +0000 2010,Lmaoooo RT@iamenasty: I can't stand people who smell like burger king.
3961122373771265,Mon Nov 15 00:02:59 +0000 2010,Miller High Life.
3960575059038209,Mon Nov 15 00:00:49 +0000 2010,Sometimes, sometimes, sometimes.
3924897478746112,Sun Nov 14 21:39:03 +0000 2010,GANG GREEN BITCH!!!!
3879619115614208,Sun Nov 14 18:39:07 +0000 2010,Fuck you and your weak religion!
3721033068584960,Sun Nov 14 08:08:58 +0000 2010,RITA INDIANA Y LOS MISTERIOS!!!!!!!!!!!RT @Eibolone: Word to rita!!!  Love her RT @charlie_Mad: rita such a beast
3705326616449024,Sun Nov 14 07:06:33 +0000 2010,@iamenasty I'll pay my respects to the noise all next week!
3704357291827200,Sun Nov 14 07:02:42 +0000 2010,@kittyharlow mmaaaaaaddd loveeeeeeee
3702863054241792,Sun Nov 14 06:56:46 +0000 2010,RT @MadAveBoys: Everyone follow our guitarist, @DonLucas the realest guitarist out there!!
3700369129476096,Sun Nov 14 06:46:51 +0000 2010,@iamenasty I have failed you man.
3699663295221760,Sun Nov 14 06:44:03 +0000 2010,@kittyharlow damm naa. I flopped and went home! I should tho!
3692415751823360,Sun Nov 14 06:15:15 +0000 2010,White Noise?
3673468621033473,Sun Nov 14 04:59:57 +0000 2010,Respect the creative process. It can eat you.
3620794340999168,Sun Nov 14 01:30:39 +0000 2010,When a bunch a pot heads gather, what's the fascination about wanting to be the one to roll up???
3536067743453185,Sat Nov 13 19:53:58 +0000 2010,Forever in the making!!
3311876213571584,Sat Nov 13 05:03:07 +0000 2010,Just got a killer tail from @SJ0214 THANKSSS!!!!
3266013403549696,Sat Nov 13 02:00:52 +0000 2010,MAKE THIS MONEY AND RUN!!! MAKE THIS MONEY AND RUN WITH IT! GO! GO!GO!GO!GO!
3237831749144576,Sat Nov 13 00:08:53 +0000 2010,I could sware my mans said "Discussing Global business with a bad bitch drinking tea"- @charlie_Mad
3236993156784128,Sat Nov 13 00:05:33 +0000 2010,Make this money and run! @charlie_Mad se puso lo' patines!!
2894672926081024,Fri Nov 12 01:25:18 +0000 2010,Supermarket with my aunt, I'm pushing a cart with 50 pounds of platanos. Still killing em with leather pants on. #dominicanmoments
2888584524730368,Fri Nov 12 01:01:06 +0000 2010,RT @codyBware: if you still have not heard "THE BLUE DEMON" www.codybware.com enjoy.
2797079718006784,Thu Nov 11 18:57:30 +0000 2010,RT @iamenasty: RIP to the ones who never made  it home, today is for you.
2524657655742464,Thu Nov 11 00:54:59 +0000 2010,Why the fuk they only serve Newport loosies????
2522325811466240,Thu Nov 11 00:45:43 +0000 2010,RT @charlie_Mad: George constanza is one the greatest characters of all time cause we all relate. #scumbags unite
2470995071868928,Wed Nov 10 21:21:45 +0000 2010,@charlie_Mad ahahhahahaaaa... This guy!
2366996310138880,Wed Nov 10 14:28:30 +0000 2010,Garment District.
2141245128314881,Tue Nov 09 23:31:27 +0000 2010,The Dog Days are here.
2139340746530816,Tue Nov 09 23:23:53 +0000 2010,Public Assembly show on the 15th has been canceled @madaveboys check out Madaveboys.com for future NY shows.
1914923399512064,Tue Nov 09 08:32:07 +0000 2010,RT @its_dvlp: its official! I got the first bars/song with @liltunechi (weezy)! #history
1878289396269056,Tue Nov 09 06:06:33 +0000 2010,@its_dvlp experiencing History my good man.
1847579222474753,Tue Nov 09 04:04:31 +0000 2010,@PrinceTerrence what time you go in?
1820384684937216,Tue Nov 09 02:16:28 +0000 2010,Catchdubs spinnin... Bars @ninjasonik
1815924717916160,Tue Nov 09 01:58:44 +0000 2010,Foolssgolddd in the casaaaa @ItsMichy in the casaaa @Eibolone in the casaaaa.... Webster Studio.
1815479735816192,Tue Nov 09 01:56:58 +0000 2010,Busy P???
1812282149437441,Tue Nov 09 01:44:16 +0000 2010,RT @ItsMichy: ODD FUTURE TONIGHT
1769652002750464,Mon Nov 08 22:54:52 +0000 2010,Might just go back to the MotherLand and make some Palo/Rock records with @charlie_Mad and Rita. @malucamala what's good!? Bandcalled2pa2
1768075686842369,Mon Nov 08 22:48:36 +0000 2010,El gato Voladoooorrrrrrr!!!!
1761349956800514,Mon Nov 08 22:21:53 +0000 2010,RT @MadAveBoys: next monday! Public Assembly PT. 2
1760475448606720,Mon Nov 08 22:18:24 +0000 2010,Tu queria Nueva Yol!!! Tomaaa Nueva yolll!!! K malditioo frioooo!!!!
1718593448321024,Mon Nov 08 19:31:59 +0000 2010,Hanna Liden expo today?? #mightjustdothat
1717878344646656,Mon Nov 08 19:29:08 +0000 2010,AfroCubanism tomorrow! Right after Marls performance!
1482556503494656,Mon Nov 08 03:54:03 +0000 2010,Seems like they just have it alll figured out! I meann holllyyy shiiittt!
1481419436072960,Mon Nov 08 03:49:32 +0000 2010,I'll stay home and listen to Justice all night long #imcoolwiththat
1170176804392960,Sun Nov 07 07:12:46 +0000 2010,Its Simple. Radiohead is the religion.
1044723280117760,Sat Nov 06 22:54:16 +0000 2010,Ricky Martin is hollering at dudes from the jump, his new book is called "Yo"... Like what's really good. Shits getting crazy in the hood.
998363675762690,Sat Nov 06 19:50:03 +0000 2010,LmfaoooRT @BradDTF: @iamenasty @charlie_Mad @RivingtonSChild @parkerbarnes bitch just got done at the gym
847728091336704,Sat Nov 06 09:51:28 +0000 2010,Fucking IMI BUSSES!!! Sitting waiting for this shit to get full is death.
813084121763840,Sat Nov 06 07:33:49 +0000 2010,@iamenasty loll.. WN
807314579783680,Sat Nov 06 07:10:53 +0000 2010,@iamenasty my gooood man!! Where u at!?
691035130830848,Fri Nov 05 23:28:50 +0000 2010,@iamenasty lmao.
643797637660672,Fri Nov 05 20:21:07 +0000 2010,@iamenasty you think White Noise will open in the apocalypse? And will Uncle Mike be there?
625473650429952,Fri Nov 05 19:08:19 +0000 2010,RT @MadAveBoys: check out our recap of CMJ Week 2010: http://madaveboys.com/website/news/?p=267
621178246922240,Fri Nov 05 18:51:15 +0000 2010,Will cigarettes go up in the apocalypse?
617679698272256,Fri Nov 05 18:37:20 +0000 2010,Now I need the apocalypse gear... Ima holla at @LVtheStylist for that sometime next week.
617264948715520,Fri Nov 05 18:35:42 +0000 2010,Thom Yorke is coming with us. And last but not least, @charlie_Mad let's do this.
616640500731904,Fri Nov 05 18:33:13 +0000 2010,I'm starting to put together my apocalypse ride out team. 1st pick @iamenasty 2d @JayElectronica . Need 2 more.
385299947458560,Fri Nov 05 03:13:57 +0000 2010,Walking the bergenline streets in search for ice-cream.
311613567541249,Thu Nov 04 22:21:09 +0000 2010,RT @MichelleFantus: Here are some hot photos of @MadAveBoys's @NoPulpMusic's CMJ showcase shot by the lovely ... http://tmi.me/2STOm
29616325709,Wed Nov 03 23:16:46 +0000 2010,RT @MadAveBoys: Bout to load the @Mad_Van and head to Public Assembly. See ya there!!!
29596237058,Wed Nov 03 18:45:17 +0000 2010,Happppyyyy b dayyyy @NATTYMON5TAAA
29547574681,Wed Nov 03 06:36:13 +0000 2010,RT @iamenasty: Drunk off this non-American shit WTF #madlife lol
29544212447,Wed Nov 03 05:27:29 +0000 2010,In the apocalypse, what will I listen to? Reckoner or Dog Days? Fuck!!!
29543548580,Wed Nov 03 05:15:10 +0000 2010,@iamenasty LFAO!
29536804998,Wed Nov 03 03:29:39 +0000 2010,Be real to yourself for a chance gotdammit!
29450497160,Tue Nov 02 08:03:19 +0000 2010,@iamenasty hahaaha...Just walked to get a pack of smokes, its polar bear dick out there my good man.
29449993940,Tue Nov 02 07:51:55 +0000 2010,@iamenasty EEEE SUCIOOOOOOOO!!
29447006659,Tue Nov 02 06:44:01 +0000 2010,Check this video out -- Mad Ave Boys live on Cardinal CMJ Showcase @ Hiro Ballroom http://t.co/b7GU5yC via @youtube
29417696346,Mon Nov 01 23:40:14 +0000 2010,RT @MadAveBoys: PUBLIC ASSEMBLY Pt. 1 this Wed. 11/3/10 followed by a DJ set by @its_dvlp at Polar NYC #ETEP ... http://tmi.me/2NcxB
29403617886,Mon Nov 01 20:30:36 +0000 2010,RT @shape777: The Machine Room / @MadAveBoys show this weds at Public Assembly after party with Nike Music Group ... http://tmi.me/2N4yT
29236618375,Sun Oct 31 01:57:04 +0000 2010,REMINDER: for all fellow trippers. Its Halloween. Yes you are tripping, but that's a mask!
29229921059,Sun Oct 31 00:21:16 +0000 2010,RT @iamenasty: Walking around the city today made me happy to see everyone dressed up for the celebration of our ... http://tmi.me/2JpIT
29132186192,Fri Oct 29 23:23:23 +0000 2010,You can leave your body when you think your dying. But the light on the other end of the tunnel might just be called New Jersey. -Kieth R.
28963557850,Thu Oct 28 06:09:25 +0000 2010,I'm going in for the kill my good man.
28951262401,Thu Oct 28 02:44:03 +0000 2010,RT @shrtHurrDONTCUR: @RivingtonSChild awesome show last thursday, and i'm lovin' the "electric tape" ep. when do we get a full album? Soon!
28951165728,Thu Oct 28 02:42:39 +0000 2010,@INFAMOUS_ madaveboys.com my good man.
28947382388,Thu Oct 28 01:53:30 +0000 2010,RT @MichelleFantus: RT @superglued: Two days left!!! Post your #CMJ photos on @SuperGlued - best one wins a badge ... http://tmi.me/2DPGj
28947061623,Thu Oct 28 01:49:38 +0000 2010,RT @iamenasty: #thingsyouwishyoucouldsaybutcant I don't have this problem
28795017949,Tue Oct 26 14:19:30 +0000 2010,Madaveboys.com #ELECTRICTAPE
28786036182,Tue Oct 26 12:36:49 +0000 2010,@MichelleFantus "Cloudy with a chance of meet balls!" #scarystuff
28762174764,Tue Oct 26 05:14:30 +0000 2010,Dear #ELECTRICTAPE ...
28761917640,Tue Oct 26 05:09:36 +0000 2010,@GLoBALinvasionn happy b-day my good man!!!
28735956888,Mon Oct 25 23:28:43 +0000 2010,Eat my grapes bitch I've just gone MAD!
28700966305,Mon Oct 25 15:25:15 +0000 2010,RT @JayElectronica: good morning. The God in me recognises and bows to the God in you.
28617719495,Sun Oct 24 18:28:05 +0000 2010,@WhiteHouseBand yoooo!! Let's!!
28570322899,Sun Oct 24 05:57:14 +0000 2010,Its official @hussleclub is deff my favorite new band!! Mind has been made up! I'm inspired.
28557690128,Sun Oct 24 02:50:01 +0000 2010,RT @charlie_Mad: just finished playing music. Ate good. Night is young. City is alive. Life is good.
28551559951,Sun Oct 24 01:26:05 +0000 2010,RT @MadAveBoys: S/O bands we rocked with @Game_Rebellion @BAZAARROYALE @NINJAFUCKNSONIK @WhiteHouseBand ... http://tmi.me/2w64U
28551491640,Sun Oct 24 01:25:08 +0000 2010,RT @MadAveBoys: just finished our last #CMJ show. Thanks to everyone who came out. Thanks to our fans from day one.
28546825365,Sun Oct 24 00:20:39 +0000 2010,@Hussleclub CORRECTION!!! BLEW ME AWAYYY!!!!!!
28546635055,Sun Oct 24 00:18:01 +0000 2010,Hustle club just bleww meee awayyyyy!!!!!!!!
28533655725,Sat Oct 23 20:57:14 +0000 2010,@Mad_Van Lincoln Tunnel! Hiro 6pm.
28532150997,Sat Oct 23 20:32:53 +0000 2010,C'mon early adapters!! @MadAveBoys at Hiro, 6pm!!!
28524275087,Sat Oct 23 18:31:44 +0000 2010,Breaking the law!!! Breaking the law!!!!!! @iamenasty
28522373141,Sat Oct 23 18:03:38 +0000 2010,RT @ItsMichy: @RivingtonSChild and we need the @MadAveBoys !!!
28477707018,Sat Oct 23 06:25:45 +0000 2010,@iamenasty @BradDTF and fucking @shape777 hollyyy shittt!! I roll with the gang of gangs!!
28477445626,Sat Oct 23 06:20:17 +0000 2010,@MadAveBoys NEEDS @18kJaq @BradDTF @Eibolone @ItsMichy @kanyewest @King_Nyc @KITTY_CITY @kittyharlow @LVtheStylist @taxiplasm at 6pmatHiro!!
28477140351,Sat Oct 23 06:14:00 +0000 2010,Tomorrow is our last CMJ performance at HIRO BALLROOM! 6pm!!! Let's end it with a bang!
28477057179,Sat Oct 23 06:12:18 +0000 2010,RT @MadAveBoys: Thanks to @NoPulpMusic & @MichelleFantus for having us tonight. Good times!
28477030528,Sat Oct 23 06:11:45 +0000 2010,RT @MadAveBoys: RT @DavidEBeats: #dopesauce : mad crazy CMJ fun tonite yo. @MadAveBoys killed arlenes grocery along with Hollis Brown too
28474406815,Sat Oct 23 05:20:28 +0000 2010,White Noise!!!
28474378004,Sat Oct 23 05:19:58 +0000 2010,RT @MichelleFantus: I'm considering moshing a bit @MadAveBoys #CMJ #NoPulpMusic
28462685117,Sat Oct 23 02:23:51 +0000 2010,Arlenesss Groceryy!!! We go on at mid-night!
28068911647,Thu Oct 21 23:02:36 +0000 2010,TOMORROW MADAVEBOYS CMJ WEEK CONTINUES!! ARLENES GROCERY MID NIGHT!! MADAVEBOYS.COM #ELECTRICTAPE
28000554636,Thu Oct 21 05:40:42 +0000 2010,MADAVEBOYS.COM
27998057862,Thu Oct 21 04:51:24 +0000 2010,White Noise
27958756434,Wed Oct 20 19:31:10 +0000 2010,@charlie_Mad killing the Yacht dance! Hahahha
27958232051,Wed Oct 20 19:23:18 +0000 2010,If your on blvd east NJ or in the west side highway NY... Look towards the hudson. The biggest yacht!! Yea @MadAveBoys performing in it!
27937061024,Wed Oct 20 14:41:57 +0000 2010,I heart Bustelo.
27930123952,Wed Oct 20 13:19:34 +0000 2010,@Mad_Van to the Machine room to grab Ro's assless chaps... Then to the hudson river!! Load-in at 10. Will @MadAveBoys make it on time!?
27909155588,Wed Oct 20 07:08:23 +0000 2010,Back at the lane... SoB's was fun! Thanks soo much to those who come out... Tomorrow load in is at 10am, Yacht performance 2pm ETEP!!!
27896486538,Wed Oct 20 03:12:24 +0000 2010,NINJA FUCKING SONIC! Bout to hit the stage! We up next buddyyy!!!
27892740841,Wed Oct 20 02:21:30 +0000 2010,Wut wut wut wut!!!! NORE on stage hahahah... XXXXXXL t-shirt.
27875613941,Tue Oct 19 22:47:20 +0000 2010,@Mad_Van on our way to SOB's for load in! Catch us if you can! MADAVEBOYS.COM
27869674048,Tue Oct 19 21:25:09 +0000 2010,RT @MadAveBoys: Check out our new website www.madaveboys.com !!!
27856524911,Tue Oct 19 18:13:20 +0000 2010,Madaveboys.com
27856364908,Tue Oct 19 18:11:01 +0000 2010,Thanks to everyyyoneee!!!!!!! Holy shitt what a night! Electric Tape @MadAveBoys
27793779447,Tue Oct 19 02:14:48 +0000 2010,Just left White Noiseab on the way to Greenhouse too riippppppp!!! @Mad_Van @LVtheStylist @charlie_Mad @GLoBALinvasionn @its_dvlp
27776556634,Mon Oct 18 22:44:55 +0000 2010,At White Noise! Readyyyyyy!
27762867956,Mon Oct 18 19:30:57 +0000 2010,Off to soundcheck at GreenHouse @Mad_Van
27759106730,Mon Oct 18 18:34:28 +0000 2010,Estaa noche!
27749849222,Mon Oct 18 16:25:37 +0000 2010,Where's north from here?
27708905931,Mon Oct 18 05:49:25 +0000 2010,@charlie_Mad Welcome to the famous rabbit hole! We've heard stories, now we get to tell em. No backing out now brotha. #carefulwhatyouwishfo
27708718625,Mon Oct 18 05:45:25 +0000 2010,In these days of joy and celebration, I shall only listen to Hov. OO good ol' American Dream!!!!
27708431858,Mon Oct 18 05:39:25 +0000 2010,All about Electric Tape in the Machine room! S/0 to the homie @Eibolone good looks on the drops!!!
27704119946,Mon Oct 18 04:18:06 +0000 2010,If none of your boys have credit cards! And none of your boys have the $15 for itunes card. DO NOT RELEASE ON itunes! YOU WILL FAIL!
27703614614,Mon Oct 18 04:09:48 +0000 2010,RT @codyBware: If I was you I'd cop @MadAveBoys new album on itunes right #now
27702364957,Mon Oct 18 03:50:11 +0000 2010,RT @MadAveBoys: We're officially on itunes!! ELECTRIC TAPE EP!!!
27702329552,Mon Oct 18 03:49:40 +0000 2010,In these indie days, my grandma could get on itunes... BUT... As of now!! Mad Ave Boys have their 1st record out!!! ELECTRIC TAPE
27701211528,Mon Oct 18 03:33:19 +0000 2010,MaDDDD AVEEE BBOYYYSS EELECTRICCC TAAAPEEEE!!!!!! WE HAVEE OUR 1ST SALE!! Hahahha .. ITs ON SALE LIKE RIGHT NOW!!!!!!
27692112449,Mon Oct 18 01:29:32 +0000 2010,RT @BradDTF: 10-18-10 7-10pm Mad Ave Boys "Electric Tape EP" release party @ White Noise, followed by a ... http://tmi.me/2lh5x
27683439265,Sun Oct 17 23:43:31 +0000 2010,RT @kanyewest: Banned in the USA!!! They tried to play me fam! They don't want me chilling on the couch with my ... http://tmi.me/2laDK
27604937890,Sun Oct 17 04:04:59 +0000 2010,RT @MadAveBoys: Mad Ave Boys has a show coming up on 10/18/2010 at 09:00 PM @ Greenhouse in New York, NY http://soc.li/i3n5yph
27589682651,Sun Oct 17 00:43:30 +0000 2010,Just getting to the Machine Room. We're so close to releasing the 1st EP by @MadAveBoys feels kinda numbing.
27587517340,Sun Oct 17 00:13:17 +0000 2010,RT @iamenasty: RT @BADSHREKPROMO: WORLD WIDE EXCLUSIVE!!!  @730BADSHREK IS PERFORMING LIVE  WITH @MADAVEBOYS @ SOB TUES OCT. 19 @ 9PM!!!
27415374820,Fri Oct 15 05:53:22 +0000 2010,RT @MadAveBoys: RT @DONJAI: Jus finish rock rehersal with @730badsHREK @FREEKEY730 @madaveboys ! #dope
27375504379,Thu Oct 14 20:53:43 +0000 2010,RT @TheSourceMag: Win Tix to see Ghetto Metal at CMJ Tuesday October 19th! http://bit.ly/dgZ3IG
27319588027,Thu Oct 14 07:23:19 +0000 2010,At some point, Yoko starts looking like what's really good in the cut piece footage. I mean, I'm just saying.
27223611313,Wed Oct 13 08:43:29 +0000 2010,Is anyone interested in Zombies? Port Authority at 4:43am
27187512368,Wed Oct 13 00:11:38 +0000 2010,Boomboomroom mode.
27187174976,Wed Oct 13 00:07:59 +0000 2010,At Diesel joint, getting hammered with @MadAveBoys #gottalovethecorporations
27169917787,Tue Oct 12 20:09:28 +0000 2010,RT @MadAveBoys: 10/18/10 Electric Tape EP! Celebrate w/ us at White Noise 7-9pm music by @DJFCivetta then ... http://tmi.me/2bLAB
27169483310,Tue Oct 12 20:02:56 +0000 2010,RT @18kJaq: "Jah Speaking, ROOKIE OF THE YEAR" RT @therealjaheil: TEN [THE MIXTAPE] IS OUT FOR DOWNLOAD @ ... http://tmi.me/2bLn2
27074849242,Mon Oct 11 22:34:44 +0000 2010,RT @MadAveBoys: our CMJ Week 2010: 10/18 Ep Release at White Noise followed by Greenhouse show 10/19 at S.O.B.'s ... http://tmi.me/2a3mI
27013512896,Mon Oct 11 07:35:24 +0000 2010,With mi Marl lindaaaaaaaaa
26986175771,Mon Oct 11 00:49:26 +0000 2010,Ready to get into Blue Demon mode @codyBware Let it set the tone for the upcoming week!
26985476597,Mon Oct 11 00:40:00 +0000 2010,RT @taxiplasm: "procrastination fascinates philosophers because of its underlying irrationality"
26882225103,Sat Oct 09 22:42:07 +0000 2010,RT @iamenasty: I WANT MY CELEBRATION OF LIFE TO BE HUGE, LIKE A GOD DAMN ALABAMA CONCERT !
26882092427,Sat Oct 09 22:40:03 +0000 2010,White Noise tonight! Celebration with my dude @iamenasty
26799806228,Sat Oct 09 00:42:39 +0000 2010,At MSG!!! GORILLAZ!!! ON DECK!!!
26773391140,Fri Oct 08 18:15:18 +0000 2010,Is anyone aware that the fucking Gorrrriiilllaaazzzz are playing tonight at the GARDEN!!!!????
26773313024,Fri Oct 08 18:14:12 +0000 2010,RT @18kJaq: RT @GLoBALinvasionn: RT @MadAveBoys: Check out - Mad Ave Boys CMJ 2010 Live Performance  Hiro Ballroom ... http://tmi.me/24B6c
26728327106,Fri Oct 08 07:54:51 +0000 2010,Reality hits only when I get in one of these imi busses going into Jerzey. Holyy shitt.
26720865210,Fri Oct 08 05:15:23 +0000 2010,White Noise @iamenasty @charlie_Mad rockk!! All the fucking way!
26719573612,Fri Oct 08 04:51:24 +0000 2010,I guess Dim Mak is just not aNYthing. Off to white Noise!
26714460109,Fri Oct 08 03:30:16 +0000 2010,I just heard that CARL SAGAN the KING!! Was from NJ!!!! Tell em @charlie_Mad
26712887716,Fri Oct 08 03:08:26 +0000 2010,In my entire career as a Cigarette bummer, I've never got so many god damn menthols as today. But hey.
26620656919,Thu Oct 07 04:47:03 +0000 2010,"I hate to advocate drugs, alcohol, violence, or insanity to anyone, but they've always worked for me" -Hunter S. Thompson
26616946495,Thu Oct 07 03:47:54 +0000 2010,"Synecdoche, New York". Film that totally fucked me up.
26614984040,Thu Oct 07 03:19:58 +0000 2010,We are God's unwanted children.
26602992425,Thu Oct 07 00:47:40 +0000 2010,RT @SimplyAlba: Have you listen to GONZO yet? @MadAveBoys http://www.youtube.com/watch?v=SDYJza03BlA
26575511628,Wed Oct 06 18:42:05 +0000 2010,Electric Tape mini clip! check it out @madaveboys http://www.youtube.com/watch?v=SDYJza03BlA
26574836752,Wed Oct 06 18:31:30 +0000 2010,Phone backk!
26477310237,Tue Oct 05 17:47:53 +0000 2010,"GONZO" It's a fucking extravaganza. Is it cool to reallllyy digg your own shit? They say it's the signs of a man gone MAD!! @madaveboys
26476284401,Tue Oct 05 17:33:12 +0000 2010,No phone buddy #Fanfuckingtastic.
26459222510,Tue Oct 05 14:05:45 +0000 2010,@iamenasty E NASSTYYYY!! Happy to have you ALIVE!! Your one of the greatest man! Happy Birthday!!
26406739640,Mon Oct 04 23:45:15 +0000 2010,RT @18kJaq: Life is but a beach chair!!
26406406007,Mon Oct 04 23:41:00 +0000 2010,MAD AVE BOYS "ELECTRIC TAPE EP" release 10-18-10! Listening party at White Noise @DJFCivetta spinning! RSVP info@madaveboys.com
26316997148,Mon Oct 04 00:40:56 +0000 2010,Off to watch Social Network!
26291460127,Sun Oct 03 18:52:56 +0000 2010,@kanyewest is putting the artist in the spot where Nietzsche wanted us to be!! Let's not crucify this man like we did to Mike and Jesus!!
26250058594,Sun Oct 03 08:26:04 +0000 2010,@Eibolone lmao damm son. I just noticed I did that. You must forgive me, I come from the Dame/Diddy school of self promo. Holla at ya tom.
26249822893,Sun Oct 03 08:21:24 +0000 2010,@Eibolone hahaha... Your the man. Call you tomorrow mann.
26244803212,Sun Oct 03 06:38:24 +0000 2010,I need a Personal Jesus! I'm on Depeche Mode, they say its celestial, its all in the stars....
26244050633,Sun Oct 03 06:24:01 +0000 2010,At Machine Room, late sessions with @its_dvlp spinning the classics. Anyone lost in the Dirty??
26238411280,Sun Oct 03 04:47:59 +0000 2010,RT @MadAveBoys: Preview the first song off "Electric Tape" before the EP is released October 18th 2010!!!... http://fb.me/Cqabkem0
26236447601,Sun Oct 03 04:18:24 +0000 2010,Felicidades a mi hermano @18kJaq romoo papa!!!
26234428299,Sun Oct 03 03:49:54 +0000 2010,@iamenasty MAB street team leader of the fucking world! Meeting tomorrow!? Bring the note pad!
26234251006,Sun Oct 03 03:47:25 +0000 2010,@Eibolone heard "Gonzo"? Hit up myspace.com/madaveboys duudde!
26233358994,Sun Oct 03 03:35:06 +0000 2010,"Electric Tape EP" release party! 10-18-10 at White Noise! 7-9pm from there @MadAveBoys take it to Greenhouse for a special performance!
26231753275,Sun Oct 03 03:13:17 +0000 2010,@charlie_Mad oooo shit! Not through Twitter man, might jack my shit! Personal call later on @Eibolone
26231093405,Sun Oct 03 03:04:31 +0000 2010,@Eibolone lmao. Its just the life man. And what a life it is!
26229814495,Sun Oct 03 02:47:22 +0000 2010,iHOP flow of things, coffee here is deff. The greatest.
26216083742,Sat Oct 02 23:31:16 +0000 2010,At the Machine Room @MadAveBoys full effect!! 10-18-10
26146351572,Sat Oct 02 04:28:40 +0000 2010,RT @peraltaproject: I'll be slangin these totes tomorrow morning at the Farmers Market Uptown! Just finish ... http://tmi.me/1Tkzn
26128107632,Sat Oct 02 00:15:47 +0000 2010,Take the Money and Run (Woody Allen, 1969) White Noise later on, what's good? @charlie_Mad
26112971341,Fri Oct 01 20:33:57 +0000 2010,Barnes and Nobles. Kafka or XXL mag?
26046818392,Fri Oct 01 03:43:28 +0000 2010,With me Marl! Lucky Lane Hotel.
26044971417,Fri Oct 01 03:20:58 +0000 2010,RT @mattsiren: 4 colorways now available.. http://bit.ly/cTAjIf
26043929948,Fri Oct 01 03:09:02 +0000 2010,Noww weee wereee somewheree near the endd when the paranoia came and took control!
26042749941,Fri Oct 01 02:55:58 +0000 2010,Mad Ave Boys - Gonzo.mp3 by Mad Ave Boys: http://mysp.ac/9CWYmg via @addthis
26035959998,Fri Oct 01 01:40:28 +0000 2010,@charlie_Mad turn off the gps before talking all that smack. Pet Chula for me why don't cha.
26031830802,Fri Oct 01 00:50:41 +0000 2010,I'm just tryna be captured, but where is Clayton!!????
26030389035,Fri Oct 01 00:32:43 +0000 2010,RT @charlie_Mad: ideal yearly schedule: Jan-April: LA for musicmaking; April-Aug: NYC/NJ for spring loving; ... http://tmi.me/1Rh43
25950037711,Thu Sep 30 04:26:26 +0000 2010,At White Noise with @charlie_Mad Dj Cash Ripppin.
25918568814,Wed Sep 29 21:26:39 +0000 2010,RT @MadAveBoys: "GONZO" 1st song of Mad Ave Boys "Electric Tape EP" is ONLINE NOW!! http://www.myspace.com/madaveboys http://fb.me/uaFyzc5K
25912704114,Wed Sep 29 19:58:53 +0000 2010,"Gonzo" 1st track of "Electric Tape EP" will be on myspace.com/madaveboys in just a few min!!! Mad Ave Boys "Electric Tape" out 10-18-10!
25910811912,Wed Sep 29 19:30:12 +0000 2010,Create Dangerously.
25825176545,Tue Sep 28 22:16:37 +0000 2010,"Fuck the bullshit, just don't fuck it raw" - lil Wayne- "what's wrong with them" feat. Nicky M. Produced by @its_dvlp
25816699090,Tue Sep 28 20:19:01 +0000 2010,Is Santanas town still around? I'm fit to get up on some Dip's gear. Maybe a classic Diplomat bandana... And a 5X dripped paint T-shirt.
25815231068,Tue Sep 28 19:58:39 +0000 2010,RT @its_dvlp: RT. Ok, my song is the second most downloaded song off of @liltunechi new album, make it #1! ... http://tmi.me/1NBZb
25814818807,Tue Sep 28 19:52:53 +0000 2010,RT @NewYorker: RT @TNYCloseRead: Our drug problem in Afghanistan: http://nyr.kr/bxoTuM
25813386249,Tue Sep 28 19:32:30 +0000 2010,Had a Dominican Lady stop me to ask what number of blonde do I use... Can't ppl tell a natural when they see one!!
25812376777,Tue Sep 28 19:18:38 +0000 2010,On Monster Parade mode with @charlie_Mad
25796725196,Tue Sep 28 15:50:12 +0000 2010,Strange days.
25758068922,Tue Sep 28 05:07:36 +0000 2010,With @charlie_Mad @DonLucas @GLoBALinvasionn @its_dvlp and yes, its Electric Tape on repeat.
25755364720,Tue Sep 28 04:20:18 +0000 2010,Listening to "Gonzo"!!! ETEP! Out October 18th daddyyyoooooo
25753001838,Tue Sep 28 03:44:54 +0000 2010,In the Machine Rooom buddy! Just listened to the Electric Tape Masters! Finally in!!!
25219246131,Wed Sep 22 15:05:21 +0000 2010,America wants it made for cheep. A company that once had over 60 employees is now down to me and Wallace... napping. Garment district.
25188310239,Wed Sep 22 06:00:11 +0000 2010,I wear leather... follow me.
25186032289,Wed Sep 22 05:11:22 +0000 2010,fantastic
25185115022,Wed Sep 22 04:53:45 +0000 2010,@charlie_Mad dude
