id,created_at,text
1258132879244050400,Wed May 06 20:33:48 +0000 2020,Great interview between @SusanWojcicki and @hankgreen. Best part is how honest the discussion is on everything from… https://t.co/L8wG2vvCUa
1257708467470524400,Tue May 05 16:27:20 +0000 2020,Can't wait to celebrate our graduates with a very special #DearClassof2020 livestream event on June 6. We hope you'… https://t.co/Ad0Yv2G8aZ
1257352760300834800,Mon May 04 16:53:53 +0000 2020,While the IRL #MetGala is cancelled, we're still celebrating fashion! Join us tonight at 6pm ET to watch Anna Winto… https://t.co/CtIYeuR7sS
1256696024476704800,Sat May 02 21:24:15 +0000 2020,Is This the Future of the Fashion Show? The answer is maybe, the only risk is that it comes with @DerekBlasberg tra… https://t.co/f0tJCUOerX
1255166848556908500,Tue Apr 28 16:07:51 +0000 2020,As part of our ongoing commitment to responsibility, we're expanding our fact check information panels to the U.S.,… https://t.co/ixCTiXfqYe
1254837198408409000,Mon Apr 27 18:17:56 +0000 2020,Very cool to partner with @tribeca, @cannes, @sundancefest, @tiff_english and so many others for #WeAreOne: A Globa… https://t.co/Bpk2q1g0uM
1253784054140264400,Fri Apr 24 20:33:07 +0000 2020,Congrats @jamescharles on the premiere of your #YouTubeOriginals show, #InstantInfluencer! Can't wait to see who wi… https://t.co/E5ftTofAoM
1253371147833340000,Thu Apr 23 17:12:22 +0000 2020,Today marks the first day of Ramadan, and a vital part of it is community and connection. @YouTube is here to help… https://t.co/9MaHAI4dyT
1253103582422827000,Wed Apr 22 23:29:10 +0000 2020,Really excited about our slate of free new #YouTubeOriginals shows, offering something for everyone   https://t.co/wpQOtKowfE
1249382499945349000,Sun Apr 12 17:02:55 +0000 2020,Twitter:  Happy Easter Sunday! Can't wait for @AndreaBocelli's beautiful livestream performance from Milan's Duomo… https://t.co/11mimR2uFq
1248311953459572700,Thu Apr 09 18:08:56 +0000 2020,YouTube Unlocks Batch of Originals for Free Streaming, Including All Episodes of Joey Graceffa’s ‘Escape the Night’  https://t.co/EqBP9MSa99
1247703044218708000,Wed Apr 08 01:49:21 +0000 2020,Congrats on the stream and funds raised! So impressive. https://t.co/8eb5o9epFc
1247589075277750300,Tue Apr 07 18:16:29 +0000 2020,Thank you @AndreaBocelli! Music unites us, and we can't wait for your live performance this Easter Sunday   https://t.co/JKnbC5jonU
1244468060842373000,Mon Mar 30 03:34:41 +0000 2020,Fantastic interview that answers many of our most common questions. Thank you @RealDoctorMike!  https://t.co/O0BIUp1BLc
1243657306052497400,Fri Mar 27 21:53:02 +0000 2020,Can't get enough of Dr. Fauci's wisdom! Great Q&amp;A led by @PhillyD   https://t.co/A2jYxRaIKw
1243615662330663000,Fri Mar 27 19:07:33 +0000 2020,Thank you @Lilly! Such important information, a must watch @YouTube   https://t.co/HfgmTmEKj8
1243602589372964900,Fri Mar 27 18:15:36 +0000 2020,Here is what we are doing at Google to help: https://t.co/cp03ETt4Yl
1243596387939307500,Fri Mar 27 17:50:58 +0000 2020,Check out @YouTube creators in Brazil who came together to urge people to #StayHome #FiqueEmCasa #Comigo  So nice t… https://t.co/XhOCRQrOWX
1243412132487544800,Fri Mar 27 05:38:48 +0000 2020,Trevor Noah's interview with Dr. Fauci https://t.co/EOIdQDb0uF a must see.. @TheDailyShow  @YouTube
1242534610010951700,Tue Mar 24 19:31:50 +0000 2020,Incredible to see our @YouTube creators in France come together to encourage people to #StayHome   https://t.co/ztgszfmWIB
1241095837435871200,Fri Mar 20 20:14:40 +0000 2020,Many of you have Qs about what's happening across the @YouTube platform during COVID-19. @YouTubeLiaison Matt Koval… https://t.co/NX38Sl0CDq
1241095237511958500,Fri Mar 20 20:12:17 +0000 2020,To help families looking for ways to help their kids learn at home, @YouTube just launched Learn@Home, where you'll… https://t.co/kBq6Bs1mdY
1240799786451619800,Fri Mar 20 00:38:16 +0000 2020,2 Hours of @rudymancuso  is never enough!! :)  Thank you, Rudy, for doing this! You are the best. https://t.co/SCkafR1b4I
1240716258523238400,Thu Mar 19 19:06:22 +0000 2020,Creative outlets can be very healing. I'm inspired by @The_Pigeon's daily drawing sessions to help keep children en… https://t.co/NogFJBtutK
1240378982563901400,Wed Mar 18 20:46:09 +0000 2020,RT @YouTube: For those of you who can #StayHome, some creator #WithMe videos to help you keep boredom, hunger and cabin fever at bay.
1240143700577136600,Wed Mar 18 05:11:13 +0000 2020,Together @johngreen  https://t.co/sSzbLVSMfj
1240143139177934800,Wed Mar 18 05:08:59 +0000 2020,Cleaning with @Trevornoah  https://t.co/kWDNMx2qgW
1240122375884193800,Wed Mar 18 03:46:29 +0000 2020,#StayHome https://t.co/8xmfsHULpq
1240117523112054800,Wed Mar 18 03:27:12 +0000 2020,watching an "aspiring YouTube star" @jimmyfallon doing his show from home :) :)
1239716715245662200,Tue Mar 17 00:54:32 +0000 2020,RT @YouTubeInsider: https://t.co/8CEgEkcx2i
1239599008756068400,Mon Mar 16 17:06:48 +0000 2020,Due to COVID-19, @YouTube is taking steps to protect our workforce and the communities where they live. This may im… https://t.co/rRkyozf5SC
1237773022339031000,Wed Mar 11 16:10:59 +0000 2020,Creators and artists are the heart of @YouTube. As the coronavirus situation continues to evolve, we're committed t… https://t.co/7u8ae4P6KT
1237163868561924000,Mon Mar 09 23:50:26 +0000 2020,Thank you @MichelleObama, for partnering with us @YouTube to help give these important stories a voice to be heard  https://t.co/NZ2ELVAPP3
1237159981574586400,Mon Mar 09 23:34:59 +0000 2020,In honor of #InternationalWomensDay, @YouTube recognizes and celebrates 9 inspirational #womenbosses … https://t.co/38nHSDqDR8
1230549572679880700,Thu Feb 20 17:47:35 +0000 2020,We always love when our creators visit @YouTube. Thanks @MarkRober for stopping by and talking #TeamTrees with us,… https://t.co/Xhg4qbY1kZ
1228379560078528500,Fri Feb 14 18:04:43 +0000 2020,It all started with a zoo video...it's been an incredible 15 years for @YouTube, and I'm excited about our vision f… https://t.co/AuI6UZFJRZ
1228032371439497200,Thu Feb 13 19:05:07 +0000 2020,Great BB story on YouTube today. Thanks Lyor and team for your hard work with our partners in the industry. https://t.co/0LYeWOVzMs
1224833145133912000,Tue Feb 04 23:12:32 +0000 2020,Great spending time with our amazing partners from @StJude . We are proud of their incredibly thoughtful work and p… https://t.co/qI6bm1vHjp
1224432278568198100,Mon Feb 03 20:39:38 +0000 2020,RT @YouTube: This #BlackHistoryMonth, tell us about Black creators who have made an impact on your lives.
1214595154578817000,Tue Jan 07 17:10:25 +0000 2020,RT @youtubecreators: Today we’re rolling out the changes we announced last year to comply with COPPA around content set as ‘made for kids.’…
1207779190054850600,Thu Dec 19 21:46:13 +0000 2019,Thrilled that #TeamTrees surpassed its goal of 20M trees by 1/2020! Congrats to @MrBeast, @MarkRober, and all of ou… https://t.co/oABrVrwnHr
1206734922490241000,Tue Dec 17 00:36:40 +0000 2019,RT @BloombergTV: Shots Studios CEO John Shahidi discusses working with social media platforms and content creators https://t.co/SAWmX5qiIl…
1205182020277674000,Thu Dec 12 17:45:59 +0000 2019,Thanks @RobertDowneyJr, we can't wait for the premiere!   https://t.co/xIzJLFZYTU
1204885432447561700,Wed Dec 11 22:07:27 +0000 2019,Today, we announced updates to how we tackle harassment on @YouTube. You can read about them here: https://t.co/14WgtTzR8U
1204227900561490000,Tue Dec 10 02:34:39 +0000 2019,RT @YTCreators: Protecting kids &amp; their privacy is important. Today, we submitted our Comment on COPPA to the FTC. We strongly support COPP…
1202657337107894300,Thu Dec 05 18:33:48 +0000 2019,A different kind of #YouTubeRewind! This year, we stuck to the stats and focused on what you liked most. Congrats t… https://t.co/rU4OXAurqX
1201911538224906200,Tue Dec 03 17:10:15 +0000 2019,We're continuing our series on @YouTube's 4Rs of Responsibility: Remove, Raise, Reduce, and Reward. Today, we're sh… https://t.co/nwdUTyYHZ0
1192550097885651000,Thu Nov 07 21:11:14 +0000 2019,Great job @MatPatGT for asking the tough questions and not going easy on @SusanWojcicki @YouTube's first Gaming Cre… https://t.co/LriAXtdo3R
1189296499508859000,Tue Oct 29 21:42:36 +0000 2019,@elonmusk @MKBHD @MrBeastYT Amazing!!
1187953073022328800,Sat Oct 26 04:44:18 +0000 2019,https://t.co/hDOfc4WV0M  Proud to support the #TeamTrees campaign and the 600 @YouTube Creators from 20+ countries… https://t.co/WNq91PVpZO
1184879430864396300,Thu Oct 17 17:10:44 +0000 2019,Congrats to legendary @gunsnroses for "Sweet Child O' Mine" being the 1st music video from the 80s to hit 1B views… https://t.co/2wF8GyQlBA
1182741862232182800,Fri Oct 11 19:36:48 +0000 2019,A different kind of YT stars :) I’m looking forward to our new monthly “BookTube" featuring@Gladwell,… https://t.co/ps9VF0YvnL
1182687892377702400,Fri Oct 11 16:02:21 +0000 2019,Thank you @ElJuanpaZurita for visiting us at @YouTube! We’re inspired by all that you’re doing, especially your… https://t.co/bAtua6LCsr
1182407742998270000,Thu Oct 10 21:29:08 +0000 2019,It's World Mental Health Day, and I applaud our @YouTube Creators for all they're doing to help raise awareness on… https://t.co/C5tiLa5hPT
1182032538572750800,Wed Oct 09 20:38:12 +0000 2019,@NaomiCampbell congrats on your @WSJMag cover, and thank you for sharing your story here and on @YouTube  https://t.co/ngYsZMWMOS
1181368409302261800,Tue Oct 08 00:39:12 +0000 2019,Incredible @VanityFair article on @YouTube being at the center of culture, and how our Creators are the future of e… https://t.co/MUqPhU5iAP
1176889076433092600,Wed Sep 25 15:59:56 +0000 2019,Excited for Season 2 of "Liza on Demand", premiering today at 2pm PT on @YouTube with a live chat with @lizakoshy, … https://t.co/frdp0WILnO
1174379918756589600,Wed Sep 18 17:49:26 +0000 2019,Thanks @shaymitch for stopping by @YouTube, we loved having you! We can’t wait for your live chat today at 2:00pm P… https://t.co/5e9WlOcaLH
1173610874696654800,Mon Sep 16 14:53:31 +0000 2019,Congrats to @YouTube's very own @Lilly on her premiere of @latewithlilly tonight on @NBC. We can't wait to watch...… https://t.co/FXOPhOx7OZ
1172265839732678700,Thu Sep 12 21:48:50 +0000 2019,It's #SuicidePreventionWeek, an important time to raise awareness and compassion on this issue. Helping do that is… https://t.co/FmZ3doVIqq
1171166979387871200,Mon Sep 09 21:02:21 +0000 2019,Congrats @pewdiepie! (And be sure to open the box, there's actually something inside it)" https://t.co/vgIC2d9OLy
1170123610813603800,Fri Sep 06 23:56:23 +0000 2019,Our newest Creator award...who will be next??? https://t.co/KVhpUsqxic
1169644766977503200,Thu Sep 05 16:13:38 +0000 2019,Great story about @YouTube's new fashion hub, https://t.co/J0mTLiCEhn, the destination for all things fashion and b… https://t.co/i09m12HA32
1168892784893464600,Tue Sep 03 14:25:31 +0000 2019,Running an open platform takes a lot of Responsibility. As a follow up to @SusanWojcicki's creator letter, we'll be… https://t.co/AL3dWQZvb2
1166468645234438100,Tue Aug 27 21:52:51 +0000 2019,In her letter to Creators, @SusanWojcicki talks about how we're balancing the opportunity of openness with responsi… https://t.co/HB00D9tJ8e
1163912587647443000,Tue Aug 20 20:36:00 +0000 2019,@Casey @YouTube Hey Casey, next time you are here we should do a fireside chat! ;)
1159498890594439200,Thu Aug 08 16:17:32 +0000 2019,It's #BackToSchool time and @MichelleObama is giving advice to first-generation college students. Check out the tra… https://t.co/2fiHdRVbkP
1152038896156336100,Fri Jul 19 02:14:11 +0000 2019,Welcome to LA @Casey Thanks for hanging out @youtube today, we loved having you here and look forward to many more… https://t.co/zuHriBu84i
1151970607262662700,Thu Jul 18 21:42:50 +0000 2019,A very cool story on @KondZilla   https://t.co/mgaUnBcbsl
1151922446699642900,Thu Jul 18 18:31:27 +0000 2019,@DavidClinchNews @YouTube @YouTubeTV @MLB More less global, with a handful of exceptions
1151891979208278000,Thu Jul 18 16:30:23 +0000 2019,Today at 9:30am PT, we will stream the Dodgers vs Phillies game live on @YouTube &amp; @YouTubeTV - the first in our ex… https://t.co/i4jEAzvLrv
1151580899625934800,Wed Jul 17 19:54:16 +0000 2019,Excited to launch YT Music in Greece! https://t.co/mf2ytzOWwo
1145250103696998400,Sun Jun 30 08:37:57 +0000 2019,@HeikeRaab @YouTube @rlpNews Honored to meet you and look forward to cooperating more!
1138241585106153500,Tue Jun 11 00:28:36 +0000 2019,Today, let’s remember @TheRealGrimmie. You can help us honor Christina’s legacy by pledging a donation to The Chris… https://t.co/3uVY7dV2h0
1138183883898458100,Mon Jun 10 20:39:19 +0000 2019,Great story on @emmachamberlain in https://t.co/uVYH7ONBz0
1124165912003739600,Fri May 03 04:16:54 +0000 2019,@KatiMorton Thank you!!
1124102564822298600,Fri May 03 00:05:10 +0000 2019,@YouTube loves creators and artists all together! @YTCreators @YTAdvertisers #Brandcast https://t.co/93RhFNAjGu
1124100866900922400,Thu May 02 23:58:26 +0000 2019,With @daddy_yankee at #Brandcast https://t.co/cGWhlgcCiC
1124089312293916700,Thu May 02 23:12:31 +0000 2019,Amazing #Brandcast is here again!  @YTAdvertisers @YTCreators https://t.co/rgOU2ErhPL
1123333512910733300,Tue Apr 30 21:09:14 +0000 2019,RT @SusanWojcicki: .@YouTube's past, present, and future success starts with creators. Just posted my quarterly letter with an update on ou…
1111384099661316100,Thu Mar 28 21:46:32 +0000 2019,We look forward to work with @SACDParis for a balanced implementation of the Copyright Directive in France and avoi… https://t.co/1OJgDpuRkZ
1108808116160946200,Thu Mar 21 19:10:30 +0000 2019,#Article13 is still an important issue for creators in Europe, and on #321EUOfflineDay, people are once again makin… https://t.co/XA8r59H05N
1108086411498938400,Tue Mar 19 19:22:42 +0000 2019,Excited to celebrate @MichelleObama and her memoir with the #BookTube community and book lovers everywhere. Check o… https://t.co/zhrhuOobmA
1106400240305766400,Fri Mar 15 03:42:27 +0000 2019,Congrats @IISuperwomanII Mashable: YouTube star Lilly Singh gets her own late-night show, will replace Carson Daly… https://t.co/FJHsABbj1C
1105703560220557300,Wed Mar 13 05:34:06 +0000 2019,Excited to extend YouTube Music to 14 new territories around the world! https://t.co/VZa6nzJyFh
1102630801764569100,Mon Mar 04 18:04:03 +0000 2019,RT @YTCreators: The final Article 13 will hurt, not help, European creators. Important update why #SaveYourInternet isn’t over.   For more…
1101219229162864600,Thu Feb 28 20:34:58 +0000 2019,RT @SusanWojcicki: Recently, there have been some deeply concerning incidents regarding child safety on YouTube. Nothing is more important…
1098322213827096600,Wed Feb 20 20:43:16 +0000 2019,Excited to see so many talented artists nominated for #BritAwards. Catch the event live on YouTube.   https://t.co/Rlrqr1A1CV
1097954251291017200,Tue Feb 19 20:21:07 +0000 2019,Thank you for all the beauty and creativity you inspired in the world https://t.co/LmGCu7XOOn
1097304771113844700,Mon Feb 18 01:20:19 +0000 2019,Great to see so many YouTube creators make it to #VidConLDN this weekend! https://t.co/yei0qd8u7A
1095815047450742800,Wed Feb 13 22:40:41 +0000 2019,Irrespective of the outcome in Brussels today, YouTube will work closely with the creative community to continue he… https://t.co/PjUw53jBHj
1095004545111842800,Mon Feb 11 17:00:02 +0000 2019,.@YouTube agrees with artists and songwriters that transparency can benefit the whole industry and supports a copyr… https://t.co/waXQY2LJuF
1093697579781517300,Fri Feb 08 02:26:37 +0000 2019,.@KevinHart4real is back for another season of @WhatTheFit. Don't miss the first episode with guest star… https://t.co/af87fJSjZM
1093173523344814100,Wed Feb 06 15:44:12 +0000 2019,RT @SusanWojcicki: 2018 was a year of growth… and growing up.  Reflecting on this past year and sharing our priorities for supporting @YouT…
1071187915818987500,Fri Dec 07 23:41:15 +0000 2018,RT @YTCreators: WATCH: @guglielmoscilla explains copyright for creators. #SaveYourInternet https://t.co/mf1qJO7cL6
1071187757345566700,Fri Dec 07 23:40:37 +0000 2018,RT @YTCreators: Top Brazilian creator @felipeneto on Article 13! 🇧🇷https://t.co/mr8lWs5mHm
1071076316303122400,Fri Dec 07 16:17:48 +0000 2018,Growing up behind the Iron Curtain in Czechoslovakia where access to information was limited, I feel strongly that… https://t.co/lGhz9J0okD
1070748787268739100,Thu Dec 06 18:36:19 +0000 2018,Watch YouTube 2018 Rewind! https://t.co/hO5cPq0UJP
1068202073034915800,Thu Nov 29 17:56:35 +0000 2018,@ArianaGrande shares an intimate look at her life on tour in her new @Youtube Original #DangerousWomanDiaries. Than… https://t.co/VgWRw7Reti
1067465015924449300,Tue Nov 27 17:07:46 +0000 2018,Nobel Peace Laureate Kailash Satyarthi has saved more than 80,000 children from slavery. We proudly share his story… https://t.co/NDFPZl4my6
1064487590332526600,Mon Nov 19 11:56:33 +0000 2018,Article 13 could have unintended consequences that would change the internet as we know it. https://t.co/rsPZ3MgCuS
1061992746326638600,Mon Nov 12 14:42:56 +0000 2018,Worth reading @SusanWojcicki oped in @FT. A great description of the real and unintended consequences of certain ve… https://t.co/ubTUiCfKnX
1039877070237704200,Wed Sep 12 14:03:08 +0000 2018,Disappointing outcome today in the EU copyright vote. We're concerned about what this means for the open internet a… https://t.co/sbNTIeoVGc
1034974436628164600,Thu Aug 30 01:21:49 +0000 2018,RT @YouTube: Congratulations to BTS! 'IDOL' now holds the record for the biggest music video debut in YouTube history, earning over 45 mill…
1020352810137747500,Fri Jul 20 17:00:41 +0000 2018,Susan's tweet on her Q3 Creators on YouTube are developing some of the most compelling and effective educational co… https://t.co/t5DSu2BZ2h
1016456823522713600,Mon Jul 09 22:59:26 +0000 2018,Today, YouTube outlined steps to partner with the news industry to support the growth of news video online. Through… https://t.co/P35763VRg1
1011113521336102900,Mon Jun 25 05:07:03 +0000 2018,Welcome Derek! https://t.co/8zbXoOgJMG
1008757346154115100,Mon Jun 18 17:04:27 +0000 2018,Check out the new @YouTubeMusic - we've expanded to 17 markets and we're just getting started. Watch this new video… https://t.co/Z9voDeVwaC
998987408401055700,Tue May 22 18:02:13 +0000 2018,Excited to announce the new @YouTubeMusic. From the biggest artists in the world to the freshest voices breaking th… https://t.co/xMcj5gw06B
994751376734351400,Fri May 11 01:29:44 +0000 2018,Check out YouTube Charts → https://t.co/emSTsvLFKi. The hottest artists and songs *right now* are all here.
994308226198974500,Wed May 09 20:08:49 +0000 2018,The biggest soccer stars get ready for the world’s biggest tournament with “help” from... @JackWhitehall. Watch… https://t.co/M236sO4bRg
993946865975488500,Tue May 08 20:12:54 +0000 2018,Congratulations to all the YouTube Creators for Change Ambassadors joining the program this year. Your messages of… https://t.co/M4S37rDnZW
992211486780125200,Fri May 04 01:17:07 +0000 2018,https://t.co/4fbyhJ2yJz
992194439501287400,Fri May 04 00:09:23 +0000 2018,Big thanks to all of our creators and partners below for an exciting #Brandcast and looking forward to the shows!! https://t.co/iwgbExwzXD
992182949670981600,Thu May 03 23:23:43 +0000 2018,Tonight is #Brandcast, and I can’t wait to share all the exciting content coming to @YouTube
991729641567277000,Wed May 02 17:22:26 +0000 2018,The next chapter of #KarateKid is finally here!!! starring @ralphmacchio and @WilliamZabka. Watch all episodes of… https://t.co/T5wdN131hO
991717210799386600,Wed May 02 16:33:02 +0000 2018,@RichBTIG @CobraKaiSeries @YouTube @SusanWojcicki Nice shoes!! :) Enjoy the show today.
988885939026968600,Tue Apr 24 21:02:35 +0000 2018,The next chapter of #KarateKid is here. Catch @ralphmacchio and @WilliamZabka on the red carpet tonight at the prem… https://t.co/L7T7J3vj51
988817596978884600,Tue Apr 24 16:31:01 +0000 2018,@CaseyNeistat is right :) https://t.co/5E5yjsHoeq
987350679109775400,Fri Apr 20 15:22:00 +0000 2018,It was great to get to know a little bit and chat about @youtube with Tanmay of @AllIndiaBakchod in Mumbai. Thank y… https://t.co/zdt8j1Z7ts
984540281633689600,Thu Apr 12 21:14:29 +0000 2018,When I was in Dubai, I chatted with @Noorstars26 about the amazing growth of YouTube creators in the Middle East.… https://t.co/AkWQZJjdVE
981663765597864000,Wed Apr 04 22:44:14 +0000 2018,Thank you @CaseyNeistat for the most thoughtful video on the unfortunate events yesterday at our headquarters: https://t.co/BLN54SCrfn
981401381293707300,Wed Apr 04 05:21:37 +0000 2018,Words cannot describe the act of violence that occurred today at our headquarters. Thank you for the outpouring of… https://t.co/rUfSArS3am
977574828751323100,Sat Mar 24 15:56:16 +0000 2018,YouTube is livestreaming the March for our Lives to bring this important cultural moment to the world.  https://t.co/BXYdiB3leW
977157874794233900,Fri Mar 23 12:19:26 +0000 2018,Amazing numbers!! https://t.co/hPcLy53lmd
977135284981784600,Fri Mar 23 10:49:40 +0000 2018,YouTube is shaping culture and engaging audiences across the world. I am excited to be here in Mumbai to talk about… https://t.co/i7o5aqkbc0
976715410774118400,Thu Mar 22 07:01:15 +0000 2018,@MohamedMoshaya @YouTube @TeamYouTube It was so great to hear from you - it was my pleasure. Insights from creators… https://t.co/lNtUVu67Y9
976714686577238000,Thu Mar 22 06:58:22 +0000 2018,@krisfade Done and done @krisfade  it was so cool to see you! I want to see your YouTube channel grow!!! ;)
974430351710810100,Thu Mar 15 23:41:14 +0000 2018,Can't miss sumo battle between two awesome comedians! Love our new @YouTube show with @KevinHart4Real - @WhatTheFit… https://t.co/qsLunOQwGY
971538872067768300,Thu Mar 08 00:11:32 +0000 2018,Check out our new @YouTube Red Show #YouthandConsequences where @AnnaAkana, @KaraRoyster, @KatieSarife, and… https://t.co/6izJq6J5OX
968660921521356800,Wed Feb 28 01:35:35 +0000 2018,Check out @Camila_Cabello's journey from Cuba, to Miami, to Stardom #madeinmiami https://t.co/7Tl66Nzorb  Cool story.
963816932146257900,Wed Feb 14 16:47:18 +0000 2018,Welcome to the billion views club, @Dualipa! “New Rules” marks the 100th video on YT to reach 1b views.… https://t.co/9W0KXeHz7B
960978698793963500,Tue Feb 06 20:49:10 +0000 2018,Watch the Falcon Heavy Test by @SpaceX  https://t.co/L588MvQUfM
958877274576597000,Thu Feb 01 01:38:51 +0000 2018,Watch all ten episodes of #StepUpSeries on @YouTube Red https://t.co/MTYPfg6JaE  @channingtatum @jennadewan know ho… https://t.co/Ju5GZhqZ2T
953771849116155900,Wed Jan 17 23:31:43 +0000 2018,https://t.co/OM1nYJQsOy
953465754925482000,Wed Jan 17 03:15:25 +0000 2018,A major focus for all of us at @YouTube is protecting the creator community and ensuring creator revenue is more st… https://t.co/RbKpISn1y4
940027448728494100,Mon Dec 11 01:16:23 +0000 2017,RT @ufc: If any of you have any info on how to connect #KeatonJones with @DanaWhite please let us know! https://t.co/XeATQ2R4cx
938523184135131100,Wed Dec 06 21:38:58 +0000 2017,The annual review of the trends, music, memes, and characters on YouTube that shaped 2017 is here. Check out Rewind… https://t.co/eC78KoNeZH
935956513616576500,Wed Nov 29 19:39:56 +0000 2017,Congrats @katyperry  !! https://t.co/1HQo3g0DyP
933004250178904000,Tue Nov 21 16:08:42 +0000 2017,Nice article on @scooterbraun  https://t.co/rW120rRf8c
928798921853251600,Fri Nov 10 01:38:13 +0000 2017,#BandTogetherBayArea supports those impacted by the devastating NorCal fires. The concert will be streamed on YouTu… https://t.co/P8w6xWpsc3
928309400971837400,Wed Nov 08 17:13:03 +0000 2017,.@YouTube's #1 chart topper &amp; Latin music sensation @Ozuna_Pr debuts new documentary, “Musica Sin Fronteras” https://t.co/soAeFpbSot
927772577971314700,Tue Nov 07 05:39:54 +0000 2017,YouTube talk show #GoodMythicalMorning starts today! Kick off your weekday mornings with @rhettandlink on YouTube! https://t.co/4AlJExr1bJ
926672400372002800,Sat Nov 04 04:48:11 +0000 2017,Cats of Istanbul take the best first #documentary @CriticsChoice #KEDIfilm @catsinIstanbul. Watch it on YouTube Red.
925851365242314800,Wed Nov 01 22:25:41 +0000 2017,RT @RichBTIG: Is @YouTubeTV the biggest winner from a seven-game #WorldSeries? -- "Cable-free live TV" https://t.co/aFKO43wnLo https://t.co…
923287956596564000,Wed Oct 25 20:39:37 +0000 2017,Wow - amazing velocity for @rihanna  https://t.co/acBh7fsM8N
922521710661746700,Mon Oct 23 17:54:50 +0000 2017,Ich bin ein YouTube Star- YouTube in 46 Seiten im aktuellen NZZ Folio Magazin. Tolles Heft, liebes @nzzfolio  Übrigens: Wir lieben Katzen!
921199463460347900,Fri Oct 20 02:20:41 +0000 2017,RT @RichBTIG: Spotted at Yankee Stadium last night: @YouTubeTV  #ALCS2017 https://t.co/1avZxWPdZf
920529732810223600,Wed Oct 18 05:59:25 +0000 2017,RT @YouTube: Today is the day! @ddlovato's brand new documentary is here. Watch #SimplyComplicated now, only on YouTube! https://t.co/iABar…
918889825142313000,Fri Oct 13 17:23:01 +0000 2017,Despacito has been crowned most viewed video in YouTube history with 4 billion views!!! Congrats @LuisFonsi and @daddy_yankee!
917812725715157000,Tue Oct 10 18:03:00 +0000 2017,Congrats to YouTube Red documentaries Kedi and "@TheGigiGorgeous This is Everything" on Critics Choice Awards noms https://t.co/zzNOnWzv40
915798181023170600,Thu Oct 05 04:37:55 +0000 2017,Chance the Rapper live from Hollywood Bowl https://t.co/uAoHm8Z8F6
914303787640045600,Sun Oct 01 01:39:44 +0000 2017,@john Thank you John and Shots Studios!
913865808354222100,Fri Sep 29 20:39:22 +0000 2017,Way to set example, Lt. Gen. Silveria. Trending on YouTube: https://t.co/k0NUG83JR9
912699557607219200,Tue Sep 26 15:25:06 +0000 2017,Congrats @tyleroakley! A decade on YouTube! So impressed with all that you've done and all that you'll do over the next ten years :)
910284995972931600,Tue Sep 19 23:30:29 +0000 2017,@TheEllenShow @SusanWojcicki I thought you'd never ask! 😎 We are really excited for your show.
910255033509277700,Tue Sep 19 21:31:26 +0000 2017,Congrats to @TheEllenShow on today's launch of #EllenShowMeMore on YouTube!
909130518460981200,Sat Sep 16 19:03:01 +0000 2017,Thank you @pkafka for publishing a #streampunks excerpt. It created a flood in my inbox!!! :)  https://t.co/OaNwm3YLHd
909124316721119200,Sat Sep 16 18:38:22 +0000 2017,@JasonHirschhorn You are the biggest high roller ever! Wow..thank you so much! (I still somehow think this is proba… https://t.co/jBJzVjirsC
908338993904750600,Thu Sep 14 14:37:46 +0000 2017,Excited to collaborate with @JKCorden on this show!  https://t.co/DQ0gkZBuVR
907229878424088600,Mon Sep 11 13:10:33 +0000 2017,@5betme @IISuperwomanII @johngreen @hankgreen @CaseyNeistat @scooterbraun Czech version coming next year :)
907229128964919300,Mon Sep 11 13:07:34 +0000 2017,An excerpt from my favorite chapter of #Streampunks is now live! Check out the incredible story of @MissouriQuiltCo. https://t.co/OSCGUzo2du
905296170767061000,Wed Sep 06 05:06:41 +0000 2017,@fracucci @CaseyNeistat @IISuperwomanII @johngreen Thank you, thank you, thank you! :)
905294789511401500,Wed Sep 06 05:01:12 +0000 2017,@SpinmanTV @IISuperwomanII @johngreen @hankgreen @CaseyNeistat @scooterbraun Thank you!!! :) So great to hear you like it!
905082286223351800,Tue Sep 05 14:56:47 +0000 2017,#Streampunks is now on sale! Hear from @IISuperwomanII @johngreen @hankgreen @CaseyNeistat @scooterbraun and more. https://t.co/nIVNarlsWx
903441589749481500,Fri Sep 01 02:17:14 +0000 2017,@johngreen So funny! I think that was on purpose :)
903431782271393800,Fri Sep 01 01:38:16 +0000 2017,Love having you in it @tyleroakley https://t.co/YhBaSvNRse
903431553836920800,Fri Sep 01 01:37:22 +0000 2017,@tyleroakley FRIEND!!! :)
903374620010569700,Thu Aug 31 21:51:07 +0000 2017,@PeterHollens @YTCreators @CaseyNeistat @IISuperwomanII @johngreen Thanks Peter!!
903343767754702800,Thu Aug 31 19:48:32 +0000 2017,Proud to have voices of @CaseyNeistat @IISuperwomanII @johngreen and more be part of my first book! #Streampunks https://t.co/SnSg7u7CeM
902606564749525000,Tue Aug 29 18:59:09 +0000 2017,Congrats @taylorswift13 on crushing the numbers on YouTube!!! https://t.co/854EaGl4AT
901217567154589700,Fri Aug 25 22:59:46 +0000 2017,Thank you @jonsteinberg for your hospitality! :) https://t.co/vAsqGfWNoD
901215216511443000,Fri Aug 25 22:50:26 +0000 2017,https://t.co/YGfNdDKhgv  #streampunks coming out Sep 5! https://t.co/4k4G4owVJx Thank you Lyor, Xin, Aryeh, Rob and all who came last night!
898694990792192000,Fri Aug 18 23:55:57 +0000 2017,RT @SusanWojcicki: YouTube's Global Head of Music Lyor Cohen shared some observations since joining our team 8 months ago: https://t.co/Zz6…
885213569628819500,Wed Jul 12 19:05:36 +0000 2017,Watch Step Up teaser https://t.co/4XcRrO5pTc Thanks @channingtatum @Petricejones @laurynMcclain @JadeChynoweth @NayaRivera @NeYoCompound
883896247194484700,Sun Jul 09 03:51:01 +0000 2017,Great article on YouTube creators' social impact. Way to lead by example! https://t.co/5V4apbhmiu
881821465657692200,Mon Jul 03 10:26:35 +0000 2017,Honor to meet Mr Sohn, such a distinguished and influential JTBC journalist @ Seoul, South Korea https://t.co/WCVCDBQRWX
881699103964414000,Mon Jul 03 02:20:22 +0000 2017,@lelepons Yes, he is very cool!
881514226443014100,Sun Jul 02 14:05:43 +0000 2017,Fun dinner with Eric Nam. @ Dadam https://t.co/AjDNEiMmfJ
880311805448343600,Thu Jun 29 06:27:44 +0000 2017,Getting ready for YouTube Brandcast Tokyo :) https://t.co/kzrwZJYQqY
865316560650485800,Thu May 18 21:21:59 +0000 2017,Congrats, @katyperry !  https://t.co/ltO168vFdl
860312166624370700,Fri May 05 01:56:19 +0000 2017,RT @billboard: Demi Lovato documentary, Katy Perry live concert part of @YouTube's new ad-supported slate https://t.co/LyIpFcFQaj
860285493724020700,Fri May 05 00:10:19 +0000 2017,RT @RichBTIG: Watch 📺 @rkyncl reveal the big news at @YouTube #Brandcast https://t.co/8srWCsaNXc
860269527329898500,Thu May 04 23:06:53 +0000 2017,https://t.co/oAJqcsIouD
855362041627856900,Fri Apr 21 10:06:17 +0000 2017,Fun spending time with @FischersHome  :) https://t.co/mgs62zbcPS
853269107638059000,Sat Apr 15 15:29:42 +0000 2017,So excited for #aprilthegiraffe and her beautiful new baby. https://t.co/NHPG43KQaA - over 500K people watching..!
842443379262742500,Thu Mar 16 18:32:08 +0000 2017,https://t.co/c3PT8xXymB
842087623308992500,Wed Mar 15 18:58:29 +0000 2017,Thank you and congrats @rhettandlink  https://t.co/Y1EoH5FoQq
839502266277085200,Wed Mar 08 15:45:12 +0000 2017,Watch @CaseyNeistat latest video.  #2 trending on YouTube today. Incredible summary of the YT Creator spirit. https://t.co/qFLogEztMC
839203586168889300,Tue Mar 07 19:58:21 +0000 2017,https://t.co/zD1kqfOIud
836294611316330500,Mon Feb 27 19:19:07 +0000 2017,Another B!  https://t.co/YGjZgp8T0U
836036853476159500,Mon Feb 27 02:14:53 +0000 2017,RT @RichBTIG: WOW! @YouTube promoting #GigiGorgous movie on #YouTubeRed during the #Oscars on @ABCNetwork cc: @SusanWojcicki @rkyncl
827033499949412400,Thu Feb 02 05:58:46 +0000 2017,:) :) :) https://t.co/ilP3VrfQBy
824285201563979800,Wed Jan 25 15:58:01 +0000 2017,RT @MerriamWebster: *whispers into the void* In contemporary use, fact is understood to refer to something with actual existence. https://t…
821500648642342900,Tue Jan 17 23:33:12 +0000 2017,Congrats Susanne Daniels on the Brandon Tartikoff award https://t.co/XtksmwPpwq  #YouTube
808186769099276300,Mon Dec 12 05:48:35 +0000 2016,RT @GraziadioSchool: Robert Kyncl, Chief Business Officer of @YouTube, receives the Distinguished Alumnus Award. #GraziadioGrad #Pepperdine…
807290911751188500,Fri Dec 09 18:28:46 +0000 2016,RT @YouTube: Good one, bro … and congrats on the 50M! 👊  @pewdiepie don't forget to check your mail! → https://t.co/plEYEOVXEE https://t.co…
807259401497100300,Fri Dec 09 16:23:34 +0000 2016,Congrats @pewdiepie on hitting 50M subscribers on YouTube!!! Wow..
807014757131632600,Fri Dec 09 00:11:26 +0000 2016,Thank you, @DavidIsraelite and @NMPAorg for helping solve an important issue together. https://t.co/NQKTRMzFER
806633463159734300,Wed Dec 07 22:56:18 +0000 2016,And here it is: YouTube Rewind 2016! Enjoy:  https://t.co/ZKJ8R8bC3m
806148134871056400,Tue Dec 06 14:47:47 +0000 2016,Still a lot more for all of us to do but..worth pausing for this exciting milestone in music. :) :) https://t.co/TDQz3DHZ2F
793452602734186500,Tue Nov 01 14:00:16 +0000 2016,German songwriters and composers - welcome to YouTube!  https://t.co/A7oxGmdCJ4
788117764456144900,Mon Oct 17 20:41:32 +0000 2016,Congrats Susanne and team! https://t.co/Qd1wzoMKMa
786641476910395400,Thu Oct 13 18:55:17 +0000 2016,Congratulations @bobdylan for receiving Nobel honor for the tremendous impact of his timeless body of work. https://t.co/6YW4nWC6Vk
783537453990813700,Wed Oct 05 05:21:01 +0000 2016,Great show tonight at the 2016 #streamys. Congrats to all the @youtube creators who won!
780574611150741500,Tue Sep 27 01:07:44 +0000 2016,RT @SusanWojcicki: Can't wait for #debatenight #live on @YouTube. Lots of channels to watch. And don't forget to #voteirl: https://t.co/0tC…
762766449895092200,Mon Aug 08 21:44:27 +0000 2016,@sacca just stay off Twitter for two weeks!! 😉
761659827286257700,Fri Aug 05 20:27:08 +0000 2016,Cool to see @LucianoHuck literally carry the torch!! :) https://t.co/1IRM4SE68X
761623940682747900,Fri Aug 05 18:04:32 +0000 2016,Single by 30 on stage @wongfupro @SupereeeGO @ManonMathews @hillaryannematthews https://t.co/1jVf5vW9va
761617632957042700,Fri Aug 05 17:39:28 +0000 2016,@rhettandlink with Susanne are killing it 😂 https://t.co/VOQ319e7Hw
761614402718097400,Fri Aug 05 17:26:38 +0000 2016,@MorganSpurlock and @shaycarl on stage with Susanne Daniels https://t.co/PDGbRyxJNT
761611808402657300,Fri Aug 05 17:16:19 +0000 2016,Welcome Television Critics Association to the first ever YouTube presentation and thank you for the trek down here to YT Space #TCA  #TCA16
755493167978451000,Tue Jul 19 20:03:02 +0000 2016,Had a lot of fun being interviewed at the YT Learning Summit by Presley of @actoutgames  She was fearless!!! :) https://t.co/Cvfe7D207r
753310391141212200,Wed Jul 13 19:29:27 +0000 2016,.. And growing. :)  https://t.co/tA51nS2War
746471384012857300,Fri Jun 24 22:33:41 +0000 2016,Welcome @TheRock Excited to have you :) https://t.co/WPIWjMIDAf
746129440845926400,Thu Jun 23 23:54:55 +0000 2016,;) https://t.co/i34y16KzJM
737770784551108600,Tue May 31 22:20:36 +0000 2016,@JD_2020 We ensured it was a delegation from diverse religious backgrounds and no requirement that they currently identify with any faith.
737759835509297200,Tue May 31 21:37:06 +0000 2016,The Pope and YouTubers meet - now that's a power mtg! https://t.co/ejlW7l2yi6
732595345792720900,Tue May 17 15:35:16 +0000 2016,Nice write up on @harto https://t.co/v1aoiAPLfl
730094958384971800,Tue May 10 17:59:37 +0000 2016,Great work Willard and team @kobalt  https://t.co/kE7STl8uJi
728419014611972100,Fri May 06 03:00:01 +0000 2016,https://t.co/qDpi96NJiS
728405639643463700,Fri May 06 02:06:52 +0000 2016,...just a little nervous :) https://t.co/BPTFsSD0fc
728360924634071000,Thu May 05 23:09:11 +0000 2016,Hello from YouTube Brandcast! https://t.co/WPggfYMauu
727856825299832800,Wed May 04 13:46:04 +0000 2016,Interpublic to Shift $250 Million in TV Ad Spending to YouTube https://t.co/qciP9M9Zov
725369464825348100,Wed Apr 27 17:02:11 +0000 2016,Congrats @JKCorden  https://t.co/OjhIh0ZZSQ
723717753211772900,Sat Apr 23 03:38:53 +0000 2016,Coachella Live in 360 - so cool!! https://t.co/viabSodeJ2
723326764617863200,Fri Apr 22 01:45:14 +0000 2016,Now that's a headline! https://t.co/AkdWZzRi8n
716001835643965400,Fri Apr 01 20:38:34 +0000 2016,New awesome feature - only on YouTube!! https://t.co/1BPlxOUlNQ
710161315784863700,Wed Mar 16 17:50:26 +0000 2016,Congrats @pewdiepie @IISuperwomanII and @gogreen18 on being included in the Top 30 most influential people on the internet list, by @TIME
707219139710980100,Tue Mar 08 14:59:17 +0000 2016,https://t.co/lg0gxzXc5G
705469163112947700,Thu Mar 03 19:05:30 +0000 2016,#YTNextUp is back - we want to invest in the success of more creators on YouTube. Check https://t.co/n1rxDxtg8V
703086729708703700,Fri Feb 26 05:18:33 +0000 2016,Congrats @jimmyfallon ! https://t.co/Ll5tbwwiOQ
698195612416634900,Fri Feb 12 17:23:00 +0000 2016,Thrilled to welcome @BandPage to @YouTube. Together we can do even more to empower artists &amp; connect them w/ fans https://t.co/k63r8vd8rd
696200742474899500,Sun Feb 07 05:16:06 +0000 2016,These kinds of headlines are great :) Thank you, People. https://t.co/BwRlUG7x3G
688104904410333200,Fri Jan 15 21:06:08 +0000 2016,Awesome to watch YouTubers @missglamorazzi @smartereveryday @sWooZie interview President Obama  #YouTubeAsksObama https://t.co/IPmsv0R5Cl
687335415590830100,Wed Jan 13 18:08:27 +0000 2016,5 Questions For 5 Rising YouTube Musicians: Lil Dicky via @forbes https://t.co/KKKmQyYcfd
685294437270863900,Fri Jan 08 02:58:20 +0000 2016,Thank you @scooterbraun  Nick Woodman, @milk for joining my keynote! You guys were great!! https://t.co/hNvFDioISE
685249491650220000,Thu Jan 07 23:59:44 +0000 2016,Google Cardboard for everyone at Westgate auditorium! :) https://t.co/YzFzddhvdk
684906415471763500,Thu Jan 07 01:16:29 +0000 2016,Congrats @ToriKelly on your first magazine cover! Thanks for letting @YouTube be part of your amazing journey!
684892466617520100,Thu Jan 07 00:21:03 +0000 2016,@IISuperwomanII going corporate in Forbes magazine! :) https://t.co/oLYWvDZo5V
682031871002193900,Wed Dec 30 02:54:04 +0000 2015,@ijustine @Fwiz @freshkickz420 they feel like it! :)
682031358886056000,Wed Dec 30 02:52:02 +0000 2015,@collegevisuals @Fwiz is @fwiz real? Maybe not. Who knows..
677599443391090700,Thu Dec 17 21:21:11 +0000 2015,Thx @Fwiz !!! https://t.co/FRkZD2RuGQ
677575025667481600,Thu Dec 17 19:44:09 +0000 2015,Democratic debate live streaming on YouTube on Jan 17th  https://t.co/2OtqaOluUA
677302267557490700,Thu Dec 17 01:40:18 +0000 2015,@hokum_ @Fwiz ....is that my office you are enjoying???  :)
675718754320277500,Sat Dec 12 16:47:59 +0000 2015,RT @sundarpichai: Let’s not let fear defeat our values. My first medium post here https://t.co/JXt7qQFFNG
674718669935501300,Wed Dec 09 22:34:01 +0000 2015,@suhailrizvi ha!
674694760272150500,Wed Dec 09 20:59:00 +0000 2015,Relive the best moments of 2015 and the most memorable clips from YouTube’s 10 year history in #YouTubeRewind! https://t.co/VS4IAgUH2V
672982441552838700,Sat Dec 05 03:34:52 +0000 2015,Congrats Tamara, Heather and Vivien! https://t.co/75Zxh6V6e7
667191320151068700,Thu Nov 19 04:03:01 +0000 2015,Welcome Neal! https://t.co/fCUud9axPq
666413300511408100,Tue Nov 17 00:31:26 +0000 2015,Yes...do both!!! :) https://t.co/x1ou3ESbMU
665352539882131500,Sat Nov 14 02:16:21 +0000 2015,RT @RichBTIG: You can watch @SkyNews live via @youtube's live channel - thanks @SusanWojcicki @rkyncl @google #Prayers4Paris  https://t.co/…
665186606765076500,Fri Nov 13 15:17:00 +0000 2015,Great review of new YouTube Music app! https://t.co/HoiVr615lV
662384841900474400,Thu Nov 05 21:43:47 +0000 2015,RT @portadosfundos: Play de Diamante do @youtube pelos nossos 10Mi inscritos! Obrigado a todos vocês! #YouTubeFanFest #portadosfundos https…
659212790964465700,Wed Oct 28 03:39:11 +0000 2015,RT @CES: Don't miss @rkyncl of @Youtube as a keynote speaker at #CES2016 https://t.co/nU8JcmrVcu
658668860447453200,Mon Oct 26 15:37:48 +0000 2015,RT @DavidIsraelite: Congratulations to @kobalt @WillardAhdritz for signing a global licensing deal with @YouTube!  Fair rates plus good dat…
658535288931684400,Mon Oct 26 06:47:02 +0000 2015,Adele - Hello blowing up on YouTube https://t.co/4JEeqifLCq
657794513444847600,Sat Oct 24 05:43:27 +0000 2015,@toddyrockstar any time you want! Very cool meeting you - great suit!!
657783664487469000,Sat Oct 24 05:00:21 +0000 2015,Accepting an award for #YouTube at #GLSENAWARDS  with @TheGigiGorgeous and @toddyrockstar  ;) :) https://t.co/UREBGVYKqb
657640330309726200,Fri Oct 23 19:30:47 +0000 2015,Awesome to see YouTube creator @rclbeauty101 on @TODAYshow this morning:https://t.co/HGykcXYl7E #DIYHalloween
657403491707584500,Fri Oct 23 03:49:41 +0000 2015,Another cool song from #JustinBieber rising fast on YouTube https://t.co/x8fQ6y7lUj
656902050416955400,Wed Oct 21 18:37:08 +0000 2015,@Apo11oOne not at all. This will be a new stream of revenue
656901404510957600,Wed Oct 21 18:34:34 +0000 2015,:) :) @IISuperwomanII https://t.co/qlf1IUOcBq
656897826186637300,Wed Oct 21 18:20:20 +0000 2015,Big things coming w/ YT Red: @finebros @IISuperwomanII @pewdiepie @JoeyGraceffa @RoosterTeeth #YouTubeOriginals #YouTubeRed
656881530715770900,Wed Oct 21 17:15:35 +0000 2015,Just another unicorn! :)  @IISuperwomanII https://t.co/JFIS8q2X45
656881092176154600,Wed Oct 21 17:13:51 +0000 2015,Excited to announce #YouTube Red today - big thanks to all of our partners!You are amazing!!
655176402505875500,Sat Oct 17 00:20:01 +0000 2015,so well deserved...http://t.co/rnr1DFdIw2
652611758339682300,Fri Oct 09 22:29:02 +0000 2015,@BethanyMota and @SusanWojcicki  at #PowerofWomen event. Also great to hang w/ @IISuperwomanII - thanks for coming! http://t.co/pXxv5chet3
652604376909938700,Fri Oct 09 21:59:42 +0000 2015,Congrats to @wizkhalifa and @charlieputh for making YouTube history: first Hip Hop video to hit 1 billion views - https://t.co/4dgXOxG1kz
651447194948468700,Tue Oct 06 17:21:29 +0000 2015,Congrats @SusanWojcicki on the Power of Women honor http://t.co/4A3ALiWiN1
651252260933005300,Tue Oct 06 04:26:53 +0000 2015,@MichellePhan not "making it up"! :) http://t.co/eJQowPi7tP
651165178499739600,Mon Oct 05 22:40:51 +0000 2015,At #thegrill2015. @JasonHirschhorn wheeling and dealing while listening to Kreiz &amp; Robbins http://t.co/3CNGASCuls
649843310249414700,Fri Oct 02 07:08:13 +0000 2015,Bunch of jokers :) https://t.co/fIMkvupNgI
644969366111387600,Fri Sep 18 20:20:54 +0000 2015,Congrats on the big win last night @IISuperwomanII and thank you for the shoutout!! We're honored to put you on a billboard!
644958381543829500,Fri Sep 18 19:37:15 +0000 2015,"Congrats to all the @youtube creators for their amazing #StreamyAwards wins. We're so proud of you!"
644616241445888000,Thu Sep 17 20:57:43 +0000 2015,Amazing to see @youtube stars @IISuperwomanII and @JackAndDean named to @people Magazine's "Ones To Watch!" Congrats
644615917473632300,Thu Sep 17 20:56:25 +0000 2015,Congrats to @youtube star @lifeaseva (Eva Gutowski) on her inspirational @people Magazine's feature: From Hardship to Happiness!
644532647990046700,Thu Sep 17 15:25:32 +0000 2015,Just another morning run :) @ Dove Mountain Resort, Marana, Arizona https://t.co/0UvK1K6LAP
643544232255328300,Mon Sep 14 21:57:56 +0000 2015,Congrats @MichellePhan on your round! http://t.co/wR1Tb3t7Ut
642054558651416600,Thu Sep 10 19:18:30 +0000 2015,Karlie Kloss Gets Vogue Ready for NYFW - at YouTube! Welcome to YouTube Space, Karlie! http://t.co/sG4JRxPyu8
626124516339658800,Tue Jul 28 20:18:12 +0000 2015,@christianism   Welcome to YouTube, Christian!
624444548824088600,Fri Jul 24 05:02:36 +0000 2015,RT @johngreen: At #vidcon, YouTube's CEO just announced that they are resurrecting the subscription box on their new mobile app. Awesome ne…
624043905613369300,Thu Jul 23 02:30:35 +0000 2015,I realize this is a self serving post but this #Famechangers article is worth reading http://t.co/Kp4sm3Sggh
622211331572109300,Sat Jul 18 01:08:36 +0000 2015,#PaperTown live stream at YouTube Space LA. @johngreen http://t.co/MTr5NVhXT5
618840336463478800,Wed Jul 08 17:53:28 +0000 2015,Awesome response by @pewdiepie about reports on his earnings. https://t.co/MfJ6BLxMlU
609439724655120400,Fri Jun 12 19:18:47 +0000 2015,Game on! :) http://t.co/ozo5OMByyN
607764465375846400,Mon Jun 08 04:21:54 +0000 2015,RT @MDucard: @xeni Great thing - they’re creators and entrepreneurs w an outlet. They encourage doing/making not only watching. Other great…
593624523649474600,Thu Apr 30 03:54:50 +0000 2015,RT @gracehelbig: OH SH*T. @johngreen is murdering it. All the it. It has all been murdered. #brandcast
593588513389551600,Thu Apr 30 01:31:44 +0000 2015,Bruno Mars at #brandcast http://t.co/rUvAUoDu75
593560272234766300,Wed Apr 29 23:39:31 +0000 2015,Full house bursting at the seams! http://t.co/pQ7a7ngx4b
593558555053191200,Wed Apr 29 23:32:41 +0000 2015,Welcome to #brandcast   :) :) http://t.co/cozHkT1jKZ
592788023839948800,Mon Apr 27 20:30:53 +0000 2015,Gracious Nasdaq... with  @gracehelbig http://t.co/ed5SJwMBwZ
592787091194572800,Mon Apr 27 20:27:10 +0000 2015,@harto loves capitalism! ;) http://t.co/qhxGcP6Gqu
580921564687798300,Thu Mar 26 02:37:48 +0000 2015,How awesome is this? :) http://t.co/oFNOwglfxh
569872037096792060,Mon Feb 23 14:50:56 +0000 2015,Congrats to the YT Kids team!   http://t.co/p2SxK6ZD8C
567904423197814800,Wed Feb 18 04:32:20 +0000 2015,#Recode :) http://t.co/JDm7on4VRB
566468544133492740,Sat Feb 14 05:26:40 +0000 2015,Gotta love Park City http://t.co/YeObKowBck
565012097164005400,Tue Feb 10 04:59:16 +0000 2015,Why Teens Love YouTube’s Grace Helbig http://t.co/GTSXSUV2zE via @annehelen @buzzfeed
559758599665098750,Mon Jan 26 17:03:44 +0000 2015,Just in time! :) http://t.co/EElYP3NLRB
551076500221341700,Fri Jan 02 18:04:10 +0000 2015,What can beat this? :) http://t.co/zDnkcltSxt
550531951996993540,Thu Jan 01 06:00:20 +0000 2015,@RichBTIG @YouTube @SusanWojcicki maybe :)
545338490833993700,Wed Dec 17 22:03:22 +0000 2014,Great oped on maternity by @SusanWojcicki  http://t.co/0qRYwVawo2
543441977144918000,Fri Dec 12 16:27:18 +0000 2014,http://t.co/duCnfRAaps
543187048044064800,Thu Dec 11 23:34:18 +0000 2014,Serenity now.. http://t.co/cqPN0Mghft
542524585459998700,Wed Dec 10 03:41:55 +0000 2014,My favorite time of year: #YouTubeRewind! http://t.co/L94YaFnUfx
538125000759603200,Fri Nov 28 00:19:32 +0000 2014,Morning run in Kyoto. Spectacular.. http://t.co/UKvLBU1gkE
537056080443236350,Tue Nov 25 01:32:02 +0000 2014,Good morning Tokyo http://t.co/zNUckMx5kr
532648666419314700,Wed Nov 12 21:38:32 +0000 2014,RT @RichBTIG: SPOTTED: Look what happened when we just opened @YouTube app on our #Nexus5 new interface #music http://t.co/iZeUy34qRS
532560014968246300,Wed Nov 12 15:46:16 +0000 2014,Mornin' run at Pebble Beach http://t.co/cFIwGXVAKI
526575002209251300,Mon Oct 27 03:23:58 +0000 2014,RT @zeynep: What? RT @YourAnonNews Tens of thousands of Hungarians protest against a #tax on Internet traffic #Hungary http://t.co/NhV6F1Xk…
526206254256246800,Sun Oct 26 02:58:42 +0000 2014,Halloween season starting.. :) http://t.co/pVFuWnojML
522003678790963200,Tue Oct 14 12:39:10 +0000 2014,Breakfast with the royals of YouTube ;) http://t.co/2P1ZvCzvGT
521987886435291140,Tue Oct 14 11:36:24 +0000 2014,Just another day in London traffic http://t.co/EDZcMF1Ykl
519199250463195140,Mon Oct 06 18:55:22 +0000 2014,http://t.co/SNoLVnceaK
517224358939738100,Wed Oct 01 08:07:51 +0000 2014,@EntMagazineME @YouTube  It was my pleasure to be here for it! Exciting times in the region.
515929565819322400,Sat Sep 27 18:22:48 +0000 2014,Coolest story ever! http://t.co/8YkOvqGP6p
515618208921821200,Fri Sep 26 21:45:35 +0000 2014,Beautiful evening @ Madinat Jumeirah http://t.co/a8Hy4BSPgW
515256702783225860,Thu Sep 25 21:49:05 +0000 2014,You Tube Brandcast Paris was spectacular. Thanks everyone (and Cyprien! :) http://t.co/CsRUUqvpHw
514856927789330400,Wed Sep 24 19:20:31 +0000 2014,What a show at You Tube Brandcast, Berlin http://t.co/DPPpEAIrl5
514803641950023700,Wed Sep 24 15:48:47 +0000 2014,Meeting @daaruum was fun! http://t.co/nnp53OpViL
514702233770807300,Wed Sep 24 09:05:49 +0000 2014,Hello Berlin! Can't wait to meet everyone at YouTube Brandcast tonight! http://t.co/fUsrVPWkrY
507625742738280450,Thu Sep 04 20:26:22 +0000 2014,Captain of the industry :)   http://t.co/VIswmBRT3z
498924600701374460,Mon Aug 11 20:11:09 +0000 2014,@troyesivan - great to see your win last night. Congrats.
498923375058640900,Mon Aug 11 20:06:16 +0000 2014,@ZozeeBo .. Awesome to see your win last night! Congrats.
498923026402926600,Mon Aug 11 20:04:53 +0000 2014,@pewdiepie  Congrats on your win last night!
498912258420789250,Mon Aug 11 19:22:06 +0000 2014,@BethanyMota  congrats on your win last night and overall success. Awesome speech!
498911655485390850,Mon Aug 11 19:19:42 +0000 2014,@tyleroakley congratulations on your Teen Choice award!!
497959621378596860,Sat Aug 09 04:16:40 +0000 2014,Just posted a photo @ Rose Bowl Stadium http://t.co/6gJ5v256dV
497946913283375100,Sat Aug 09 03:26:10 +0000 2014,Sorry for the spam from my hacked account today.  All back to normal... Watching Rihanna and Eminem :) http://t.co/kLcqlz2HL1
494535972105625600,Wed Jul 30 17:32:18 +0000 2014,How awesome is this!! http://t.co/9FF6hLwgb6
489456750844579840,Wed Jul 16 17:09:17 +0000 2014,Amazing proposal!! Congrats (Btw: Jehan works for me :) http://t.co/jgw7QYLIH3
488441573026582500,Sun Jul 13 21:55:20 +0000 2014,The only people in the world who didn't see the game were on the field at Maracana @ Estádio do Maracanã http://t.co/cLBQ50DiVg
487986086325796860,Sat Jul 12 15:45:23 +0000 2014,Just posted a photo @ Praia De Copacabana - Posto 6 http://t.co/i4uhFetdXo
487986039186014200,Sat Jul 12 15:45:12 +0000 2014,Just posted a photo @ Praia De Copacabana - Posto 6 http://t.co/YBoBWuIZzN
487640266312937500,Fri Jul 11 16:51:14 +0000 2014,Almost.. Well, not really :) http://t.co/z31z1p8kMQ
487232266863538200,Thu Jul 10 13:49:59 +0000 2014,Morning climb to the clouds above Rio! Amazing!! @ Pedra da Gávea http://t.co/jxJRrQdWwF
486625379721809900,Tue Jul 08 21:38:26 +0000 2014,#BRAvsGER hockey score like this would be too high
484802271381688300,Thu Jul 03 20:54:03 +0000 2014,RT @davegoldberg: 3 in 5 people overshare at work, according to data collected by SurveyMonkey Audience. http://t.co/P8NIYlpB6u http://t.co…
481936372685475840,Wed Jun 25 23:05:59 +0000 2014,Awesome!!! @RichBTIG @BethanyMota @YouTube @BrianRobbinsTV
481853497277546500,Wed Jun 25 17:36:40 +0000 2014,Looking forward to Vidcon and all the amazing creators. http://t.co/izoLJAJRJv
479006594844221440,Tue Jun 17 21:04:06 +0000 2014,Kara stylin' :) http://t.co/YnMdab0ISj
478927172262830100,Tue Jun 17 15:48:30 +0000 2014,Wow, didn't think of it this way. http://t.co/XOGJcm9rCk
476047005911752700,Mon Jun 09 17:03:45 +0000 2014,Check out the #ProudToPlay campaign, trending now on YouTube: http://t.co/SfgVluQLFr
472469894043144200,Fri May 30 20:09:35 +0000 2014,RT @brooke: The @Recode conference #codecon was truly spectacular. @karaswisher and @waltmossberg and team nailed it. Best conference they …
464484787848507400,Thu May 08 19:19:37 +0000 2014,"@jacobsoboroff: So great to hang out with @SusanWojcicki, @rkyncl &amp; the @YouTube team at @YouTubeNation today. http://t.co/elawaUMGBA"
462426745569050600,Sat May 03 03:01:42 +0000 2014,At Google Netflix party in DC. Great time! http://t.co/0E1XCRPw4H
462253247483621400,Fri May 02 15:32:17 +0000 2014,@BethanyMota was so awesome at #you tubeupfront this week in NYC.  Proud to have her represent YouTube! http://t.co/bL4lOWYNEN
462215552388579300,Fri May 02 13:02:29 +0000 2014,Doing D.C. with @iamkidpresident and @thebradmontague at @politico Playbook Breakfast http://t.co/gCYMiWVTNs
462214283536109600,Fri May 02 12:57:27 +0000 2014,RT @RichBTIG: After #Brandcast asked 10-year old daughter if she knew @BethanyMota, response “Of Course Dad, I’m a Mota-vator” cc @rkyncl @…
461628637339746300,Wed Apr 30 22:10:18 +0000 2014,The difference between LA and NYC http://t.co/YcPyaUxRB9
461554101294465000,Wed Apr 30 17:14:07 +0000 2014,Great Brands + Amazing Content + Top Audience + Surprise Guest #brandcast2014 #YouTubeupfront http://t.co/UAklg08IaA
461288371403636740,Tue Apr 29 23:38:12 +0000 2014,Nice bag on Virgin America by @MichellePhan   :) http://t.co/lbjLlGGclx
461142584216543200,Tue Apr 29 13:58:54 +0000 2014,T -1 day to You Tube  Brandcast :) http://t.co/naqhBzPPFy
460744429985607700,Mon Apr 28 11:36:46 +0000 2014,Good morning, New York http://t.co/tz1XgjJVDY
457691570825748500,Sun Apr 20 01:25:48 +0000 2014,Get Ready for the Robot Invasion! Great YouTube Nation episode on robots: http://t.co/YQa3UIs0fI
451489942070259700,Wed Apr 02 22:42:45 +0000 2014,RT @TechCrunch: AwesomenessTV Buys YouTube Network Big Frame For $15 Million http://t.co/gn597slbKT by @ryanlawler
449193125748027400,Thu Mar 27 14:36:01 +0000 2014,Congrats Pro-7 and The Collective http://t.co/jlM8X6tmfW continued momentum for melding traditional and online companies
448223597056639000,Mon Mar 24 22:23:27 +0000 2014,RT @digitalshields: Last year's story: YouTube is a mess. CPMs awful. Creators revolt. This year: Disney buys Maker for like a billion. The…
448217458856321000,Mon Mar 24 21:59:04 +0000 2014,Congrats Disney and Maker! Great marriage!  http://t.co/nQjSCqmijs
448217456025145340,Mon Mar 24 21:59:03 +0000 2014,First class company,http://t.co/EVs1tL2azW
448185311932071940,Mon Mar 24 19:51:19 +0000 2014,Picturesque http://t.co/nVtOEqaRdY
445347576875720700,Sun Mar 16 23:55:11 +0000 2014,Super hot in Indian Wells!! http://t.co/merLItgfWX
444310653927301100,Fri Mar 14 03:14:49 +0000 2014,Great episode of YouTube Nation http://t.co/PjHBj6hhuk
443128208922128400,Mon Mar 10 20:56:12 +0000 2014,Great profile of Awesomness TV stars in today's @AdWeek  http://t.co/Ct3SFAzb05
438779002233172000,Wed Feb 26 20:54:00 +0000 2014,Congrats Zefr. First class company, first class investor. http://t.co/Emo4gg4sDK
437005936104730600,Fri Feb 21 23:28:29 +0000 2014,RT @SusanWojcicki: Cooking today with #Tastemade @stevenkydd http://t.co/YIZ1IQl5WA
436958783206461440,Fri Feb 21 20:21:06 +0000 2014,@SusanWojcicki decided to be Awesome (ness) :) http://t.co/snMh0uyDtZ
436541214804803600,Thu Feb 20 16:41:50 +0000 2014,Ukraine burning...on Vice News. http://t.co/e6eWdBgQ1L
435994982504071200,Wed Feb 19 04:31:18 +0000 2014,What's going on in Venezuela in a nutshell (English version) http://t.co/OrXN6xtmK1
435325024145117200,Mon Feb 17 08:09:08 +0000 2014,@AmeerahAltaweeL :) :)
434451481165439000,Fri Feb 14 22:17:59 +0000 2014,Cool video sketch by Michelle Phan for Valentines   http://t.co/h3q8NCfz8A
433403292488458240,Wed Feb 12 00:52:51 +0000 2014,http://t.co/w026r9oSrc
428617771446829060,Wed Jan 29 19:56:54 +0000 2014,http://t.co/ipChlEItFa
421472030995648500,Fri Jan 10 02:42:17 +0000 2014,Congrats Pew Die Pie!  http://t.co/Psn9W9hVDM
416454802747301900,Fri Dec 27 06:25:36 +0000 2013,Fun list to read: http://t.co/hYhgWkHS3r
413050235116470300,Tue Dec 17 20:57:04 +0000 2013,Awesome Christmas video :) http://t.co/ZWIeWipV29
411172718923358200,Thu Dec 12 16:36:30 +0000 2013,Nice op-ed by @RichRaddon http://t.co/YtkxJuHG1S on social / video
410875881616183300,Wed Dec 11 20:56:58 +0000 2013,You Tube rewind!  :) https://t.co/j4i1g3apHO
410055379985260540,Mon Dec 09 14:36:35 +0000 2013,36 degrees F in LA!
409060373384273900,Fri Dec 06 20:42:47 +0000 2013,Very cool trailer for Netflix's House of Cards season 2 http://t.co/t6ujPNIqxl
406861957505900540,Sat Nov 30 19:07:04 +0000 2013,Good morning Santa Monica mountains http://t.co/DvP2yckVLJ
405428147752955900,Tue Nov 26 20:09:37 +0000 2013,Great ad  http://t.co/QP2sgemeYZ
400325620489388000,Tue Nov 12 18:14:00 +0000 2013,Great to see Canal+ on YouTube!  http://t.co/jSxQYqeVIc
397163152473096200,Mon Nov 04 00:47:29 +0000 2013,Awesome show tonight.  Thank you everyone for making it happen.  And if you weren't there, watch it on YouTube. http://t.co/15OxN6doqX
397145728570888200,Sun Nov 03 23:38:14 +0000 2013,RT @RichBTIG: Very cool to see "Live" mean YouTube and not TV tonight  cc: @jonsteinberg @rkyncl #YTMA
395919589638279200,Thu Oct 31 14:26:00 +0000 2013,You Tube Music Awards on Sunday! http://t.co/Fv6Ek0Rt3C
394218194736394240,Sat Oct 26 21:45:16 +0000 2013,This is well done and funny  https://t.co/zsDGBRyj3o
390997327931916300,Fri Oct 18 00:26:42 +0000 2013,RT @RichBTIG: Loved @JonSteinberg @Buzzfeed referring to YouTube as modern day cable TV, esp for youth gen [VIDEO] http://t.co/f9zBA4zFYj  …
386227573422047200,Fri Oct 04 20:33:23 +0000 2013,@martinrogard from Paris with love! Meet in the next trip, OK? :)
385704485286600700,Thu Oct 03 09:54:50 +0000 2013,Bonjour Paris! http://t.co/KUkvIaNjGB
385125357630013440,Tue Oct 01 19:33:35 +0000 2013,Best DJ you can hire! Fly him in to anywhere!! He DJs at Lucca in Istanbul http://t.co/plRk0zQQVB
384178710121021440,Sun Sep 29 04:51:56 +0000 2013,Good morning San Fran... I mean Bosphorus! http://t.co/YGO5Lp8wdx
383325703300599800,Thu Sep 26 20:22:24 +0000 2013,Interviewed @DrBassemYoussef today.  What a treat! What a cool guy! http://t.co/zZIeYNJZ24
381573711197130750,Sun Sep 22 00:20:36 +0000 2013,RT @janamal: Great read: Why Generation Y Yuppies are Unhappy. http://t.co/tuyHtSACeM
380790036796411900,Thu Sep 19 20:26:34 +0000 2013,7 is a great number! http://t.co/SG2H4mDb6t
379823354514903040,Tue Sep 17 04:25:19 +0000 2013,Gary Clark Jr http://t.co/pVDKKXfsRz
379139890652647400,Sun Sep 15 07:09:28 +0000 2013,RT @mattcutts: Last weekend I did no email from Friday at ~6pm to Sunday at ~9pm. It worked pretty well, so I'm going to try that again.
377600514596167700,Wed Sep 11 01:12:32 +0000 2013,Obama live on YT right now speaking on Syria http://t.co/tXLJErvndT
372549881208254460,Wed Aug 28 02:43:07 +0000 2013,So funny... if you watch breaking bad..
371385877693341700,Sat Aug 24 21:37:48 +0000 2013,Pit crew in action. Fascinating! http://t.co/NWyNggA8Wz
370981944491655200,Fri Aug 23 18:52:42 +0000 2013,I want my YouTube! http://t.co/wfSZkxOjpx
370666004512141300,Thu Aug 22 21:57:16 +0000 2013,Kevin Spacey urges TV bosses to embrace Netflix and YouTube http://t.co/GeYB4Mtz18
370012157707964400,Wed Aug 21 02:39:07 +0000 2013,Tesla destroys safety tests http://t.co/71DNETJuzL
369834428891418600,Tue Aug 20 14:52:53 +0000 2013,This sounds really good!  RT @jack: Coffee, with a side of butter. http://t.co/an7Shsrbvy
369633147614281700,Tue Aug 20 01:33:04 +0000 2013,@RichBTIG @mcuban @elowitz @YouTube  8
368241963130425340,Fri Aug 16 05:25:00 +0000 2013,Very cool. RT @biz: Video: The SpaceX Grasshopper, via @nytimes http://t.co/6zGKjBj6Dt
368037495193100300,Thu Aug 15 15:52:31 +0000 2013,Congrats Tastemade! http://t.co/GP9UDzTJb6
366610759662317600,Sun Aug 11 17:23:11 +0000 2013,If you like food, this is for you http://t.co/wNpuZ6iGZl
365534199727390700,Thu Aug 08 18:05:19 +0000 2013,@karaswisher he probably isn't :)
365516318360862700,Thu Aug 08 16:54:15 +0000 2013,@karaswisher I don't think Lloyd likes what I am saying based on his expression :)
363352972933083140,Fri Aug 02 17:37:54 +0000 2013,http://t.co/PwUCbwh6bx
360774275042521100,Fri Jul 26 14:51:04 +0000 2013,@tweyh Please send me her email address and I'll have the G+ team look into it. Best, R
360582965329276900,Fri Jul 26 02:10:52 +0000 2013,RT @JasonHirschhorn: I wish life was as easy as @uber in SF.
359839010190921700,Wed Jul 24 00:54:40 +0000 2013,RT @Bill_Gross: "There’s a fool in every market, and if you don’t know who it is, it might be you." Bill Gurley quoting Warren Buffett at #…
359122609403088900,Mon Jul 22 01:27:57 +0000 2013,RT @mahagaber: Jon Oliver on #Egypt @TheDailyShow  http://t.co/DABcc315tO
358690491996852200,Sat Jul 20 20:50:52 +0000 2013,RT @tarungangwani: We have come a long way in communication, but the old way is admittedly tastier. /c @jack http://t.co/fdqWnj0HL7
357992070348152800,Thu Jul 18 22:35:35 +0000 2013,My favorite music curator @quincysmith doesn't disappoint, again!! http://t.co/prTyK5WoWe
357215659714818050,Tue Jul 16 19:10:24 +0000 2013,http://t.co/CZ6lztkNMX
353608549215117300,Sat Jul 06 20:17:02 +0000 2013,RT @Eunner: I just crash landed at SFO. Tail ripped off. Most everyone seems fine. I'm ok. Surreal... (at @flySFO) [pic] — https://t.co/E6U…
352563398573162500,Wed Jul 03 23:03:59 +0000 2013,Big moves in Egypt! Hopefully better road ahead..
351834604904276000,Mon Jul 01 22:48:01 +0000 2013,Hello Grand Teton http://t.co/ZaNPLD0nmK
349496957061967900,Tue Jun 25 11:59:02 +0000 2013,This is so funny. Head Djokovich/Sharapova ad :)  http://t.co/u8oQOYX2IU
348355564520226800,Sat Jun 22 08:23:33 +0000 2013,Jon Stewart on Bassem Youssef's show https://t.co/MWoVPBdiJ1
347861117646823400,Thu Jun 20 23:38:48 +0000 2013,Tinie tempah http://t.co/p1EBv6OsPT
347849178535317500,Thu Jun 20 22:51:21 +0000 2013,Tinie Tenpah http://t.co/E2YjTEw8br
347684689630355460,Thu Jun 20 11:57:44 +0000 2013,@JC7777 and @fer_machado123 kicked my butt at their Cannes Lions speech
347672151249276900,Thu Jun 20 11:07:55 +0000 2013,Up in five min! :) http://t.co/XFW23iARxg
347210768313372700,Wed Jun 19 04:34:32 +0000 2013,Good Morning http://t.co/EzM0VzbrIP
346697534699364350,Mon Jun 17 18:35:08 +0000 2013,More velocity for Fullscreen http://t.co/luNEYzgnGm
346129882968899600,Sun Jun 16 04:59:29 +0000 2013,http://t.co/YpMhzbQqfr
343876623591936000,Sun Jun 09 23:45:50 +0000 2013,@AmeerahAltaweeL you are on! How could I pass on that!! + will love to see big progress with TimeTalent :)
343874699886985200,Sun Jun 09 23:38:11 +0000 2013,@AmeerahAltaweeL  and TimeTalents were awesome @YouTube  Come back anytime! :)
343529678977507300,Sun Jun 09 00:47:12 +0000 2013,RT @PRISM_NSA: Based on last night's data from iPhone/Android cameras, 17% of Americans still dance like no one is watching
342657257328226300,Thu Jun 06 15:00:31 +0000 2013,RT @JasonHirschhorn: New @YouTube channel pages are really a huge improvement. cc: @rkyncl @shivar @Topdror http://t.co/kUjVFYY6wZ
340145865723359200,Thu May 30 16:41:08 +0000 2013,Congrats to Discovery and Phil! http://t.co/gRbz9Umuwv
334884022528380900,Thu May 16 04:12:27 +0000 2013,RT @janamal: Cool feature: Gmail is getting quick action buttons that let you RSVP to events, rate restaurants, view flights  http://t.co/O…
334159204443119600,Tue May 14 04:12:17 +0000 2013,Good morning http://t.co/dpzR0XEAyi
332601673237278700,Thu May 09 21:03:13 +0000 2013,RT @RichBTIG: Interesting @YouTube introduces paid subscriptions same day Senator McCain introduces new a la carte bill, Jim Henson TV only…
331490786938085400,Mon May 06 19:28:57 +0000 2013,Nike write up on ads by Peter Kafka http://t.co/YLT3k5j4KY
329759575286874100,Thu May 02 00:49:44 +0000 2013,RT @Awesomeosity: First "Harlem Shake" shout out by @rkyncl at the @YouTube Brandcast.
329624110399361000,Wed May 01 15:51:27 +0000 2013,Brandcast prep! Very high tech!! http://t.co/yTlRvud5uq
329599396754911200,Wed May 01 14:13:14 +0000 2013,Dreamworks acquires Awesomeness TV! Congrats Jeffrey and Brian! Amazing momentum. http://t.co/oPh9DhahE0
329018747476131840,Mon Apr 29 23:45:56 +0000 2013,RT @JasonHirschhorn: Not All Businesses Are Meant to Last Forever: Courtney William Holt at TEDxHollywood - YouTube http://t.co/Zvpv4UkOiN
328702133497126900,Mon Apr 29 02:47:50 +0000 2013,Luis CK is on to something http://t.co/Z1xglsahzW
327159304878702600,Wed Apr 24 20:37:11 +0000 2013,RT @mahagaber: @DrBassemYoussef talking about on the power of YouTube cc: @rkyncl  http://t.co/Xyg1nqK5Ar
326873197242892300,Wed Apr 24 01:40:17 +0000 2013,@mahagaber nice!!
325858918284800000,Sun Apr 21 06:29:54 +0000 2013,RT @sacca: How generous of Fox News to give the President's speech a full 17 seconds of coverage: http://t.co/BPdHaeqCj5
325045711844560900,Fri Apr 19 00:38:31 +0000 2013,Ricky Gervais is so funny rapping, talking about YouTube and Twitter. Worth watching the entire thing!!! http://t.co/5fhPmV8Kjd
324911645111492600,Thu Apr 18 15:45:47 +0000 2013,RT @DrBassemYoussef: Bassem Youssef is my hero." Jon Stewart, in his entry for Time 100. http://t.co/DWdbSshLik
324612567882420200,Wed Apr 17 19:57:21 +0000 2013,Congrats! http://t.co/LeOkSOhnlo
324337206531608600,Wed Apr 17 01:43:10 +0000 2013,Good for you, Kmart!!! Funniest ad.. http://t.co/ftlpy0LFYM
323634419300716540,Mon Apr 15 03:10:33 +0000 2013,RT @tonyhawk: Woman seated in front of me rudely cut me off while boarding because she assumed I wasn't in first… http://t.co/Ch801kzghD
323465471083032600,Sun Apr 14 15:59:12 +0000 2013,RT @mahagaber: Just got to the Peeta Planet press event follow them on Google+ and YouTube #peetaplanet http://t.co/jxaKxWubU7
322346324534104060,Thu Apr 11 13:52:07 +0000 2013,Advertiser behaving like content creator =&gt; resulting in sales! great story about Dollar Shave Club http://t.co/YEbZegWuaA
321985713035964400,Wed Apr 10 13:59:10 +0000 2013,brilliant! http://t.co/z8SrBNtXtJ
321489012911124500,Tue Apr 09 05:05:28 +0000 2013,:)  http://t.co/fvg9S4TrP0
321394989030584300,Mon Apr 08 22:51:51 +0000 2013,Awesome article on Ellen's use of YouTube http://t.co/XdBN2PaYQu
321036911391146000,Sun Apr 07 23:08:58 +0000 2013,Congrats Bassem!! :) http://t.co/Qlod5eu4Vp
321010203724238850,Sun Apr 07 21:22:51 +0000 2013,RT @PeterGuber: RT @wharton RT @Penn: Thomas Friedman: "The world doesn't care what you know, just what you can do with what you know."
320712626688651260,Sun Apr 07 01:40:23 +0000 2013,RT @sacca: Walking through hipster fashion boutiques realizing I'm not skinny enough to pay too much for my clothes.
320411852360265700,Sat Apr 06 05:45:13 +0000 2013,Congrats Malik http://t.co/Kznj5jCm8k
320277671525351400,Fri Apr 05 20:52:02 +0000 2013,very cool read! (If you liked Harlem Shake) http://t.co/js45aJqCSd
319991169096507400,Fri Apr 05 01:53:34 +0000 2013,Chernin, Comcast Investing in YouTube Tools Startup Fullscreen  http://t.co/ZU1USNcr7P
319473484973608960,Wed Apr 03 15:36:29 +0000 2013,First phone call made 40 years ago today!   http://t.co/LgHm8ynAXu
319108625887027200,Tue Apr 02 15:26:39 +0000 2013,Kimmel leads late night pack for digital eyeballs http://t.co/badwJawBeZ
318565889937117200,Mon Apr 01 03:30:01 +0000 2013,RT @HuffPostWorld: Egypt's Jon Stewart released on bail http://t.co/cpxQ8WyIBp
315854079429574660,Sun Mar 24 15:54:15 +0000 2013,20K vertical before 9am! 6 degrees F.. cold! http://t.co/lDyplKRxxG
315494675001786400,Sat Mar 23 16:06:06 +0000 2013,17k vertical before 9am! Wow!
314852064477982700,Thu Mar 21 21:32:36 +0000 2013,This video of Bassem Youssef's journey is awesome. http://t.co/WvjFJpmaqG
314556117600587800,Thu Mar 21 01:56:37 +0000 2013,1 billion!!!   http://t.co/HYpQ8eqgOZ
314454455129083900,Wed Mar 20 19:12:39 +0000 2013,watch this now! from Simon Cowell and OneD! http://t.co/ioYa2XLC0t
314373529279815700,Wed Mar 20 13:51:04 +0000 2013,Well done, Aryeh http://t.co/TnLJw6peqs
313905480856653800,Tue Mar 19 06:51:13 +0000 2013,How A YouTube Sensation Beat Justin Timberlake And The Music Industry http://t.co/WskD49QetY via @zite
312981319321792500,Sat Mar 16 17:38:56 +0000 2013,RT @PeterGuber: the incredible shrinking ad...important considerations for the future of #mobile advertising http://t.co/Y10phRQjYq
312413179508555800,Fri Mar 15 04:01:21 +0000 2013,love this! http://t.co/0xqqHIz8Rc
312244565979566100,Thu Mar 14 16:51:20 +0000 2013,Tune in on March 20th! http://t.co/Zo80vWn1uF
311912670523699200,Wed Mar 13 18:52:30 +0000 2013,Pope election live on YouTube! http://t.co/RLcV7NHfid
311899405827579900,Wed Mar 13 17:59:47 +0000 2013,RT @Arubin: No plans to leave Google.  Oh, and just for meme completeness -- there are over 900,000 android devices activated each day : ...
311361057853677600,Tue Mar 12 06:20:35 +0000 2013,From San Diego To San Francisco – California’s Gnarliest Surf Photographers  http://t.co/PV9LRui6Ib
311152953555824640,Mon Mar 11 16:33:39 +0000 2013,Great article on Awesomness TV.  http://t.co/5ZMW29Qogb
310955748828016640,Mon Mar 11 03:30:02 +0000 2013,I'm Pinterested. http://t.co/FlCZYmNxAW
310225640618086400,Sat Mar 09 03:08:51 +0000 2013,What an inspiring story! http://t.co/hTKcvc9jFq
310059400071110660,Fri Mar 08 16:08:16 +0000 2013,Good morning :) http://t.co/VfFZmLxYiy
309785674545000450,Thu Mar 07 22:00:35 +0000 2013,zefr is a very exciting company. RT @bennyluo: @rkyncl I Robert! Check out our recent interview with ZEFR http://t.co/XXcYG0RR3n
309711143851659260,Thu Mar 07 17:04:25 +0000 2013,Congrats Alloy on $30M round! http://t.co/VZMaqChKzZ
309076829979959300,Tue Mar 05 23:03:53 +0000 2013,God bless the queen...and thank god for YouTube!  :)  http://t.co/vvMjCc6RPl
308994164035575800,Tue Mar 05 17:35:24 +0000 2013,Well done, Jim. http://t.co/5aAfHJoYzD
308975063451963400,Tue Mar 05 16:19:30 +0000 2013,Shishir's not so secret talent! http://t.co/xn2qfRYmuX
308651508977791000,Mon Mar 04 18:53:48 +0000 2013,Congrats on the launch Tastemade! http://t.co/kO350Yqgxv
307906003331080200,Sat Mar 02 17:31:26 +0000 2013,:) :) http://t.co/qew6KKCDmE
307610177966850050,Fri Mar 01 21:55:56 +0000 2013,Vice hits 1M subs on YouTube. Congrats Shane &amp; Co!  http://t.co/r5qP3bPQC2
307569111997751300,Fri Mar 01 19:12:45 +0000 2013,Harlem Shake fun.. http://t.co/DXO4aB1q5w
307227948832935940,Thu Feb 28 20:37:05 +0000 2013,congrats StyleHaul on Bertlesmann investment!  http://t.co/k4N45Zd6nm
307225150514929660,Thu Feb 28 20:25:58 +0000 2013,Funny! http://t.co/01EhX4DKUN
306622732278304800,Wed Feb 27 04:32:10 +0000 2013,RT @pkafka: Readers' take on Cablevision v. Viacom: The Web, not the courts, will break the bundle, w/original programs. http://t.co/ldF ...
305840026498002940,Mon Feb 25 00:41:59 +0000 2013,it all looks so simple from distance http://t.co/Gvm21a7RR3
304807652091895800,Fri Feb 22 04:19:41 +0000 2013,RT @om: Exclusive: "GigaOM has learned that  Airtel is deploying a pretty large-scale pan african Wi-Fi network for data.. http://t.co/2 ...
304725385352990700,Thu Feb 21 22:52:48 +0000 2013,Chromebook Pixel = the best computer I've ever used! Awesome http://t.co/wCKnBBrTAb
304386759725305860,Thu Feb 21 00:27:13 +0000 2013,Billboard + YouTube = Awesome http://t.co/42EyzrrQpD
304259520060854300,Wed Feb 20 16:01:37 +0000 2013,Great partnership between Fox and Wigs! Forward leaning on both sides! http://t.co/zqjzKfzV
303330582853730300,Mon Feb 18 02:30:21 +0000 2013,RT @brooke: Netflix + House of Cards + AppleTV + HDTV + red wine + roast chicken = Perfect Sunday
302999167104589800,Sun Feb 17 04:33:25 +0000 2013,The Harlem Shake Has Exploded (Updated)  http://t.co/IIKV3XVE
302833227838656500,Sat Feb 16 17:34:02 +0000 2013,Hello Telluride! http://t.co/7LmD9Uj1
302535070340767740,Fri Feb 15 21:49:16 +0000 2013,Worth reading every word. Great use of YouTube. http://t.co/kwMyuk3k
302128437664043000,Thu Feb 14 18:53:27 +0000 2013,pretty cool http://t.co/CUOldCPf
301004305396289540,Mon Feb 11 16:26:33 +0000 2013,Hello deer valley http://t.co/KPYjx2fC
300840143307284500,Mon Feb 11 05:34:14 +0000 2013,Isn't this awesome?! :) http://t.co/sqs70GvQ
300415233963466750,Sun Feb 10 01:25:47 +0000 2013,RT @MediaReDEF: Courtney C. Radsch: Twitter vs. the Emir: Tweeting in Kuwait Becoming a Dangerous Pastime http://t.co/rOVwgl4Q
299726767336353800,Fri Feb 08 03:50:04 +0000 2013,This is actually funny http://t.co/NP1fyUqv
299316674388168700,Thu Feb 07 00:40:30 +0000 2013,Good luck Hunter: Google and Twitter execs form VC fund http://t.co/Gvfx1MaF via @FortuneMagazine
299233186116948000,Wed Feb 06 19:08:45 +0000 2013,jeffrey always thinking ahead RT @MediaReDEF: DreamWorks CEO Katzenberg sees big profit in small screens http://t.co/042A3Nup
298642664369299460,Tue Feb 05 04:02:14 +0000 2013,great story! http://t.co/w8cP9o5S
298183897026527200,Sun Feb 03 21:39:15 +0000 2013,The Virtual Middle Class Rises  http://t.co/ovpeSJXD
297763214341582850,Sat Feb 02 17:47:37 +0000 2013,Honor was all mine. Great organization. "@Mazroa: We are honored to have Robert Kyncl @rkyncl VP &amp; YouTube here visiting us in @TimeTalents"
297761434983608300,Sat Feb 02 17:40:32 +0000 2013,The pleasure was mine! "@mandowi: @mahagaber @uturnent @ansabd  @aitmit it was a pleasure meeting you all. Chapter 1: The Dinner at Elements
297682081478217700,Sat Feb 02 12:25:13 +0000 2013,Humble lunch http://t.co/hKOgE75R
297656153171718140,Sat Feb 02 10:42:11 +0000 2013,RT @Azizshalan: تشرفنا بزيارة نائب الرئيس التنفيذي ليوتيوب السيد روبرت @Rkyncl  وفريق قوقل لمكتب سي  ثري فلمز Thank u YouTube فلمز ... h ...
296905157952827400,Thu Jan 31 08:58:00 +0000 2013,Hanging with film school students at SAE Institute in Amman. Amazing creative forces and passion here! http://t.co/0wyzYEWx
296847058688692200,Thu Jan 31 05:07:08 +0000 2013,Fingers crossed for NFLX http://t.co/0l1CXrcd
295772989675413500,Mon Jan 28 05:59:12 +0000 2013,Good morning Dubai (take that fog, San Francisco!) http://t.co/ObbjTyaH
294919279642570750,Fri Jan 25 21:26:50 +0000 2013,; )   http://t.co/YZuumBMZ
292689201118453760,Sat Jan 19 17:45:18 +0000 2013,RT @TechCrunch: An Unlikely Tech Hub, Utah Shows Its YouTube Prowess http://t.co/bP4v44p0 by @jesse    Go Utah!
292687423027154940,Sat Jan 19 17:38:14 +0000 2013,RT @engadget: Pandora cranked out over 13 billion hours of music in 2012 -  http://t.co/tfZnuacx   Impressive
292102247058374660,Fri Jan 18 02:52:57 +0000 2013,Real actors against web videos!  https://t.co/zKesShpZ
292036698387382300,Thu Jan 17 22:32:29 +0000 2013,Yep! http://t.co/emJrbcSl
291168717050626050,Tue Jan 15 13:03:26 +0000 2013,it's a start http://t.co/01obZ07p
290871111669911550,Mon Jan 14 17:20:51 +0000 2013,RT @TechCrunch: Netflix Signs Multi-Year Licensing Agreement With Turner Broadcasting And Warner Bros․ Television http://t.co/xj3dT5Cs b ...
290871049753612300,Mon Jan 14 17:20:37 +0000 2013,nicely done, Maker! http://t.co/vEHGFnyu
290838880054304800,Mon Jan 14 15:12:48 +0000 2013,Good morning http://t.co/jmd8VQV0
290236151913127940,Sat Jan 12 23:17:45 +0000 2013,Young people are screwed... Here’s how to survive http://t.co/zbVmFV5G &lt;- love this post especially when i'm accurately called "a nobody"
290005122564624400,Sat Jan 12 07:59:43 +0000 2013,RT @harvardbiz It's Time for a "Slow Conversation" Movement http://t.co/csYnja6O   How true!
288821752002383900,Wed Jan 09 01:37:26 +0000 2013,My account got hacked.  Don't click on any links from me today.
288669263928098800,Tue Jan 08 15:31:30 +0000 2013,Very thoughtful of Qatar  http://t.co/2JhTJ4DA
288519707349368800,Tue Jan 08 05:37:13 +0000 2013,RT @MediaReDEF: The Cliff and the Cloud - Michael Kassan http://t.co/7UHurknY
288428855235051500,Mon Jan 07 23:36:12 +0000 2013,Wow, impressive audience! Great show... http://t.co/dpsahuOh
288003302430490620,Sun Jan 06 19:25:12 +0000 2013,RT @TechCrunch: HBO Inks Exclusive Deal With Universal To Keep Content Out Of Netflix's Hands http://t.co/OEJOMXOZ by @ingridlunden
287749156360028160,Sun Jan 06 02:35:19 +0000 2013,RT @om: From ClownCo to Video Star: Hulu beyond Jason Kilar -- my take on the company' future &amp; what Kilar accomplished http://t.co/ ...
287733358295908350,Sun Jan 06 01:32:33 +0000 2013,RT @MediaReDEF: Turner and Ben Silverman Banking on 'Big Bang' Crowd for 'King of Nerds' http://t.co/hasQSuVs
287289186506141700,Fri Jan 04 20:07:34 +0000 2013,Spotify Stops Selling Downloads http://t.co/RE6MIDn1
282179137672712200,Fri Dec 21 17:42:03 +0000 2012,You know what's cool? 1 billion! Congratulations Psy!!! http://t.co/j5RAQoAq
281918128340996100,Fri Dec 21 00:24:54 +0000 2012,How to play the violin for 20 thousand people when the sound goes out http://t.co/hMP42B8d
281894985882812400,Thu Dec 20 22:52:56 +0000 2012,Congrats Maker Studios!  http://t.co/kSeQrIsD
281478640657641470,Wed Dec 19 19:18:32 +0000 2012,Entertainment Tonight's piece on Rewind YouTube Style http://t.co/nmhUgZbc
281437782298218500,Wed Dec 19 16:36:10 +0000 2012,Thank you Ad Week http://t.co/2gnHgOvH
281325450746265600,Wed Dec 19 09:09:48 +0000 2012,Is this the most viewed video on YouTube in one day? Looks like it.. http://t.co/Eik0A623
281292412691828740,Wed Dec 19 06:58:32 +0000 2012,Just saw Django..it's awesome...QT at his best.
280910307235348480,Tue Dec 18 05:40:10 +0000 2012,Pure awesomeness!  Forward it on!!! https://t.co/bLLwoGzG
280757612042133500,Mon Dec 17 19:33:25 +0000 2012,congrats Hulu  http://t.co/evMtZUAb
280551158869815300,Mon Dec 17 05:53:03 +0000 2012,Dianne Feinstein To Introduce Assault Weapons Ban On First Day Of Congress  http://t.co/X9VkSE00
280140964427862000,Sun Dec 16 02:43:05 +0000 2012,Jon Stewart 8 Mile :) http://t.co/xxpmRVIb
279863881617272830,Sat Dec 15 08:22:03 +0000 2012,Very sad day. Time to do something about guns. You can start here: http://t.co/fPCPlc2y
279498877332246530,Fri Dec 14 08:11:39 +0000 2012,Amazon, Apple, and the beauty of low margins — Remains of the Day  http://t.co/b0UJzvVm
279452190614110200,Fri Dec 14 05:06:08 +0000 2012,so cool...http://t.co/2l5xR71Q
279432693261950980,Fri Dec 14 03:48:40 +0000 2012,Shira Lazar gathers top YouTube stars for site’s first telethon http://t.co/wfaXv6AM
279424321162706940,Fri Dec 14 03:15:24 +0000 2012,great review of Google Maps (for IOS) http://t.co/wD6U9itB
279289802862493700,Thu Dec 13 18:20:52 +0000 2012,Go http://t.co/2ufAoiqn  http://t.co/nLAPR4CW
279281983660646400,Thu Dec 13 17:49:48 +0000 2012,Congrats MiTu, Peter, Allen...http://t.co/yjYlVPPS
279242761218162700,Thu Dec 13 15:13:57 +0000 2012,@afreston they already do: )
279088528858685440,Thu Dec 13 05:01:05 +0000 2012,http://t.co/LxS7bDCM
278220085729038340,Mon Dec 10 19:30:12 +0000 2012,Iran's YouTube... http://t.co/gwOG4m8W
276912283786039300,Fri Dec 07 04:53:27 +0000 2012,fun  http://t.co/jZA2S7QM
275135916878729200,Sun Dec 02 07:14:49 +0000 2012,Argo is worth seeing even from front row.  Awesome movie.
272900399567081470,Mon Nov 26 03:11:40 +0000 2012,makes me wanna work out! worth watching all the way to the end! http://t.co/SCTCYg3b
272446807651520500,Sat Nov 24 21:09:15 +0000 2012,Congrats PSY  http://t.co/MF0oWD4H
272393968359190530,Sat Nov 24 17:39:17 +0000 2012,RT @richgreenfield1: Gangham Style now #1 most viewed video of all time on @youtube only went live on 7/15/12 - amazing http://t.co/dtu5 ...
271760368550936580,Thu Nov 22 23:41:35 +0000 2012,Black Friday: Because only in America, people trample others for sales exactly one day after being thankful for what they already have..
271716551915347970,Thu Nov 22 20:47:28 +0000 2012,RT @janamal: This should be taught in Econ classes everywhere: Why Coke Cost A Nickel For 70 Years http://t.co/Gkf7xUaJ
271099410258227200,Wed Nov 21 03:55:10 +0000 2012,Congrats Maker! http://t.co/lOs9xkvZ
266566905366724600,Thu Nov 08 15:44:37 +0000 2012,I liked a @YouTube video from @adamraycomedy http://t.co/VJrS3nHD Romney practices concession speech
265253411858022400,Mon Nov 05 00:45:16 +0000 2012,Good Sunday eve reading http://t.co/OpifEnJR
258373875249856500,Wed Oct 17 01:08:26 +0000 2012,Watching presidential election on You Tube, on a phone, in the car..fantastic quality...how times change
257542607691976700,Sun Oct 14 18:05:17 +0000 2012,RT @RedBullStratos: The live feed has officially begun. http://t.co/rf5aDN7D  #stratos #livejump
257512481025572860,Sun Oct 14 16:05:34 +0000 2012,watch Felix Baumgartner jump from the edge of space...live on YT  http://t.co/kdbRNr1o
256314087447883780,Thu Oct 11 08:43:35 +0000 2012,I liked a @YouTube video http://t.co/cIxDN4yS I'm Yours(ukulele)
253046155167027200,Tue Oct 02 08:17:59 +0000 2012,exciting to see  http://t.co/DpifBNl4
251346241982722050,Thu Sep 27 15:43:08 +0000 2012,Broadcast =&gt; internet http://t.co/MgKmeBhq
250646396913463300,Tue Sep 25 17:22:12 +0000 2012,Good stuff, Everyday Health  http://t.co/6lDw8CbZ
248274876744466430,Wed Sep 19 04:18:37 +0000 2012,I liked a @YouTube video http://t.co/0BMtm41H Vanessa &amp; Jan (+ Georgia Trailer) | Ep. 6 of 6 | Feat. Laura Sp
244951356157345800,Mon Sep 10 00:12:08 +0000 2012,I liked a @YouTube video http://t.co/LmiI05ne A Late Night Escape in Taipei - Jeremy Lin ft. David Lee
244220292749221900,Fri Sep 07 23:47:09 +0000 2012,A Digital Place For The Global Dance Community - Forbes http://t.co/5UBUfwld via @sharethis
243010543986810880,Tue Sep 04 15:40:03 +0000 2012,Congrats, Brian! Next-Gen Media Startup Bedrocket Media Ventures Raises $15 Million From NEA http://t.co/Fbbtblbd via @techcrunch
238887942196703230,Fri Aug 24 06:38:18 +0000 2012,Love India http://t.co/tVcUEfK3
238798647549128700,Fri Aug 24 00:43:28 +0000 2012,Awesome MacTaggert lecture at the Edinburgh Intn'l TV Festival by Liz Murdoch. Worth the read! http://t.co/LWRnXvr8. Well done Liz.
238386115814506500,Wed Aug 22 21:24:13 +0000 2012,RT @kingsthings: Thrilled to be covering #Election2012 w/ #live coverage on @YouTubePolitics follow @OraPolitics 4 clips &amp; tune in i ...
238285059340251140,Wed Aug 22 14:42:39 +0000 2012,RT @mashable: YouTube Wants to Be Your Go-To for Election Coverage http://t.co/swZZiivy
235776356846301200,Wed Aug 15 16:33:58 +0000 2012,Congrats Movieclips  http://t.co/1yp0vQqR
234001553856532480,Fri Aug 10 19:01:32 +0000 2012,http://t.co/e2lOwKtO
231372913540997120,Fri Aug 03 12:56:15 +0000 2012,http://t.co/epp6yigM
227770144204673020,Tue Jul 24 14:20:08 +0000 2012,Great story  http://t.co/XkH3L7oK
223531350555238400,Thu Jul 12 21:36:41 +0000 2012,nice piece on online video http://t.co/7gyxrnlU
222424805436166140,Mon Jul 09 20:19:40 +0000 2012,great story...http://goo.gl/F9FsT
220916454239895550,Thu Jul 05 16:26:01 +0000 2012,quite funny...and really happening http://t.co/QhPsIEfq
218535817180749820,Fri Jun 29 02:46:15 +0000 2012,This is awesome http://t.co/DuvoBv1u
210808138729926660,Thu Jun 07 18:59:11 +0000 2012,I liked a @YouTube video http://t.co/pVl9Fb0u IT HAS BEGUN: BANANAPOCALYPSE
202803623791566850,Wed May 16 16:52:06 +0000 2012,youtube light tv viewers http://t.co/89gulw1m via @techcrunch
202592355331743740,Wed May 16 02:52:36 +0000 2012,JAN -- Ep. 1 of 15 (feat. Caitlin Gerard, Stephen Moyer, and Virginia Ma...: http://t.co/1jyxeFAY via @youtube
197696326530633730,Wed May 02 14:37:35 +0000 2012,Big Day! http://t.co/tTMNSIvb
191171221314998270,Sat Apr 14 14:29:05 +0000 2012,I liked a @YouTube video http://t.co/rto2bDvV ARCHIVOS MORTALES El terror llega a la web con el trágico docum
183763032193769470,Sun Mar 25 03:51:35 +0000 2012,I liked a @YouTube video from @comedycentral http://t.co/vSvvI1Ig Key &amp; Peele: A December to Remember
180896520802017280,Sat Mar 17 06:01:06 +0000 2012,these guys are funny http://t.co/2WvPWX9i
170663194929545200,Sat Feb 18 00:17:31 +0000 2012,Nice review of Young Hollywood on KTLA. http://t.co/AEvXYDN7. Exciting to see.
168931014301847550,Mon Feb 13 05:34:27 +0000 2012,http://t.co/BMxUpfO0
168886164714033150,Mon Feb 13 02:36:14 +0000 2012,Fuse streaming their YouTube channel from the Grammys, picture in picture right now. Innovation at its best.
164549612043124740,Wed Feb 01 03:24:19 +0000 2012,RT @IGN: Check out START’s premiere talk show Up At Noon with Greg Miller with special guest @GlenSchofield of @shgames! http://t.co/P7h ...
161673666340458500,Tue Jan 24 04:56:20 +0000 2012,YouTube video-game channel Machinima aims for the next level http://t.co/y0lQg0DT
92656747424133120,Sun Jul 17 18:07:44 +0000 2011,TED's Chris Anderson: the man who made YouTube clever http://zite.to/qhZfiu via @zite
92628900789751800,Sun Jul 17 16:17:05 +0000 2011,Analysis: News Corp Approaches Its Make Or Break Climax http://zite.to/oEW5w3 via @zite
85659305134661630,Tue Jun 28 10:42:24 +0000 2011,Happy 5th Birthday, TED Talks: 5 All-Time Favorite Talks http://zite.to/j84YT3 via @zite
79401603253272580,Sat Jun 11 04:16:32 +0000 2011,RT @mashable: Angry Twitter Birds Topple Arab Dictator in French TV Ad [VIDEO] - http://on.mash.to/jm6OZa
74602375993757700,Sat May 28 22:26:07 +0000 2011,Ditto
67801495747309570,Tue May 10 04:01:50 +0000 2011,RT @mashable: Groupon & Live Nation To Launch Local Ticketing Service - http://on.mash.to/j9X1J4
67251997509812220,Sun May 08 15:38:20 +0000 2011,The Next 10 Years Will Be Great For Both Founders And VCs http://t.co/uvVw8tj via @techcrunch
66724977092726780,Sat May 07 04:44:08 +0000 2011,RT @mashable: Now trending on Mashable: Royal Wedding Has More YouTube Views Than Britain Has People - http://on.mash.to/l9O8hz
21761866291,Sat Aug 21 16:36:52 +0000 2010,“@om: I am so tired that all I can do is watch season one of stargate atlantis via netflix on ipad. #weekendishere”
20094382366,Sun Aug 01 23:06:30 +0000 2010,http://www.nytimes.com/2010/08/01/opinion/01friedman.htm?_r=1
