id,created_at,text
938781223903776800,Thu Dec 07 14:44:20 +0000 2017,RT @deuxhommesenor: Ce vendredi à #2HO : Karine Gonthier-Hyndman, @sarahjlabrosse ainsi que Mélissa Lefebvre et Arina Ianioglo qui nous par…
938237350420910100,Wed Dec 06 02:43:10 +0000 2017,Merci infiniment @ataillefer ❤️ #byedoc https://t.co/RtBybrz010
887465461570523100,Wed Jul 19 00:13:49 +0000 2017,Pour vrai j'ai encore oublié que j'avais twitter.
875143748086153200,Thu Jun 15 00:11:43 +0000 2017,River Phoenix // "People are constantly trying to make an image for you. They'll dress you up… https://t.co/W1To6ZlltK
870805819121700900,Sat Jun 03 00:54:20 +0000 2017,Premier #balteljeunes pour moi ce soir 😍✨🐟
858859497728725000,Mon May 01 01:43:55 +0000 2017,RT @CinemasCineplex: Toute l'équipe est fière de présenter la première de #BCBC2 ce soir! Avez-vous hâte de le voir? https://t.co/GwyLaeQEJe
858859131666661400,Mon May 01 01:42:28 +0000 2017,RT @guyalepage: Pour ma part, le scénario de #BCBC2 est beaucoup plus intéressant que le premier. Et les deux cops sont vraiment bons.  #TL…
850185749106393100,Fri Apr 07 03:17:32 +0000 2017,RT @Lesechangistes: On craque pour les capsules @Teljeunes! Comme dit @sarahjlabrosse : « Textos, téléphone, email »! #Leséchangistes https…
850185695960477700,Fri Apr 07 03:17:20 +0000 2017,@VirginieLali allo ❤❤❤
831889177407082500,Wed Feb 15 15:33:30 +0000 2017,quand viens l'temps de te montrer mes lunettes j'oublie pas que j'ai twitter hein. : https://t.co/8PYYtKmiSJ
828377055427334100,Sun Feb 05 22:57:35 +0000 2017,botanics par @caerus95 (Je porte les Subrosa, mon modèle de lunettes bonlook. C'est un dream… https://t.co/7pljWzf3Af
818971250697576400,Wed Jan 11 00:02:16 +0000 2017,Vidéo de cotejulianne https://t.co/pxcUIdn5NT
804416788620603400,Thu Dec 01 20:08:02 +0000 2016,L'hivernal en Terracotta. 🎁(https://t.co/71B2ZZgPx0) https://t.co/fXzqPJZDjW
801502826962755600,Wed Nov 23 19:08:59 +0000 2016,RT @Teljeunes: La nouvelle porte-parole de @Teljeunes : @sarahjlabrosse! Elle saura parfaitement soutenir et représenter les jeunes https:/…
801502761816883200,Wed Nov 23 19:08:44 +0000 2016,@alary_edith la compagnie c'est "toujours correct"!
801206321081000000,Tue Nov 22 23:30:47 +0000 2016,Merci telus! #teljeunes https://t.co/e6yCt2SaGr
801193074487480300,Tue Nov 22 22:38:09 +0000 2016,RT @OrsiniMarina: Soiree TEL JEUNES! Avec La nouvelle porte-parole! Sarah Jeanne Labrosse!☀️💛☀️💛 https://t.co/kYCMlfBEfL
759912169693519900,Mon Aug 01 00:42:34 +0000 2016,RT @Felixantoinet: On va mourir (de joie). #CelineDionMTL #celine @sarahjlabrosse https://t.co/tM5j8u9bHX
746891547392745500,Sun Jun 26 02:23:16 +0000 2016,🐳 to the pool  @cristiantony_cr  @frederiqueleg Tous les détails sur @valerieschiltz https://t.co/sf0LUaUxgm
739879845153374200,Mon Jun 06 18:01:16 +0000 2016,can u dig it can u dig it BABY @breezylovejoy https://t.co/94HrlNd3MW
738014826421588000,Wed Jun 01 14:30:20 +0000 2016,Rupert Lamontagne https://t.co/PQd2e1nfor
730537075389403100,Wed May 11 23:16:26 +0000 2016,photo de cestbeauhandwork https://t.co/hNSduunNni
729846479750369300,Tue May 10 01:32:15 +0000 2016,In denim of love.  🌹 https://t.co/Ug6J7GXXP1
728383223462432800,Fri May 06 00:37:47 +0000 2016,Yio. Anti-tapis un peu. LUZIA! https://t.co/4mWUKqjuSI
726042963793612800,Fri Apr 29 13:38:26 +0000 2016,💘 https://t.co/rep7skklpg
725667071137341400,Thu Apr 28 12:44:46 +0000 2016,Moi qui avait si peu d'aller dire des mots sur une scène, merci! 😬❤️ https://t.co/liHMzozue6
725442795880759300,Wed Apr 27 21:53:35 +0000 2016,un coat de jeans aek un tigre. 🎣 https://t.co/15ZZXk6zhB
724817249337532400,Tue Apr 26 04:27:53 +0000 2016,📄♥️ (Playing with fire, Beau Taplin. ) https://t.co/ImSIj3ePSV
724805448063438800,Tue Apr 26 03:40:59 +0000 2016,@JrBombardier ❤️
724805361803362300,Tue Apr 26 03:40:39 +0000 2016,@rebeccamakonnen hahaha ❤️❤️❤️
724805064515280900,Tue Apr 26 03:39:28 +0000 2016,@KevinLalancette ❤️❤️❤️❤️
724804405959254000,Tue Apr 26 03:36:51 +0000 2016,@karinevanasse merci Karine xoxox je t'embrasse!
724804288875221000,Tue Apr 26 03:36:23 +0000 2016,@CloutierV haha MOI JTE TRIPPE DESSUS!
721787985763680300,Sun Apr 17 19:50:40 +0000 2016,https://t.co/Qizyl0uMFd YOUPI!!!
721507229988470800,Sun Apr 17 01:15:03 +0000 2016,RT @icircpremiere: Avez-vous écouté @PierreBrassard cette semaine? @sarahjlabrosse @LandryMaude Julien Bernatchez et Raphëlle Germain! http…
721447328335413200,Sat Apr 16 21:17:01 +0000 2016,magie. 🎶 @lesfourchettes  @fannybloomrose https://t.co/UnCasenOS3
721344276035186700,Sat Apr 16 14:27:31 +0000 2016,🏐🌷👖👋🏻 https://t.co/NY1AMCYegW
721078724960088000,Fri Apr 15 20:52:19 +0000 2016,mood. 🍭  #flashbackfriday https://t.co/riTGzK50f5
720918284120547300,Fri Apr 15 10:14:47 +0000 2016,6am. 🌄 https://t.co/9QmesTHVeR
720718950305243100,Thu Apr 14 21:02:42 +0000 2016,fille 👧🏼 #salondetoutebeauté https://t.co/IL2XE6s4Tm
720572287829831700,Thu Apr 14 11:19:55 +0000 2016,lunettes roses 🐷. https://t.co/L4PGPZ2OHV
720371884496433200,Wed Apr 13 22:03:35 +0000 2016,Just posted a photo https://t.co/zI1BUN4cKj
720266428092428300,Wed Apr 13 15:04:33 +0000 2016,3 x 365 jours d'amour. 🍑 https://t.co/onReSrDh2T
720017919208529900,Tue Apr 12 22:37:03 +0000 2016,💓 https://t.co/fx2NopyPRN
719967579914244100,Tue Apr 12 19:17:02 +0000 2016,livin' la vida loca. 🎶 https://t.co/5eBybqCZE2
719628159801495600,Mon Apr 11 20:48:17 +0000 2016,à go on fuit la grissaille 🕊 https://t.co/Bf7v30IHzq
719535028460458000,Mon Apr 11 14:38:13 +0000 2016,passion café ☕️.  cafellini  #366daysoflooks / #366joursdelooks https://t.co/Khkl5UCPsG
719290053374165000,Sun Apr 10 22:24:47 +0000 2016,beauté filtrée. mxmlvsq https://t.co/SQ7MgYRbAC
719211200500908000,Sun Apr 10 17:11:27 +0000 2016,OH SO GLAM. 👗✨ #366daysoflooks / #366joursdelooks https://t.co/KGBCsjVjMy
719030933446344700,Sun Apr 10 05:15:08 +0000 2016,c't'exagéré ♥️ . https://t.co/GseW8E5Yuo
718902548422377500,Sat Apr 09 20:44:58 +0000 2016,Just posted a photo https://t.co/lQGo9aJfy3
718831579515248600,Sat Apr 09 16:02:58 +0000 2016,🍧💎💒🚿🛍🖌💟💠🌂🙏🏻👅👼🏼 https://t.co/RU2gEt60WM
718563371809968100,Fri Apr 08 22:17:12 +0000 2016,magasinage pré-gala. 🙃 https://t.co/WcUd4jHkxr
718406435072274400,Fri Apr 08 11:53:36 +0000 2016,It's the little details that are vital. Little things make big things happen.  merci @rupert1184 📷 https://t.co/EMHnS1eECy
718318602827472900,Fri Apr 08 06:04:35 +0000 2016,@Chatelaine_Qc  pas plutôt des hérissons ;-)
718157123042091000,Thu Apr 07 19:22:55 +0000 2016,in between. 👤 https://t.co/j219swY9E8
718125307828547600,Thu Apr 07 17:16:30 +0000 2016,Just posted a photo https://t.co/E5mg2DicaZ
717804056710946800,Wed Apr 06 19:59:57 +0000 2016,Mid-week look. https://t.co/fRSiFsIxcb
716300765820751900,Sat Apr 02 16:26:25 +0000 2016,grosse matinée. j'me suis powerpuffée! https://t.co/4jaKGUclrn
716081210871689200,Sat Apr 02 01:53:59 +0000 2016,te dire comment j'ai du fun! https://t.co/5iLU4WHqXw
711651607516151800,Sun Mar 20 20:32:19 +0000 2016,https://t.co/hwzKrS1kdT
711643519996338200,Sun Mar 20 20:00:11 +0000 2016,Esprit critique c'est bon c'est pertinent c'est différent pis j'suis allée suis chanceuse. https://t.co/1qejq78d1C
698725311018455000,Sun Feb 14 04:27:50 +0000 2016,90's kid. https://t.co/04i5LotdiK
698002021916549100,Fri Feb 12 04:33:44 +0000 2016,Merci team de feu de me donner des air de boxeuse songeuse. (AG photo, Marcuus et Katérie) https://t.co/qp9aq8XLgZ
697999798415335400,Fri Feb 12 04:24:54 +0000 2016,@Melissa_Nepton merci à toi c'est du beau!!!!
697999731059003400,Fri Feb 12 04:24:38 +0000 2016,RT @Melissa_Nepton: Merci @sarahjlabrosse d'avoir porté notre cape Charlene!  on adore ❤️ https://t.co/LX0RGZASyE
684487787781951500,Tue Jan 05 21:33:00 +0000 2016,TANTOT. #lechalet https://t.co/L5x54mMMZg"
674732534169735200,Wed Dec 09 23:29:06 +0000 2015,@ElleQuebec haha! Mimi ne s'appellent pas mimi! Elle s'appelle Thelma!!! C'est son surnom ;-)
674732335758184400,Wed Dec 09 23:28:19 +0000 2015,RT @ElleQuebec: Un dernier mot de @sarahjlabrosse! 🐱❤️ #ELLEQUEBECSarahJeanne https://t.co/blbFz06c10
674707809129377800,Wed Dec 09 21:50:51 +0000 2015,LIVE CHAT DANS 10 MINUTES!!!!!!! https://t.co/fZ4HaspyUO
673682152832163800,Mon Dec 07 01:55:16 +0000 2015,RT @catlabelle: "Tabarnak" -La citation de la soirée à #TLMEP
673681943481868300,Mon Dec 07 01:54:26 +0000 2015,Merci tout le monde en parle! 🙋🏼 @OFF_TLMEP
673158115160903700,Sat Dec 05 15:12:55 +0000 2015,Quand l'équipe magique du Elle québec me dit de faire une face de Beyonce, ça donne ça. Haha! 🙎🏼 https://t.co/tvNXiyNhfX
665743643832164400,Sun Nov 15 04:10:28 +0000 2015,@lasoiree les meilleurs. 🙌🏻 https://t.co/fqeCZjUcUt
665742387344449500,Sun Nov 15 04:05:28 +0000 2015,RT @enmodesalvail: L'émission d'hier avec @sarahjlabrosse et Jean-Pierre Ferland est sur le @vtele.ca! #Salvail https://t.co/u1SsQd0afB
665742312367112200,Sun Nov 15 04:05:10 +0000 2015,@PiHebert tes boutons me manquent deja.
664612772412530700,Thu Nov 12 01:16:47 +0000 2015,@Regroup_Partage belle soirée belle fondation. donnez donnez donnez. siouplait. c't'important. 💖 #partages
664584868026712000,Wed Nov 11 23:25:54 +0000 2015,#partages #soireedescelebrites
663508452879106000,Mon Nov 09 00:08:37 +0000 2015,on s'hait pas. #denim #lechaletchopchopchop https://t.co/SsUrKDebTg
661383365657018400,Tue Nov 03 03:24:16 +0000 2015,@enmodesalvail dans 10! 🎉❤️
653743050531958800,Tue Oct 13 01:24:23 +0000 2015,Oupsi! Trop trop d'énergie à #ToutEstPermis ! @EricSalvail ça t'apprendra à nous dire "lachez votre fouuuuuuu". En tous cas, cétait lfun!!
653304667624054800,Sun Oct 11 20:22:25 +0000 2015,moi à @CJDLTV , une boule de statique.
653302716773630000,Sun Oct 11 20:14:40 +0000 2015,@MSMichon @iciartv Je vous aime donc ben! X
653302006795345900,Sun Oct 11 20:11:50 +0000 2015,Merci @CJDLTV ! Quel plaisir d'êter des vôtres! XOXOX https://t.co/27mmQAUHCo
650438945722007600,Sat Oct 03 22:35:03 +0000 2015,RT @lipsyncbattleqc: Attendez de voir le #LipSyncBattleQC qui s'en vient!!! Un cat fight à voir entre @sarahjlabrosse et @bijoubonzai! ;) h…
650438170140639200,Sat Oct 03 22:31:58 +0000 2015,RT @CJDLTV: La semaine prochaine, on reçoit @sarahjlabrosse, puis @jsgirard et @pmasbourian se joignent à nous! #cjdltv
650342627452321800,Sat Oct 03 16:12:19 +0000 2015,Bravo! Belle soirée! ✨✨✨"@MonsieurPhoenix: La gang #LeChalet dans les coulisses de #MonsieurANEB 🎉 http://t.co/gYM5JoWdbO"
650342414843048000,Sat Oct 03 16:11:29 +0000 2015,RT @mariesoleildion: #monsieuraneb et#LipSyncBattleqc , chu brûlée. Belle belle soirée ❤️❤️💗 @ Theatre Plaza https://t.co/PZkkpH0Dul
650342341329465300,Sat Oct 03 16:11:11 +0000 2015,RT @Felixantoinet: Pas de mot ce matin. Merci. #MonsieurANEB http://t.co/Zen1e30P5d
646082148785647600,Mon Sep 21 22:02:42 +0000 2015,Hier j'avais pas le gout de tirer sur ma jupe. C'était le fun. Bravo Èric et Véro! Bravo #lechalet ✨ #galagemeaux http://t.co/ZD9Zpb6HOQ
636833495680159700,Thu Aug 27 09:31:51 +0000 2015,RT @vraktv: C'est @sarahjlabrosse qui remporte le prix Elle aurait dû jouer dans tous mes films préférés au #KARV! Félicitations!
636832804182097900,Thu Aug 27 09:29:06 +0000 2015,Oups! j'oublie toujours que j'ai un compte twitter. Merci pour la dose d'amouuuuuuuuuuuuur de fous! XOXOX
612406709441663000,Sat Jun 20 23:48:32 +0000 2015,RT @lasoiree: En direct avec @sarahjlabrosse! http://t.co/vh2mTGQbrw
593440854330703900,Wed Apr 29 15:44:59 +0000 2015,@StephaneMorneau @hugodumas Et lus les 10 épisodes! ;-)
593440755160612900,Wed Apr 29 15:44:36 +0000 2015,@hugodumas Merci pour cet article!
593439192690073600,Wed Apr 29 15:38:23 +0000 2015,Pourquoi?Pour les raisons suivantes. Des détails sur le retour de Séraphin et Donalda sur vos écrans. #lespaysdenhaut http://t.co/GtqAZ2HZzZ
593156849442119700,Tue Apr 28 20:56:27 +0000 2015,@AQTIS_Officiel J'aime l'article, mais mon dieu que je n'aime pas cette photo! ;-)
593126032011563000,Tue Apr 28 18:54:00 +0000 2015,@JuPerreault merci! À bientôt ❤️!
593125955306168300,Tue Apr 28 18:53:42 +0000 2015,@roxiehabs tu seras agréablement suprise! :-)
593089496855490600,Tue Apr 28 16:28:49 +0000 2015,Ce ne sont pas les belles histoires comme vous les avez déjà vu, SI vous les avez déjà vu! Très hâte de commencer! #Lespaysdenhaut #jeunesse
593086572515438600,Tue Apr 28 16:17:12 +0000 2015,RT @JustineTetro: La série #Lespaysdenhaut! reviennent à Radio-Canada. Remake avec les comédiens suivants :  http://t.co/0yMmfXQqWH http://…
593086093064589300,Tue Apr 28 16:15:18 +0000 2015,RT @icirctele: Dans le rôle de Donalda : Sarah-Jeanne Labrosse. #Lespaysdenhaut http://t.co/NSBYX8omtU
592560671839166500,Mon Apr 27 05:27:28 +0000 2015,RT @Indiadesjardins: Coup de cœur pour la présentation de @virginiefortin @KateLevac et Léane Labrèche-Dor! Vraiment drôle! #GalaArtis
586889901200842800,Sat Apr 11 13:53:50 +0000 2015,@PiHebert c'est cool on est pas jaunes. 💛
586889821077053400,Sat Apr 11 13:53:31 +0000 2015,RT @PiHebert: Une répète le samedi matin c'est toff sauf que t'es en bonne compagnie! #madamelebrun http://t.co/RaDiNFjCEU
586540370672099300,Fri Apr 10 14:44:56 +0000 2015,RT @Felixantoinet: Aujourd'hui, on lance la collection #glamchic juste a temps pour ton bal de finissants. @MonsieurPhoenix #Prom2015 http:…
585569567637950500,Tue Apr 07 22:27:18 +0000 2015,#lechalet qui prenait fin ce soir. Le plus bel hiver au monde. ❄️ AMOUR chère équipe, amis, et vous, qui êtes venus vous rechauffer!💖
585566106410213400,Tue Apr 07 22:13:33 +0000 2015,RT @Felixantoinet: C'était le dernier du #LeChalet, je suis tout à l'envers. Je suis tellement fier de faire parti de ce merveilleux monde.…
585565915519000600,Tue Apr 07 22:12:48 +0000 2015,@KadHaidara @cathbrunet @vraktv 💖💖💖💖💖💖
584867317072449500,Sun Apr 05 23:56:49 +0000 2015,C'est toujours un "moment spécial. Bravo! #LaVoixTVA #mathieulavoix
583310143854633000,Wed Apr 01 16:49:10 +0000 2015,RT @romeoetfils: Bientôt sur URBANIA!  Les Presqu'Histoires, une websérie de Sarah-Maude Beauchesne et Zoé Pelchat Ouellet. http://t.co/ccb…
583083512254869500,Wed Apr 01 01:48:37 +0000 2015,@AnnieHorth Annie! Je suis nulle avec Twitter! Comment je fais pour t'écrire en privé?
583083004655984600,Wed Apr 01 01:46:36 +0000 2015,RT @cathbrunet: Achetez dès maintenant la magnifique chanson officielle de #LeChalet par @LaBronze3 @vraktv !!! 😻 http://t.co/pRoBJLTT3O
583082973177782300,Wed Apr 01 01:46:28 +0000 2015,RT @KadHaidara: La chanson-thème de #LeChalet, L'anarchie des jours heureux de @LaBronze3, est déjà #3 sur iTunes! Fou! @vraktv http://t.co…
583082842432868400,Wed Apr 01 01:45:57 +0000 2015,RT @vraktv: Viens voir le #VIDÉOCLIP de la chanson «L'anarchie des jours heureux» de @LaBronze3 #LeChalet  http://t.co/nwMA7ZL9R2 http://t.…
580364159671504900,Tue Mar 24 13:42:52 +0000 2015,RT @Felixantoinet: Déjà l'épisode 11 ce soir! Ne manque pas ça, Frank a finalement une bonne note! #PauvreFrank #LeChalet @vraktv http://t.…
580199893043712000,Tue Mar 24 02:50:08 +0000 2015,@fan_1MarieMaiB oups tutoyer*** 👯
580199808796880900,Tue Mar 24 02:49:48 +0000 2015,@fan_1MarieMaiB hihihi! Me tutoyé!!!! 💖👭🌀
580196434726817800,Tue Mar 24 02:36:24 +0000 2015,@fan_1MarieMaiB j'arrive vers 13:00! On va se croiser j'espère! 🎈
579864990296981500,Mon Mar 23 04:39:21 +0000 2015,@mcordey hahaha. Que voulez-vous, Sarah est pas battable!
579864729298067500,Mon Mar 23 04:38:19 +0000 2015,@kimlizotte i feel you.
578068895573004300,Wed Mar 18 05:42:19 +0000 2015,@cathbrunet @alexnevskyalpin @vraktv les harmonies qui sonnent fausses sont toute de ma faute je m'excuuuuuuse haha! 😁😁😁😁
577832157420367900,Tue Mar 17 14:01:36 +0000 2015,RT @GalaARTIS: Émissions jeunesse: Philippe Laprise, Pierre Hébert, Stéphane Bellavance, Yan England &amp; Sarah-Jeanne Labrosse http://t.co/Wr…
577830717318627300,Tue Mar 17 13:55:53 +0000 2015,RT @StephBellavance: Mes co-nommés au #galaartis dans la catégorie artiste émission jeunesse! https://t.co/SjMazqp4T2
577830511428694000,Tue Mar 17 13:55:04 +0000 2015,RT @PiHebert: Bravo à mes co-nominés: @sarahjlabrosse @yanengland @StephBellavance et @phillaprise   Un privilège d'être là avec vous.
573928258149965800,Fri Mar 06 19:28:54 +0000 2015,Ça prend forrrrrme!!! http://t.co/btiIl70DEc
573923509405007900,Fri Mar 06 19:10:02 +0000 2015,RT @PiHebert: Ma nouvelle blonde de série @sarahjlabrosse er ma maman.  @superecran  #MadameLebrun http://t.co/ML50gsk6dc
573923479864545300,Fri Mar 06 19:09:55 +0000 2015,@PiHebert tu as quel age c'est bizzare?CEST PAS VRAI ALLO PIERRE CA VA ETRE LE FUN ❤️
566731275512582140,Sat Feb 14 22:50:40 +0000 2015,RT @vraktv: Viens voir @sarahjlabrosse et Sarah de #VrakAttak magasiner pour un kit de la Saint-Valentin http://t.co/B2pdPVSgFC
564429603247124500,Sun Feb 08 14:24:38 +0000 2015,RT @WMAZZOLENI: Très fier de vous annoncer que mon film fera partie du Rendez-vous du cinéma québécois! http://t.co/kFjrk54Gyt http://t.co/…
560601157169848300,Thu Jan 29 00:51:45 +0000 2015,RT @Penelopemcquade: Mon tour de #BellCause ! Chi-ching 💰
560601126710812700,Thu Jan 29 00:51:38 +0000 2015,RT @FrancoiseDavid: Il faut parler de santé mentale, mais il faut aussi améliorer l'accès aux soins et soutenir les pers. aidantes. Besoins…
560414175114321900,Wed Jan 28 12:28:45 +0000 2015,@OuelletKathryne 🙆
559970516782825500,Tue Jan 27 07:05:49 +0000 2015,@TheVampsToMTL hey! Il me faudrait plus de détails! Parce que si c'est vive BUSH ça me tente moins que vive BEYONCE metton ;-).
557917490609913860,Wed Jan 21 15:07:50 +0000 2015,@LapinMaman plein de rediffusions! Vendredi samedi et dimanche! 🙆
557614429882556400,Tue Jan 20 19:03:34 +0000 2015,RT @illico: #CHAINE | http://t.co/vozwaofVXl  Viens te réchauffer dans #LeChalet avec @sarahjlabrosse et @cathbrunet http://t.co/KYr0vHzk2n
557264712539570200,Mon Jan 19 19:53:55 +0000 2015,@jeancarlboucher hein merci! 💞 j'tai vu à #CJDLTV ! T'es l'best 💙!
555893689101209600,Fri Jan 16 01:05:58 +0000 2015,@stevildead777 yahou! C'était le fun!
555424445352124400,Wed Jan 14 18:01:21 +0000 2015,@cathbrunet @LessoeursBoulay @vraktv  merciiii @philtouzel 😍
555422357536669700,Wed Jan 14 17:53:03 +0000 2015,@cathbrunet 👩👸🌷🎵
555420267250716700,Wed Jan 14 17:44:45 +0000 2015,Yahou! @cathbrunet et moi on chante @LessoeursBoulay - Mappemonde. #LeChalet @Vraktv http://t.co/SQnaCC79ip &lt;3”
555202021062901760,Wed Jan 14 03:17:31 +0000 2015,RT @NicolasOuellet: Génial boulot que #LeChalet à @vraktv! Edgy, bien écrit et coup de coeur pour la bande sonore. Une vraie fiction pour a…
552532361309851650,Tue Jan 06 18:29:15 +0000 2015,Reste une semaine avant que ça sorte mais en attendant: http://t.co/KLOM4wXrDk 💙❄️
551810258260095000,Sun Jan 04 18:39:52 +0000 2015,RT @cathbrunet: @KadHaidara @vraktv @Felixantoinet @cotejulianne @sarahjlabrosse HO YEAH.  (J'ai hâte 🎏💋🎉)
548865707296194560,Sat Dec 27 15:39:16 +0000 2014,@CleoTellier @vraktv j'me peux pus!!!!
545358111901372400,Wed Dec 17 23:21:20 +0000 2014,RT @CloutierV: C'est si beau 😍 RT @Felixantoinet: #monsieurréconfort est arrivé! Collabo entre @lereconfort et @MonsieurPhoenix  http://t.c…
530179749507657700,Thu Nov 06 02:07:57 +0000 2014,“@Chatelaine_Qc: Rencontre avec la talentueuse #comédienne, @sarahjlabrosse. http://t.co/LQCrMIVIUR http://t.co/9bL67OopNf” Merci Léa!
530179672735113200,Thu Nov 06 02:07:38 +0000 2014,@ChristinaPirate je les ai prises sur clearly contacts!
530179562647212000,Thu Nov 06 02:07:12 +0000 2014,@JScarpellino 😘
530178961251127300,Thu Nov 06 02:04:49 +0000 2014,@Ayisha_Issa i miss you guys so much!
530049280829296640,Wed Nov 05 17:29:31 +0000 2014,RT @vraktv: Un téléroman à #VRAK dès janvier : #Lechalet @cathbrunet @sarahjlabrosse @cotejulianne @AntoinePilon @Felixantoinet   http://t.…
529451623761059840,Tue Nov 04 01:54:38 +0000 2014,RT @JScarpellino: On s'est fait prendre en flagrant délit! #selfie @ANEB_Quebec @monsieurphoenix @sarahjlabrosse http://t.co/xHIbnxiNvL
527288563004870660,Wed Oct 29 02:39:24 +0000 2014,RT @benoitvermette: Bravo @ANEB_Quebec ! La famille s'agrandit..! #monsieuraneb @MatTvWebzine http://t.co/qu8f5mQu4w
526508774669168640,Sun Oct 26 23:00:48 +0000 2014,@maripiermorin @herbymoreau @lemicrodefeu @lebremnermtl @rc_leschefs @mikewardca @xdolan XXXX ouiiiii
526508564400336900,Sun Oct 26 22:59:58 +0000 2014,@maripiermorin haha t'es dont ben fine! I'm in ;-)
510625914821287940,Sat Sep 13 03:07:59 +0000 2014,RT @Felixantoinet: Mon amie tricote. #lefoulardreconfort @sarahjlabrosse http://t.co/Ap4vNx5DXi
507745380621352960,Fri Sep 05 04:21:46 +0000 2014,RT @la_SODEC: Nancy Grant élue meilleure productrice de film de fiction pour MOMMY au #CMPA #ProducersAward @TIFF_NET @Metafilms1 http://t.…
504695898002432000,Wed Aug 27 18:24:13 +0000 2014,@SofyM Merci beaucoup!! XOX
504695690770255900,Wed Aug 27 18:23:24 +0000 2014,@Mag_clindoeil @robertsval @JoannieRochette @MarieMaiReal @vansap Merci! X
504695551557128200,Wed Aug 27 18:22:50 +0000 2014,@MarieMaiReal haha, TOI espece de gorgous! On se reprendra la prochaine fois avec une meilleure lumiere ;-) ! Bonne pause! Bisous xoxox
490102478604472300,Fri Jul 18 11:55:11 +0000 2014,@MyriamFehmiu miaaaahouuuu!
490089543924985860,Fri Jul 18 11:03:47 +0000 2014,@MyriamFehmiu hahaha c'est un Must en effet! On s'y voit?
477304313291608060,Fri Jun 13 04:19:50 +0000 2014,@JuPerreault t'étais bonne en plus! X
469609879221448700,Thu May 22 22:44:54 +0000 2014,RT @salimah_shivji: More love for Xavier Dolan MT: @TanyaLapointe: 12 minutes d'ovation pour Mommy en grande première au festival de #Canne…
464805767795982340,Fri May 09 16:35:05 +0000 2014,RT @LEQUATRETROIS: Téléfilm Canada a annoncé hier qu'il appuiera dix films québécois en court de production. André Turpin... http://t.co/Bm…
464802467256217600,Fri May 09 16:21:58 +0000 2014,RT @getthelookCA: Coucou @sarahjlabrosse ! On s'inspire de tes looks pour un article sur Get-The-Look http://t.co/QkqCXiqllL  #mode #grunge…
464801432668217340,Fri May 09 16:17:51 +0000 2014,@ArnaudSchaumann Chatterie La Bande à Part! Ils sont vraiment supers!
446453414462230500,Thu Mar 20 01:09:23 +0000 2014,@LaCabaneMTL AAH NOOON JE PENSAIS QJE CETAIT MERCREDI PROCHAIN JE SUIS DÉSOLÉE!!(twitter sait maintenant que jsuis distraite en tabarouette)
439595884523700200,Sat Mar 01 03:00:00 +0000 2014,RT @Indiadesjardins: Ok on n'a pas gagné mais on a eu du fun et on a "gagné" des amies pour la viiiiie! Cc @gervaisbianca @sarahjlabrosse #…
439595571330822140,Sat Mar 01 02:58:46 +0000 2014,@ZeMorissette BONJOUUUUR!
438423008458588160,Tue Feb 25 21:19:25 +0000 2014,RT @Cestmatoune: Rappel! Ce vendredi 20h à @icirctele @Indiadesjardins @sarahjlabrosse @gervaisbianca VS @ZeMorissette @PYLord et Guy Jodoi…
408045972707475460,Wed Dec 04 01:31:55 +0000 2013,Allez voir le profil de Laurent! Go go go!!!! http://t.co/tkFWE2vujT
403732285641326600,Fri Nov 22 03:50:52 +0000 2013,En vue des Jeux de #Sotchi2014, suivez avec moi les aventures du patineur Laurent Dubreuil, @golden_lyle!
393392222072078340,Thu Oct 24 15:03:09 +0000 2013,Notre nouveau site est en ligne! Allez y jetter un coup d'oeil! http://t.co/71B2ZYZe8q http://t.co/LiFHO7hxPV
375140412119597060,Wed Sep 04 06:16:58 +0000 2013,RT @Felixantoinet: Bonne #semainedelamode @ALDO_Shoes @JackandJonesTM @sarahjlabrosse @Mag_clindoeil #smm http://t.co/usB87E4kwj
374016624749465600,Sun Sep 01 03:51:26 +0000 2013,@HusseinMannah pas disparue très loin!
374016384512303100,Sun Sep 01 03:50:29 +0000 2013,@tapisrose @patrickhuard haha! Et oui! Deux fois la fille à Pat ;-)
348144930344022000,Fri Jun 21 18:26:34 +0000 2013,Toute l'équipe du Foulard Réconfort vous souhaite de profiter de cette belle journée ensoleillée! Elles sont si... http://t.co/KawYSYvuGg
315935884283355140,Sun Mar 24 21:19:19 +0000 2013,Le foulard réconfort, en collaboration avec le duo Les Soeurs Boulay, a créé un modèle exclusif de foulard en... http://t.co/z4MyRh76xB
309858621733347300,Fri Mar 08 02:50:26 +0000 2013,@MoffattAriane En tous cas Laurence aurait vraiment voulu être dans ton équipe! ;-)
304387096523710460,Thu Feb 21 00:28:33 +0000 2013,Le foulard réconfort dans les médias! Un bel article sur Hollywood PQ ! Merci xoxo... http://t.co/kJswYkU9gA
302602100150513660,Sat Feb 16 02:15:37 +0000 2013,Le tout nouveau bandeau AIME est maintenant disponible sur la boutique en ligne du Foulard réconfort! Vous le... http://t.co/q36GzNSE
302178749540102140,Thu Feb 14 22:13:22 +0000 2013,Oh. I heard it's valentine's day! #louislechat http://t.co/YjCzuuqz
297452267676790800,Fri Feb 01 21:12:01 +0000 2013,Après une trève de quelques jours, le grand froid est de retour parmi nous! Le temps parfait pour se procurer un... http://t.co/eco0JbVh
296429524030222340,Wed Jan 30 01:28:00 +0000 2013,RT @Felixantoinet: Pâtes au bleu eu #Unite9 @sarahlabrosa http://t.co/sznOgkkP
296325817938616300,Tue Jan 29 18:35:55 +0000 2013,Le foulard réconfort vous invite à nous suivre sur Instagram! Voyez-y nos produits ainsi que le quotidien de... http://t.co/nt2ueuJu
296091015218081800,Tue Jan 29 03:02:53 +0000 2013,Pas de mots. #19deux
295357774399959040,Sun Jan 27 02:29:15 +0000 2013,La Saint-Valentin arrive à grand pas! Le foulard réconfort vous rappelle qu'il est encore temps de commander vos... http://t.co/HYcmIV8j
292304957439344640,Fri Jan 18 16:18:27 +0000 2013,RT @RC_TV: Wow!Toutes nos félicitations à l'auteure Danielle Trottier et à toute l'équipe d'#Unité9.1 979 000 téléspectateurs étaient au ...
292281331281436700,Fri Jan 18 14:44:34 +0000 2013,RT @audiogram_: Dans une semaine, ce sera mémorable... @davidgiguere au National le 25 janvier. Mise en scène de Christian Lapointe: htt ...
264804818474909700,Sat Nov 03 19:02:43 +0000 2012,La tuque nordique et la tuque réconfortante!  Photo: Isa Torhelo http://t.co/ZERU4uyl
258683259494477820,Wed Oct 17 21:37:49 +0000 2012,Ce matin à Salut Bonjour! Jean Airoldi parle de nos foulards! :... http://t.co/eNcXUYMG
257848248897785860,Mon Oct 15 14:19:47 +0000 2012,Ce qu'on pense d'unité 9 en France! Bravo! Article Paperblog à voir: http://t.co/lgNk7JCz via @paperblog_FR
220895319519531000,Thu Jul 05 15:02:02 +0000 2012,RT @cathbrunet: Le @XDolan qui réplique à Duhaime. Ça vaut la peine d'être lu et RT svp! http://t.co/xbYat4WX
208332591395377150,Thu May 31 23:02:15 +0000 2012,RT @DanBigras: “@MarcCassivi: Quand la voix de la raison a 20 ans, ça en dit long sur l'immaturité de nos dirigeants. #ggi”
208329692145647600,Thu May 31 22:50:43 +0000 2012,RT @JoDesjardins: Charest est devenu un PM dangereux, incapable de régler des crises ou de déclencher des élections pour apaiser. Il doi ...
208329577385295870,Thu May 31 22:50:16 +0000 2012,RT @PaquitLeChameau: Dis, Jean, c'est quoi que tu fais dans notre dos pour avoir un tel intérêt à garder cette crise vivante et tous les ...
208323329944326140,Thu May 31 22:25:26 +0000 2012,RT @LeDevoir: L. Bureau-Blouin: «Il faut s'élever au-dessus de la partisanerie» #ggi #assnat #polqc
208320037092724740,Thu May 31 22:12:21 +0000 2012,RT @jettedi: oubliez le #grandprix, il y a #hondafest à #ASE le même weekend.
206927834336346100,Mon May 28 02:00:14 +0000 2012,RT @TranslateErable: Reactionary logic: if protesters are angry, then they're dangerous/violent; if they're joyful, then they're not ser ...
206560045473869820,Sun May 27 01:38:47 +0000 2012,RT @AnonyOps: Mainstream media calls this "hundreds of protestors", Reality calls this many thousands. http://t.co/hO1wsMMJ #ggi #manife ...
206544742127898620,Sun May 27 00:37:58 +0000 2012,@desrosiersyann Quel coin de rue? Des blessés?
206543722110926850,Sun May 27 00:33:55 +0000 2012,RT @GNadeauDubois: Vingt heures et l'espoir résonne.
206520525667827700,Sat May 26 23:01:44 +0000 2012,Ce soir les #casseroles sur le plateau Mont-Royal, se retrouve au coin Mentana/Mont-Royal! RETWEET!
206407646335602700,Sat May 26 15:33:12 +0000 2012,BRAVO REPENTIGNY! Tu #casseroles si bien! http://t.co/LXrgAMX8
206226950186995700,Sat May 26 03:35:11 +0000 2012,RT @DanBigras: “@prenezgarde: Il est fort Jean Charest. Il va unir tout le Québec. Contre lui, mais quand même! Faut lui donner ça... #c ...
206194530800771070,Sat May 26 01:26:21 +0000 2012,#casseroles des milliers sur mont-royal! Trempés mais engagés!!!!
206190500347265020,Sat May 26 01:10:20 +0000 2012,RT @GDuchaine: Des dizaines de #casseroles réfugiées sur les balcons d'inconnus sur StDenis. C'est le maire Tremblay qui va être content ...
206180882506194940,Sat May 26 00:32:07 +0000 2012,RT @AMarieDussault: "J'ai pas envie de voir ça comme un conflit de générations. Je vois ça comme un choix de société ." Léa Clermont-Dio ...
206167246362517500,Fri May 25 23:37:56 +0000 2012,RT @pierreszalowski: Il est #casseroles moins vingt-cinq #cgi
206166471846539260,Fri May 25 23:34:51 +0000 2012,Ce soir je #casseroles avec les amis du 450!  http://t.co/mZyPEzdk
206150958365933570,Fri May 25 22:33:13 +0000 2012,@CBCMontreal http://t.co/oe6PeA9B
206145532140335100,Fri May 25 22:11:39 +0000 2012,Belle vidéo sur les #casseroles # ggi http://t.co/2bR392zG via
205863589460979700,Fri May 25 03:31:19 +0000 2012,RT @felixpinel: Ce soir le Québec refuse de demeurer à genoux, ce soir les Québécois sont debout, indépendants! Vive le Québec libre! #m ...
205862393199329280,Fri May 25 03:26:33 +0000 2012,Be safe: @neilsondufour: La SPVM en position un peu partout!  Les agents provocateurs vont se mêler à vous très bientôt. #manifencours
205851469163933700,Fri May 25 02:43:09 +0000 2012,@Ophilanthrope BRAVO!
205850011836235780,Fri May 25 02:37:21 +0000 2012,RT @AlainFontaine16: #ggi #manifencours #casserolesencours ville de L'Assomption a vos casserole 343 a et ange gardien demain 20 heures
205831526699638800,Fri May 25 01:23:54 +0000 2012,RT @NMQofficiel: Le Québec se réveille au son des #casseroles et dans l'écho c'est un pays qu'on entend chanter
205501526268067840,Thu May 24 03:32:36 +0000 2012,RT @zapata_36: If you don't think thousands of people openly defying an unjust law together is absolutely amazing, you don't know amazin ...
205501335171366900,Thu May 24 03:31:50 +0000 2012,RT @AnonNCarolina2: RT @EthanCoxMtl When peaceful demos are illegal, we have lost our way as a democratic society. #ggi #loi78 #cdnpoli  ...
205501214513840130,Thu May 24 03:31:22 +0000 2012,RT @felixpinel: Ce soir devant l'église des Patriotes à St-Eustache et à 20h tous les soirs jusqu'à la VICTOIRE #ggi http://t.co/NkC44Teb
205460854219612160,Thu May 24 00:50:59 +0000 2012,MENTANA/MONT-ROYAL, je t'aime tellement quand tu #casseroles http://t.co/JjFw3iGv
205130618810544130,Wed May 23 02:58:45 +0000 2012,RT @CedBII: #loi78 wouldn't exist if you wernt causing ruckus in the streets! Now we "all" have to fight for a law #students caused?! #m ...
205130605770448900,Wed May 23 02:58:42 +0000 2012,@CedBII ruckus in the street wouldn't exist if the government had  negotiated way earlier.
205130275783573500,Wed May 23 02:57:23 +0000 2012,RT @Rellick13: He ben.... RT @Philippetei: Moscou critique le Canada pour sa gestion des #manifencours à Montréal http://t.co/wEB4dlN4
205130201833811970,Wed May 23 02:57:05 +0000 2012,@chloejadefire @chloejadefire Dommage pour tes soirée. Mais change le mot "manifestations" par "les statuts enragés impertinents".
205102104816254980,Wed May 23 01:05:27 +0000 2012,RT @amarapossian: Really?! Hundreds of thousands march today and the @nationalpost covers a pothole on sherbrooke? http://t.co/3zaSJemn  ...
205101607833174000,Wed May 23 01:03:28 +0000 2012,@pierreszalowski genial!
205101566695452670,Wed May 23 01:03:18 +0000 2012,@AntoineLaurier jtaime
205101468288684030,Wed May 23 01:02:55 +0000 2012,RT @LaBandeRaide: 100 ou 400 000 manifestants. Le chiffre est peu important. L'important, selon certains, c'est de savoir que GND n'a pa ...
205101230400356350,Wed May 23 01:01:58 +0000 2012,RT @SPVM: Une nouvelle #manifencours débute à l'instant. À partir du Parc Émilie-Gamelin, les gens se dirigent sur Berri vers le nord.
205095267899408400,Wed May 23 00:38:17 +0000 2012,@CBCMontreal yes! So much noise on the Plateau!
205093794985680900,Wed May 23 00:32:25 +0000 2012,RT @macfathom: Lots of red in Washington Sq now as the march in solidarity with Quebec's #ggi gets ready to set off: http://t.co/DGFv1C3m
205093678044295170,Wed May 23 00:31:57 +0000 2012,RT @krisholt: Those on my street banging pots and pans are middle-aged or older. Much more than students now. #ggi #manifencours
205032998645674000,Tue May 22 20:30:50 +0000 2012,RT @benshingler: The student group @ASSEsolidarite is calling the march the biggest act of civil disobedience in Canadian history #manif ...
204559604573675520,Mon May 21 13:09:44 +0000 2012,RT @MarcCassivi: L'image du Québec en prend pour son rhume dans les médias internationaux: loi répressive, brutalité policière. #bravo #ggi
204558490826571780,Mon May 21 13:05:19 +0000 2012,RT @DanBigras: “@MFBazzo: À lire, relire, et faire circuler. http://t.co/GkaXiR1v””
204431035029667840,Mon May 21 04:38:51 +0000 2012,RT @DanBigras: “@GDuchaine: Le SPVM procède à une deuxième arrestation de masse. St-Denis et Sherbrooke. 186 arrestations en tout ce soi ...
204262455617130500,Sun May 20 17:28:59 +0000 2012,RT @clic_clic: RT @JoceArch: Je propose un abonnement massif au journal #leDevoir qui font dans la nuance et le professionnalisme #ggi # ...
203786748550058000,Sat May 19 09:58:41 +0000 2012,RT @pacodelahoya: Au-delà des atteintes graves à nos libertés, V. Hivon dénonce le cynisme...: http://t.co/XxwdVlPu via @youtube bien di ...
203663068461400060,Sat May 19 01:47:14 +0000 2012,RT @CePe0101: "Quand l'injustice devient loi, la résistance devient devoir." - Thomas Jefferson #manifencours
203652446734651400,Sat May 19 01:05:01 +0000 2012,RT @SPVM: Notice: We ask the demonstrators to avoid metro Berri's entrance (Berri/Ste-Catherine). We are covering a crime scene #GGI #ma ...
203624859568316400,Fri May 18 23:15:24 +0000 2012,RT @JoseBaz: «Quand l'injustice devient loi, la résistance est un devoir.» - Thomas Jefferson #loi78 #GGI #desobeissance
203624830287876100,Fri May 18 23:15:17 +0000 2012,RT @MissPointless: RDI vient de dire que les postes de quartier du @spvm sont innondés d'appels d'itinéraires de manifs! :)) #loi78
203616301804040200,Fri May 18 22:41:24 +0000 2012,RT @krlep0ser: On rit pus RT @CyrJonathan Loco Locass va être à Émilie-Gamelin à 20h30 #ggi #polqc #loi78
203616084107083780,Fri May 18 22:40:32 +0000 2012,RT @i0livier: “@FECQ: Plus de 100 000 personnes ont déjà signer la requête en nullité, et ça continue! http://t.co/bpZnGleK #GGI #polqc  ...
203613918646648830,Fri May 18 22:31:55 +0000 2012,@LP_LaPresse   Pleurer, pleurer encore et aller manifester, parc Emilie-Gamelin ce soir. Travailleuse de 20 supportant les étudiants.
203613619085254660,Fri May 18 22:30:44 +0000 2012,RT @DanBigras: #loi78 était en préparation depuis plus d'un mois selon Mme Courchesne. Donc, leurs "négociations" étaient des mensonges  ...
203612777485565950,Fri May 18 22:27:23 +0000 2012,RT @RenaudPlante: Le caca va frapper le ventilateur. #ggi #pl178 #loi178
203612751069855740,Fri May 18 22:27:17 +0000 2012,RT @FEUQ: "Les jeunes se souviendront des libéraux au prochaines élections." @M_Desjardins #loi78 #polqc #assnat #GGI
203598199846469630,Fri May 18 21:29:28 +0000 2012,RT @FEUQ: 60 000 signataires pour la requête en nullité du #PL78. Partagez et signez! http://t.co/H3JhuhAN #GGI #polqc #loi78 #assnat
203596983477338100,Fri May 18 21:24:38 +0000 2012,RT @amirkhadir: Je viens de voter contre cette loi indigne. Mais avec l'aide de la #CAQ, le #PLQ la passe dans la gorge des Québécois #loi78
202951426287218700,Thu May 17 02:39:25 +0000 2012,RT @pierreszalowski: +1 Message aux étudiants: dites-moi que vous ferez exploser le taux de participation des jeunes aux prochaines élec ...
198249209403682800,Fri May 04 03:14:29 +0000 2012,Ce soir je prends congé de manif mais je vous entends de ma chambre, continuez caramades!!!!!!!!! #manifencours #GGI
198222044314337280,Fri May 04 01:26:32 +0000 2012,@judith_gagnon Après 80 jours, tabarnouche, on se serait mit tout nus avant!
198213725159829500,Fri May 04 00:53:29 +0000 2012,RT @antoinepratte: Quelque Chose me dit que le Journal de Montréal va avoir une bonne couverture de la #manifnue: pas de texte, juste de ...
198073318493011970,Thu May 03 15:35:33 +0000 2012,Contre proposition de la CLASSE  http://t.co/Z4c3EWro via @lp_lapresse
198044241136590850,Thu May 03 13:40:01 +0000 2012,@patrouilleurs @LP_LaPresse après on traite les manifestants d'enfants rois....
197501669947346940,Wed May 02 01:44:02 +0000 2012,RT @ImmenseFontaine: Combien de manifestants? #manifencours
196594589086388220,Sun Apr 29 13:39:37 +0000 2012,Même heure même poste. Ce soir on marche.
196059824247668740,Sat Apr 28 02:14:39 +0000 2012,@SPVM et le groupe de personnes non masquées, l'avez-vous identifié? #manifencours #GGI
195877687359836160,Fri Apr 27 14:10:54 +0000 2012,Signez je vous en prie. Liberal.ca - Liberal.ca http://t.co/LqxRPzj3 via @liberal_party
195219905568706560,Wed Apr 25 18:37:07 +0000 2012,Il était une fois, la mauvaise foi de Li-Line.  Line Beauchamp expulse la CLASSE des discussions http://t.co/1gOs63oa via @lp_lapresse
194499989605584900,Mon Apr 23 18:56:25 +0000 2012,Merci à Denis Thibault pour ce beau message et cette belle photo! http://t.co/aPtaopQS
189815743515328500,Tue Apr 10 20:42:54 +0000 2012,Allez jeter un coup d'oeil à notre nouveau site web! Plein de nouvelles photos avec les tricotteuses :-)!... http://t.co/VRfoTV2L
189744946746630140,Tue Apr 10 16:01:35 +0000 2012,À demain Paris!
185077804491210750,Wed Mar 28 18:56:01 +0000 2012,Tout Nouveau Modèle: X Grand Réconfort maintenant disponible. prix:100$ http://t.co/PYz1Ei2G
183206943287029760,Fri Mar 23 15:01:53 +0000 2012,On parle de nous! http://t.co/TYvbWZ1F http://t.co/ktw21gmH
183201915734208500,Fri Mar 23 14:41:55 +0000 2012,«L'éducation, c'est la famille qui la donne; l'instruction c'est l'État qui la doit.»  http://t.co/1C2nhs1r via @ledevoir
182491178942464000,Wed Mar 21 15:37:42 +0000 2012,Comment survivre aux Week-Ends s'inspire de notre compagnie! Le foulard réconfort se rend sur le plateau... http://t.co/NLXLpToJ
180017903909879800,Wed Mar 14 19:49:47 +0000 2012,J’ai publié 4 photos sur Facebook, dans l’album http://t.co/UOAC2oz5
178952827731845120,Sun Mar 11 21:17:33 +0000 2012,RT @Indiadesjardins: Bonne fête @MA_Grondin ! xxx
178952670822924300,Sun Mar 11 21:16:56 +0000 2012,http://t.co/u5NVevii De réconfort...
178915511676051460,Sun Mar 11 18:49:16 +0000 2012,Un autre apperçu de notre shooting! http://t.co/1aRr7AJ8
177170701244055550,Tue Mar 06 23:16:01 +0000 2012,Le foulard réconfort est maintenant sur Pinterest!!!!!!!! Suivez-nous! http://t.co/APYQoekP http://t.co/LtCdkU8J
176463323708133380,Mon Mar 05 00:25:09 +0000 2012,Une de nos tricoteuses à l'oeuvre! http://t.co/pn6wXOA7
176420797550837760,Sun Mar 04 21:36:10 +0000 2012,Bracelet coquin du dimanche! Vous aimez? http://t.co/aR4OiAYZ
176124859284336640,Sun Mar 04 02:00:13 +0000 2012,Pour plus de détails: http://t.co/B8nnHo1A Pour acheter votre foulard:... http://t.co/RM4j6FAs
176088278418718720,Sat Mar 03 23:34:51 +0000 2012,Photo prise lors du shooting Le foulard réconfort aujourd'hui! Avec Amélie, Julianne, Sarah-Jeanne, Christine et... http://t.co/WPRh743y
175731375968747520,Fri Mar 02 23:56:39 +0000 2012,On vous tricotte du réconfort! http://t.co/9RNTKbgY
168018285785399300,Fri Feb 10 17:07:35 +0000 2012,Bienvenu à tous ceux qui se retrouvent sur notre page grâce au bel article dans la revue La Semaine! Au plaisir... http://t.co/dK4E8dJy
165446607087738880,Fri Feb 03 14:48:39 +0000 2012,Un cadeau idéal pour la St-Valentin! Commandez vite votre foulard :) http://t.co/UgbuVD7o
164451065381658620,Tue Jan 31 20:52:43 +0000 2012,http://t.co/0PGzqByH
164386055720665100,Tue Jan 31 16:34:24 +0000 2012,Un bel article sur notre projet! Merci Charlotte! http://t.co/MKttRu2b
158863793584222200,Mon Jan 16 10:50:54 +0000 2012,La foulard réconfort tricotte au Panama.
157504617670905860,Thu Jan 12 16:50:01 +0000 2012,Maybe she's born with it! Mmmm... na. I'm pretty sure it's photoshop. http://t.co/dubpbYX7 @fashionising
155135178531024900,Fri Jan 06 03:54:43 +0000 2012,Bientôt sur notre site web: http://t.co/B8nnHo1A Les profils de nos adorables tricoteuses! http://t.co/dtelf88b
155132761903079420,Fri Jan 06 03:45:07 +0000 2012,Un premier souper avec nos tricoteuses! Ça promet! http://t.co/sOVfyFN6
153960031056969730,Mon Jan 02 22:05:06 +0000 2012,Si vous avez entendu parler du Foulard réconfort pendant les fêtes vous avez encore des questions, ceci peut... http://t.co/fcfRiNVe
153959088047403000,Mon Jan 02 22:01:21 +0000 2012,Qu’est ce qu’un foulard réconfort? C’est un foulard infini (fermé) fait à la main à Montréal. La fibre utilisé... http://t.co/hy31oqPv
153010356657197060,Sat Dec 31 07:11:26 +0000 2011,Malikou tricou http://t.co/R8OJKYdc
153010096320954370,Sat Dec 31 07:10:24 +0000 2011,Kikine tricotine http://t.co/lgdnlaNM
153009683018420220,Sat Dec 31 07:08:45 +0000 2011,Amélou tricou http://t.co/YO2IuC93
152980988874592260,Sat Dec 31 05:14:44 +0000 2011,Saviez vous que nos foulards sont tricotés avec de la laine de bébé alpaga à 100%? Cette fibre est la deuxième... http://t.co/ewbeFSkC
152980768392626180,Sat Dec 31 05:13:52 +0000 2011,Saviez vous que nos foulards sont tricotés avec de la laine de bébé alpaga à 100%? Cette fibre est la deuxième... http://t.co/H5v7D0CF
152212336143368200,Thu Dec 29 02:20:23 +0000 2011,J’ai publié une nouvelle photo sur Facebook http://t.co/h9eqOKnH
149573667188252670,Wed Dec 21 19:35:15 +0000 2011,A Holiday Miracle http://t.co/GDngSoRA
149572185328062460,Wed Dec 21 19:29:22 +0000 2011,J’ai publié 5 photos sur Facebook, dans l’album Instagram & Le Foulard Réconfort http://t.co/fCJb5vDU
146259712210513920,Mon Dec 12 16:06:47 +0000 2011,http://t.co/K6gJyDYt http://t.co/nTckGBGl
146027638266396670,Mon Dec 12 00:44:36 +0000 2011,Le grand réconfort. Café au lait! http://t.co/7PGlzImu
145167881091551230,Fri Dec 09 15:48:14 +0000 2011,Jimmy Suzan de Carte Blanche avec son Foulard Réconfort :) http://t.co/mT2gMu1J
144593451286134800,Thu Dec 08 01:45:39 +0000 2011,Le foulard réconfort vous offrira bientôt de nouveaux modèles! Tel que "Les mouffles"!
142318377279569920,Thu Dec 01 19:05:19 +0000 2011,http://t.co/zgyaQyFz http://t.co/sOClKJtF
142019302135042050,Wed Nov 30 23:16:54 +0000 2011,J’ai publié 9 photos sur Facebook, dans l’album Couleur 2011 http://t.co/3d472Jun
141687753313230850,Wed Nov 30 01:19:27 +0000 2011,C'EST DU RÊVE!!!! Bravo MU Architecture! http://t.co/1TGVQQv8 via @archdaily
141685011047911420,Wed Nov 30 01:08:33 +0000 2011,Pas intéressé par la politique, fan de Harper ou souverainiste, dis-moi ce que tu penses de cet article! : http://t.co/BwH26Lzg via @AddThis
141234286165622780,Mon Nov 28 19:17:32 +0000 2011,AVIS À TOUS! Le foulard réconfort (cadeau de Noël idéal et original!) prendra les commandes jusqu'au 12 DÉCEMBRE... http://t.co/rWe7XSFU
139474138707402750,Wed Nov 23 22:43:20 +0000 2011,Marina Orsini porte un Foulard Réconfort lors de la conférence de presse du salon des métiers d'art!... http://t.co/AHU2WqEB
139072830183706620,Tue Nov 22 20:08:41 +0000 2011,http://t.co/0lq06VLo http://t.co/HRoDXUvq
139062959434506240,Tue Nov 22 19:29:27 +0000 2011,J’ai publié 6 photos sur Facebook, dans l’album Instagram & Le Foulard Réconfort http://t.co/L80eW83h
139062393920684030,Tue Nov 22 19:27:13 +0000 2011,Nouvelles couleurs disponible. Vous pouvez passer votre commande en ligne :... http://t.co/hAXz1iGp
139060646594613250,Tue Nov 22 19:20:16 +0000 2011,Hâte de voir ça!! #Manigances #webtv http://t.co/vZkk6ifW via @kebwebtv
139050828374867970,Tue Nov 22 18:41:15 +0000 2011,Tricot, Bandeau au Cagibi http://t.co/oAI5SusT
137561126127927300,Fri Nov 18 16:01:42 +0000 2011,photo http://t.co/1HG6pBWV
135068088457641980,Fri Nov 11 18:55:16 +0000 2011,http://t.co/TEo2SHEP http://t.co/3roCMSW9
131440950810656770,Tue Nov 01 18:42:19 +0000 2011,http://t.co/BceIsi3U http://t.co/xE5Nmynh
131421013123665920,Tue Nov 01 17:23:05 +0000 2011,RT @fashionleaka: New look: &#8220;Le Foulard Réconfort&#8221; on LOOKBOOK.nu: http://t.co/VNUYIknB
131221211698036740,Tue Nov 01 04:09:09 +0000 2011,Découverte: le foulard réconfort http://t.co/19aduokw
126105023611543550,Tue Oct 18 01:19:15 +0000 2011,http://t.co/yFb0Mu7r  Le site est en construction mais c'est un bon moyen de partager l'information avec... http://t.co/MOUTLKQZ
125856127312343040,Mon Oct 17 08:50:13 +0000 2011,Voyez nos nouvelles couleurs dans l'album! Et le modèle : le petit réconfort.  Notez qu'il y a aussi le ROUGE,... http://t.co/GKsf8xxv
124851115798962180,Fri Oct 14 14:16:40 +0000 2011,L'autre modèle du foulards ainsi que les nouvelles couleurs seront mis sur la page ce week-end!
124165779888406530,Wed Oct 12 16:53:23 +0000 2011,Les photos du Foulard Réconfort vous seront bientôt montrées, vous verrez donc les couleurs et modèles!
119801200236433400,Fri Sep 30 15:50:06 +0000 2011,SAISON 2 DU GENTLEMAN MERCREDI SOIR PROCHAIN 21h! http://t.co/GrO86gvn via @cyberpresse
119796903201357820,Fri Sep 30 15:33:02 +0000 2011,tva.canoe.ca: http://t.co/wohoqPyU via @AddThis
117207020901367800,Fri Sep 23 12:01:46 +0000 2011,Si vous avez 10 minutes, lisez ça:  En fait même si vous avez pas 10 minutes, lisez ça :  http://t.co/JPqjTuSR
110750959633833980,Mon Sep 05 16:27:41 +0000 2011,Nous commencerons à prendre les commandes dès la première semaine d'Octobre!
110750839328620540,Mon Sep 05 16:27:12 +0000 2011,Nous commencerons à prendre les commandes dans la première semaine d'Octobre!
107830053009768450,Sun Aug 28 15:01:02 +0000 2011,Votez pour un bon ami à moi! http://t.co/cagMOao via @AddThis
106364506720047100,Wed Aug 24 13:57:29 +0000 2011,Les couleurs d'automne vous seront bientôt montrées!
106358625219510270,Wed Aug 24 13:34:06 +0000 2011,Nous vous montrerons bientôt les couleurs choisies pour l'automne!
97414833070280700,Sat Jul 30 21:14:40 +0000 2011,C'est pas moi qui l'a dit: http://t.co/lLOeZS4
95893931291717630,Tue Jul 26 16:31:09 +0000 2011,#Starbucklefilm sort en salle demain! 12 tasses de sourires, 10 tasses de rires et une cuillière à thé de larmes! Hop au cinéma!
86258049764962300,Thu Jun 30 02:21:36 +0000 2011,http://t.co/Og7zKpJ
85459580225716220,Mon Jun 27 21:28:46 +0000 2011,@cotejulianne viens sur mon balcon!!!!!
85459279536070660,Mon Jun 27 21:27:34 +0000 2011,Y'a plein d'oiseaux dans mon salon!
82638216678739970,Mon Jun 20 02:37:40 +0000 2011,http://t.co/3oDxnc6
82453840959512580,Sun Jun 19 14:25:02 +0000 2011,Bonne fête! Papa ou pas.
78522687370166270,Wed Jun 08 18:04:02 +0000 2011,@cathbrunet c'était pas vrai pour Poutine. J'vais y'acheter une gaterie et m'faire pardonner!Toi ben j'vais t'faire une gaterie tout court.
78290165587652600,Wed Jun 08 02:40:04 +0000 2011,@cathbrunet je ne vois pas la différence.
76651789474205700,Fri Jun 03 14:09:45 +0000 2011,Socalled ce soir. Ça compense pour un réveil sous les bruits de construction.
74487732474355710,Sat May 28 14:50:33 +0000 2011,T'sais quand t'oses même pas ouvrir tes rideaux. #température
74323563619950600,Sat May 28 03:58:13 +0000 2011,@MeaghanRath cutest video ever.
74102936711602180,Fri May 27 13:21:31 +0000 2011,Des cauchemars toute la nuit. Comme un enfant de 8 ans dans l'fond.
73614506185601020,Thu May 26 05:00:40 +0000 2011,Tu es amant des muses, moi curieuse simplement.
73236245169451000,Wed May 25 03:57:36 +0000 2011,J'ai des cacahuettes plein les joues #insomnie
70304880341954560,Tue May 17 01:49:24 +0000 2011,À regarder, vraiment :  http://on.ted.com/9Epy
69845408058322940,Sun May 15 19:23:37 +0000 2011,@noemieyelle Maux vieux jard que tamais.
69845309181804540,Sun May 15 19:23:14 +0000 2011,@cathbrunet burp.
69845198766747650,Sun May 15 19:22:47 +0000 2011,Éclairer son salon avec des "lavalampes". #enviepassagère
68774981210882050,Thu May 12 20:30:07 +0000 2011,Merci Nathalie de répondre à Nathalie.  http://t.co/c4kztt4 via @cyberpresse
67957892757733380,Tue May 10 14:23:18 +0000 2011,@cathbrunet haha, je m'y mets! Et puis cette année, y'aura plus que des foulards! Tadam! :-)
67955372194938880,Tue May 10 14:13:17 +0000 2011,Le foulard réconfort travaille déjà pour la saison 2011-2012!
65410312387567620,Tue May 03 13:40:08 +0000 2011,@cathbrunet j'ai peur.
47729677334355970,Tue Mar 15 18:43:36 +0000 2011,Paris ce soir! Oui.
42040407269445630,Mon Feb 28 01:56:28 +0000 2011,Céline Bonnier, oui, oui, oui. #tlmep
41707738480381950,Sun Feb 27 03:54:34 +0000 2011,Je fais du trampolin. Je trouve que c'est matière à partager sur twitter.
41692524451995650,Sun Feb 27 02:54:07 +0000 2011,@jucote @cathbrunet  jolie joli.
41548576878239740,Sat Feb 26 17:22:07 +0000 2011,http://lesbachelieres.com/le-foulard-reconfort/
41547005260083200,Sat Feb 26 17:15:52 +0000 2011,@YuBijoux Yahouuu! Très hâte de voir la nouvelles collection sur photo hihi!
40859788707373060,Thu Feb 24 19:45:07 +0000 2011,Allez voir la film "La vérité" avec Pierre-Luc Lafontaine(criant de vérité) le 18 Mars prochain au cinéma!
40842715394609150,Thu Feb 24 18:37:16 +0000 2011,@christianduguay Je ne suis par certaine de contacter le bon Christian Duguay! C'est Sarah-Jeanne Labrosse. J'attends des nouvelles!
39563138579824640,Mon Feb 21 05:52:41 +0000 2011,@YuBijoux Merci Yubijoux de partager! Vivement les bijoux et les foulards! http://etsy.me/g6j0G7
39535444626636800,Mon Feb 21 04:02:39 +0000 2011,@sofecteau Le foulard réconfort sur facebook : http://on.fb.me/eficAD et puis sur Etsy : http://etsy.me/gLsyr0
39527737936973820,Mon Feb 21 03:32:01 +0000 2011,@jucote Celle à droit, pas de ceinture?
39521135112495100,Mon Feb 21 03:05:47 +0000 2011,@Indiadesjardins j'ai essayé mais en vain. Impossible.
39520823530369020,Mon Feb 21 03:04:33 +0000 2011,La pub des résidences soleil, du bonbon.
38639003725078530,Fri Feb 18 16:40:31 +0000 2011,@adayofelegance Thank you so much! Subrosa scarves now have their own twitter page : http://bit.ly/dKCWgU
38632391631306750,Fri Feb 18 16:14:14 +0000 2011,#lefoulardréconfort Les foulards ont maintenant leur propre compte twitter: http://bit.ly/dKCWgU au plaisir d'être Sarah à nouveau.
38100393330343940,Thu Feb 17 05:00:16 +0000 2011,@JeanThomasJobin  Dernière tentative, sinon j'avorte le projet bébé.
38077911164522500,Thu Feb 17 03:30:56 +0000 2011,@jettedi Excatement!
38070671565135870,Thu Feb 17 03:02:10 +0000 2011,zzzzzzzzzz #jsuispasàlaiseavectwitter
37991255107567620,Wed Feb 16 21:46:35 +0000 2011,@jucote j'ai du fun.
37989258857951230,Wed Feb 16 21:38:39 +0000 2011,@JeanThomasJobin  prise 2?
37887065744093180,Wed Feb 16 14:52:35 +0000 2011,Twitter... tentative numéro 2.
