id,created_at,text
583184600031105000,Wed Apr 01 08:30:18 +0000 2015,Who's up?
583184519609458700,Wed Apr 01 08:29:59 +0000 2015,RT @AhmedandSalim11: @scorsesemartin http://t.co/6yojzp2jWb
583184438609088500,Wed Apr 01 08:29:39 +0000 2015,RT @rivoire_vincent: @scorsesemartin postmen in Washington DC  / 1917 http://t.co/Ianl8YhA5h
580860742070456300,Wed Mar 25 22:36:07 +0000 2015,RT @arjunvenky: @scorsesemartin http://t.co/jZMr0XSIkj
580811634295205900,Wed Mar 25 19:20:59 +0000 2015,RT @jef_vanstraelen: @scorsesemartin Found these online.  I like old photos http://t.co/ChDioHYO0x
580784978750902300,Wed Mar 25 17:35:04 +0000 2015,Shake it up now, Sugaree
580784670230474800,Wed Mar 25 17:33:50 +0000 2015,RT @surajkolli: "@sened: @scorsesemartin iPhone 5s http://t.co/REmCkEom82"
580784549044486100,Wed Mar 25 17:33:21 +0000 2015,Ciao. Send me photos.  Good ones.  All types.
529113556994625540,Mon Nov 03 03:31:17 +0000 2014,Anyone got any cool images?
527969814812577800,Thu Oct 30 23:46:27 +0000 2014,RT @NotaLebowski: @scorsesemartin Calahonda-Motril Granada, España. Samsung S3 Mini http://t.co/q0vB6JeYuk
527969760081113100,Thu Oct 30 23:46:14 +0000 2014,RT @DennisLarkin: Hi @scorsesemartin - The Island of #Manhattan from #JerseyCity as seen through my Driod Maxx http://t.co/TgItCTtcCC
525178773332066300,Thu Oct 23 06:55:51 +0000 2014,RT @AndrewDBui: @scorsesemartin iPhone 5 http://t.co/qlqUQyjLgl
524435531904479200,Tue Oct 21 05:42:29 +0000 2014,RT @LauraCattaneo44: @scorsesemartin Anthony quinn's bay, greece iPhone 5s http://t.co/yu2GA4eSw3
524435514414223360,Tue Oct 21 05:42:24 +0000 2014,RT @LauraCattaneo44: @scorsesemartin waiting for Sir Paul McCartney, arena di Verona, Italy iphone 4 http://t.co/8oTmCcBuTd
524435489084821500,Tue Oct 21 05:42:18 +0000 2014,RT @Geraldkurt: @scorsesemartin Nikon D800. http://t.co/Qj1apUtSIz
524435477621776400,Tue Oct 21 05:42:16 +0000 2014,RT @Jega_says: @scorsesemartin taken my myself with a DLSR Full frame Canon 6D http://t.co/wzIFFdKbZK
524435466213277700,Tue Oct 21 05:42:13 +0000 2014,RT @1001_Films: @scorsesemartin iPhone 6: Oakland, CA. http://t.co/JLZ4TcaU0b
524269593380937700,Mon Oct 20 18:43:06 +0000 2014,Anyone have super cool photos I can retweet? Include the camera you used. Thanks
511233971909169150,Sun Sep 14 19:24:11 +0000 2014,Retweeting cool photos! Tweet time.
509950623274385400,Thu Sep 11 06:24:37 +0000 2014,RT @mind4ub: @scorsesemartin Florida sunset... http://t.co/2xGna3bDlB
509950591095697400,Thu Sep 11 06:24:30 +0000 2014,RT @AhmedandSalim11: @scorsesemartin  Green mountains Reflected on the ( Lake District ) http://t.co/V9C7ILMwCm
509919341379199000,Thu Sep 11 04:20:19 +0000 2014,Who's got the photos? Tweet em
507654688507191300,Thu Sep 04 22:21:24 +0000 2014,Have you tried this app? This is light years ahead.  For real.  Best photo sharing app I have ever seen https://t.co/Z2Ws1eSpum
503605633417900000,Sun Aug 24 18:11:54 +0000 2014,@robmtaub thanks Rob!
503587911535984640,Sun Aug 24 17:01:28 +0000 2014,RT @mobras: just kiddin' around with Marti    @scorsesemartin http://t.co/63VuiAHu46
498332292247724000,Sun Aug 10 04:57:31 +0000 2014,RT @Forbes: Ames, Iowa, has a Gross Metro Product of $4.7 billion: http://t.co/9Nhd2Mbek9 http://t.co/34grdJOmkP
498332070893326340,Sun Aug 10 04:56:38 +0000 2014,TOM FUCKIN PETTY TONIGHT. Who beats that? Where are you?
494727249266892800,Thu Jul 31 06:12:22 +0000 2014,@vkhosla bots are bad or bad are bots
494726844407504900,Thu Jul 31 06:10:45 +0000 2014,RT @Hanskamal: My son's photo r/t by: @scorsesemartin, Hollywood Film DIrector Cappadocia under the full moon, Turkey #taken #seen http://t…
494726811972948000,Thu Jul 31 06:10:38 +0000 2014,@mclarkand tacos?
494726647476535300,Thu Jul 31 06:09:59 +0000 2014,RT @iMacmetician: @scorsesemartin @photoblggr Our drive through Cappadocia, Turkey #taken #seen http://t.co/oIvnUfKJeR
493621234530123800,Mon Jul 28 04:57:28 +0000 2014,RT @EmmaDushin: I really miss photography and being abroad to take my photos. Thanks @scorsesemartin for starting my photo look back! http:…
493621035262943200,Mon Jul 28 04:56:40 +0000 2014,RT @eli_mohammed: @scorsesemartin @photoblggr here is a picture showing sunrise at a beach near Doha,qatar http://t.co/p4g9puDYOG
493621027738370050,Mon Jul 28 04:56:38 +0000 2014,RT @iMacmetician: @scorsesemartin @photoblggr Cappadocia under the full moon, Turkey #taken #seen http://t.co/WtBuD54iSs
493620887849926660,Mon Jul 28 04:56:05 +0000 2014,Who would win in a fight? Crocodile or alligator? #gator #crocodiles
493291602790449150,Sun Jul 27 07:07:37 +0000 2014,RT @corpseish: @scorsesemartin another of a sunset in beautiful Venice, California http://t.co/aQckA6s8sP
493291580787142660,Sun Jul 27 07:07:32 +0000 2014,Very Cali. Nice one.  https://t.co/zn7u4AhzQy
493291332471779300,Sun Jul 27 07:06:33 +0000 2014,RT @EmmaDushin: @scorsesemartin I could not choose just one. I took all of these and wanted to share. Sorry for so many. #hobby http://t.co…
493291133414277100,Sun Jul 27 07:05:45 +0000 2014,Another form of Breaking Bread  https://t.co/0qxqHdp4m0
493291024882483200,Sun Jul 27 07:05:19 +0000 2014,RT @jmccarthy01: @scorsesemartin Positano, Italy http://t.co/1LENyVuDgV
493290982826209300,Sun Jul 27 07:05:09 +0000 2014,RT @Sreynolds128: @scorsesemartin @photoblggr Here's one, So. Cal. at it's best! http://t.co/8kDp5LuxSg
493290878023110660,Sun Jul 27 07:04:44 +0000 2014,RT @Mariela_Garriga: @scorsesemartin @photoblggr photo taken by me in Havana 2 month ago 😊 http://t.co/VuA4Q4BhDO
492533850510082050,Fri Jul 25 04:56:35 +0000 2014,Photos? Send em
492533744834600960,Fri Jul 25 04:56:10 +0000 2014,@stevefurman thanks
492533712098037760,Fri Jul 25 04:56:02 +0000 2014,@JordanlebronV @photoblggr thanks. Who's first?
492533493339922400,Fri Jul 25 04:55:10 +0000 2014,RT @baylon_p: @scorsesemartin @photoblggr taken by my husband (photographer by trade) on Island of Montserrat Dec-2013 http://t.co/su0Lz8XN…
492510294678061060,Fri Jul 25 03:22:59 +0000 2014,Tweet THE best photo you have ever taken or seen!  #taken #seen label it. Go! @photoblggr
491587032074817540,Tue Jul 22 14:14:16 +0000 2014,RT @ashmohammad77: @scorsesemartin the best director in the world http://t.co/xXo8D9GcNb
491393377636597760,Tue Jul 22 01:24:45 +0000 2014,Steal Your Face wine! http://t.co/qS6l8BqMvK
490693000658292740,Sun Jul 20 03:01:42 +0000 2014,RT @Phish_FTR: http://t.co/ghdGgDEusk http://t.co/v5pVMuKjKk
490690635448344600,Sun Jul 20 02:52:18 +0000 2014,How's the coffee?   https://t.co/tTztNdLiwb
490682586729967600,Sun Jul 20 02:20:19 +0000 2014,@reply or tweet to me with your cool photos. Retweeting them tonight.  Happy Sat
490682026312208400,Sun Jul 20 02:18:06 +0000 2014,RT @AhmedandSalim11: @scorsesemartin I'm from Kuwait and I hope to visit us in our country. http://t.co/U0P47WmON5
490682001737801700,Sun Jul 20 02:18:00 +0000 2014,RT @mahadiknitesh11: @scorsesemartin @retweet http://t.co/Pm78yRLf4R
490681960621023200,Sun Jul 20 02:17:50 +0000 2014,RT @TheFreakMagnet: @scorsesemartin Here's Robert Smithson's Spiral Jetty at dusk... http://t.co/i6HiygJ8t8
490681269777219600,Sun Jul 20 02:15:05 +0000 2014,Is Petty on the same stage as Death Cab at @outsidelandssf @OutsideLandsApp Outsidelands? In @SanFrancisco
490323088761172000,Sat Jul 19 02:31:48 +0000 2014,Who wants a go pro camera?
490322799085367300,Sat Jul 19 02:30:39 +0000 2014,RT @fanstudiope: Las 10 #peliculas que hicieron temblar de miedo a Martin Scorsese @scorsesemartin. ► http://t.co/FSaJ9NasKZ http://t.co/GO…
490199839641071600,Fri Jul 18 18:22:03 +0000 2014,Any other cool photos from photographers?  @Retweet party today.
490199693129838600,Fri Jul 18 18:21:28 +0000 2014,RT @cagelight: @scorsesemartin "Herald Square", Manhattan. Another original print from Peter Niro of http://t.co/SS8XX91Wwz http://t.co/L7v…
490193130835046400,Fri Jul 18 17:55:24 +0000 2014,@cagelight nice one!
490193105476276200,Fri Jul 18 17:55:18 +0000 2014,RT @cagelight: @scorsesemartin Carmine Street, Greenwich Village, New York City, original print from @cagelight. http://t.co/9HSPzCElev
490193046110105600,Fri Jul 18 17:55:04 +0000 2014,Anyone looking for a GoPro camera?
488373876099792900,Sun Jul 13 17:26:20 +0000 2014,Keep the good photos coming. Retweeting good ones. Calling all photographers. What country or state are you in?
488373697514721300,Sun Jul 13 17:25:37 +0000 2014,RT @menesesfilm: @scorsesemartin @reply Stockholm - Sweden! http://t.co/zEv9RI0XH6
488366760609841150,Sun Jul 13 16:58:03 +0000 2014,RT @AnthonySmedile: @scorsesemartin @reply Atlantic City NJ http://t.co/cXpZ6ZYUY5
488365562204921860,Sun Jul 13 16:53:18 +0000 2014,@estimble wedding man! Hi!  Favorite camera?
488365356591763460,Sun Jul 13 16:52:29 +0000 2014,How many directions do you like to go in when you are happy?
488364931075420160,Sun Jul 13 16:50:47 +0000 2014,@Bickle307 @juddweiss @reply Judd Weiss!  Nice work. Check him out.
488364099479167000,Sun Jul 13 16:47:29 +0000 2014,Calling all photographers! Where are you?  @reply here.  Details coming later today. #trustme
487984179263463400,Sat Jul 12 15:37:49 +0000 2014,Cool Steve Vai article here: http://t.co/pDeDIAKB7y @stevevai by @DallasPerkins
483792588059574300,Tue Jul 01 02:01:56 +0000 2014,@USASoccer win
483792515187757060,Tue Jul 01 02:01:38 +0000 2014,USA going to win? Germany? Who?
483789222818480100,Tue Jul 01 01:48:33 +0000 2014,Check out this camera! http://t.co/TfYP06gwIx
482222896316547100,Thu Jun 26 18:04:32 +0000 2014,Congrats USA. What country are you rooting for?  Reply here. #worldcup
480594107224444900,Sun Jun 22 06:12:18 +0000 2014,Doesn't anyone sell fireworks anymore?
480593567904043000,Sun Jun 22 06:10:10 +0000 2014,@wryt2r always transitioning.
480580495705505800,Sun Jun 22 05:18:13 +0000 2014,@LouatiFatma Hi Fatma
480575797183279100,Sun Jun 22 04:59:33 +0000 2014,Who's "raging"?
480575662013440000,Sun Jun 22 04:59:01 +0000 2014,RT @cienporciencine: @scorsesemartin But don't forget the world doesn't end in the north hemisphere, here in #Argentina we are starting win…
480548205411586050,Sun Jun 22 03:09:54 +0000 2014,Happy Summer people! Let's start a huge retweet! Retweet this everyone. Literally. All.  #scorsesesummer
475737247321296900,Sun Jun 08 20:32:53 +0000 2014,RT @BenAlagna: @scorsesemartin I've owned it since my class on you in college. Great read! http://t.co/VYJKiDmNIF
475731824681812000,Sun Jun 08 20:11:20 +0000 2014,Who has read this book about me? Click here to check it out. http://t.co/j0BGeqLTLf
472529475679174660,Sat May 31 00:06:20 +0000 2014,I want to open a bank account. Which bank is best?
464404266451341300,Thu May 08 13:59:40 +0000 2014,@eagarcia75 wine. Food. Cinema.
463136540734918660,Mon May 05 02:02:10 +0000 2014,@MorganSpurlock @CNNent Cnn now. Spurlock. Good topic. Cameras! Who's wants a camera now?
459381623520112640,Thu Apr 24 17:21:28 +0000 2014,RT @Federicofalcett: #RobertDeNiro Raging Bull @scorsesemartin  1980 #oscar http://t.co/vfwdcDDrU0
458833258357088260,Wed Apr 23 05:02:28 +0000 2014,Hit me Twitter. Who's up?
458833166124331000,Wed Apr 23 05:02:06 +0000 2014,RT @Federicofalcett: #RobertDeNiro Taxi Driver @scorsesemartin http://t.co/NaP7sdeJ21
458772361458622460,Wed Apr 23 01:00:29 +0000 2014,Yanks or Sox or who? @reply your choice.
457913179960389600,Sun Apr 20 16:06:24 +0000 2014,Happy 420/Easter
455928931158224900,Tue Apr 15 04:41:42 +0000 2014,RT @MTVAUSTRALIA: Funny man @JonahHill takes out award for #BestComedicPerformance &amp; thanks his mates + @LeoDiCaprio @ScorseseMartin #Movie…
455928761322446850,Tue Apr 15 04:41:02 +0000 2014,RT @CelebSchoolPics: School Pics of Martin Scorsese (@scorsesemartin) http://t.co/uKrxoG407M
455378142031400960,Sun Apr 13 16:13:04 +0000 2014,Go Boom Boom! #Masters #Masters2014 #MastersSunday #fredcouples
455216196153917440,Sun Apr 13 05:29:33 +0000 2014,@SuiteMelody nice!
455215809598472200,Sun Apr 13 05:28:01 +0000 2014,Couples or Stadler?
451500938910396400,Wed Apr 02 23:26:26 +0000 2014,Great photo!  http://t.co/5Q4oVWSm7G
449737022995832800,Sat Mar 29 02:37:16 +0000 2014,@J_moser_ so nice
449736129562943500,Sat Mar 29 02:33:43 +0000 2014,Calipari or Pitino?  Hit me.
448301308089356300,Tue Mar 25 03:32:15 +0000 2014,What is the best rumor right now?
447831239261569000,Sun Mar 23 20:24:22 +0000 2014,Who has the coolest photos on twitter? #photography #goodpeopletofollow #Photographers
445563538761723900,Mon Mar 17 14:13:20 +0000 2014,That was NOT an earthquake in Los Angeles, it was an Irish Car Bomb! #earthquake
445274608053149700,Sun Mar 16 19:05:14 +0000 2014,How can there be no LOJack on that Malaysian plane?
444858412883402750,Sat Mar 15 15:31:25 +0000 2014,@DeeoElaclaire ciao
444858375520526340,Sat Mar 15 15:31:16 +0000 2014,@scottyboyjones HELLO
444856540046975000,Sat Mar 15 15:23:58 +0000 2014,Where is everyone located? Tweet back with your city/town/country!
444855412894879740,Sat Mar 15 15:19:30 +0000 2014,Who's up? Hit me.
443243466965798900,Tue Mar 11 04:34:12 +0000 2014,RT @MauiTimeMachine: @scorsesemartin @reply Here's a snapshot on the phone of the sunset just beginning to inspire us on West Maui. :-) htt…
443224038400204800,Tue Mar 11 03:17:00 +0000 2014,@MauiTimeMachine @reply aloha!
443115573094780900,Mon Mar 10 20:05:59 +0000 2014,@mind4ub ummm.
442909952974151700,Mon Mar 10 06:28:56 +0000 2014,6.9 quake in CA? Who felt it?
442870018284322800,Mon Mar 10 03:50:15 +0000 2014,@jbaksht true
442868435576320000,Mon Mar 10 03:43:57 +0000 2014,@Aarushi_G hello India!
442867547952537600,Mon Mar 10 03:40:26 +0000 2014,Happy Sunday. Who's on twitter right now? Hit me back with an @reply
442406920431755260,Sat Mar 08 21:10:04 +0000 2014,@sugablaze thanks!
418237222433742850,Wed Jan 01 04:28:18 +0000 2014,@waxchip yes
417141538649415700,Sun Dec 29 03:54:27 +0000 2013,@ronaldmizrahi Ronald!
388872964566810600,Sat Oct 12 03:45:14 +0000 2013,@infante_andrew yes, I am.
388871285771481100,Sat Oct 12 03:38:34 +0000 2013,Hello twitter.  You there?
330810417507102700,Sat May 04 22:25:24 +0000 2013,“@Mizz_Mar_Tay: @scorsesemartin Verrazano! #derbyday”
330808280165261300,Sat May 04 22:16:54 +0000 2013,“@___A__J___: @scorsesemartin Goldencents for #Merica, @OurFreeAmerica”
330807328276373500,Sat May 04 22:13:07 +0000 2013,“@theodus19: @scorsesemartin Revolutionary,Mylute”
330807018753507300,Sat May 04 22:11:54 +0000 2013,“@BAM08873: @scorsesemartin @mrcbehan #derbyday. Going w/the woman jockey.”
330806333571997700,Sat May 04 22:09:10 +0000 2013,@DJGKCMOUSA yes!
330805652379275260,Sat May 04 22:06:28 +0000 2013,RT @cmChaffin: @scorsesemartin itsmyluckyday
330805324648947700,Sat May 04 22:05:10 +0000 2013,Who is your pick for the Kentucky Derby winner? I am retweeting picks. #derbyday
324379637050388500,Wed Apr 17 04:31:46 +0000 2013,42
320261480534646800,Fri Apr 05 19:47:41 +0000 2013,What is going on in Korea?  They for real?
24116403816,Fri Sep 10 15:56:36 +0000 2010,RT @RockandRollGuru: John Lennon & Paul McCartney offered the song "I Wanna Be Your Man" to the Rolling Stones 47 yrs ago today.
13141345970,Fri Apr 30 17:35:19 +0000 2010,Getting ready to set up my Twitter page.  Sorry for delay.  Just seems to always be on list of things to get done, but, don't.
8381802077,Fri Jan 29 20:03:24 +0000 2010,Hello Twitter World!
