id,created_at,text
698867354764189700,Sun Feb 14 13:52:16 +0000 2016,RT @veronicdicaire: Les Voicettes et moi avons une nouvelle chorégraphie! || Added a new dance to our show!  #sorrynotsorry  https://t.co/W…
683984792552083500,Mon Jan 04 12:14:17 +0000 2016,RT @jackie_simoneau: Going to miss this lovely lady @shanatroy ! Thank you so much for being a big part of our #roadtorio ! #teamcanada htt…
673991237792321500,Mon Dec 07 22:23:27 +0000 2015,Ya baby! #roadtorio athletes, brace yourselves, 6:30am is going to… https://t.co/KsGZwjMN6p
673174695483674600,Sat Dec 05 16:18:49 +0000 2015,Loving our new #mywestelm rug. Thanks for your help Chloé westelmmtl https://t.co/DbW4mEeEfX
672891430445129700,Fri Dec 04 21:33:13 +0000 2015,It's beginning to look a lot like Christmas... just missing snow! ☃ https://t.co/fWiTjeM7FE
670971253692440600,Sun Nov 29 14:23:07 +0000 2015,🍎+🍌 pancakes with coconut butter + pomegranate. #flourfree https://t.co/A919728SUf
670661969159024600,Sat Nov 28 17:54:08 +0000 2015,Love me some balls! Lemon+coconut, and pb+chia+protein. ⚽️🏐🏀🎱⚾️🎾🏓#cleaneats https://t.co/fHztQW2zOB
670414768222707700,Sat Nov 28 01:31:51 +0000 2015,Is there anything wrong with this for supper...nope! https://t.co/GH6rbbR3Mp
670034073771970600,Fri Nov 27 00:19:06 +0000 2015,Great barre class tonight girls. Way to kick Thursday night into high… https://t.co/hhEWuBdbz8
669617600717004800,Wed Nov 25 20:44:11 +0000 2015,Like diamonds in the sky ✨ #stjlbadventures have come to an end. @ Zurick… https://t.co/jI95tfsauQ
669450647834656800,Wed Nov 25 09:40:46 +0000 2015,What a view! 😎 #stjlbadventures @ Gornergrat https://t.co/OEu5mdwwNK
669274375267446800,Tue Nov 24 22:00:20 +0000 2015,It's the attention to detail that makes a hotel great. For anyone coming… https://t.co/LIV6zhpX55
669158084045086700,Tue Nov 24 14:18:14 +0000 2015,Let's stay the day and play! 🇨🇭👫 #stjlbadventures hotelcervo @ CERVO Zermatt https://t.co/f7bvLu8ykt
669094820011499500,Tue Nov 24 10:06:50 +0000 2015,Going to miss this... onto the next hotel. #stjlbadventures @ Firefly… https://t.co/S9mIzlEUyM
668785887132688400,Mon Nov 23 13:39:15 +0000 2015,Tomato &amp; Gorgonzola gnocchi with a view! 🍅🧀🏔 #stjlbadventures @ Klein… https://t.co/XfJaWPjNNJ
668750439043768300,Mon Nov 23 11:18:24 +0000 2015,She's a beauty! @matterhorntruck 🎿🏔 #4478m @ Zermatt, Switzerland https://t.co/mcIFjXxRk2
668530665567199200,Sun Nov 22 20:45:06 +0000 2015,Perfect 5 à 7 by the fireplace of our hotel... and discovering that we… https://t.co/spZLPxWv2d
668463650815025200,Sun Nov 22 16:18:48 +0000 2015,On top of the Swiss Alps, yelling riiiiiiicolaaaaa! @jlbrassard… https://t.co/xNQCbyKIPT
668172938449969200,Sat Nov 21 21:03:37 +0000 2015,When in Switzerland, you cheese fondu it. Simple as that.… https://t.co/0E9y0FpSdL
666769104393629700,Wed Nov 18 00:05:17 +0000 2015,Dancing in some pretty fabulous shoes! @aquazzura #holtrenfrew… https://t.co/Cl1Gy1ajR7
666599075882602500,Tue Nov 17 12:49:39 +0000 2015,Working morning 👊🏼☀️ #synchronizedswimmingteam #roadtorio https://t.co/sSfRElPAeO
666322555251392500,Mon Nov 16 18:30:51 +0000 2015,Felt the burn during miriahb barre class! 🔥 Up an inch, down an inch.… https://t.co/4wbxizcniJ
665890864628154400,Sun Nov 15 13:55:28 +0000 2015,Paris, on t'aime 💙 https://t.co/qhXYtMPvig
665164572920279000,Fri Nov 13 13:49:27 +0000 2015,Successful + fun @unitraining opening party last night! ✔️👊🏼 lauracousie… https://t.co/ZQIg9n9bam
664173468309659600,Tue Nov 10 20:11:09 +0000 2015,💙💙💙...and way too much fun/wine with these three. What a weekend!… https://t.co/aq8M1heJVt
664109537595678700,Tue Nov 10 15:57:06 +0000 2015,Doubling up is the only way when I'm in LA. 🌴 casstroy #twinning… https://t.co/RJlvVdbkEz
663020338268217300,Sat Nov 07 15:49:01 +0000 2015,Always a good morning baby! 👶🏼☀️#westbwalk #teething https://t.co/MtHY8GUx1j
660585363212255200,Sat Oct 31 22:33:18 +0000 2015,Blown away by mom &amp; dad's decorating skills! A+ for effort! momtroy @… https://t.co/wiyEq6KWVl
660466475384381400,Sat Oct 31 14:40:53 +0000 2015,🎃👻💀 https://t.co/8zWwgXujxe
658404175630475300,Sun Oct 25 22:06:02 +0000 2015,And out of the oven it pops. 💥👊🏼#cleaneats https://t.co/BQFdPleFPt
656118611988320300,Mon Oct 19 14:44:01 +0000 2015,Voted already. Have you? C'est fait; et vous?! ✔️ https://t.co/bkEXwRenj5
655104951614578700,Fri Oct 16 19:36:06 +0000 2015,Many thanks @helenamtl and David, for spoiling us on our lunch date. @… https://t.co/ATx13ZfykB
654752408552083500,Thu Oct 15 20:15:13 +0000 2015,Spa-ahhh day with the birthday girl 🎈chelskye @bota_bota @ Bota Bota https://t.co/Wqz8ZA2cJa
650330136668192800,Sat Oct 03 15:22:41 +0000 2015,Attempted to make spinach-banana gf pancakes... success! Then I slathered… https://t.co/Sqwxnzx2fU
649971088831684600,Fri Oct 02 15:35:58 +0000 2015,Can't wait to teach #barreXT right here, right now!💪🏼 @bcyclespin #bbody… https://t.co/wxm9CVE3e4
649612291537793000,Thu Oct 01 15:50:14 +0000 2015,The only photo I ended up taking at last nights event. Couldn't be… https://t.co/nyESITAJIT
648839106571726800,Tue Sep 29 12:37:52 +0000 2015,Pool time side lines 💦 #synchroduet @ Olympic Stadium (Montreal) https://t.co/VRpOEAhs1O
648219003203285000,Sun Sep 27 19:33:48 +0000 2015,Canoeing &amp; Canoodling ⛵️⚓️ vloiselle7 #cottagelife https://t.co/fD9iPSu1F8
647951184515440600,Sun Sep 27 01:49:35 +0000 2015,The Bolouri family sure knows how to throw a party. Thanks for hosting… https://t.co/3LCv2uTAsJ
647398183958630400,Fri Sep 25 13:12:09 +0000 2015,Carrot, chai, chocolate. Always chocolate. #cleaneats 🍫☕️ https://t.co/Myil1OfaXl
646408594011869200,Tue Sep 22 19:39:53 +0000 2015,Dancing up a storm 💨⚡️ #lesdieuxdeladanse  suyinmonette arijeudy https://t.co/lEKFTQ6Far
644620435208994800,Thu Sep 17 21:14:22 +0000 2015,You've got enough classes to choose from. We've added barre xtreme to the… https://t.co/KkUQGem7WF
644613910792917000,Thu Sep 17 20:48:27 +0000 2015,My cousin's new short film.He directs &amp; acts in it, and is pretty cute! Please "like" it.   AFK_ https://t.co/IMY10YT1NV via @YouTube
643890843955425300,Tue Sep 15 20:55:14 +0000 2015,Auditions about to start! 👯 #VeronicVoices @remon_b arijeudy… https://t.co/Gqr7ZDLIln
635170569126850600,Sat Aug 22 19:23:59 +0000 2015,Above the trees on the Sky Pilot Suspension Bridge, 885 meters above… https://t.co/y4ytjuAIpK
631965047275786200,Thu Aug 13 23:06:23 +0000 2015,Shaken, that's just how we like it 👌🏻 #veronicdicaire #lavoixdesautres… https://t.co/NJ254BFleb
631591745705406500,Wed Aug 12 22:23:01 +0000 2015,Station Organique - we will do tonight's show for you.... Or rather, all… https://t.co/oRRQBVug8g
630395082169053200,Sun Aug 09 15:07:54 +0000 2015,Ready for the bbq to begin! @jessbroomhead @remon_b #bbqstherve @ St-Hervé https://t.co/SjskclKLpM
629627579658563600,Fri Aug 07 12:18:07 +0000 2015,Fun morning working in the barre studio with @btmontreal @bcyclespin… https://t.co/uUl3tNU2lu
627234577409527800,Fri Jul 31 21:49:11 +0000 2015,Stumptown's #coldbrew is keeping me cool &amp; caffeinated on the drive up… https://t.co/iBBxucycDs
625408778398269400,Sun Jul 26 20:54:06 +0000 2015,Nailed lupper! #cottagelife #clawhand @jessbroomhead @unitraining lauracousie https://t.co/Ac6OCX2sq3
624760692885856300,Sat Jul 25 01:58:51 +0000 2015,Obsessed with my new #lululemon gear. High Times pants is where it's at! https://t.co/ICTeTyMijD
624306430770745300,Thu Jul 23 19:53:46 +0000 2015,Ready for #barre class with lifebylyd @jennheil  @bcyclespin 🔥 #bbody #bcyclespin #cloverallover @… https://t.co/FIxz9dZeRM
624247202056138800,Thu Jul 23 15:58:25 +0000 2015,Ready for #barre class with lifebylyd @jennheil  @bcyclespin 🔥 #bbody #bcyclespin @ b.cycle https://t.co/FIxz9egQgm
621468865529315300,Wed Jul 15 23:58:18 +0000 2015,We'll be in our trailer. #VTEAM #voicettesontour #VeronicVoices arijeudy @shanabryn @jessbroomhead https://t.co/7qGw6sOhCB
620281942508970000,Sun Jul 12 17:21:54 +0000 2015,Water polo time, Mexico vs. Venezuela. #panamgames #nowornever 🏊🏾🏀 leeandcolin @ Markham Pan-Am… https://t.co/MBtZJJFoYl
619626532642762800,Fri Jul 10 21:57:32 +0000 2015,Heading to the opening ceremonies! Follow @jlbrassard on Radio Canada with Marie-Josee Turcotte for… https://t.co/xfsbhAdqmV
619512348584316900,Fri Jul 10 14:23:48 +0000 2015,Toronto bound train duo. ✌🏼🍀 @lastationorgani #panamgames @ VIA Rail Canada - Gare Centrale De… https://t.co/3B7TPEVYjH
619268742304956400,Thu Jul 09 22:15:48 +0000 2015,These girls are such a breath of fresh air, and most of all remind me of my sisters. But let me take… https://t.co/HuPxU2i5Rb
618016186563985400,Mon Jul 06 11:18:35 +0000 2015,Au revoir Caraquet 👋🏼 Im coming home! #voicettesontour #VTEAM https://t.co/0QIxZVpoor
617140875781611500,Sat Jul 04 01:20:25 +0000 2015,Tweet tweet. Rockin' the fowl shirts. 🐦 #voicettesontour @mcmurryrebecca @ Carrefour de la Mer https://t.co/uenV5IFzmD
615244760559788000,Sun Jun 28 19:45:56 +0000 2015,Friends who high tea together, stay together ☕️ #friendsforever #letscelebrate obargelletti @jennheil… https://t.co/oAGmVH17tb
612418645105463300,Sun Jun 21 00:35:57 +0000 2015,✨Celebrating baby Walker,       LA style ✨ casstroy @kimgingras kellypendygraftlieb @panterasarah… https://t.co/6igXHKjR8P
611726467668557800,Fri Jun 19 02:45:29 +0000 2015,Chocolate &amp; coffee fix ✔️ olive&amp;thyme casstroy awalkk35 @ Olive &amp; Thyme https://t.co/UddeFEDvXZ
609928931391742000,Sun Jun 14 03:42:43 +0000 2015,Here's to our technician bringing us in n out burgers as soon as the curtain dropped! #innout… https://t.co/t1aNiAD1rH
609541645042872300,Sat Jun 13 02:03:47 +0000 2015,3 shows to go, and then we're heading home! #VeronicVoices @jessbroomhead claudiamitria… https://t.co/eCmyme2FOr
608666939024638000,Wed Jun 10 16:08:01 +0000 2015,Thanks for the dreamy date night, roomie! #lerêve #cirquedusoleil bobbykanole @ Wynn Las Vegas https://t.co/DBrcsItCGW
607734473690595300,Mon Jun 08 02:22:44 +0000 2015,Basking in the sun &amp; boat trippin' on Lake Mead. ☀️⚓️ @jessbroomhead @remon_b #raybans #lavieestbelle https://t.co/zsfvOra5Hg
607026125261447200,Sat Jun 06 03:28:00 +0000 2015,#naileditshana #VeronicVoices https://t.co/2U28WvZMDZ
606687626515611600,Fri Jun 05 05:02:56 +0000 2015,Two dancers, a stage director, a stylist, and a serious voice...all before the curtain goes up.… https://t.co/HpqJDTPgzK
605202177506857000,Mon Jun 01 02:40:17 +0000 2015,The latest @cloverjuices to join the roster; #thehouse in collaboration with @sohohouse 🍀… https://t.co/oiOBopYDCe
604793616268177400,Sat May 30 23:36:49 +0000 2015,Paddle surfing at the lake. casstroy @nvs4you icucweallsee @ Lake Las Vegas https://t.co/kpGQc1Kvpm
604467365246578700,Sat May 30 02:00:24 +0000 2015,Patiently waiting for the show to start and for casstroy awalkk35 @nvs4you icucweallsee to arrive!… https://t.co/Y46wceizGA
601439359154290700,Thu May 21 17:28:12 +0000 2015,Thanks for the fun night @veronicdicaire @remon_b! Talk about a trip down memory lane 🎤 @ The… https://t.co/XfZnLYpz7w
600480598172540900,Tue May 19 01:58:25 +0000 2015,Best impromptu Monday night ever! Only with you two casstroy awalkk35 @johnlegend #HostBeautifully @… https://t.co/XdKA8TaDL5
600406545160077300,Mon May 18 21:04:10 +0000 2015,Today's trio. #clover #veg'd #lelait #coldpressedjuice #coldpressednutmilk @ Clover Cafe https://t.co/rWXlLROPYo
600086413351198700,Sun May 17 23:52:04 +0000 2015,1816 a Pop-Up Shop by Clover 🍀 casstroy awalkk35 @bradhoss @cloverjuices #cloverallover @ Clover Cafe https://t.co/uvRpcKqpzx
600064924560322600,Sun May 17 22:26:41 +0000 2015,Sunny Sunday with my sis ☀️ casstroy @cloverjuices #gingersnap https://t.co/JCp1TbMsfw
599098128298582000,Fri May 15 06:24:59 +0000 2015,We're back in Vegas and off to a good start! #veronicdicaire #champagneshowbizz @shanabryn @sastwits… https://t.co/mdpV9aH9bz
597432486927462400,Sun May 10 16:06:19 +0000 2015,Happy day to our beautiful Mother 💕 Love you! momtroy casstroy chelskye @ Resto Griffintown https://t.co/smGepSF2iM
596303541813280800,Thu May 07 13:20:17 +0000 2015,Juice, muffins, coffee &amp; family makes for the perfect morning. Rise &amp; shine today! 🍀☀️ Merci… https://t.co/fIy5wKiwFc
594353998527918100,Sat May 02 04:13:30 +0000 2015,Go see #Empire people. It's fantastic! @Spigelworld #absinthemeetsempire #babyonboard @jlbrassard… https://t.co/PiXtNpW7Sw
594196673414455300,Fri May 01 17:48:21 +0000 2015,Lunch date at our fav spot! 💚👫 @ Restaurant Helena https://t.co/lPLJsS71nY
591043012555362300,Thu Apr 23 00:56:49 +0000 2015,Thanks for coming to check out the studio, and for letting us kick your butt...literally! chelskye… https://t.co/YnSVX1XQiQ
590568725033648100,Tue Apr 21 17:32:10 +0000 2015,Wicked barre class Lydia! My butt will be thanking you 🔥 @bcyclespin rebel345abc @ b.cycle https://t.co/4vrETyXyWq
590214381411119100,Mon Apr 20 18:04:08 +0000 2015,First Essentrics class @bcyclespin was great! Thanks to essentrics and most of all Gayle for the… https://t.co/TnjTBfe4BX
589492912150417400,Sat Apr 18 18:17:17 +0000 2015,This is how we cottage. #cottagelife #pupuplatter @jlbrassard https://t.co/BIynmZqE2J
588168581399109600,Wed Apr 15 02:34:52 +0000 2015,Ready to open this studio with a bang 🔫 @bcyclespin #barrebaby #essentrics #greenlightsostrong… https://t.co/53DS44yZzk
587642158041190400,Mon Apr 13 15:43:02 +0000 2015,I think we're ready to give some kick ass barre classes @bcyclespin, right Nikki?! 💪 nikkiatzori… https://t.co/5Ip0X3N82Z
586885658502893600,Sat Apr 11 13:36:59 +0000 2015,Spring has sprung @cantinhodelisboa with the bday girl @jennheil ! 🌷🎈 @ Cantinho de Lisboa https://t.co/YdyeQxm3Oj
585581687393882100,Tue Apr 07 23:15:28 +0000 2015,Great cookbook discovery while waiting for our meal, at an equally great discovery of a neighborhood… https://t.co/RJgULq1W8Y
584802112376180700,Sun Apr 05 19:37:43 +0000 2015,Easter brunch: vegan lime pie,  egg &amp; smoked salmon bake, fruit salad galore= happy tummies!🌷🐰… https://t.co/wbyhU8ORKh
584716260363137000,Sun Apr 05 13:56:34 +0000 2015,Happy Easter! 🌷🐤 #surfnturf https://t.co/9uR4ZdA6cw
584454290196013000,Sat Apr 04 20:35:36 +0000 2015,Catching up with this little friend, and getting the Easter weekend started!  suaadfitness @… https://t.co/CdeTfuR5xH
584386816700198900,Sat Apr 04 16:07:29 +0000 2015,While it was snowing, I got my spin on. @bcyclespin 💪 @ b.cycle https://t.co/TMdzBOsuzg
583678588664307700,Thu Apr 02 17:13:14 +0000 2015,Thanks for inspiring me to make this bread @veronicdicaire. It's wholesome, delicious &amp; the perfect… https://t.co/7RBMmssxfF
581954764465832000,Sat Mar 28 23:03:22 +0000 2015,47 days touring Europe, 29 shows...deserves a final CHAMPAGNE SHOWBIZZ! Had the time of our lives and… https://t.co/q3hi83n4YS
581845222352691200,Sat Mar 28 15:48:05 +0000 2015,Today's discovery was the Chateau de Nantes, and was a beautiful way to end our European tour. https://t.co/FEbelVlj7R
581630070839582700,Sat Mar 28 01:33:09 +0000 2015,Champagne showbizz cause we've got one more show to go! 🙊 #voicettesontour @sastwits @jessbroomhead… https://t.co/umfPNGvDTY
581533436017565700,Fri Mar 27 19:09:10 +0000 2015,Master b**ch and her b**ch tit cadets! #backstageshenanigans #voicettesontour @veronicdicaire… https://t.co/UNFlTW4YO2
581488183940091900,Fri Mar 27 16:09:21 +0000 2015,I'm taking a moment to boast about my sister &amp; brother-in-law, casstroy awalkk35 Two of the most… https://t.co/g9c04Tc0fN
580846578128302100,Wed Mar 25 21:39:50 +0000 2015,3 more shows to go...already!!! Wtf?! #voicettesontour @mcmurryrebecca arijeudy @sastwits… https://t.co/gdJKw9VUo0
580417182359777300,Tue Mar 24 17:13:34 +0000 2015,Enjoying all that #Rennes has to offer. 🇫🇷 @jessbroomhead @ Jardin Saint Georges https://t.co/CqTIkYRhcT
579586345850392600,Sun Mar 22 10:12:07 +0000 2015,Spring is in the air in Anvers, Belgium. 🌳 https://t.co/lEyuOdNO37
579227805092847600,Sat Mar 21 10:27:24 +0000 2015,River boat time. #Bruges @jlbrassard arijeudy https://t.co/2fQY7lg7zG
579227216229343200,Sat Mar 21 10:25:04 +0000 2015,The cutest chocolaterie that I've ever seen. #Bruges @jlbrassard arijeudy https://t.co/8R2YfsIxTV
577596557857550300,Mon Mar 16 22:25:25 +0000 2015,Making a quick getaway post show. #voicettesontour @jessbroomhead @mcmurryrebecca @sastwits… https://t.co/BsUqIXmzXd
577486144809623600,Mon Mar 16 15:06:40 +0000 2015,Our lovely light filled hotel in Belgium. #voicettesontour @ Crowne Plaza Liège https://t.co/7RvFpLAonP
577107649524826100,Sun Mar 15 14:02:40 +0000 2015,The Strasbourg Cathedral is way more spectacular in person! ⛪️#voicettesontour arijeudy… https://t.co/CGo3uMp1ht
577106765541732400,Sun Mar 15 13:59:09 +0000 2015,Roaming the streets of Strasbourg. #voicettesontour arijeudy @veronicdicaire @remon_b @mcmurryrebecca… https://t.co/ziEtS4G9aA
576325370242269200,Fri Mar 13 10:14:10 +0000 2015,Good morning Annecy 🌳#voicettesontour @ Impérial Palace Annecy https://t.co/gnJSEXvY54
575681029572325400,Wed Mar 11 15:33:47 +0000 2015,We've arrived! #voicettesontour @ Morges (Suissa) https://t.co/evqOxX8Enu
574587217831686140,Sun Mar 08 15:07:22 +0000 2015,Swan watching 🐦 @ Lake Geneva, Switzerland https://t.co/Yqtd1UPDxz
574164895639470100,Sat Mar 07 11:09:13 +0000 2015,Last walk through Cannes, and off we go to Marseille. #lacroisette #voicettesontour @ Port de Cannes https://t.co/Yo8XAHoW03
571294126936887300,Fri Feb 27 13:01:48 +0000 2015,Sending virtual hugs to my family &amp; friends back home. 💜 U! momtroy chelskye casstroy obargelletti… https://t.co/193YZ5Nnbe
570588797718700000,Wed Feb 25 14:19:05 +0000 2015,Jumping through the streets of Annecy! @jessbroomhead #voicettesontour #LaVoixDesAutres https://t.co/t16cAFVvl5
570584227382759400,Wed Feb 25 14:00:55 +0000 2015,Annecy is just as beautiful as I remembered. #16yearslater @ Lake Annecy https://t.co/Chg5u7G41s
569926313496203260,Mon Feb 23 18:26:36 +0000 2015,Bulles, vin et thé au Café de Flore. #voicettesontour #LaVoixDesAutres @jessbroomhead @sastwits @ Café… http://t.co/64gadzpl2A
569189509662949400,Sat Feb 21 17:38:48 +0000 2015,Bring it on Deauville! 💪 #voicettesontour #LaVoixDesAutres @ Centre international de Deauville http://t.co/M4g92bTucy
569188721368703000,Sat Feb 21 17:35:40 +0000 2015,Picturesque Deauville. #voicettesontour #LaVoixDesAutres @ Hermes Deauville http://t.co/AfCnd49O2B
568427777046806500,Thu Feb 19 15:11:57 +0000 2015,Tea time @veronicdicaire @remon_b hotel. #liftyourpinkie #voicettesontour #LaVoixDesAutres… http://t.co/vglaBpNM4g
568131065132535800,Wed Feb 18 19:32:55 +0000 2015,Strutting to the #Olympia for tonight's show. #itsalmostshowtime #tminus60 #voicettesontour @sastwits… http://t.co/3Vft58DUJW
568076732705738750,Wed Feb 18 15:57:02 +0000 2015,Jumping for joy! #cheezy #voicettesontour #LaVoixDesAutres http://t.co/FeOO64FH43
567840601384812540,Wed Feb 18 00:18:43 +0000 2015,A little hot wine before jumping on la grande roue, to watch the Eiffel Tower sparkle on the hour.… http://t.co/w1ndtIipRH
566781811544850400,Sun Feb 15 02:11:28 +0000 2015,European opening night was a success! 🇫🇷✔️ #voicettesontour #LaVoixDesAutres http://t.co/3OVIE6lfxL
565838166402555900,Thu Feb 12 11:41:46 +0000 2015,Today's catering! Lemon meringue pie is missing on the pic. 👌 #bonheur! #voicettesontour… http://t.co/82HOArScF2
565314053233713150,Wed Feb 11 00:59:07 +0000 2015,Europe, here we come! @veronicdicaire #voicettesontour arijeudy @cloverjuices @ Aéroport… http://t.co/hHFpvWDg8j
564423853368426500,Sun Feb 08 14:01:47 +0000 2015,Sushi market findings. 🐟🐙#aftergiantcrab #humongoustunahead @jlbrassard @ Tsukiji fish market http://t.co/D6j95QpiOL
563136321200611300,Thu Feb 05 00:45:36 +0000 2015,I don't have much idea what I'm eating, but that's alright cause it tastes great! 👌🍚🍱 @… http://t.co/GiKyGk65OS
562971433849352200,Wed Feb 04 13:50:23 +0000 2015,Akihabara, an animated &amp; cartoonish version of Time Square. http://t.co/Q3yBhkC2CS
562970005906948100,Wed Feb 04 13:44:43 +0000 2015,Just thinking about the time it took them to get ready, I couldn't walk past them and not ask for a… http://t.co/fpQfRMXKSi
562969287221321700,Wed Feb 04 13:41:52 +0000 2015,The flame, and the building to its left is supposed to be a glass of beer with foam on top. Seriously. http://t.co/UdBegR5jck
562230509783511040,Mon Feb 02 12:46:13 +0000 2015,Tokyo &amp; @jlbrassard here I come ✈️ #reunited @ Aéroport Montréal-Trudeau Airport http://t.co/eOUH5mbsVv
561708528361275400,Sun Feb 01 02:12:03 +0000 2015,Let's go Vé and kick SNL Quebec's butt! 🙌 chelskye #snlqc @veronicdicaire @ Tele Quebec http://t.co/rXcuja6HNv
560585724408627200,Wed Jan 28 23:50:26 +0000 2015,The cold pressed juice fairy kindly stopped by today. Mélanie @lastationorgani you are as bright as… http://t.co/pNIFDnLDfv
554365156365705200,Sun Jan 11 19:52:07 +0000 2015,Thanks for a Sunday brunchin' vloiselle7 🙆. annarowan7 taramtl animaldeguise @rrollit #boozybrunch http://t.co/PgPipLhXNW
554002534885785600,Sat Jan 10 19:51:11 +0000 2015,High tea at the Chateau Frontenac, mais oui! 👌 #voicettesontour arijeudy @mcmurryrebecca… http://t.co/6J0vLXa9oR
551775645618151400,Sun Jan 04 16:22:20 +0000 2015,Now that his airbag backpack has arrived, he's ready to take on Japan! ❄️🌁 jeanlucbrassard http://t.co/qZ0mj7DIeN
547181756479455200,Tue Dec 23 00:07:51 +0000 2014,Beautiful little discovery below the new Club Monaco. Thanks for taking me to #cafemyriad vloiselle7… http://t.co/ofhSTUu0w8
545060731163783200,Wed Dec 17 03:39:39 +0000 2014,Little sis came to see my show! #LaVoixDesAutres chelskye @veronicdicaire #dancedforher @ Théâtre… http://t.co/y5lzvjoojf
544688534230433800,Tue Dec 16 03:00:41 +0000 2014,2nd to last "champagne showbiz"z! 👯💜 @mcmurryrebecca @shanabryn arijeudy mlle_anabel @jessbroomhead… http://t.co/9lK4TuVke2
542145046695645200,Tue Dec 09 02:33:46 +0000 2014,We're back!!!! Theatre St.Denis this time! shanabryn01 @jessbroomhead #VeronicDicaire #LaVoixDesAutres… http://t.co/olXIFF2HVN
540591602402459650,Thu Dec 04 19:40:56 +0000 2014,So happy we've been reunited!!! 🙆 vtania http://t.co/x9urgD5whZ
540550371526324200,Thu Dec 04 16:57:06 +0000 2014,Couldn't be prouder to say that jeanlucbrassard will be our chef de mission for the upcoming Rio… http://t.co/34LK1npGhz
540337535688667140,Thu Dec 04 02:51:22 +0000 2014,It's a white &amp; blue bathroom hot mess. #VoicettesOnTour #LaVoixDesAutres @mcmurryrebecca arijeudy… http://t.co/2jddeKMwBa
540175796535840800,Wed Dec 03 16:08:40 +0000 2014,For all those who envied my "free to be wild" lululemon bra, now's your chance to grab it while it's… http://t.co/ceV9yq02Sg
539532255463370750,Mon Dec 01 21:31:28 +0000 2014,Ready for Xmas...and another show in Trois-Rivieres! 🎄👯 arijeudy laurihenri #VoicettesOnTour… http://t.co/5r8gltMuli
539433089814908900,Mon Dec 01 14:57:25 +0000 2014,The day is starting out great at the lovely Auberge Godfrey. Bon matin arijeudy @jessbroomhead @… http://t.co/gpZkZPKRrv
538408567028858900,Fri Nov 28 19:06:20 +0000 2014,Yup, we're staying here. #voicettesontour #LaVoixDesAutres @veronicdicaire arijeudy @jessbroomhead… http://t.co/Uzzywsi4IZ
538118562326405100,Thu Nov 27 23:53:57 +0000 2014,Finally a successful ferry ride from Sept-Iles to Matane to Caraquet,NB. #voicettesontour… http://t.co/JstzuUCzzP
537413567876988900,Wed Nov 26 01:12:33 +0000 2014,Performing with this one 🙌💜 #voicettesontour #LaVoixDesAutres @ Salle Jean Marc Dion http://t.co/JXsixlbJ3g
537408757735903200,Wed Nov 26 00:53:27 +0000 2014,On est prêtes pour vous Sept-Iles! #voicettesontour #LaVoixDesAutres laurihenri @jessbroomhead… http://t.co/2EoZLBnU2m
536359455722852350,Sun Nov 23 03:23:53 +0000 2014,Jumping beans in Rivière du Loup. 👯💫 arijeudy @jessbroomhead laurihenri @mcmurryrebecca… http://t.co/wqbmVBc6oY
536238750679199740,Sat Nov 22 19:24:15 +0000 2014,A splatter of dancers 💦 #voicettesontour  laurihenri arijeudy @mcmurryrebecca @jessbroomhead @ Hotel… http://t.co/3epO6gT4Qr
533885041009774600,Sun Nov 16 07:31:27 +0000 2014,Saturday fun. obargelletti vloiselle7 chelskye @jessbroomhead http://t.co/fOjZFaQbOD
533875338791886850,Sun Nov 16 06:52:54 +0000 2014,Girls night! chelskye obargelletti @jessbroomhead vloiselle7 http://t.co/Cp1Hm1PHhy
533513318535671800,Sat Nov 15 06:54:22 +0000 2014,Ça ma fait du bien de voir mes amis ce soir. Vive les retrouvailles! @emilybegin @ HELM microbrasserie… http://t.co/Tf95lNUYVT
532985176864063500,Thu Nov 13 19:55:43 +0000 2014,To my LA friends, @cloverjuices is looking for inspiring ppl to add to their team. Spread the word!… http://t.co/Juh7d8ydOP
532341635745873900,Wed Nov 12 01:18:31 +0000 2014,Let's dance, our last dance...in Val D'Or. @jessbroomhead arijeudy laurihenri #VeronicDicaire… http://t.co/ySEyrp4Oab
531503152525099000,Sun Nov 09 17:46:41 +0000 2014,It's matinée showtime...here we go ladies!!! @ Théâtre du cuivre http://t.co/ATxnAPOpku
530769099895603200,Fri Nov 07 17:09:49 +0000 2014,Road trip with these beauties! @jessbroomhead @veronicdicaire laurihenri http://t.co/qH7nNpZoX0
530447502026485760,Thu Nov 06 19:51:54 +0000 2014,Lunch date at this place! jeanlucbrassard @oliveetgourmando @ Olive et Gourmando http://t.co/mKSHSrATc8
529037752034414600,Sun Nov 02 22:30:03 +0000 2014,Game day with momtroy 🏉 @ Percival Molson Memorial Stadium http://t.co/eaygqYg78F
528965145536774140,Sun Nov 02 17:41:33 +0000 2014,Great day for a Alouettes vs. Toronto game. Thx for the invite momtroy ! @ Percival Molson Memorial… http://t.co/tF6wLF5cSx
528946822971404300,Sun Nov 02 16:28:44 +0000 2014,Brunch time with momtroy at this great little Portuguese resto/café. #cantinhodelisboa @ Cantinho de… http://t.co/SMgMpEpEoS
528193283043106800,Fri Oct 31 14:34:26 +0000 2014,Good morning Chicago! You were great, if only for a night. Off to Indiana, Michigan and then hopefully… http://t.co/CqSNektseI
527960061860392960,Thu Oct 30 23:07:42 +0000 2014,During today's drive through Nebraska, Iowa and Illinois, we took a quick break to visit the famous… http://t.co/9XP1vxkX3a
527486350287990800,Wed Oct 29 15:45:20 +0000 2014,Breakfast. ☕️#toastdrenchedinalmondbutterandbananas. Yum! @ Spring Cafe http://t.co/5IQDgwnj4f
527486271070162940,Wed Oct 29 15:45:01 +0000 2014,Breakfast. ☕️#toastdrenchedinalmondbutterandbananas. Yum! @ Spring Cafe http://t.co/4gD406x32i
527138648211615740,Tue Oct 28 16:43:42 +0000 2014,Ready for the flight home. Special thanks to lululemon for keeping me stylish and most of all… http://t.co/KPpHjQmV5j
525803218056794100,Sat Oct 25 00:17:10 +0000 2014,Delicate Arch in all it's glory! jeanlucbrassard @ Arches National Park http://t.co/tZvuZyjso3
525803160149819400,Sat Oct 25 00:16:56 +0000 2014,Delicate Arch in all it's glory! jeanlucbrassard @ Arches National Park http://t.co/31VaLDwluZ
525802227592855550,Sat Oct 25 00:13:14 +0000 2014,Driving to Arches National Park. WOW! jeanlucbrassard http://t.co/vuNTzacbY5
525379951550554100,Thu Oct 23 20:15:16 +0000 2014,Spectacular Bryce Canyon, Utah #breathtaking jeanlucbrassard http://t.co/GjyuRz8Ga6
524697323096375300,Tue Oct 21 23:02:44 +0000 2014,Crapping my pants at 300meters up. Walking to Angel's Landing, Zion. @ Zion National Park http://t.co/jBWSfuwVCn
523946205123207200,Sun Oct 19 21:18:04 +0000 2014,Cocktails are served. casstroy @kellypendygraft jeanlucbrassard @nvs4you icucweallsee http://t.co/R02GqYkmty
523910327801774100,Sun Oct 19 18:55:30 +0000 2014,Good mornin' Las Vegas. 🌴☀️ casstroy @kellypendygraft jeanlucbrassard @ Hard Rock Hotel and Casino… http://t.co/FK1buTCwR3
523337031858941950,Sat Oct 18 04:57:26 +0000 2014,Hold on to your seat jeanlucbrassard and get ready for a ride! #absinthe @ Ceasar's Palace http://t.co/YbOpaTvcCd
519560547553902600,Tue Oct 07 18:51:02 +0000 2014,Another green smoothie day, this time with a sprinkle of pomegranate. casstroy http://t.co/VfDCZv91wn
519159183002718200,Mon Oct 06 16:16:09 +0000 2014,Spinach, avocado,mango &amp; coconut meat liquid breakfast. Bon matin! #backwithmysister #happyplace casstroy http://t.co/OX4wyJ0emT
518519948264865800,Sat Oct 04 21:56:03 +0000 2014,Relaxin'. #nuffsaid  @jessbroomhead @ summerlin http://t.co/nhXsH0bHMq
517808807561687040,Thu Oct 02 22:50:14 +0000 2014,Keeping me hydrated in the road back to Vegas. Bye LA, see you again Suday! casstroy #cloverjuices… http://t.co/MWEaLEJCgW
517728967097200640,Thu Oct 02 17:32:59 +0000 2014,Stacked for the day! 🍂🎃#pumpkinpancakes casstroy awalkk35 http://t.co/va70F5fYbH
517684853371052000,Thu Oct 02 14:37:41 +0000 2014,I'm a day late cause we've been stuck in the office. Luckily we made the best of it with day30, or… http://t.co/eBNWjvM9NT
514156209017217000,Mon Sep 22 20:56:07 +0000 2014,To my LA friends: post a pic &amp; tag @cloverjuices today to receive 1/2 off on the Clover or Coco… http://t.co/r5PjqhQn1m
513876091640225800,Mon Sep 22 02:23:02 +0000 2014,Day21 #bodyheatyoga challenge is supposed to be #butterflypose however with my bad knee I've decided… http://t.co/Yp6EwLXsdW
513434161865310200,Sat Sep 20 21:06:57 +0000 2014,Day20 of #bodyheatyoga challenge (already!) Today's #childpose was a restful welcome after a fun &amp;… http://t.co/RVRTNfTtUf
512664010882555900,Thu Sep 18 18:06:39 +0000 2014,It's already day18 of the #bodyheatyoga challenge! I'm back in Vegas, but this is a pic… http://t.co/95SHfocZZQ
512139137672294400,Wed Sep 17 07:21:00 +0000 2014,Day 17 #chatarungadandasana #bodyheatyoga bodyheatyoga dklrunner kdeleonjones jessm_johns gevorak05… http://t.co/eF8fomh0vz
511595912121311200,Mon Sep 15 19:22:25 +0000 2014,Day 15 #eaglepose #bodyheatyoga challenge bodyheatyoga dklrunner kdeleonjones @jilldexter la_da_yogi… http://t.co/twS4l0V4EF
510555536056942600,Fri Sep 12 22:28:20 +0000 2014,Happy Friday ppl!🍷#happyhour #cottagelife jeanlucbrassard http://t.co/RiVuQmuVT3
510554192155791360,Fri Sep 12 22:22:59 +0000 2014,We all need a little time for Day 11 in our lives...#downwardfacingdog or downward facing chicken in… http://t.co/fF7uUSNbeR
510414938977099800,Fri Sep 12 13:09:39 +0000 2014,Coconut, goji, chia pudding in the making. http://t.co/rehHIujUjd
509403186277675000,Tue Sep 09 18:09:18 +0000 2014,Day 9 #warrior3 in picturesque Charlevoix dklrunner kdeleonjones jilldexter la_da_yogi gevorak05… http://t.co/5Dyf2mcgAT
508986210056798200,Mon Sep 08 14:32:23 +0000 2014,I'm late posting yesterday's Day 6 #crescentlunge pose, as we were visiting friends in Mont St Anne,… http://t.co/33qRajBMZu
501550902210494460,Tue Aug 19 02:07:08 +0000 2014,Healthy, fun and flavorful restaurant that just opened in Vegas, yay! Made me think of you sister… http://t.co/g3HyebHtT9
501223424111677440,Mon Aug 18 04:25:51 +0000 2014,Hot hike up Lone Mountain...at noon. What were we thinking @jessbroomhead ?! #lasvegashike… http://t.co/rJ4TV9nEye
498653035925864450,Mon Aug 11 02:12:02 +0000 2014,Burn baby burn. #cottagelife jeanlucbrassard http://t.co/NA0iaiacT2
498647569774686200,Mon Aug 11 01:50:19 +0000 2014,There's nothing like tomato sandwich on a hot summer night.🍅 Garden tomatoes and homemade pesto thanks… http://t.co/brUyjDXEtr
498458162161127400,Sun Aug 10 13:17:41 +0000 2014,This is how we set goals! #danslejardin #lululemonMTL10 jeanlucbrassard @jennheil @ Place des Arts http://t.co/K755j2IOYM
497801546445627400,Fri Aug 08 17:48:32 +0000 2014,This is how we set goals! #danslejardin #lululemonMTL10 jeanlucbrassard @jennheil @ Place des Arts http://t.co/3YDgOuXIuO
485147303280668700,Fri Jul 04 19:45:05 +0000 2014,Thrilled to be back in Quebec and reunited with arijeudy! Missed you girl! 😘 #voicettesontour… http://t.co/JsmRml7RFB
484815510182588400,Thu Jul 03 21:46:39 +0000 2014,Vé meet your alter ego @veronicdicaire ! #grevinwaxmuseum http://t.co/YkmdbT7uP2
484814848472412160,Thu Jul 03 21:44:01 +0000 2014,Meeting @veronicdicaire 's wax sculpture for the first time, at George St-Pierre's wax sculpture… http://t.co/WFGJ0lagL2
455413897982648300,Sun Apr 13 18:35:09 +0000 2014,If your heading to Coachella, make sure to get yourself some cold-pressed juice @cloverjuices - my… http://t.co/7pJtAeGfrk
442402542710829060,Sat Mar 08 20:52:40 +0000 2014,@JennHeil @veronicdicaire We LOVED having you in the audience!!!
442064987109204000,Fri Mar 07 22:31:20 +0000 2014,@JennHeil @veronicdicaire @shanatroy I can't wait for you to see the show tonight! you are in for a treat my friend!
409822624705830900,Sun Dec 08 23:11:42 +0000 2013,Thanks for the fun photobooth station! We had a blast!#MonNoelNordique @HoltRenfrew @SamsungCanada @Marc-AndreeGagnon http://t.co/6rYR6mbYV3
330297078637010940,Fri May 03 12:25:34 +0000 2013,@JennHeilWe were classy ladies for the afternoon...or tried to be!!!
267137310095704060,Sat Nov 10 05:31:12 +0000 2012,Going to see @kimgingras bust some moves next Thursday! http://t.co/pWBO7sVu
249165635043594240,Fri Sep 21 15:18:11 +0000 2012,Athletes parade- here we come! #olympics #toronto
232160196611420160,Sun Aug 05 17:04:38 +0000 2012,@Tracy_Little I couldn't have put it any better myself!!!
232159836677218300,Sun Aug 05 17:03:13 +0000 2012,RT @Tracy_Little: We know who we are in this sport. A secret that maybe the world is missing: if you pay attention, Synchronized swimmin ...
232150135105286140,Sun Aug 05 16:24:40 +0000 2012,@JennHeil have a great time at the 100m. We are eagerly waiting for it start!
232149722029236220,Sun Aug 05 16:23:01 +0000 2012,RT @JoAnnie_Fortin: So proud of our duet :) #mucholove #proudteam
232148908183257100,Sun Aug 05 16:19:47 +0000 2012,RT @ValerieWelsh: Dear Synchro god ! Faites que notre duo va rocker! Faites quelles vont tout casser ! Notre énergie peut tu leur partag ...
232148156450762750,Sun Aug 05 16:16:48 +0000 2012,Tellement fier de notre duo synchro @EliseMarcotte et Marie-Pier- vous etiez superbe!!!
231373637926670340,Fri Aug 03 12:59:08 +0000 2012,@Tracy_Little We are so proud of you and your fabulous team.  You guys are going to rock the games!  Show them what you've got!!! #Olympics
225404571126734850,Wed Jul 18 01:40:12 +0000 2012,#chantons sous la pluie ce soir- litteralement!!! So far the show is going great.
225194749391421440,Tue Jul 17 11:46:26 +0000 2012,#Essentrics Level 4 training starts today- then "chantons sous la pluie" show tonight...it's going to be a long day but a good day.
224919313256165380,Mon Jul 16 17:31:58 +0000 2012,Tremblant summit with @lululemon ladies...brainstorming #junayoga retreat. http://t.co/MThShQsS
224904809453600770,Mon Jul 16 16:34:19 +0000 2012,Amazing day in Tremblant with the @lululemon athletica ladies and the lovely Nadia of @junayoga!
223141085638172670,Wed Jul 11 19:45:55 +0000 2012,@JoAnnie_Fortin @0oKarineo0 @Tracy_Little @ValerieWelsh @EliseMarcotte I'm sending you all positive vibes...you ladies are going to rock!!!!
223043359042846720,Wed Jul 11 13:17:35 +0000 2012,RT @alaindassylva: Du Yoga sur les Plaines à Québec! Dimanche à midi, près du musée nationale des beaux-arts du Québec, gratis en plus!  ...
205997425448583170,Fri May 25 12:23:08 +0000 2012,@Taniavi100 @domgauthier @helenupperton @jennheil @joannierochette Thanks for a fantastic dinner amongst special friends!
205099600107937800,Wed May 23 00:55:29 +0000 2012,3 words: Amaluna's water scene!
205095352238481400,Wed May 23 00:38:37 +0000 2012,Finally a beautifully danced number in a cirque du soleil show #Amaluna
204050201047072770,Sun May 20 03:25:33 +0000 2012,@Tracy_Little was great seeing you tonight at our event!  Enjoy your goodies!!!
204049203314442240,Sun May 20 03:21:35 +0000 2012,@0oKarineo0 @lululemon Happy you had a good evening &amp; are enjoying and already sporting your lululemon gear.  Thnks for coming-I'm thrilled!
168097496818655230,Fri Feb 10 22:22:20 +0000 2012,Having fun on a road trip with the #lululemon girls: @rhiannon, meghan & van!
158718797921009660,Mon Jan 16 01:14:44 +0000 2012,Such a high, taping TVA's Gala Celebration today!!!
144373746776539140,Wed Dec 07 11:12:38 +0000 2011,@eilwenn a date, ca se passe bien!!!  Il y a trop de choses a voir....louvre, galeries lafeyette, manger les macarons de laduree, etc.!!!
142911889939243000,Sat Dec 03 10:23:44 +0000 2011,Rainy morning in Paris.  3rd show of #Sheherazade tonight.
142170391488630780,Thu Dec 01 09:17:17 +0000 2011,What to do in Paris for the month of December?
140067946646077440,Fri Nov 25 14:02:55 +0000 2011,Noir & Blanc (Yoga + DJ) : Club Sportif MAA | NIGHTLIFE.CA: http://t.co/iM4I7m4z via @AddThis
139029980494573570,Tue Nov 22 17:18:25 +0000 2011,@AWALK35 welcome to twitter!!!
138746806631800830,Mon Nov 21 22:33:11 +0000 2011,@Diaz_Alex I'm on twitter now!!!!
138743694810562560,Mon Nov 21 22:20:49 +0000 2011,#Yoga + DJ + Dance:  Noir & Blanc.  #Lululemon's event this Friday!!!! http://t.co/wKrzDNpM
138742746948182020,Mon Nov 21 22:17:03 +0000 2011,For ALL yoga enthusiasts...Nov.25th at the MAA on Peel, 7pm-8:30pm.  #lululemon is hosting an event called Noir & Blanc.
121073116557475840,Tue Oct 04 04:04:15 +0000 2011,@mitsougelinas I can dress you in lululemon, si tu veux, pour ta course.
121013928514953220,Tue Oct 04 00:09:03 +0000 2011,Waiting for #Michael Jackson / Cirque du Soleil concert to begin...
121013706636267520,Tue Oct 04 00:08:10 +0000 2011,What's up with people trying to get away with sitting in the wrong seats at concerts?!
120269870016372740,Sat Oct 01 22:52:26 +0000 2011,@Taniavi100 is coming to see me perform in #Sherazade ... Can't wait to see you mon ami!
120268857855311870,Sat Oct 01 22:48:24 +0000 2011,Sitting in the hair & makeup chair before a final performance of #Sherazade...next stop Paris!!!
118381706733551620,Mon Sep 26 17:49:32 +0000 2011,A video from our last lululemon athletica event: Bouge Yoga, Jul 29, Montreal. http://t.co/TD5gqg36 via @youtube
112314528406048770,Sat Sep 10 00:00:44 +0000 2011,Are you ready for http://t.co/0JVBLkq 9am yoga class in every city across the country! #salutationnation
112314179863584770,Fri Sep 09 23:59:21 +0000 2011,#IlsDansent is going to be an amazing show!  I can't wait!!!
112313800421683200,Fri Sep 09 23:57:51 +0000 2011,Toronto & @Leeslinger here we come!!!!!!! #obargelletti
106377290807652350,Wed Aug 24 14:48:17 +0000 2011,YAY!  When's the BIG trip to MTL.?@HelenUpperton @JennHeil @ABilodeau_ski @domgauthier @Taniavi100
103553137448726530,Tue Aug 16 19:46:06 +0000 2011,Great feature on Anti-Gravity Yoga by the creator/ my instructor Christopher Harrison! http://t.co/9NNfpRK
101368323274579970,Wed Aug 10 19:04:26 +0000 2011,@Taniavi100 I'm so excited for our soiree!
101100161593389060,Wed Aug 10 01:18:51 +0000 2011,Go check out "Sur le Rythme".  Quebec's 1st dance movie.  La premiere etait l'fun hier soir! Merci @NicoArchambault
98119042828734460,Mon Aug 01 19:52:57 +0000 2011,@HOMYogaEvents So happy that you enjoyed #Lululemon Athletica's Bouge Yoga event!  THanks for coming.  Up next, Salutation Nation Sept.10th.
98117542652018690,Mon Aug 01 19:46:59 +0000 2011,Check out this #Yoga event in #Montreal on @trainingmobs! http://t.co/GpdtHVP
96988497994448900,Fri Jul 29 17:00:34 +0000 2011,@NicoArchambault Thanks for the Bouge Yoga shout out!!! You rock!
96988364439425020,Fri Jul 29 17:00:02 +0000 2011,RT @NicoArchambault: Ce soir à MTL, pour tout les amateurs de Yoga, de tout âges et niveaux d'expérience. À ne pas manquer!  http://t.co ...
96960444421521400,Fri Jul 29 15:09:06 +0000 2011,Tonights the BIG night: Just for Laughs show & Lululemon's Bouge Yoga event. http://t.co/a6060NK
96607721419309060,Thu Jul 28 15:47:30 +0000 2011,Last night I met Russell Peters after his show: the best night ever.  Thanks SO much @JennHeil for an awesome night!!!
96607232329908220,Thu Jul 28 15:45:33 +0000 2011,Yoga+DJ+Danse=Gratuit @ Belvedere du Vieux Port.  Event Lululemon  http://t.co/a6060NK
96041858899251200,Wed Jul 27 02:18:58 +0000 2011,So sad...American silver medal freestyle skier died at 29. http://t.co/AN416ln
95015014905286660,Sun Jul 24 06:18:39 +0000 2011,RT @Taniavi100: My friend @shanatroy is organizing a huge yoga event for lululemon please go to  http://t.co/xbXa6K3 and join!!
95014899423510530,Sun Jul 24 06:18:11 +0000 2011,@JennHeil Thanks girl, you can come over any time for my cooking!!!
95014794414927870,Sun Jul 24 06:17:46 +0000 2011,RT @JennHeil: #FF @shanatroy Some people have cookbooks I have Shana!  But my all time favourite meal is the one I am called over for! :)
95011155063484420,Sun Jul 24 06:03:19 +0000 2011,So sad. Your music will be missed. http://t.co/5modoyG
95009465627189250,Sun Jul 24 05:56:36 +0000 2011,I was on stage dancing, and called the choreographer 60min later.  Give me a break!!!  He chose someone else.
95009294554116100,Sun Jul 24 05:55:55 +0000 2011,So annoying,I got offered a part in the new Snow White feature film, with Julia Roberts tonight, but was too late calling back.
94483669502279680,Fri Jul 22 19:07:16 +0000 2011,It was nice seeing you at the football game @JoannieRochette!  How did you enjoy your 1st CFL experience?
94483108564439040,Fri Jul 22 19:05:03 +0000 2011,Wow, it's hot outside.  Make sure to stay hydrated!
94123494836682750,Thu Jul 21 19:16:04 +0000 2011,1 audition down, 1 to go + 1 show tonight.  Just for Laughs: Victor's Follies
94123236136202240,Thu Jul 21 19:15:02 +0000 2011,Thanks for an awesome night @JennHeil.  You were cool, calm & collected behind that bar!
93774296635285500,Wed Jul 20 20:08:29 +0000 2011,http://t.co/a6060NK  http://t.co/49ofWcL
93774145761984510,Wed Jul 20 20:07:53 +0000 2011,BOUGE YOGA! Grand événement FREE de yoga, dans Vieux Montréal, au bout du quai King Edouard, au Belvedere... yoga la nuit + un super DJ?
93772374956183550,Wed Jul 20 20:00:51 +0000 2011,RT @alaindassylva: Si vous aimez le Yoga...vous ne voudrez certainement pas manquer cet événement au Vieux-Port vendredi le 29 juillet:  ...
93523385669271550,Wed Jul 20 03:31:27 +0000 2011,@Emily_VanCamp_ Thanks Em!  Have a blast at your table read tomorrow.   You go girl! xxx
92961237478014980,Mon Jul 18 14:17:40 +0000 2011,Day 1 of on stage rehearsals for Juste pour Rires.
92083311740076030,Sat Jul 16 04:09:07 +0000 2011,@amwithenshaw I hear ya, crazyiness! Enjoy the movie!
91624251211255800,Thu Jul 14 21:44:58 +0000 2011,Danced at Palais des Congres at 8am? what the heckers?!
90944215089025020,Wed Jul 13 00:42:45 +0000 2011,Preparing Lululemon's Bouge Yoga event...
