id,created_at,text
1251145213810061300,Fri Apr 17 13:47:18 +0000 2020,RT @KaulUday: Picture perfect for batting❤️👌 @WasimJaffer14 @sidkaul22 @min_spin @MattThompson91 @AmritMathur1 @Gitanshkhera @mandeeps12 @s…
1248870500870185000,Sat Apr 11 07:08:24 +0000 2020,RT @LaddaSarbjeet: @OmarRazzaz @AymanHsafadi @verified @TwitterIndia @Google @GoogleIndia @rsprasad @instagram @PIBHomeAffairs @cyber @DCP_…
1132167683057676300,Sat May 25 06:13:04 +0000 2019,@ianuragthakur congratulations for the amazing victory...
1132167200435986400,Sat May 25 06:11:09 +0000 2019,@Behgal Nice
1054591641003216900,Tue Oct 23 04:33:35 +0000 2018,RT @shalini8282: @sharmabipul27  all the best https://t.co/ri82i101KT
1051340279813468200,Sun Oct 14 05:13:50 +0000 2018,RT @BCCI: Here's wishing @GautamGambhir a very happy birthday 🎂💐  Here's a fine knock from GG against Sri Lanka at Kolkata #HappyBirthdayGG…
1048431501120036900,Sat Oct 06 04:35:23 +0000 2018,RT @SunRisers: Three players. One commonality. Can you guess what it is? #GuessTheConnection 🤔 https://t.co/HAnn6nbVxO
1045572800034025500,Fri Sep 28 07:15:55 +0000 2018,RT @harbhajan_singh: Can we get this great man,real hero s bday trending at number 1 guys ?? Show ur love towards him 🙏 🇮🇳 he deserve that…
1036478385093070800,Mon Sep 03 04:57:58 +0000 2018,Yashoda ke Krishna ke, Radha ke Shyam ke, Gwalon ke Kanha ke, Gopion ke Makhan Chor ke, Janamdin ki hardik shubh ka… https://t.co/ze2whTpkIi
1032919545336365000,Fri Aug 24 09:16:24 +0000 2018,@sidkaul22 @kusdoskhushu Congratulations @sidkaul22  @KaulUday  Bhaaaiiii 😀. Paaarrtyyyy Chalegiiiii saaariii raaaaaat 😍😍
1032919312804143100,Fri Aug 24 09:15:29 +0000 2018,Congratulations @PrithviShaw and @Hanumavihari  for Indian call. Chakkk Do Fattey 😀 https://t.co/Ek8Tsb1Puu
1015954803682209800,Sun Jul 08 13:44:35 +0000 2018,Wow @sidkaul22. Brilliant 🤟
1012727225278296000,Fri Jun 29 15:59:20 +0000 2018,Proud moment for all the Punjabis and @SunRisers Fans as our pacer @sidkaul22 wears Indian Colors today. I am sure… https://t.co/dlgmPKIQFx
1012037004471631900,Wed Jun 27 18:16:39 +0000 2018,What a gesture by @imVkohli to ask @imkuldeep18 lead the team out after an emphatic win. Well done boys. Brilliantly done 🤘 #IREvIND
1011647115494293500,Tue Jun 26 16:27:22 +0000 2018,RT @rashidkhan_19: Good luck dear  @davidwarner31 bro for the @GT20Canada  will pray for your  top performance and I believe you will do it…
1009109815375720400,Tue Jun 19 16:25:02 +0000 2018,Wait!!! Are they going to score 500 tonight? #ENGvAUS 😳
1009106215253598200,Tue Jun 19 16:10:44 +0000 2018,Brace Yourself. Highest ever ODI score is loading. @AlexHales1 is hitting them high and long. #ENGvAUS
1008339655790612500,Sun Jun 17 13:24:42 +0000 2018,My father is not among us today. But he shows light and guides me on the right path always. I make sure that I do a… https://t.co/qkGgzre79R
1007839823611203600,Sat Jun 16 04:18:33 +0000 2018,#EidMubarak everyone. Let there be love and happiness. Khush haal zindagi jiyen :)
1007248731274731500,Thu Jun 14 13:09:45 +0000 2018,Good comeback by Afghanistan in the last session but overall a very entertaining day of cricket by Team India.… https://t.co/Ewl0gBFLQL
1007092927141728300,Thu Jun 14 02:50:39 +0000 2018,Making a twitter comeback to wish my friends @rashidkhan_19 and @MohammadNabi007 all the best for the historic game… https://t.co/L8sl6OpoBv
986525253408034800,Wed Apr 18 08:42:03 +0000 2018,RT @SunRisers: #OrangeArmy is on the ground and ready for practice https://t.co/x3cwDGopYj
983679865701457900,Tue Apr 10 12:15:30 +0000 2018,RT @SDhawan25: Reminds me of my little Zoraver a couple of years back! He is a sweetheart..always cheerful @sharmabipul27 son. 🤗🤗😘😘 https:/…
983666392028319700,Tue Apr 10 11:21:58 +0000 2018,Thank you Jatt ji @SDhawan25  Pretty sure he enjoyed your company too. https://t.co/5MnALRj5Vz
983289974404649000,Mon Apr 09 10:26:13 +0000 2018,RT @SunRisers: Nice run up @TridentSportsX #OrangeArmy #SRH https://t.co/yIRAJTjutg
982164156844408800,Fri Apr 06 07:52:37 +0000 2018,Practice session. #IPL2018 @sidkaul22 @SunRisers https://t.co/NvghIY0PJE
980086325138239500,Sat Mar 31 14:16:03 +0000 2018,RT @SunRisers: The first team bonding session of #IPL2018, here we come.  #TeamMeeting #OrangeArmy @TomMoodyCricket @iamyusufpathan @sharma…
979962732391755800,Sat Mar 31 06:04:56 +0000 2018,Glad to join the @SunRisers' squad again. Looking forward to great things in #IPL2018 https://t.co/Hs6M03bDAV
969486856076357600,Fri Mar 02 08:17:33 +0000 2018,May your life be filled with happiness and may you be successful in whatever you do. Wishing you a very happy Holi!… https://t.co/p2TrjJSZLC
960498956437524500,Mon Feb 05 13:02:51 +0000 2018,Happy birthday @BhuviOfficial   May God bless you with another superb year ahead both on and off the field. https://t.co/Fdy53UoyRf
957964092475506700,Mon Jan 29 13:10:12 +0000 2018,@TomMoodyCricket @SunRisers Thanks coach see you soon @TomMoodyCricket and @SunRisers
957626980748398600,Sun Jan 28 14:50:38 +0000 2018,Thanks a lot @SunRisers. Looking forward to another great season with the Orange Army ✌️ #LiveOrange https://t.co/xKpI7r69Uy
956761194374795300,Fri Jan 26 05:30:19 +0000 2018,Happy #RepublicDay everyone! Jai Hind 🇮🇳 https://t.co/dVPcTXh1C4
947755024347729900,Mon Jan 01 09:03:00 +0000 2018,Happy New Year everyone!  Hope you all enjoy a fruitful year filled with lots of moments to cherish. https://t.co/LXVMN5Fg8z
939794061325725700,Sun Dec 10 09:48:59 +0000 2017,.@circleofcricket's new website is sure to win your hearts. Log in now. #MoreThanTheGame #CircleOfCricket… https://t.co/tHGcMl7AOm
937964089602555900,Tue Dec 05 08:37:20 +0000 2017,Happy Birthday Gabbar @SDhawan25! God bless you. https://t.co/JFcZE9oYLD
926710473768296400,Sat Nov 04 07:19:29 +0000 2017,May Waheguru bless you &amp; your family with joy, peace &amp; happiness. Happy #Gurupurab! https://t.co/XyHRUtVCgb
920940194035126300,Thu Oct 19 09:10:27 +0000 2017,May this Diwali bring you happiness and prosperity. May Goddess Lakshmi bless you with success in whatever you do! https://t.co/hLB4sxTr6E
914040209326723100,Sat Sep 30 08:12:22 +0000 2017,Happy Dussehra to everyone. May the positivity of this day wipe out all negativity in our life. https://t.co/ryVV852UgA
913337236091019300,Thu Sep 28 09:39:00 +0000 2017,Thanks 🙏 https://t.co/ASypBPRJxs
913337173507756000,Thu Sep 28 09:38:45 +0000 2017,Thank you 🙏 https://t.co/CiBPidj3JV
910794170427732000,Thu Sep 21 09:13:46 +0000 2017,Jai Mata di! 🙏 #HappyNavratri https://t.co/TlvImYKSwj
903952286694740000,Sat Sep 02 12:06:34 +0000 2017,Warm wishes to everyone on EID. Have a great time with your near ones. https://t.co/vdiawhJf4c
900989647261761500,Fri Aug 25 07:54:06 +0000 2017,Ganpati Bappa Morya 🙏 https://t.co/BbAMQKGmpE
898448114092322800,Fri Aug 18 07:34:57 +0000 2017,Bro wish you a super recovery . And stronger than before.. God bless u @mandeeps12 https://t.co/KJ9XyUTQHe
897399851373264900,Tue Aug 15 10:09:32 +0000 2017,Wishing everyone a Happy Independence Day.  Jai Hind 🇮🇳 https://t.co/rwf69HYhad
896385502303187000,Sat Aug 12 14:58:52 +0000 2017,Congrats Jatt ji @SDhawan25 on your 6th Test century 👏👍 https://t.co/FIYVPuAFzT
883283456003854300,Fri Jul 07 11:16:01 +0000 2017,Happy Birthday @msdhoni paji. #Legend 💪 https://t.co/FjMzcgZtmI
881801603728199700,Mon Jul 03 09:07:40 +0000 2017,Many many happy returns of the day @harbhajan_singh paji. Wish you a blessed year ahead 😇
880349287816847400,Thu Jun 29 08:56:40 +0000 2017,Many many happy returns of the day @gurkeeratmann22. Stay blessed Mann saab!! 🤗
879273280703778800,Mon Jun 26 09:41:00 +0000 2017,Wishing everyone a blessed Eid. Enjoy 🤗 https://t.co/Y2JHfjgf7Y
875652717607174100,Fri Jun 16 09:54:11 +0000 2017,Congrats @YUVSTRONG12 paji on your 300th ODI! Keep rocking and hope to see the #CT17 Trophy in your hands on Sunday ✌️
865109064522641400,Thu May 18 07:37:28 +0000 2017,Lots of memories to take from #IPL 2017. Thanks a lot everyone for supporting @SunRisers. ✌️ https://t.co/BI6dQknfl8
858930286167433200,Mon May 01 06:25:13 +0000 2017,Top man..man of the match.. first 100 for sunrisers @davidwarner31 https://t.co/KhXSy1S4pj
857515456885911600,Thu Apr 27 08:43:11 +0000 2017,RT @harbhajan_singh: An amazing actor #VinodKhanna leaves us. May his soul rest in peace🙏🙏 Condolences to his family.
857155703127117800,Wed Apr 26 08:53:39 +0000 2017,RT @harbhajan_singh: Strict action must b taken &amp;such things should not be allowed or tolerated in r country.. #proudtobeindian let's get t…
857155689579503600,Wed Apr 26 08:53:36 +0000 2017,RT @harbhajan_singh: So called this Bernd Hoesslin a pilot with @jetairways called my fellow indian(u bloody indian get out of my flight)wh…
854597820573253600,Wed Apr 19 07:29:32 +0000 2017,@shoby_77356 Hello
854588759295348700,Wed Apr 19 06:53:32 +0000 2017,Thanks For the beautiful stuff Yuvi Paji #ywcfashion @YUVSTRONG12 @YWCFashion ...People go and buy online don't mis… https://t.co/75F2xPLjST
853503516412923900,Sun Apr 16 07:01:10 +0000 2017,Happy Easter 😍 https://t.co/XtpUNwzufy
850617463272333300,Sat Apr 08 07:53:01 +0000 2017,@jagrutidesai2 Thanks @jagrutidesai2
850611768229597200,Sat Apr 08 07:30:23 +0000 2017,Jatts on a roll #OrangeArmy https://t.co/wxE4nmyxEa
849886313381810200,Thu Apr 06 07:27:41 +0000 2017,Supporting dad and dads team all the way from Canada 😘😘😘 https://t.co/ZUftWunPb3
847344858259836900,Thu Mar 30 07:08:51 +0000 2017,While going for our first practice session 😎 #OrangeArmy #IPL https://t.co/7d04O7yPXu
843143381718986800,Sat Mar 18 16:53:41 +0000 2017,Virat is the most dynamic captain India has ever had: Abhay Sharma - CricTracker https://t.co/psweXaGqaq
841929803146092500,Wed Mar 15 08:31:22 +0000 2017,Yes I am a dad.....Can't describe the feeling of becoming a dad to a little boy named Ayaan Sharma .... God bless t… https://t.co/OIvlou7Bbg
841213537414479900,Mon Mar 13 09:05:10 +0000 2017,Happy Holi to all of you. Enjoy, be safe and stay blessed! https://t.co/1XZmvwJgUX
841124923137450000,Mon Mar 13 03:13:03 +0000 2017,@ImRahulSharma3 yes bro thanks a lot.  How ru doing
840601012230541300,Sat Mar 11 16:31:13 +0000 2017,RT @fakingnews: Sports Brand innovates with 'Anti Brain Fade’ shoes, Virat Kohli gives his input https://t.co/IkCtYNQxr1 https://t.co/ky6LX…
836220390699647000,Mon Feb 27 14:24:12 +0000 2017,@davidwarner31 1000 Rs fine already captain...
829957665925107700,Fri Feb 10 07:38:22 +0000 2017,Salute  @gurdasmaan  https://t.co/8PBaSOQGJK
829957238907285500,Fri Feb 10 07:36:40 +0000 2017,Living legend Gurdas Mann ji...did it again what a beautifull and truthfull song 🙏🙏🙏 Punjab ...
829956473375428600,Fri Feb 10 07:33:37 +0000 2017,RT @harbhajan_singh: Punjab nu bachaan da time aa Gaya Baba ji @gurdasmaan Bilkul samme di lor de mutabik ek ek gal Sachi.jai ho paji 🙏🙏htt…
827566222996705300,Fri Feb 03 17:15:37 +0000 2017,@Im_AbhaySharma @circleofcricket thanks sir
827386379382378500,Fri Feb 03 05:20:59 +0000 2017,RT @circleofcricket: Team Circle Of Cricket congratulates Bipul Sharma on reaching the milestone of 4,000 runs in his professional cricket…
824533118656909300,Thu Jan 26 08:23:09 +0000 2017,Wishing everyone a Happy Republic Day 🇮🇳 https://t.co/XLjbGvQsA7
819862963079233500,Fri Jan 13 11:05:37 +0000 2017,Popcorn Ki Khushbu, Mungfali Ki Bahar, Thodi Si Masti, Thodasa Pyar. Happy Lohri yaaron! 🔥 https://t.co/ZSb4w5Iost
815448047257878500,Sun Jan 01 06:42:19 +0000 2017,May the year be brighter than the one gone by; enveloped in goodness n wellbeing; bliss n endowments. #HappyNewYear https://t.co/bTnc2sQ3Lz
813635456629952500,Tue Dec 27 06:39:44 +0000 2016,Caught up with @ImRahulSharma3 after long at Mandy's wedding. #SharmaMeetsSharma #Bro https://t.co/oX7PZqhnAl
813091008812617700,Sun Dec 25 18:36:17 +0000 2016,Best wishes to this beautiful couple on their new innings of life.... Welcome to the club Mr @mandeeps12 https://t.co/PIpKpLkjb7
812916915186397200,Sun Dec 25 07:04:30 +0000 2016,Let the spirit of Christmas warm your home with love, joy and peace. Have a blessed Christmas! https://t.co/QO9GJMDLVU
808311057475219500,Mon Dec 12 14:02:28 +0000 2016,Happy Birthday @YUVSTRONG12 paji. Wish you all the smiles n happiness always ! https://t.co/PlpItHfQxD
805687552048963600,Mon Dec 05 08:17:36 +0000 2016,Happy Birthday Jatt ji @SDhawan25. Have a blessed year. #Gabbar
803975938593718300,Wed Nov 30 14:56:15 +0000 2016,Congrats @YUVSTRONG12 paji. Wishing you all the happiness in your new innings in life.
793510158013911000,Tue Nov 01 17:48:59 +0000 2016,@VVSLaxman281 many  many happy returns of the day Paji🎂
793373152709578800,Tue Nov 01 08:44:34 +0000 2016,Wish you a very happy birthday @VVSLaxman281 bhai. God bless you with everything that your heart desires. https://t.co/MMMYGH1Nzq
792351287740395500,Sat Oct 29 13:04:02 +0000 2016,#HappyDiwali to all my friends here and to all the brave Jawaans who ensure that we celebrate the day in grand styl… https://t.co/4iAZWaUjdz
791968463463944200,Fri Oct 28 11:42:50 +0000 2016,RT @himachalcricket: Himachal's Ranji Cricketers sending their #Sandesh2Soldiers. #HappyDiwali @narendramodi @ianuragthakur @bcci https://t…
791623845920866300,Thu Oct 27 12:53:27 +0000 2016,Happy Birthday skipper @davidwarner31 ! Have a fantastic year! https://t.co/Nweyh4dYZO
789863039231230000,Sat Oct 22 16:16:38 +0000 2016,Congratulations Team India 🇮🇳 #WorldChamps #KabaddiWorldCup2016
787547727051710500,Sun Oct 16 06:56:24 +0000 2016,RT @gurkeeratmann22: Super spell of bowling by @imMsgony today ! Need another one tomorrow brah !!!
786615817429512200,Thu Oct 13 17:13:20 +0000 2016,@gurkeeratmann22 well played Mann sahab 😎
786615599724200000,Thu Oct 13 17:12:28 +0000 2016,@YUVSTRONG12 well played Paji 😎
785751603777273900,Tue Oct 11 07:59:15 +0000 2016,Happy Dussehra everyone. https://t.co/p5c8MSTEN2
784985313621839900,Sun Oct 09 05:14:17 +0000 2016,@abhisheknayar1 happy birthday paji have a Gud one
783005600464662500,Mon Oct 03 18:07:37 +0000 2016,RT @virendersehwag: 15 days have passed.Its important to remember them&amp;all those who have sacrificed their lives for India.Reply with names…
781816252947894300,Fri Sep 30 11:21:34 +0000 2016,RT @himachalcricket: Ranji Himachal Team 2016. HPCA to play its first match against Andhra on 6th of Oct.  All the best boys! https://t.co/…
781127869963481100,Wed Sep 28 13:46:11 +0000 2016,RT @TeamYuvi12: Happy birthday @sharmabipul27 on behalf of @YUVSTRONG12 and all his fans around the globe😊 #LiveTheLongestSir https://t.co/…
781115151068045300,Wed Sep 28 12:55:39 +0000 2016,RT @circleofcricket: Team Circle Of Cricket wishes a very Happy Birthday to Bipul Sharma 🎂 https://t.co/yxSNx1NHw0
781115097573883900,Wed Sep 28 12:55:26 +0000 2016,Thanks TSD 😊 https://t.co/8FdXmf4oKI
781114906024243200,Wed Sep 28 12:54:40 +0000 2016,@SunRisers Thanks Orange Army!
781114848662982700,Wed Sep 28 12:54:26 +0000 2016,RT @SunRisers: Our southpaw all-rounder Bipul Sharma turns 33 today! Have a good one Bipul. #OrangeArmy https://t.co/sGR0uvZHr9
781019585692700700,Wed Sep 28 06:35:54 +0000 2016,RT @ray2092: Happy Happy Birthday @sharmabipul27 !!! Have the most fantabulous year ahead! 🎉🎉🎉🎉
775661289322451000,Tue Sep 13 11:43:57 +0000 2016,#EidAlAdha Mubarak all. Hope your life is filled with peace, love &amp; happiness always. https://t.co/7LyPTtBR8W
772384899592519700,Sun Sep 04 10:44:44 +0000 2016,RT @IrfanPathan: Kya jabaradast launch hai Bhai @YUVSTRONG12 such a great initiate @YWCFashion can't wait 2 wear them #doitagain https://t.…
772325626367840300,Sun Sep 04 06:49:13 +0000 2016,Many many Congratulations @YUVSTRONG12. May @YWCFashion be a huge success! All the best 👍🏻
771259392603803600,Thu Sep 01 08:12:23 +0000 2016,RT @YUVSTRONG12: shocking behaviour this is @WesternUnion We all are human beings is that not enough racial discrimination will not be tole…
771259381002346500,Thu Sep 01 08:12:20 +0000 2016,RT @hazelkeech: Mr Peeyush Sharma @WesternUnion in Jaipur is the most racist person ive met and refused to give money because my name is no…
768742350256562200,Thu Aug 25 09:30:33 +0000 2016,Happy Janmashtami 😊 Lord Krishna bless us all 😇 https://t.co/fhtw3q0TGs
765119889040412700,Mon Aug 15 09:36:11 +0000 2016,Happy #IndependenceDayIndia !  Proud to be Indian. Jai Hind 🇮🇳 https://t.co/biWezJZqlf
758955173922246700,Fri Jul 29 09:19:48 +0000 2016,Many congratulations to @harbhajan_singh paji and @Geeta_Basra bhabhi. God bless the little angel with happy and healthy life.
757877307306610700,Tue Jul 26 09:56:45 +0000 2016,Never forget sacrifices made by our soldiers to ensure we live our life peacefully. Thank you, India Army. #respect https://t.co/RheNd46HZo
755756980917178400,Wed Jul 20 13:31:20 +0000 2016,Had a great training session. @bhajjisports #amazing cricket gear 👍 @harbhajan_singh https://t.co/UBZhtBd0Cl
753491148811952100,Thu Jul 14 07:27:43 +0000 2016,Vancouver diaries 🇨🇦 https://t.co/3hdk08FspO
752981736825290800,Tue Jul 12 21:43:30 +0000 2016,RT @himachalcricket: Day 7. Himachal Ranji Practices.   #HPCA #HimachalRanjiTeam https://t.co/R6dIscgw2m
751119685249167400,Thu Jul 07 18:24:22 +0000 2016,RT @himachalcricket: Himachal Ranji Team camp Day 3. Boys working out during their fitness session today evening. https://t.co/APoiR0dYLw
750992699843633200,Thu Jul 07 09:59:47 +0000 2016,Eid Mubarak to everyone. Enjoy the festivities. https://t.co/SBfolRNQiC
747305487339651100,Mon Jun 27 05:48:07 +0000 2016,@DharmaRakshith good thanks
746788221607153700,Sat Jun 25 19:32:41 +0000 2016,Reached Vancouver 🇨🇦 https://t.co/PwCdUTCqyq
745534481881174000,Wed Jun 22 08:30:46 +0000 2016,With the kids at academy.. Impressed by their talent and eagerness to learn. All the best to each one of them. 👍 https://t.co/AiO3JLZGEE
740601613816102900,Wed Jun 08 17:49:19 +0000 2016,Just posted a photo https://t.co/bcPYY3KCTj
740235380830699500,Tue Jun 07 17:34:02 +0000 2016,Ramadan Mubarak to all who celebrating in India and all over the world. Stay blessed https://t.co/VCIPFXlObj
740032532553584600,Tue Jun 07 04:07:59 +0000 2016,Boss having selfie time brother sister love ❤️#godblessbothofyou https://t.co/WCdz03xmkb
740031097250058200,Tue Jun 07 04:02:17 +0000 2016,#RamadanMubarak to all who celebrate in India and the whole word.
740030370041630700,Tue Jun 07 03:59:23 +0000 2016,RT @harbhajan_singh: Singh sahb The great🙏🙏 https://t.co/TWKytFWLW6
739368769739460600,Sun Jun 05 08:10:26 +0000 2016,Just posted a photo https://t.co/UCnTj8FPMg
738370465677348900,Thu Jun 02 14:03:31 +0000 2016,Selfie with boss ❤️ https://t.co/7CMcCU7Nuo
737633508403875800,Tue May 31 13:15:07 +0000 2016,Thanks everybody for supporting us and beleving in us. It's feel so nice to be champion vivo ipl 2016 sunrisers hyderbad champion...
737633072288391200,Tue May 31 13:13:23 +0000 2016,Amazing two months back home....rajma chawal yummyy thanks mom❤️
737356813989904400,Mon May 30 18:55:38 +0000 2016,She's hot https://t.co/pWknFDmp9W
737178264364408800,Mon May 30 07:06:08 +0000 2016,RT @bhajjisports: Charcoal black combo for you guys.. https://t.co/D5gekf10zK
736853794881822700,Sun May 29 09:36:49 +0000 2016,RT @harbhajan_singh: Wow what a song..Chak de fatte jawana..it's on repeat @Jal_panthers @Geeta_Basra #sukvindersinghsvoice👌 👏🏏🏏.. https://…
736813407190454300,Sun May 29 06:56:20 +0000 2016,@mandeeps12 Mein puch reha match day. Lol
736809197937922000,Sun May 29 06:39:36 +0000 2016,Match day
736437037973176300,Sat May 28 06:00:46 +0000 2016,RT @bhajjisports: Thank you @VVSLaxman281 sir..praise for our product coming from it mean a lot to us..good luck for the finals 🙏🏏 https://…
736330861373620200,Fri May 27 22:58:52 +0000 2016,RT @YUVSTRONG12: Wow  @davidwarner31 an absolut pleasure to watch you bat and finish the game  with our chairman sahab  @sharmabipul27 boss…
736283583543795700,Fri May 27 19:51:00 +0000 2016,RT @bhajjisports: Bipul sharma that was absolutely a brilliant inn with @bhajjisports bat 👏👏👏 captain inn @davidwarner31 congrats @SunRiser…
735767838200234000,Thu May 26 09:41:37 +0000 2016,@mandeeps12 means skills. Hehe#seasonchangageya
735767103156850700,Thu May 26 09:38:41 +0000 2016,@mandeeps12 hahaha thanks season changa geya  I am learning ur technology at late. Hehe
735766646598471700,Thu May 26 09:36:53 +0000 2016,Well played paji ur super star 👌@YUVSTRONG12
735766496530419700,Thu May 26 09:36:17 +0000 2016,Hanji mandi @mandeeps12
733570954203304000,Fri May 20 08:11:59 +0000 2016,RT @SunRisers: .@SDhawan25, @namanojha35, A.Reddy &amp; Bipul get a surprise from their wives at the team hotel @RedFMIndia #OrangeArmy https:/…
724913019432620000,Tue Apr 26 10:48:26 +0000 2016,Thanks puma #CHOOSETRICKS # https://t.co/cWLAckUsqp
721039945570349000,Fri Apr 15 18:18:13 +0000 2016,RT @ianuragthakur: Check out @ICC Facebook poll abt #HPCA Stadium Dharamshala being the BEST venue fr #T20WorldCup - @crichimachal https://…
720231642120470500,Wed Apr 13 12:46:19 +0000 2016,@iamdjgoddess soon
719840187279216600,Tue Apr 12 10:50:49 +0000 2016,RT @karanveer2081: Fact:- 10 out of 10 people die. Don't take life too seriously.
719530769421582300,Mon Apr 11 14:21:18 +0000 2016,@ImRahulSharma3 thanks bro
719428480002207700,Mon Apr 11 07:34:50 +0000 2016,RT @Jal_panthers: The #wait to #see @gulzarchahal #bat #will #soon be #over @Geeta_Basra @harbhajan_singh @BclPunjab @Jal_panthers https://…
719428453242503200,Mon Apr 11 07:34:44 +0000 2016,RT @Jal_panthers: The #wait to #see @muskanjarora #bat #will #soon be #over @Geeta_Basra @harbhajan_singh @BclPunjab @Jal_panthers https://…
718142366343782400,Thu Apr 07 18:24:17 +0000 2016,@karanveer2081 wah wah wah. New Sayar in town. Lol
716886043933282300,Mon Apr 04 07:12:06 +0000 2016,https://t.co/JlRm2pHJWH
713567956978917400,Sat Mar 26 03:27:13 +0000 2016,RT @karanveer2081: That lovely smile Nd bed set hair style. Uffffffff....... https://t.co/qGaobN44vv
681198774748749800,Sun Dec 27 19:43:38 +0000 2015,RT @SunRisers: Bipul Sharma picked up 2 crucial wickets against Goa to help his team to victory. Well done young lad. #OrangeArmy https://t…
621211712641855500,Wed Jul 15 06:56:28 +0000 2015,@DavidHussey29 happy birthday mate
597288904933314600,Sun May 10 06:35:46 +0000 2015,Happy Mother's Day. All the god like moms in the world
596744436610011100,Fri May 08 18:32:15 +0000 2015,Time to bed. Game time tomorrow. Gnite friends...
560503504142229500,Wed Jan 28 18:23:43 +0000 2015,@YUVSTRONG12 @Gitanshkhera @Behgal @pumacricket gitansh Ji deyan laoo.
557520754728636400,Tue Jan 20 12:51:20 +0000 2015,RT @itsfactbook: These cue kids suffering from cancer  RT to save their life  Cover full story&gt;&gt; http://t.co/myn78Xnz60 http://t.co/Y9yxnqy…
537261526302720000,Tue Nov 25 15:08:24 +0000 2014,Delhi for Ranji camp.
525191682598240260,Thu Oct 23 07:47:09 +0000 2014,Happy Diwali 😊
524205459134107650,Mon Oct 20 14:28:15 +0000 2014,@una for ranji camp wid @karanveer2081
469032693171093500,Wed May 21 08:31:22 +0000 2014,Its getting hot here in chandigarh...
459618892525355000,Fri Apr 25 09:04:17 +0000 2014,@mandeeps12 chalo milde haan
459613657282781200,Fri Apr 25 08:43:29 +0000 2014,@mandeeps12 ya home..kad vapis aa rahe..
459601569151852540,Fri Apr 25 07:55:27 +0000 2014,@mandeeps12 hanji mandi theek hai..going gud..lagge raho..
459531076562472960,Fri Apr 25 03:15:20 +0000 2014,@mandeeps12 kya baat hai
456865492108464100,Thu Apr 17 18:43:16 +0000 2014,Yuvi the sixer king..
419341585848229900,Sat Jan 04 05:36:39 +0000 2014,Akaha mech kai aitbar karde haan. Hun ki likh kaa daeya ki pyar karde haan..
411076951508398100,Thu Dec 12 10:15:57 +0000 2013,@cheenud nice
407188736317718500,Sun Dec 01 16:45:34 +0000 2013,http://t.co/JqNE0RGTtR
407056493973078000,Sun Dec 01 08:00:05 +0000 2013,@dimimascarenhas thanks mate..see u soon
407052857163407360,Sun Dec 01 07:45:38 +0000 2013,@dimimascarenhas hi legend. How ru
398116403179704300,Wed Nov 06 15:55:21 +0000 2013,@bcci #ThankYouSachin @sachin_rt
398115306268540900,Wed Nov 06 15:51:00 +0000 2013,Earthquake in punjab..
398109616615456800,Wed Nov 06 15:28:23 +0000 2013,@bcci#THANKYOUSACHIN @sachin_rt
398083088309563400,Wed Nov 06 13:42:58 +0000 2013,@bcci#Thankyousachin
398079793285312500,Wed Nov 06 13:29:53 +0000 2013,@bcci#thankyousachin
393398898766938100,Thu Oct 24 15:29:41 +0000 2013,@gurkeeratmann22 debi de shera da sahara bass. Hehe
393392148806377500,Thu Oct 24 15:02:51 +0000 2013,@mandeeps12 bass pher purani vali hoo gii. Hun hath khare..
393391336352935940,Thu Oct 24 14:59:38 +0000 2013,@mandeeps12 wah wah wah. Ekk var pher tut geya jii. Sada
390448783890210800,Wed Oct 16 12:06:58 +0000 2013,@AzharMahmood11 eid mubarak paji..
390448525613342700,Wed Oct 16 12:05:57 +0000 2013,@EbbaQ eid mubarak bhabi ji..hows azhar paji..
383409645051588600,Fri Sep 27 01:55:57 +0000 2013,what a beautifull morning..good morning friends..have a nice day..
383170982573117440,Thu Sep 26 10:07:35 +0000 2013,nice practice in the morning..now time for trainning..have a super evening friends..
372182543442800640,Tue Aug 27 02:23:28 +0000 2013,having a awesome time in vancouver..so relaxing http://t.co/gflFnkYOAs
364033381870219260,Sun Aug 04 14:41:36 +0000 2013,@HeenaShinySingh happy friendship day heena...
361531880555819000,Sun Jul 28 17:01:31 +0000 2013,@jagrutidesai2 how ru doing..
361524175292203000,Sun Jul 28 16:30:54 +0000 2013,@jagrutidesai2 thanks miss desai...
358486564432646140,Sat Jul 20 07:20:31 +0000 2013,dharamshala ranji training camp for 2 weeks..looking forward :)
348419020745220100,Sat Jun 22 12:35:42 +0000 2013,@patrickfarhart patric app kaise hein..
347671606547607550,Thu Jun 20 11:05:45 +0000 2013,@hershitarai08 m doing gud thanks:)
347671524750262300,Thu Jun 20 11:05:25 +0000 2013,@EbbaQ i am gud just trainning nd all..
347635790966321150,Thu Jun 20 08:43:25 +0000 2013,@EbbaQ hello bhabi ji how ru..hows azhar paji nd kids:)
344362056243351550,Tue Jun 11 07:54:46 +0000 2013,RT @harbhajan_singh: Good morning friends have a great day ahead. God bless
338953898800853000,Mon May 27 09:44:41 +0000 2013,RT @Geeta_Basra: @harbhajan_singh IS THE NUMBER ONE INDIAN BOWLER WITH 24 WICKETS THIS SEASON &amp; THE MOST BY ANY INDIAN PLAYER IN ALL IPL..W…
337401228420071400,Thu May 23 02:54:56 +0000 2013,RT @patrickfarhart: @DavidHussey29 Dipping into those deep pockets of yours? About time! Give her a proper night out and bring her to Sydne…
330733113086984200,Sat May 04 17:18:13 +0000 2013,@EbbaQ  ya we all gud thanks:-)
330316669098545150,Fri May 03 13:43:25 +0000 2013,@EbbaQ hello bhabi jii. .last tweet was best one..haha..
330287756326608900,Fri May 03 11:48:32 +0000 2013,RT @EbbaQ: We don't realise how short life can be so promote and display humanity and be pleasant the way you would like to be treated. #ju…
329552735903031300,Wed May 01 11:07:49 +0000 2013,RT @EbbaQ: Beautiful crisp morning here in london with spring around us finally :) but missing the commotion and IPL fever around us too :)
329552735903031300,Wed May 01 11:07:49 +0000 2013,RT @EbbaQ: Beautiful crisp morning here in london with spring around us finally :) but missing the commotion and IPL fever around us too :)
319318243225518100,Wed Apr 03 05:19:36 +0000 2013,RT @BeingSnehMistry: @sharmabipul27 all the best bro for tournament... KXIP gonna rock... burrrrrrrrrraaah!
319053724939063300,Tue Apr 02 11:48:30 +0000 2013,@jagrutidesai2 thanks miss desai:-)
318672501213372400,Mon Apr 01 10:33:39 +0000 2013,@jagrutidesai2 hello miss desai how ru:-)
317732343110590460,Fri Mar 29 20:17:48 +0000 2013,@gurkeeratmann22  yeah buddy miss you nd goni in the camp..
317732172696002560,Fri Mar 29 20:17:07 +0000 2013,@mandeeps12 so true..full on positive..:-)
317341624734732300,Thu Mar 28 18:25:13 +0000 2013,@mandeeps12  nii tu ajj vi dil vich vasdi hein kadi mill kaa vekhh laee..hehe
316796129272553500,Wed Mar 27 06:17:37 +0000 2013,@jagrutidesai2 :-)
316795187919736800,Wed Mar 27 06:13:53 +0000 2013,@jagrutidesai2 absolutley miss desai:-)looking forward.hehe
316794194343641100,Wed Mar 27 06:09:56 +0000 2013,@jagrutidesai2 so i should reload myself wid lots off water..hehe:-)
316793291704242200,Wed Mar 27 06:06:21 +0000 2013,@jagrutidesai2 coming delhi. .anyplans for chd..
316792405372330000,Wed Mar 27 06:02:49 +0000 2013,@jagrutidesai2 kool:-)
316791676377116700,Wed Mar 27 05:59:56 +0000 2013,@jagrutidesai2 hahahaha..nt a bad idea..reloading urself for another round..hehe
316790209578688500,Wed Mar 27 05:54:06 +0000 2013,@jagrutidesai2 i guess drinking water wid jd..hehe
316778546188132350,Wed Mar 27 05:07:45 +0000 2013,@jagrutidesai2  drinking water for a change..hehe
316772198922723300,Wed Mar 27 04:42:32 +0000 2013,@vrv_singh ok pajii..and happy holi..
314008345927364600,Tue Mar 19 13:39:58 +0000 2013,@jagrutidesai2 nice:-)
313954701416726500,Tue Mar 19 10:06:48 +0000 2013,@jagrutidesai2 so when ru visiting india:-)
313948743231758340,Tue Mar 19 09:43:07 +0000 2013,@jagrutidesai2 doing gud :-)
313910965555036160,Tue Mar 19 07:13:01 +0000 2013,@jagrutidesai2 hii miss desai:-)
312161284068081660,Thu Mar 14 11:20:24 +0000 2013,@jagrutidesai2 nice:-)
312161086487011300,Thu Mar 14 11:19:37 +0000 2013,@kaur_monia ya thats true:-)
312116922852462600,Thu Mar 14 08:24:07 +0000 2013,@kaur_monia india sounds better:-)
312111698913935360,Thu Mar 14 08:03:22 +0000 2013,RT @kiran_samra: LOVE is when you’re having the worst day but when you look at him.. All the pain go away…
311722458178805760,Wed Mar 13 06:16:40 +0000 2013,@jagrutidesai2 m gud..i am in bed after trainning:-)
311720029114744800,Wed Mar 13 06:07:01 +0000 2013,@jagrutidesai2 hii how ru chalsea girl how ru:-)
311688643746082800,Wed Mar 13 04:02:18 +0000 2013,RT @gurkeeratmann22: Todays gonna be a lazy day ...feel bad for those who r working today :p...im gonna lay on my bed all day ...yayyyy. ...
311439118804586500,Tue Mar 12 11:30:46 +0000 2013,RT @kiran_samra: You cannot be healed while you hold on to pain, you must let it go, so that your heart is free to embrace love again.
311372782938239000,Tue Mar 12 07:07:11 +0000 2013,RT @kiran_samra: The temple of truth is within your soul, you know the answer to every question, you just need listen to yourself in sil ...
310701203128463360,Sun Mar 10 10:38:34 +0000 2013,@kiran_samra nice pic..
310694692113231900,Sun Mar 10 10:12:41 +0000 2013,RT @mika0562: Shivratri blessings to you and your family. May the almighty Lord Shiva bless you all with good things and perfect healthO ...
309867628309135360,Fri Mar 08 03:26:14 +0000 2013,@jotmuskan18 thanks:)
309867514966462460,Fri Mar 08 03:25:47 +0000 2013,@mika0562 gud
309864601250574340,Fri Mar 08 03:14:12 +0000 2013,http://t.co/7ta3bNcWyc
309346768523501600,Wed Mar 06 16:56:31 +0000 2013,RT @imMsgony: Sweet night my frndz .!!!
308618371363110900,Mon Mar 04 16:42:08 +0000 2013,@jotmuskan18 thanks:-)
308518800221954050,Mon Mar 04 10:06:28 +0000 2013,@vrv_singh  hahahaha
308503839676448800,Mon Mar 04 09:07:01 +0000 2013,@jagrutidesai2 yup:-)
308502490884747260,Mon Mar 04 09:01:40 +0000 2013,kisi nazar koo tera intazar ajj bhiii haiii:-)
308502372542476300,Mon Mar 04 09:01:11 +0000 2013,RT @kiran_samra: God allows us to meet people all the time that are in need of a friend. A lifelong friendship can start with just a kin ...
308054445214793700,Sun Mar 03 03:21:17 +0000 2013,RT @FuckedupFUN: I watch pom. I know that you misread that, didn't you??
307897215379185660,Sat Mar 02 16:56:31 +0000 2013,feel sorry for bercelona fans..real madrid
307808883924148200,Sat Mar 02 11:05:31 +0000 2013,@jagrutidesai2 i am awesome..really like ur tweets:-)
307803836687470600,Sat Mar 02 10:45:28 +0000 2013,@jagrutidesai2 how ru:-)
307803728981934100,Sat Mar 02 10:45:02 +0000 2013,@jagrutidesai2 woiiii woiiii...
307704328867676160,Sat Mar 02 04:10:03 +0000 2013,RT @vrv_singh: @sharmabipul27 humko tou mujhkou tou tumhne bulaya heee nae
307703321064525800,Sat Mar 02 04:06:03 +0000 2013,@vrv_singh hahaha....aaa  raheeeeeee hoooooo kyaaaaaa
307696834581782500,Sat Mar 02 03:40:16 +0000 2013,tera yaarrrr ta vada shonkiii haa chamkila daa...tu taan justin biber sundii hein mutyareeeee...
307688406912229400,Sat Mar 02 03:06:47 +0000 2013,tera koi kasur nii nareee... nakhra charii jawanii da...
307032658058293250,Thu Feb 28 07:41:04 +0000 2013,@mika0562 ok jii
307032128871342100,Thu Feb 28 07:38:58 +0000 2013,@mika0562 vadeya jii:-)
307031581263024100,Thu Feb 28 07:36:48 +0000 2013,@mandeeps12 kya baat haii...
307029903721758700,Thu Feb 28 07:30:08 +0000 2013,@jagrutidesai2 pleasure ji:-)
307022944721317900,Thu Feb 28 07:02:28 +0000 2013,@jagrutidesai2 get well soon desai:-)
306651268062015500,Wed Feb 27 06:25:34 +0000 2013,@sajanhundal1 bipul29
306634403952594940,Wed Feb 27 05:18:33 +0000 2013,RT @ThatSurreyGirl: Gets boyfriend. Ruins his life #ThatSurreyGirl
306630780564676600,Wed Feb 27 05:04:09 +0000 2013,bipul29 on instargam..
305235921920462850,Sat Feb 23 08:41:29 +0000 2013,RT @Jagdeepjaswal: Ju bloody better go away soon snow otherwise chittar Paine aa #stupidsnow http://t.co/vOLSbhMnfH
305231734109241340,Sat Feb 23 08:24:51 +0000 2013,@jagrutidesai2 :-)
305175613071831040,Sat Feb 23 04:41:50 +0000 2013,@jagrutidesai2 awesome..
304857586132455400,Fri Feb 22 07:38:07 +0000 2013,@jagrutidesai2  very sexy i must say...
304266133387759600,Wed Feb 20 16:27:53 +0000 2013,@mandeeps12  hi mandii all gud bro thankss...ya gonna rock this time..stay blessed buddy keeping shining. ...
304174809233883140,Wed Feb 20 10:25:00 +0000 2013,@DavidHussey29 hii huss how ru doing mate..all good:-)
304171073442836500,Wed Feb 20 10:10:09 +0000 2013,@jagrutidesai2 kool infact super kool:-)
304170278584455200,Wed Feb 20 10:07:00 +0000 2013,@jagrutidesai2 very very happy desai...how abt u
304169541494251500,Wed Feb 20 10:04:04 +0000 2013,@jagrutidesai2  :-)
304169452663099400,Wed Feb 20 10:03:43 +0000 2013,@AtriVandi65 kool
304066894657355800,Wed Feb 20 03:16:11 +0000 2013,good morning friends...such a beautifull morning:-)
303785844983087100,Tue Feb 19 08:39:24 +0000 2013,@jagrutidesai2 i am gud thanks:-)
303766869779812350,Tue Feb 19 07:24:00 +0000 2013,@jagrutidesai2 hey how ru:-)
302717157932937200,Sat Feb 16 09:52:49 +0000 2013,@Gitanshkhera moral of the story tusi ludhiana aci chd..bakki dharmsala
302591738848092160,Sat Feb 16 01:34:27 +0000 2013,@kpatel agreed:-)
302326147541241860,Fri Feb 15 07:59:05 +0000 2013,@Gitanshkhera hshaha
302252086563860500,Fri Feb 15 03:04:47 +0000 2013,@Gitanshkhera 22 ji keri kitti..nd tusi kyo eni tension chh
301958735721529340,Thu Feb 14 07:39:07 +0000 2013,RT @kpatel: @Gitanshkhera where did you and chandu disappear on saturday??
301596546552696800,Wed Feb 13 07:39:54 +0000 2013,RT @kiran_samra: If someone wants you, nothing will keep them away, but if they don't want you, nothing will make them stay!
300078012639109100,Sat Feb 09 03:05:48 +0000 2013,RT @kiran_samra: When you try to control everything, you enjoy nothing. Relax. Breathe. Let go. Live &amp; let live.
298975915805909000,Wed Feb 06 02:06:27 +0000 2013,what a beautifull morning:-)
298782505996267500,Tue Feb 05 13:17:55 +0000 2013,@indore for bcci corporate trophy semi final:-)
298771141605081100,Tue Feb 05 12:32:45 +0000 2013,RT @M_I_N_T_Y: @TeamIndia_12 @lionsdenkxip  we dont have yuvraj singh bu we hv so many other singhs :D they @gurkeeratmann22 @mandeeps12 ...
298703339884007400,Tue Feb 05 08:03:20 +0000 2013,RT @kiran_samra: A real friend is someone who can make the most boring day become fun.
298701210989494300,Tue Feb 05 07:54:52 +0000 2013,@jagrutidesai2  hahaha:-)
298639580108828700,Tue Feb 05 03:49:59 +0000 2013,mein tera hii dewana hun..teri batee kabhi mein bhul na pauu..
298356561158488060,Mon Feb 04 09:05:22 +0000 2013,indore tomorrow:-)
298343384391745540,Mon Feb 04 08:13:00 +0000 2013,@jagrutidesai2  nice very nice:-)
298334248404918300,Mon Feb 04 07:36:42 +0000 2013,RT @kiran_samra: Be with someone who won’t stay mad at you, who can’t stand not talking to you, and who’s afraid of losing you.
298325669505531900,Mon Feb 04 07:02:36 +0000 2013,@jagrutidesai2 where is dominican
298246623086145540,Mon Feb 04 01:48:30 +0000 2013,what a beautifull morning..thanks to god:-)
297689758111522800,Sat Feb 02 12:55:43 +0000 2013,@Kiran960  yes:-)
297629240227164160,Sat Feb 02 08:55:15 +0000 2013,RT @kiran_samra: Friendship isn’t about whom you’ve know the longest. It’s about who came and never left your side.
297522056193519600,Sat Feb 02 01:49:20 +0000 2013,what a beautifull morning...lovely weather for match:-)
297515648970551300,Sat Feb 02 01:23:52 +0000 2013,@Kiran960 gud thanks:-)
297342567236902900,Fri Feb 01 13:56:07 +0000 2013,@jagrutidesai2 hahaha
297341227181944800,Fri Feb 01 13:50:47 +0000 2013,@jagrutidesai2 mane saru lagyu n tamari life kevi chale che. ...lol
297339421387264000,Fri Feb 01 13:43:37 +0000 2013,@jagrutidesai2 tame shu karo choo:-)
297337733712592900,Fri Feb 01 13:36:54 +0000 2013,RT @kiran_samra: Our problems are really our blessings if we use them to grow stronger.
297337506830110700,Fri Feb 01 13:36:00 +0000 2013,@mika0562  doing gud:-)
297336592601845760,Fri Feb 01 13:32:22 +0000 2013,@jagrutidesai2  thanks desai:-)
297336469117345800,Fri Feb 01 13:31:53 +0000 2013,RT @mika0562: @sharmabipul27 Lakh Lakh wadiya ji..!
297332878314975200,Fri Feb 01 13:17:37 +0000 2013,won the first game  of  bcci corporate trophy against ongc:-)
297164198465634300,Fri Feb 01 02:07:20 +0000 2013,@raipur for bcci corporate trophy:-)
297158457985994750,Fri Feb 01 01:44:31 +0000 2013,@FaulknerC25 gud luck mate..
297157967076261900,Fri Feb 01 01:42:34 +0000 2013,chaaa bina naa jiva gaa..jaa savad laggi ta horrr penva gaa
297157699819429900,Fri Feb 01 01:41:31 +0000 2013,@vrv_singh hmmm acha hmm chaa hmm hmmm..lol
297157443664879600,Fri Feb 01 01:40:30 +0000 2013,@Kiran960 hi:-)
296898127313649660,Thu Jan 31 08:30:04 +0000 2013,RT @kiran_samra: Good night tweeple
296879720795090940,Thu Jan 31 07:16:55 +0000 2013,@vrv_singh wah wah wah wah
296828453431439360,Thu Jan 31 03:53:12 +0000 2013,tu hass dii pyari lagdii  wat mathhe tey jachan naa terey..ni aci terey utte mareya unjj sadee utte mardee bathere..
296827420412088300,Thu Jan 31 03:49:06 +0000 2013,sir utte laa kai lareya bann thann kai jaddo tu  kitte turdi..mundeya dii jind goreya jandi luun dii dalli dey vanguu khurdi...
296677678529011700,Wed Jan 30 17:54:05 +0000 2013,RT @mandeeps12: Meri dhadhkan te mere saahan Vich Tera likheya naam,tu jaan v kidre mang lyi main krdaunga Han..
296654393099579400,Wed Jan 30 16:21:33 +0000 2013,@jagrutidesai2  happy birthday have a gud one:-)
296651601882513400,Wed Jan 30 16:10:28 +0000 2013,@jagrutidesai2 ur birthday tday:-)
296549194964017150,Wed Jan 30 09:23:32 +0000 2013,@vrv_singh hahaha
296486557660090400,Wed Jan 30 05:14:38 +0000 2013,@jagrutidesai2 kool..
296485672338984960,Wed Jan 30 05:11:07 +0000 2013,@jagrutidesai2 hahahs..feeling awesome..how ru
296483757991538700,Wed Jan 30 05:03:30 +0000 2013,@jagrutidesai2 :)yeah
296481323613311000,Wed Jan 30 04:53:50 +0000 2013,terey pichee rahu jatt sari umar kavara..
295572449519599600,Sun Jan 27 16:42:18 +0000 2013,@jagrutidesai2 :-)
295543967704051700,Sun Jan 27 14:49:07 +0000 2013,@jagrutidesai2  m gud thanks how ru..
295505181381124100,Sun Jan 27 12:15:00 +0000 2013,@jagrutidesai2 hii:-)
294379097583386600,Thu Jan 24 09:40:20 +0000 2013,@nilumpanesar i wanna learn bhangra..
292098097255964700,Fri Jan 18 02:36:27 +0000 2013,@imMsgony happy gurupurab.
292097854632235000,Fri Jan 18 02:35:30 +0000 2013,RT @imMsgony: Happy Gurpurab  O:) @10Ladda @mandeeps12 @gurkeeratmann22 @harbhajan_singh @sharmabipul27 @sidkaul22 .!!
291597612031832060,Wed Jan 16 17:27:42 +0000 2013,@jagrutidesai2 :)
291548492990644200,Wed Jan 16 14:12:32 +0000 2013,@jagrutidesai2  thanks desai:)
290341978271543300,Sun Jan 13 06:18:16 +0000 2013,RT @mika0562: @sharmabipul27 Moongfali di khusboo te Gurh di mithaas,mubarak hove tuhanu Lohri da tyohar....:) :) :) :) :) HAPPY LOHRI T ...
290022593057128450,Sat Jan 12 09:09:09 +0000 2013,RT @unmuktforeva: Happy Lohri U all!! @mandeeps12 @sharmabipul27 @itsmeanureet
289344611074326500,Thu Jan 10 12:15:05 +0000 2013,@sidevil02  gud luck:-)
287887993438617600,Sun Jan 06 11:47:00 +0000 2013,@jagrutidesai2 okiess desai jii...
287885960388177920,Sun Jan 06 11:38:56 +0000 2013,@jagrutidesai2 why haha.
287881721586790400,Sun Jan 06 11:22:05 +0000 2013,@jagrutidesai2 thanks desai:-)
287613469941960700,Sat Jan 05 17:36:09 +0000 2013,RT @unmuktforeva: @mandeeps12 @gurkeeratmann22 @harbhajan_singh @imMsgony @sidkaul22 @sharmabipul27 @10Ladda GOOD LUCK GUYS! :) Everybod ...
287613352933486600,Sat Jan 05 17:35:41 +0000 2013,RT @mandeeps12: Let's do it punjab @gurkeeratmann22 @harbhajan_singh @imMsgony @sidkaul22 @sharmabipul27 @10Ladda
287264227620683780,Fri Jan 04 18:28:23 +0000 2013,RT @ravibopara: Congrats @harbhajan_singh on starting your new venture with cricket equipment. Loving the bat stickers. #bhajjisports
286315254772793340,Wed Jan 02 03:37:30 +0000 2013,RT @mandeeps12: Being one of his biggest fans..I'm with him @TheHoneySingh1
285820074370166800,Mon Dec 31 18:49:50 +0000 2012,RT @gagan_gt: @sharmabipul27 happy new year :-)
285820027523977200,Mon Dec 31 18:49:39 +0000 2012,@jagrutidesai2 haha:-)
285819506239107070,Mon Dec 31 18:47:35 +0000 2012,@gagan_gt  :-)
285819218237206530,Mon Dec 31 18:46:26 +0000 2012,@jagrutidesai2 hahaha..it means dnt give me missed calls..i wont be back..hahaha
285812630935965700,Mon Dec 31 18:20:16 +0000 2012,hun nii murdee yar..miss calla na marr:-)
285810193273589760,Mon Dec 31 18:10:34 +0000 2012,RT @unmuktforeva: Happy new year guys @kamalpassi @smithpatel16593 @mandeeps12 @tiwarymanoj @imjadeja @sharmabipul27 @itsmeanureet http: ...
285806539162386430,Mon Dec 31 17:56:03 +0000 2012,@jagrutidesai2 happy new year:-)
285789563484516350,Mon Dec 31 16:48:36 +0000 2012,@vrv_singh hahaha:-)
285788999598088200,Mon Dec 31 16:46:21 +0000 2012,@vrv_singh aadha bhai aadha:-)
285788272641327100,Mon Dec 31 16:43:28 +0000 2012,@vrv_singh  yeah majnu sala jalta hai mujh caa...lol
285765101540216830,Mon Dec 31 15:11:24 +0000 2012,@DavidHussey29 happy new year legend:-)
285761977341603840,Mon Dec 31 14:58:59 +0000 2012,happy new year friends:-)
285761867018817540,Mon Dec 31 14:58:32 +0000 2012,@mandeeps12 happy new year mandip..see u soon tc:-)
285306115749711870,Sun Dec 30 08:47:33 +0000 2012,had a great practice session at pca stadium..time for some hot coffee..chd freezing:-)
285230693661962240,Sun Dec 30 03:47:51 +0000 2012,RT @TrentWoodhill: Mike Hussey can not be replaced. As a player, as a person, as a role model he typifies everything you hope a professi ...
285065168147333120,Sat Dec 29 16:50:06 +0000 2012,RT @vrv_singh: Great tony greg died,feeling sad about it,shocked:(
284337953059250180,Thu Dec 27 16:40:25 +0000 2012,@jagrutidesai2 :-)
284332337175592960,Thu Dec 27 16:18:06 +0000 2012,@jagrutidesai2 hii..gud thanks..nd this is brotherly love..how ru
283995001468366850,Wed Dec 26 17:57:39 +0000 2012,strong people dont put others down...they lift them up..
283983435104657400,Wed Dec 26 17:11:41 +0000 2012,@mika0562gud
283982663533068300,Wed Dec 26 17:08:37 +0000 2012,@mandeeps12100 per true..:-)..mosam da luft laa rahe hoo
283978737073139700,Wed Dec 26 16:53:01 +0000 2012,@mandeeps12 tu mera bai mein tera bai..lol
283843614717657100,Wed Dec 26 07:56:05 +0000 2012,@mandeeps12 ji aya nu:-)
283261086084497400,Mon Dec 24 17:21:20 +0000 2012,@gurkeeratmann22  shikariyo..koi shikar hoeya vii...
282898128846352400,Sun Dec 23 17:19:04 +0000 2012,@mandeeps12 kya hall hein..theek hai:-)
282507433413333000,Sat Dec 22 15:26:35 +0000 2012,@jagrutidesai2 hi how ru
282413787032727550,Sat Dec 22 09:14:28 +0000 2012,@vrv_singh  cha cha..hann chaa
282349523853000700,Sat Dec 22 04:59:06 +0000 2012,foggy cold morning...finally its chilly winters loving it:-)
282336591224115200,Sat Dec 22 04:07:43 +0000 2012,RT @imMsgony: Gud luck fr the match my punjab team miss u guys @gurkeeratmann22 @harbhajan_singh @mandeeps12 @ImRahulSharma3 @10Ladda @s ...
281809738444963840,Thu Dec 20 17:14:12 +0000 2012,@MonicaBhojani india won.england lose.
281336528435814400,Wed Dec 19 09:53:50 +0000 2012,@vrv_singh hahaha..chetta..usko to mein
281265896897519600,Wed Dec 19 05:13:10 +0000 2012,gud morning friends..such a beautifull morning..enjoy your day guys:-)
280701243867942900,Mon Dec 17 15:49:26 +0000 2012,@mandeeps12 ohh paji gussa kar ka jitt jandee..tusi kal thoda agressive hona..lol...
280604528439615500,Mon Dec 17 09:25:07 +0000 2012,ohh yar di garare mittro..kehnda disc chh kali mein lavani..
280377572896956400,Sun Dec 16 18:23:17 +0000 2012,RT @FactApple: Humans are the only creatures on earth that will cut down trees, make paper &amp; then write "SAVE TREES" on them.
280375196702105600,Sun Dec 16 18:13:50 +0000 2012,@mandeeps12  gud luck mere valo team nu..nd yuvi paji nu hello boli..
280370220323987460,Sun Dec 16 17:54:04 +0000 2012,@mandeeps12  its gonna be well..enjoy dilbag:-)miss you guys
280366395106148350,Sun Dec 16 17:38:52 +0000 2012,@YCCCDizzygud to hear from u mate all gud..season going on..just matches nd training..
280361593408200700,Sun Dec 16 17:19:47 +0000 2012,@YCCCDizzy hi legebd how ru doing:-)
279894312907599870,Sat Dec 15 10:22:59 +0000 2012,RT @harbhajan_singh: First look of geeta basra s song from movie zila ghaziabad.its gonna rock. http://t.co/tFJAVA2d
279634163609530370,Fri Dec 14 17:09:14 +0000 2012,RT @mandeeps12: Hey everyone check out my friend Hardy sandhu's debut track on YouTube 'tequila shot'..I bet u'l love it !!
279087384811933700,Thu Dec 13 04:56:32 +0000 2012,RT @mandeeps12: Aasma tera mera huya khwaab ki trah dhuyan dhuyan...saiyaara tu saiyaara,saiyaara main saiyaara sitaron k jahan Mein mil ...
279084608732160000,Thu Dec 13 04:45:30 +0000 2012,RT @imMsgony: Life does not come with a book of instruction ::::: it just happen ;;; live it ;; just accept it ;; learn from it ;;; good ...
279080376146731000,Thu Dec 13 04:28:41 +0000 2012,@jagrutidesai2 okiess..
279079668131438600,Thu Dec 13 04:25:52 +0000 2012,@gurkeeratmann22 @imMsgony posers:-) http://t.co/5iFNG6uf
279079109676650500,Thu Dec 13 04:23:39 +0000 2012,@jagrutidesai2 you up so early..
278898480934682620,Wed Dec 12 16:25:54 +0000 2012,@jagrutidesai2 its getting cold here too..
278898021733896200,Wed Dec 12 16:24:04 +0000 2012,@jagrutidesai2 i am gud how ru..
278897332093874180,Wed Dec 12 16:21:20 +0000 2012,@jagrutidesai2 oh hi..how ru
278890946215698430,Wed Dec 12 15:55:57 +0000 2012,@jagrutidesai2 very true:-)
278556734337990660,Tue Dec 11 17:47:55 +0000 2012,i miss those days..
277453045938417660,Sat Dec 08 16:42:15 +0000 2012,@gurkeeratmann22 north dee raje:-)
276731137076903940,Thu Dec 06 16:53:39 +0000 2012,@Behgal thanks pajii..and sector 19 hahaha..
276259472802983940,Wed Dec 05 09:39:25 +0000 2012,@Behgal paji chd vi tusi time laeya..sade tey we proud karo..lol
276147752373714940,Wed Dec 05 02:15:29 +0000 2012,mumbai:-)
273631579832717300,Wed Nov 28 03:37:07 +0000 2012,RT @DoYouBelievelt: Psychological Fact: When someone you know appears in your dreams it's because that person misses you.
273631464325775360,Wed Nov 28 03:36:39 +0000 2012,RT @DoYouBelievelt: Some studies suggest that 70% of our stress &amp; depression is often brought on by simply over-thinking too much.
273630135209578500,Wed Nov 28 03:31:22 +0000 2012,RT @10Ladda: Satguru nanak pargateya miti dhund jag chaanan hova guru nanak dev ji de prakash utsav di lakh lakh vadhayee sabhnu .☺
272706158756765700,Sun Nov 25 14:19:49 +0000 2012,@zookybeans cheers:-)
271821071144087550,Fri Nov 23 03:42:48 +0000 2012,gud morning friends..have a nice day:-)
271813445383499780,Fri Nov 23 03:12:30 +0000 2012,@mandeeps12 ya buddy..:-)
271665716707614720,Thu Nov 22 17:25:28 +0000 2012,RT @TextMeThis: I miss waking up to your good morning texts.
271485806231842800,Thu Nov 22 05:30:34 +0000 2012,@gurkeeratmann22  ya mate all gud..u tell:-)
271263796318855170,Wed Nov 21 14:48:23 +0000 2012,@jagrutidesai i dont have..lol
271261200682217470,Wed Nov 21 14:38:04 +0000 2012,@jagrutidesai2 umbrella:-)
271228771602923520,Wed Nov 21 12:29:12 +0000 2012,back home after 3rd ranji game..feeling good to have some home food:-)
271212264894369800,Wed Nov 21 11:23:37 +0000 2012,RT @ComedyTweeple: You have a right to your own opinion? Then I have a right to tell you how stupid it is.
271147382081740800,Wed Nov 21 07:05:48 +0000 2012,@jagrutidesai2 thanks:-)
271144226534850560,Wed Nov 21 06:53:15 +0000 2012,@jagrutidesai2 going gud thanks to god:-)
271137852434292740,Wed Nov 21 06:27:56 +0000 2012,@jagrutidesai2 hi ya m gud thanks:-)hows u doing
271070899275456500,Wed Nov 21 02:01:53 +0000 2012,RT @ComedyTweeple: Don't feel special. I only keep your number in my phone, so I know not to answer when you call.
269365954620842000,Fri Nov 16 09:07:02 +0000 2012,@JockAthletic gud to hear from you mr old is gold..i am gud and looking forward for sandhills in future..hows everything back home..
269050169234948100,Thu Nov 15 12:12:13 +0000 2012,@JockAthletic hii..jock how ru
268306505458143230,Tue Nov 13 10:57:10 +0000 2012,@Harmeetsingh03 same to u bro:-)
268214489147637760,Tue Nov 13 04:51:32 +0000 2012,happy diwali friends:-)
267267184785494000,Sat Nov 10 14:07:17 +0000 2012,"@TextMeThis: I still like you, I'm just tired of trying."
267266855985635330,Sat Nov 10 14:05:58 +0000 2012,RT @TextMeThis: I still like you, I'm just tired of trying.
265808176287449100,Tue Nov 06 13:29:42 +0000 2012,@rubbiya100 thanks:-)
265694339202703360,Tue Nov 06 05:57:21 +0000 2012,time for some core session..gym time
264050824941031420,Thu Nov 01 17:06:37 +0000 2012,@jagrutidesai2 thanks:-)
264050754275381250,Thu Nov 01 17:06:20 +0000 2012,@Harmeetsingh03 thanks buddy:-)
263340391141609470,Tue Oct 30 18:03:36 +0000 2012,@dimimascarenhas happy birthday partner:-)
263210087844286460,Tue Oct 30 09:25:49 +0000 2012,@Harmeetsingh03  hi mate i am doing gud..hope everything is good wid u..
263209939034595330,Tue Oct 30 09:25:14 +0000 2012,@DavidHussey29 i am doing gud mate..season starting from 2nd..
263115624904019970,Tue Oct 30 03:10:28 +0000 2012,@DavidHussey29 hi legend hows u doing..hitting big sixes:-)
262901601960861700,Mon Oct 29 13:00:01 +0000 2012,@jagrutidesai2 ya that was wrong decision. .
262814760909811700,Mon Oct 29 07:14:56 +0000 2012,@jagrutidesai2  ya it was..
262608113134362620,Sun Oct 28 17:33:47 +0000 2012,its man uuuuuu all the way:-)
262248296494530560,Sat Oct 27 17:44:00 +0000 2012,@kaur_monia nice pic:)
260984682194292740,Wed Oct 24 06:02:51 +0000 2012,happy dushera friends:-)
260323051286175740,Mon Oct 22 10:13:46 +0000 2012,@jagrutidesai2ya ya sure..work is worship:-)
260322403278811140,Mon Oct 22 10:11:12 +0000 2012,@jagrutidesai2.lol..okiess
260320123062214660,Mon Oct 22 10:02:08 +0000 2012,@jagrutidesai2 how many candys u gonna get..trick or treat
260318334296416260,Mon Oct 22 09:55:02 +0000 2012,@jagrutidesai2 halloween ya its big excuse..lol:-)
260317181936537600,Mon Oct 22 09:50:27 +0000 2012,@jagrutidesai2 ya m doing gud..weather getting colder..so feeling awesomr:-)
260316201450876930,Mon Oct 22 09:46:33 +0000 2012,@jagrutidesai2 how ru.ji:-)
260313233649459200,Mon Oct 22 09:34:45 +0000 2012,@jagrutidesai2  hanjii...
260311874426527740,Mon Oct 22 09:29:21 +0000 2012,burahhhh nice movie..must watch:-)
258650104473468930,Wed Oct 17 19:26:05 +0000 2012,@jagrutidesai2 yaa..lol
258647778484445200,Wed Oct 17 19:16:50 +0000 2012,@jagrutidesai2 hey all gud u tell wats happening:-)
258645482954428400,Wed Oct 17 19:07:43 +0000 2012,@jagrutidesai2 gud:-)
258645437035212800,Wed Oct 17 19:07:32 +0000 2012,@jagrutidesai2
256064337461010430,Wed Oct 10 16:11:10 +0000 2012,@louvincent78  hi lou hows u doing mate:-)
253535490001747970,Wed Oct 03 16:42:25 +0000 2012,@Harmeetsingh03 thanks bro:-)
253534612280709120,Wed Oct 03 16:38:56 +0000 2012,cheenai tom for duleep trophy..
253531115627892740,Wed Oct 03 16:25:03 +0000 2012,@jagrutidesai2i am doing gud...going cheenai tom fr matches
253529568911179780,Wed Oct 03 16:18:54 +0000 2012,@jagrutidesai2you back in london..
253528459802968060,Wed Oct 03 16:14:29 +0000 2012,@jagrutidesai2 really..thats bad
253525469859835900,Wed Oct 03 16:02:36 +0000 2012,@jagrutidesai2which guy:-)
253518500713336830,Wed Oct 03 15:34:55 +0000 2012,@cheenud hi:-)
251744711776288770,Fri Sep 28 18:06:31 +0000 2012,@SaadiaIbrahim hii:-)
251577928163405820,Fri Sep 28 07:03:46 +0000 2012,@mika0562  thanks
251564990253891600,Fri Sep 28 06:12:22 +0000 2012,@kkapilaggarwal  thanks:-)
251564880103079940,Fri Sep 28 06:11:55 +0000 2012,@Ujala09 thanks a lot:-)
251564808950906880,Fri Sep 28 06:11:38 +0000 2012,@akaashyy thanks:-)
251564709965357060,Fri Sep 28 06:11:15 +0000 2012,@lionsdenkxip  thanks:-)
251526039157739520,Fri Sep 28 03:37:35 +0000 2012,@rubbiya100 thanks:-)
251525971906289660,Fri Sep 28 03:37:19 +0000 2012,@Niketa82 thanks:-)
250194852036362240,Mon Sep 24 11:27:55 +0000 2012,@mandeeps12 so buddy hows nz treating u
250194661573021700,Mon Sep 24 11:27:10 +0000 2012,@mandeeps12 haha..eni english dii mistake tann maff ha:-)
250157063974572030,Mon Sep 24 08:57:46 +0000 2012,@ImRahulSharma3 sure shstma jii all support wid u:-)
249493503569182720,Sat Sep 22 13:01:01 +0000 2012,@jagrutidesai2 okiesss..its so near
249490382524657660,Sat Sep 22 12:48:37 +0000 2012,@jagrutidesai2 where ru
249454114147282940,Sat Sep 22 10:24:30 +0000 2012,@jagrutidesai2 chandigarh:-)
247541609271541760,Mon Sep 17 03:44:53 +0000 2012,@jagrutidesai2coming to chandigarh:-)
247196273961226240,Sun Sep 16 04:52:39 +0000 2012,gud morning friends..have a wonderfull sunday:-)
246624344481091600,Fri Sep 14 15:00:00 +0000 2012,@jagrutidesai2 i lovemy fitness parties:-)
246622259391918080,Fri Sep 14 14:51:43 +0000 2012,cycle 12 km..run 5 km..then nice trainning in gym..nice end for the day:-)..now time fr beauti sleep
245941010050461700,Wed Sep 12 17:44:40 +0000 2012,@realpreityzinta gnite:-)
245520394935754750,Tue Sep 11 13:53:18 +0000 2012,@Gitanshkhera ya  was in delhi..now back in chandigarh:-)
245244613839970300,Mon Sep 10 19:37:27 +0000 2012,@mika0562. hii:-)
245237866790281200,Mon Sep 10 19:10:38 +0000 2012,@Gitanshkhera  hi mr khera..all gud..littel time off from bbm status:-)wat u up too buddy
243991830004387840,Fri Sep 07 08:39:20 +0000 2012,@jazminclair hi
243755165746872320,Thu Sep 06 16:58:54 +0000 2012,@shaunmarsh9 hi shaun hows u doing mate:-)
243753392814567420,Thu Sep 06 16:51:52 +0000 2012,@cheems87 hii:-)
243712098675355650,Thu Sep 06 14:07:46 +0000 2012,off to delhi:-)
243392145287954430,Wed Sep 05 16:56:24 +0000 2012,@cheenud:-)
243391528716865540,Wed Sep 05 16:53:57 +0000 2012,@cheenud hiiii:-)
243026176896024580,Tue Sep 04 16:42:10 +0000 2012,@realpreityzinta recover well. .nd gud luck for iip:-:-)
243023707751211000,Tue Sep 04 16:32:21 +0000 2012,@gurkeeratmann22cheers:-)
243022799965388800,Tue Sep 04 16:28:45 +0000 2012,@gurkeeratmann22 hahaha..no worrys mate:-)
243019986518540300,Tue Sep 04 16:17:34 +0000 2012,gud nite friends:-)
243011961196003330,Tue Sep 04 15:45:41 +0000 2012,@rawatranjna16 hii wats that
243000347977711600,Tue Sep 04 14:59:32 +0000 2012,@adam_gilly hii gilly..hows doing:-)
242996704478130180,Tue Sep 04 14:45:03 +0000 2012,@gurkeeratmann22 all gud mann
242996588790824960,Tue Sep 04 14:44:36 +0000 2012,@DavidHussey29  well played legend other day:-)
242985961330454530,Tue Sep 04 14:02:22 +0000 2012,@realpreityzinta get well soon:-)
242655511764402180,Mon Sep 03 16:09:16 +0000 2012,@jagrutidesai2 yaa..may be next year:-)
242614175287873540,Mon Sep 03 13:25:01 +0000 2012,@jagrutidesai2  hows russia
242597851010564100,Mon Sep 03 12:20:09 +0000 2012,@jagrutidesai2 i know u chelsea girl:-)
242307857503100930,Sun Sep 02 17:07:49 +0000 2012,van persie..u beauty:-)
242180987226845200,Sun Sep 02 08:43:41 +0000 2012,@mdhaliwal3 hii
241957282282364930,Sat Sep 01 17:54:46 +0000 2012,@abhisheknayar1 i score 1crore 50 lakh.:-)
241941400327966720,Sat Sep 01 16:51:39 +0000 2012,@RanjPT dil to bacha hai ji:-)
241622261470208000,Fri Aug 31 19:43:30 +0000 2012,@jagrutidesai2 okiess
241619968729440260,Fri Aug 31 19:34:24 +0000 2012,@jagrutidesai2. .ya i am doing great..hows u doing jagruti:-)
241612016568131600,Fri Aug 31 19:02:48 +0000 2012,@jagrutidesai2 :)
241609263049478140,Fri Aug 31 18:51:51 +0000 2012,@jagrutidesai2 sunglasses..nd warmcap:-)
241585650908930050,Fri Aug 31 17:18:02 +0000 2012,had a gud trainning session:-)
241501804494458880,Fri Aug 31 11:44:51 +0000 2012,RT @Harmeetsingh03: "Do hugs,not drugs. Respect,don't judge. Listen more,talk less. Understand,don't assume. Forgive nd forget". Pl retw ...
241458264280285200,Fri Aug 31 08:51:50 +0000 2012,@FaulknerC25 hi mate hows doing:-)
241363637388845060,Fri Aug 31 02:35:50 +0000 2012,good morning friends..such a beautifull morning:-)
240891294480736260,Wed Aug 29 19:18:54 +0000 2012,@nilumpanesar hii
240485045356347400,Tue Aug 28 16:24:37 +0000 2012,@ShibaMaggon thats really nice:-)
240480998851235840,Tue Aug 28 16:08:32 +0000 2012,@ShibaMaggon gud to hear from you..still playing basketball
240480339301113860,Tue Aug 28 16:05:55 +0000 2012,@Harmeetsingh03 how can i join u guyd fr volleyball
240413563963981820,Tue Aug 28 11:40:34 +0000 2012,@ShibaMaggon hi hows doing:-)
239921867299893250,Mon Aug 27 03:06:45 +0000 2012,@DavidHussey29. ..gud to hear from u mate..m doing gud..
239731110051983360,Sun Aug 26 14:28:45 +0000 2012,@gurkeeratmann22great
239729014460280830,Sun Aug 26 14:20:25 +0000 2012,@gurkeeratmann22 mann all gud..u tell.hows it going in delhi:-)
239672464718831600,Sun Aug 26 10:35:43 +0000 2012,@YUVSTRONG12 hello pajii...
239670006332399600,Sun Aug 26 10:25:57 +0000 2012,@mika0562 hi:-)
239668848658350080,Sun Aug 26 10:21:21 +0000 2012,@DavidHussey29 hi mate..hows doing:-)
239668601970364400,Sun Aug 26 10:20:22 +0000 2012,@dimimascarenhas. m gud partner..congrats for the championship..saw ur bowling spells..ur a champ man
239666562213228540,Sun Aug 26 10:12:15 +0000 2012,@Harmeetsingh03 kya baat hai..theek haii..
239666257505435650,Sun Aug 26 10:11:03 +0000 2012,@dimimascarenhas hi partner:-)
239625107071451140,Sun Aug 26 07:27:32 +0000 2012,congrats india u 19:-)
237952843431149570,Tue Aug 21 16:42:33 +0000 2012,time to sleep early morning trainning..gnite friends
237825598477709300,Tue Aug 21 08:16:55 +0000 2012,@mandeeps12 hii mandeep i am your big fan. .plz follow me:-)
237615963216953340,Mon Aug 20 18:23:54 +0000 2012,@anupreetsidhu hello
237612214981390340,Mon Aug 20 18:09:01 +0000 2012,@Behgal kidar hoo ajj kal gurgaon..
237609194226864130,Mon Aug 20 17:57:01 +0000 2012,@Behgal hahaha..kalii pajii and sec 19 hahaha
237602410024009730,Mon Aug 20 17:30:03 +0000 2012,@Behgal kida pajii..
237496928865234940,Mon Aug 20 10:30:54 +0000 2012,@AzharMahmood11 eid mubarak azhar bhai..
237479295465947140,Mon Aug 20 09:20:50 +0000 2012,@cheenud hello
237067292561793020,Sun Aug 19 06:03:41 +0000 2012,@mika0562 same to u
237019632672841730,Sun Aug 19 02:54:18 +0000 2012,good morning friends..stay blessed..such a beautifull morning:-)
236847039361736700,Sat Aug 18 15:28:29 +0000 2012,@YUVSTRONG12 congrats paji for arjun award:-)
234516841719029760,Sun Aug 12 05:09:06 +0000 2012,time for some hard core  fitness party...trainning time:-)
234516491519807500,Sun Aug 12 05:07:43 +0000 2012,khude ko kar buland itna har takdeer ca pehla..khuda bande ca khud puche bata teri raza kya hai..
233526378618814460,Thu Aug 09 11:33:22 +0000 2012,@body zone for trainning:-)
233454526420615170,Thu Aug 09 06:47:51 +0000 2012,nice weather for trainning...lets do it:-)
233258726537179140,Wed Aug 08 17:49:48 +0000 2012,time for beauty sleep:-) gnite friends
233161715859206140,Wed Aug 08 11:24:19 +0000 2012,backpackers:-)
233093489859129340,Wed Aug 08 06:53:13 +0000 2012,nice work out in gym..time for some gud food:-)
232511221528686600,Mon Aug 06 16:19:29 +0000 2012,@harbhajan_singh ssa pajii...:-)
232433924272431100,Mon Aug 06 11:12:20 +0000 2012,@mika0562 gud thanks:-)
232428599104376830,Mon Aug 06 10:51:11 +0000 2012,@jagrutidesai2 :-) ok
232427184197885950,Mon Aug 06 10:45:33 +0000 2012,@jagrutidesai2 :-)
232425386703745020,Mon Aug 06 10:38:25 +0000 2012,@jagrutidesai2 lets swap the places..u come nd enjoy indian afternoon..nd i l enjoy londons breezy weather
232423163022147600,Mon Aug 06 10:29:34 +0000 2012,@jagrutidesai2yooo:-)
232421727882313730,Mon Aug 06 10:23:52 +0000 2012,such a beautifull afternoon..
231716923929399300,Sat Aug 04 11:43:14 +0000 2012,@backpackers:-)
231306488918990850,Fri Aug 03 08:32:19 +0000 2012,time for some nandos chicken...yummy
231222297531392000,Fri Aug 03 02:57:46 +0000 2012,good morning friends:-)
230732981575249920,Wed Aug 01 18:33:24 +0000 2012,@YUVSTRONG12 gud going pajii..god bless:-)
230544279615983600,Wed Aug 01 06:03:34 +0000 2012,nice weather for trainning..
230153430478491650,Tue Jul 31 04:10:28 +0000 2012,gud morning friends have a nice day :-)
229978491817455600,Mon Jul 30 16:35:19 +0000 2012,home sweet home chandigarh:-)
229969726477045760,Mon Jul 30 16:00:30 +0000 2012,@cheenud hello jii:-)
229937886701682700,Mon Jul 30 13:53:58 +0000 2012,congratulatios gagan for bronze. .made us proud:-)
229630366519025660,Sun Jul 29 17:32:00 +0000 2012,@mandeeps12 hanji mandii:-)
228808418369105920,Fri Jul 27 11:05:52 +0000 2012,@jagrutidesai2 enjoying olympics season in london:-)
228806250949914620,Fri Jul 27 10:57:15 +0000 2012,its raining in delhi..awesome weather:-)
228735240636612600,Fri Jul 27 06:15:05 +0000 2012,for cag cricket camp in delhi:-)
228734960415154180,Fri Jul 27 06:13:58 +0000 2012,@akanksha_ce my office team
228729671347482620,Fri Jul 27 05:52:57 +0000 2012,is in delhi for cag camp..
228154162607689730,Wed Jul 25 15:46:05 +0000 2012,@YCCCDizzy hiii dizzy hows u doing mate:-)
228086194976743420,Wed Jul 25 11:16:01 +0000 2012,@jagrutidesai2 thanks:-)
228067441220145150,Wed Jul 25 10:01:29 +0000 2012,@jagrutidesai2 hii ya m gud:-)
228049696814419970,Wed Jul 25 08:50:59 +0000 2012,@gurkeeratmann22 life gud mr mann:-)
228047777811296260,Wed Jul 25 08:43:21 +0000 2012,@mika0562 m gud thanks:-)
227982029944393730,Wed Jul 25 04:22:06 +0000 2012,time for trainning going to pca. .have a nice day everyone. .god bless all
227860707566305280,Tue Jul 24 20:20:00 +0000 2012,@gurkeeratmann22 kida mann
227469731991539700,Mon Jul 23 18:26:24 +0000 2012,early morning trainning....gnite..rabb rakha
227468372374347780,Mon Jul 23 18:21:00 +0000 2012,@maliyuvraj i am gud thanks
227458937027436540,Mon Jul 23 17:43:31 +0000 2012,@maliyuvraj thanks:-)
227458665702109200,Mon Jul 23 17:42:26 +0000 2012,@AjaySos14 thanks:-)
227458398051004400,Mon Jul 23 17:41:22 +0000 2012,@akanksha_ce thanks:-)
227440226354737150,Mon Jul 23 16:29:10 +0000 2012,@KarinaRaina11 going gud thanks miss karina:-)
227416641590398980,Mon Jul 23 14:55:27 +0000 2012,had a gud trainning session..now time for coffee wid mr singh:-)
227331448431050750,Mon Jul 23 09:16:55 +0000 2012,@mika0562 thanks
227326603162689540,Mon Jul 23 08:57:40 +0000 2012,time for 20 km cycle ride...
227325861190324220,Mon Jul 23 08:54:43 +0000 2012,@cheenud i am ur big fan i saw ur videos of make up on youtube..can u tell me some makeup tips for my gf..thanks
227206230085599230,Mon Jul 23 00:59:21 +0000 2012,so finally its rain.:-)
226968177186324480,Sun Jul 22 09:13:24 +0000 2012,thanksss everyone:-)
226967760956190720,Sun Jul 22 09:11:45 +0000 2012,@maliyuvraj thanks:-)
226941483993923600,Sun Jul 22 07:27:20 +0000 2012,thankss...
226938663311917060,Sun Jul 22 07:16:08 +0000 2012,done wid the fitness test...
226734628667527170,Sat Jul 21 17:45:22 +0000 2012,had a nice tranning session..now time to sleep gud nite friends
226734094648758270,Sat Jul 21 17:43:16 +0000 2012,@sharmabipul27 http://t.co/GQn8yttk
