id,created_at,text
1255680023492608000,Thu Apr 30 02:07:01 +0000 2020,@MuseZack @lcshorten @ReelSpotMonkee ☺️
1250626763954114600,Thu Apr 16 03:27:10 +0000 2020,@ashmasterzero Exceptional news!! 🎉
1226903383518273500,Mon Feb 10 16:18:56 +0000 2020,RT @BarrySloane: What a man. This is what a platform should be used for.   Be the change. https://t.co/OSmuEd8dM6
1222166439177552000,Tue Jan 28 14:36:00 +0000 2020,RT @JMcKenzie: I can’t eve. This is so horrific. Poor darling girl just trying to protect herself. https://t.co/VVQWJ8RaVs
1208576766542958600,Sun Dec 22 02:35:30 +0000 2019,@MuseZack Great news!
1208310546048503800,Sat Dec 21 08:57:38 +0000 2019,@MuseZack Sending her so much light... 🙏
1172501363705532400,Fri Sep 13 13:24:43 +0000 2019,@MuseZack Happy Birthday!! 🎉
1085731687508598800,Thu Jan 17 02:53:00 +0000 2019,@ashmasterzero 🙏🏼
1050859487681241100,Fri Oct 12 21:23:20 +0000 2018,@ZJGarred @_DanEwing @Occupationfilm 😂😂😂
1037963677033328600,Fri Sep 07 07:19:59 +0000 2018,@JMcKenzie @ZJGarred 😂
1037859660571717600,Fri Sep 07 00:26:40 +0000 2018,@ZJGarred @JMcKenzie 🤦🏻‍♀️
1037859544146178000,Fri Sep 07 00:26:12 +0000 2018,@JMcKenzie @ZJGarred It’s the comma you put before “and” in a list: eg @JMcKenzie, @sjacobsen22, and @ZJGarred - it’s the second one.
1037682070036799500,Thu Sep 06 12:40:59 +0000 2018,@ZJGarred @JMcKenzie You guys have made my night #LodestarDiscussions
1023438741174607900,Sun Jul 29 05:23:05 +0000 2018,@ZJGarred @_DanEwing @JMcKenzie 🤣🙌🏼😘
1022772062639681500,Fri Jul 27 09:13:56 +0000 2018,@carly871 😂🙌🏼👑
1022648812429488100,Fri Jul 27 01:04:11 +0000 2018,@kevjj87 Pleasure!
1019830623706361900,Thu Jul 19 06:25:42 +0000 2018,@Templegod1 @Occupationfilm @sabanfilms @_Sanahin_ 😊
1019107613127032800,Tue Jul 17 06:32:43 +0000 2018,@Templegod1 Sounds good, Danny!
1019093717762732000,Tue Jul 17 05:37:30 +0000 2018,@Templegod1 @Occupationfilm My pleasure!
1017990776523898900,Sat Jul 14 04:34:49 +0000 2018,@carly871 @filmink 🙌🏼🙌🏼
1016290461856686100,Mon Jul 09 11:58:22 +0000 2018,@Occupationfilm @EmpireAust @_DanEwing @JMcKenzie @ZJGarred
1007197365583794200,Thu Jun 14 09:45:39 +0000 2018,@lukesparke @io9 🙌🏼
989831811302809600,Fri Apr 27 11:41:08 +0000 2018,@ZJGarred Aw. 😏
976608738412060700,Wed Mar 21 23:57:22 +0000 2018,@ZJGarred Legit. 🤦🏻‍♀️
973916846490464300,Wed Mar 14 13:40:45 +0000 2018,@_DanEwing @Occupationfilm 🙏
973226031292211200,Mon Mar 12 15:55:42 +0000 2018,@SSIPOS 🤔
951001466315063300,Wed Jan 10 08:03:12 +0000 2018,@_DanEwing @carly871 🙌🙏😘
940464715792138200,Tue Dec 12 06:13:55 +0000 2017,@_DanEwing 😂🙌🏼💁🏻‍♀️
928323146863722500,Wed Nov 08 18:07:40 +0000 2017,@carly871 @lukesparke So proud of you guys. 🙌🏼(And look at those lashes!!!)
924906627890798600,Mon Oct 30 07:51:38 +0000 2017,@ZJGarred @_DanEwing @CMesure 🤦🏻‍♀️
924893411873660900,Mon Oct 30 06:59:07 +0000 2017,@_DanEwing @CMesure Hahahahahaha. Gold!
900055200538415100,Tue Aug 22 18:00:56 +0000 2017,@lukesparke @Occupationfilm Awesome, Lukels!
898241650287194100,Thu Aug 17 17:54:32 +0000 2017,@_DanEwing 🤦🏻‍♀️
894690793985790000,Mon Aug 07 22:44:42 +0000 2017,@ZJGarred @Allie89 A girl after my own heart.
894689754180075500,Mon Aug 07 22:40:34 +0000 2017,@Allie89 @ZJGarred Aw, you guys... ☺️
890200685475541000,Wed Jul 26 13:22:37 +0000 2017,Happy B'day @lukesparke!! #BlowStuffUp #100FramesForever
889375902940844000,Mon Jul 24 06:45:13 +0000 2017,@lukesparke @Occupationfilm @carly871 @JMcKenzie @Tem_Morrison @ZJGarred How exciting!! Let us know how it goes...
886052398845763600,Sat Jul 15 02:38:48 +0000 2017,@ZJGarred @iamcameronjames Love it x
886051796472406000,Sat Jul 15 02:36:24 +0000 2017,@ZJGarred @iamcameronjames Niiiiiice!! 🙌🏼
874873563748106200,Wed Jun 14 06:18:06 +0000 2017,@_DanEwing @CMesure Love you Big C.
874599773772197900,Tue Jun 13 12:10:10 +0000 2017,@ZJGarred Maaaaaaaaate!!
874578684543238100,Tue Jun 13 10:46:21 +0000 2017,@lukesparke You mean the kick-ass character you wrote for me! Just tell me when and where, and I'll be there... Massive love to you, Lukels!
686003430901416000,Sun Jan 10 01:55:37 +0000 2016,RT @kharypayton: A Muslim woman came in peace &amp; stood silently to show them who she was. They showed who they were as well.  https://t.co/G…
622885209864712200,Sun Jul 19 21:46:21 +0000 2015,@MuseZack Go the Pro.
605508528120283100,Mon Jun 01 22:57:37 +0000 2015,They're the best! https://t.co/zfkSrwjjg9
598730987074289700,Thu May 14 06:06:05 +0000 2015,@MyTrackingBoard @ashmasterzero @MuseZack Congrats!
597552715250597900,Mon May 11 00:04:03 +0000 2015,RT @Gabriel_Mann: #RevengersAssemble @Ashtonholmes @_RogerBart_ @carolynhennesy @bellestephenson @sjacobsen22 @_CourtneyFord_ AND @Courtney…
581229440686026800,Thu Mar 26 23:01:12 +0000 2015,RT @MuseZack: TBT 2009: the divine @sjacobsen22 gets ready to lead a mutiny against Terminator sub captain Chad Coleman on TSCC: http://t.c…
581229426983215100,Thu Mar 26 23:01:08 +0000 2015,@MuseZack Oh my God, I remember you taking that!! I'm all sentimental now...
581173909283700700,Thu Mar 26 19:20:32 +0000 2015,@MuseZack Where was this?
566480730293694460,Sat Feb 14 06:15:05 +0000 2015,@MuseZack Lordy...
558611954873270300,Fri Jan 23 13:07:23 +0000 2015,@DeenaDill Not a chance. ;)
542934897380192260,Thu Dec 11 06:52:21 +0000 2014,@MuseZack Read the whole string. Respect.
529767690492076000,Tue Nov 04 22:50:34 +0000 2014,RT @MuseZack: A blessed Ashura to any Muslim Twitter followers I may have, along with my deepest hopes for peace &amp; religious comity in the …
522254216585166850,Wed Oct 15 05:14:42 +0000 2014,Thanks for all the love! #NCIS
504685777062621200,Wed Aug 27 17:44:00 +0000 2014,Congrats, lads! @MuseZack @ashmasterzero
504685310962171900,Wed Aug 27 17:42:09 +0000 2014,RT @Borys_Kit: Excl: X-MEN: FIRST CLASS writers to pen ACME movie for WB. CRAZY STUPID LOVE directors in early talk to helm. http://t.co/oJ…
469607160003825660,Thu May 22 22:34:06 +0000 2014,RT @SSIPOS: On the Titanic, 1,517 lives were lost. Of those lost, 1,347 were men and only 103 women.... Sure proof that in 1912 chivalry wa…
467880675635257340,Sun May 18 04:13:40 +0000 2014,@MuseZack Excellent. (Now loading...)
467877775458586600,Sun May 18 04:02:09 +0000 2014,@MuseZack Was literally just wondering what to watch tonight. Nice timing.
466076750451990500,Tue May 13 04:45:31 +0000 2014,Great work, everyone, on the finale of #StarCrossed. You went out in style. ;)
464592543234412540,Fri May 09 02:27:48 +0000 2014,Congrat's to @EmilyVanCamp et al and #Revengers everywhere on the 4th ssn of #Revenge. #keepitcoming
464530019860357100,Thu May 08 22:19:21 +0000 2014,To everyone involved w/ #Starcrossed: cancellation doesn't mean you're not awesome. Keep going. #onwards
460853593289916400,Mon Apr 28 18:50:33 +0000 2014,@scouringpad  Yes.
458398957400371200,Tue Apr 22 00:16:42 +0000 2014,@DeenaDill You too, mama.
458398455589654500,Tue Apr 22 00:14:43 +0000 2014,@DeenaDill And you are the sexiest, most underage-looking mom. ;)
458398104509640700,Tue Apr 22 00:13:19 +0000 2014,@MarcHalsey Never trust anyone who dresses like THAT to teach high school.
458352884518625300,Mon Apr 21 21:13:38 +0000 2014,@foxcoll96 Correct.
456996857810386940,Fri Apr 18 03:25:16 +0000 2014,@mslarry73 Any time, sister. ;)
456149529524305900,Tue Apr 15 19:18:17 +0000 2014,@bellestephenson There's a nice clip of you on my interview link as well. x
455502044225216500,Mon Apr 14 00:25:24 +0000 2014,Fun interview for #Revenge with @morningshowon7. Turn it on tonight, Australia!
453373064265228300,Tue Apr 08 03:25:36 +0000 2014,"@xoMalese: From now on it's gonna be battle of the Eurasians. Here we go @sjacobsen22. #StarCrossed" You're on!
451787799599935500,Thu Apr 03 18:26:19 +0000 2014,@james_middleton What about the fights on the submarine...and in that shipping container!? (Damn, I miss that show...) #TSCC
451219658373222400,Wed Apr 02 04:48:44 +0000 2014,Link might be useful... http://t.co/NLqwJ2tUWL
451219497412612100,Wed Apr 02 04:48:06 +0000 2014,Interview for #Revenge in #TheWestAustralian. #Starcrossed gets an honorable mention.
450706824069529600,Mon Mar 31 18:50:55 +0000 2014,RT @TVWatchtower: #TSCC fans should be excited about CW Mondays nights: Leven Rambin is joining #TheTomorrowPeople and Stephanie Jacobsen i…
447816793847906300,Sun Mar 23 19:26:58 +0000 2014,@brandojay Pocket tweet. Nice catch.
447554270896742400,Sun Mar 23 02:03:48 +0000 2014,@MuseZack Didn't think of that. Makes sense.
446388986605760500,Wed Mar 19 20:53:22 +0000 2014,@MuseZack Agreed. Same with leech and leach.
444713796452364300,Sat Mar 15 05:56:46 +0000 2014,@MuseZack Um, I wouldn't go back there...packs are NOT your friend.
444712587536523260,Sat Mar 15 05:51:57 +0000 2014,@MuseZack Bronson Canyon. They hike w/ me sometimes - I find they're fine as long as they're solo.
444638320996278300,Sat Mar 15 00:56:51 +0000 2014,See it? http://t.co/XzfGINNgP9
443484119985446900,Tue Mar 11 20:30:28 +0000 2014,Huge thank-you for all the love that's been tweeted at me over the last couple of days. :)
443226673249411100,Tue Mar 11 03:27:28 +0000 2014,RT @EmilyVanCamp: I signed this petition. Will you? Let's protect our beautiful Orcas. They don't deserve this treatment http://t.co/xo3fOc…
443222950032838660,Tue Mar 11 03:12:40 +0000 2014,"@writergeekrhw: If I had a biology teacher that looked like @sjacobsen22, I might have ended up a doctor. #StarCrossed" Oh stop... ;)
443073851040084000,Mon Mar 10 17:20:12 +0000 2014,RT @JayFaerber: First we had @TahmohPenikett, now tonight's @CWStarCrossed has #BSG's @sjacobsen22. One more reason to tune in!
442905230695333900,Mon Mar 10 06:10:10 +0000 2014,Gotta love Aiden for having such...bold taste in women. @BarrySloane #Revenge #Payback
442849170194321400,Mon Mar 10 02:27:24 +0000 2014,@Ellenbie @Revenge Nope.
442798657385930750,Sun Mar 09 23:06:41 +0000 2014,RT @karterhol: @AaronHarberts @GretchenJBerg wrote an incredible ep 4 u 2nite! #WatchLive #AskRevenge #BadAssNiko @BarrySloane @karinevanas…
442787367569481700,Sun Mar 09 22:21:49 +0000 2014,@RevengeBrCom  I will be on line and I'll try to keep up w/ you guys ;) #Revengers
442784758309736450,Sun Mar 09 22:11:27 +0000 2014,RT @Vancampsmile: @sjacobsen22 @BarrySloane Why you rt everywone exept me ?? Why :'( Triste vie non?
442780192088420350,Sun Mar 09 21:53:19 +0000 2014,RT @BarrySloane: #NikoKnows #Revenge #RevengeReturns #Aiden @sjacobsen22
442779815662198800,Sun Mar 09 21:51:49 +0000 2014,@BarrySloane Oh yes she does... #RevengeReturns #Payback #watchoutAiden
442755956380684300,Sun Mar 09 20:17:00 +0000 2014,RT @BarrySloane: #RevengeReturns @ 10PM tonight on @ABCNetwork #Revenge http://t.co/WfKl4rI1Zd
442741715506429950,Sun Mar 09 19:20:25 +0000 2014,#Revenge is back tonight! Who's watching!? #Payback
442357570682904600,Sat Mar 08 17:53:58 +0000 2014,RT @mereschmere: This Monday at 8/7c on the CW: @sjacobsen22 joins #StarCrossed ! PLUS: Illegal tech! Swim meets! Shirtlessness galore! Who…
436256088267038700,Wed Feb 19 21:48:51 +0000 2014,@DowBoyEnt I join #Starcrossed in ep 4, playing a teacher @ Marshall High.
433177948330287100,Tue Feb 11 09:57:25 +0000 2014,#Quantumphysics http://t.co/BJwF5n5sTo
430812057764511740,Tue Feb 04 21:16:13 +0000 2014,For those who've fought, those who lost the fight and those who are fighting now. #WorldCancerDay http://t.co/3eSZoiuUnu
430098970950393860,Sun Feb 02 22:02:40 +0000 2014,RT @MuseZack: Compassion isn't a finite resource. You can have some for a flawed, self-destructive soul &amp; still have plenty left over for f…
426837774906322940,Fri Jan 24 22:03:50 +0000 2014,RT @BarrySloane: What exactly is it that #MeatLoaf absolutely wont do for Love?
425517063369523200,Tue Jan 21 06:35:48 +0000 2014,@luciee Hyaluronic acid and hiking.
425352273603350500,Mon Jan 20 19:40:59 +0000 2014,Glad you all enjoyed last night's ep! And once again, thanks for the love - you guys are the best. :) #Revengers #Revenge
425097222741442560,Mon Jan 20 02:47:30 +0000 2014,@letsbekings @BarrySloane Awesome. He's a gem. :)
425095239775178750,Mon Jan 20 02:39:37 +0000 2014,"@BarrySloane: Remember kids, keep your friends close and the Children of the people you've killed even closer! ;) #Revenge @sjacobsen22" ;)
425091970021617660,Mon Jan 20 02:26:38 +0000 2014,@bluegrrl18 Happy Birthday!
425081623827058700,Mon Jan 20 01:45:31 +0000 2014,RT @BarrySloane: @karterhol @Gabriel_Mann @karinevanasse @sjacobsen22 Twitter might just Explode!
425081575827456000,Mon Jan 20 01:45:19 +0000 2014,RT @karterhol: mini-spoiler: 2nite's ep may have most talked about ending in #RevengeHistory @Gabriel_Mann @BarrySloane @karinevanasse @sja…
425068411496833000,Mon Jan 20 00:53:01 +0000 2014,@karterhol @BarrySloane @EmilyVanCamp No pressure or anything... ;)
425068299211141100,Mon Jan 20 00:52:34 +0000 2014,RT @karterhol: Big nite for @sjacobsen22 &amp; Niko. #DontMissOut @BarrySloane @EmilyVanCamp
425050369534595100,Sun Jan 19 23:41:19 +0000 2014,RT @Gabriel_Mann: #RevengersAssemble @EmilyVanCamp @BarrySloane @Hartleyjustin @christabrittany @Nick_Wechsler @karinevanasse @bellestephen…
425046002601447400,Sun Jan 19 23:23:58 +0000 2014,@BarrySloane Watched #Blackfish on the flight home. You read mind...
425045585561800700,Sun Jan 19 23:22:19 +0000 2014,RT @BarrySloane: May I draw your attention to my tweet back in November. #Blackfish #StopSeaworld    https://t.co/V4DtRdh67C
425045189749514240,Sun Jan 19 23:20:44 +0000 2014,You know an episode called #Hatred is going to be all twisted and juicy, right? Make sure you tune in tonight, people! #Revengers #Revenge
424925183380447200,Sun Jan 19 15:23:53 +0000 2014,RT @JimHalterman: @Revenge Scoop: Cast/Producer Spill on New Love, Open Fighting http://t.co/xlhvPjdEdA @tvfanatic @gabriel_mann @barrysloa…
424748750767005700,Sun Jan 19 03:42:48 +0000 2014,RT @Gabriel_Mann: #GetSome #Hatred EP13 #MidSeasonFinale - @ScreenSpy: @Revenge SNEAK PEAK: Daniel Confronts Emily with the Facts http://t.…
423277041828388860,Wed Jan 15 02:14:45 +0000 2014,@MuseZack Yesterday, to be precise.
423276564101333000,Wed Jan 15 02:12:51 +0000 2014,Here's hoping I age like my mother... http://t.co/EPjtAuggkP
423009973044404200,Tue Jan 14 08:33:31 +0000 2014,@monicaslatest @Revenge Real voice. MP was an accent.
423009038683492350,Tue Jan 14 08:29:48 +0000 2014,RT @thequote: Faith is to believe what we do not see; and the reward of this faith is to see what we believe. - Saint Augustine
423008965392212000,Tue Jan 14 08:29:31 +0000 2014,Glad people are liking Niko. I was anxious there for a sec. ;) #Revenge
422647690082529300,Mon Jan 13 08:33:56 +0000 2014,#Revenge fans - thank-you for the love! You're all spectacular. #Revengersrock
422522606109999100,Mon Jan 13 00:16:54 +0000 2014,RT @Gabriel_Mann: #RevengersAssemble @EmilyVanCamp @BarrySloane @christabrittany @karinevanasse @Nick_Wechsler @Hartleyjustin @sjacobsen22 …
422357313177911300,Sun Jan 12 13:20:05 +0000 2014,Tonight's ep of #Revenge is going to be a cracker! Brilliantly written by @monkeyforsallie and deftly directed by @SBookstaver... #tunein
421852642772406300,Sat Jan 11 03:54:42 +0000 2014,RT @Gabriel_Mann: #Endurance EP12 ~ @Revenge: Will Emily rise to strike again?  Sneak Peek from this Sunday’s #Revenge! http://t.co/rUXX9Hi…
420743909187141600,Wed Jan 08 02:28:59 +0000 2014,@Gabriel_Mann @Revenge @bellestephenson You know it, baby. ;)
420743852316581900,Wed Jan 08 02:28:46 +0000 2014,RT @Gabriel_Mann: time to follow new @Revenge cast @bellestephenson - Sara &amp; @sjacobsen22 - Niko..cause these 2 are about to bring it to th…
420418240506908700,Tue Jan 07 04:54:54 +0000 2014,Reading all your lovely tweets; on a favorite-ing frenzy. Sorry if there's anyone I missed.
420165470637936640,Mon Jan 06 12:10:29 +0000 2014,@karterhol Thanks. Nice words.
420081930554445800,Mon Jan 06 06:38:31 +0000 2014,@karterhol @BarrySloane Love how you vacillate between James Bond and Austin Powers... ;)
420077196196065300,Mon Jan 06 06:19:42 +0000 2014,Big thank-you to all the #Revenge fans out there for a very warm welcome. Honored to be part of this great show. @Revenge
419966132414472200,Sun Jan 05 22:58:23 +0000 2014,Excited for my first ep of #Revenge to air tonight...and slightly nervous.
419929291082580000,Sun Jan 05 20:31:59 +0000 2014,RT @BarrySloane: #Niko arrives in the Hamptons tonight! Get familiar with @sjacobsen22 #Revenge http://t.co/HbnaWBP68d
419714783667957760,Sun Jan 05 06:19:37 +0000 2014,RT @Gabriel_Mann: You came to the wedding..stay for the aftermath #Homecoming EP11 #S3 #Revenge written by @karterhol 9|8c http://t.co/m389…
419251925612122100,Fri Jan 03 23:40:23 +0000 2014,RT @Revenge: How much does Emily actually remember?   #Revenge returns Sunday! http://t.co/eFfeymj0uA
415764725117370400,Wed Dec 25 08:43:29 +0000 2013,RT @writergeekrhw: Whatever spirit moves you to gather with loved ones, laugh, exchange presents and make memories, may it bless you and br…
415255732418654200,Mon Dec 23 23:00:56 +0000 2013,RT @MuseZack: Mikhail Kalashnikov invented a weapon to defend his country from German invaders. Stop blaming him for other people abusing i…
415014753623212000,Mon Dec 23 07:03:22 +0000 2013,@SmartyCartoons Ha! Thanks! :)
415008861733388300,Mon Dec 23 06:39:57 +0000 2013,@conannass You should try to...
415008149133729800,Mon Dec 23 06:37:07 +0000 2013,@Lams9999 :)
415008095463428100,Mon Dec 23 06:36:55 +0000 2013,@climpsonj02 Great! Thank-you. :)
415007917557837800,Mon Dec 23 06:36:12 +0000 2013,@CJRBud29 Thanks. You too!
414446326080753660,Sat Dec 21 17:24:38 +0000 2013,@MuseZack No - I must've been at craft service. ;) That's brilliant. You guys will kill it!
414274825805242400,Sat Dec 21 06:03:09 +0000 2013,@MuseZack Um...you're writing the WHAT!?
413911540165660700,Fri Dec 20 05:59:35 +0000 2013,@JesseLuken Boom!
413205011603001340,Wed Dec 18 07:12:06 +0000 2013,RT @BarrySloane: @sjacobsen22 @EmilyVanCamp Always a pleasure Steph, You will be nice and warm on the other hemisphere! #AustralianChristmas
413198761905500160,Wed Dec 18 06:47:16 +0000 2013,"@EmilyVanCamp: @sjacobsen22 @BarrySloane you too Stephanie! Enjoy your time back home and see you in the new year! xoxo" :) xo
413195595302440960,Wed Dec 18 06:34:41 +0000 2013,@BarrySloane @EmilyVanCamp You're both rock stars. Have an awesome Christmas! And stay warm. :)
413188186815221760,Wed Dec 18 06:05:15 +0000 2013,@BarrySloane Pleasure, love. ;)
413003080565674000,Tue Dec 17 17:49:42 +0000 2013,@ashmasterzero @bearmccreary I don't get it, but I will totally download it.
412641452473085950,Mon Dec 16 17:52:43 +0000 2013,@brandojay Why I like ya. ;)
411635176754524160,Fri Dec 13 23:14:08 +0000 2013,RT @BarrySloane: Please help Tom Attwater who is terminally ill with brain tumour raise £500,000 to save his little girl from cancer http:/…
411197172114141200,Thu Dec 12 18:13:40 +0000 2013,@PurpleVelvet78 I don't envy you, lady! Hope you're well. :)
410275778253709300,Tue Dec 10 05:12:22 +0000 2013,@damongrey @xoMalese Gold.
409775750716203000,Sun Dec 08 20:05:26 +0000 2013,I'm not in tonight's ep but @EmilyVanCamp, @BarrySloane, @Gabriel_Mann et al will be ripping it up. #Revenge #ABC
409530175257182200,Sun Dec 08 03:49:37 +0000 2013,@xoMalese Hug that woman for me! You both look gorgeous. :)
408764058725134340,Fri Dec 06 01:05:20 +0000 2013,RT @EmilyVanCamp: He will be missed. What an incredible inspiration to the world. RIP #NelsonMandela http://t.co/6iaSOCsj3F
408763926742974460,Fri Dec 06 01:04:49 +0000 2013,RT @BarrySloane: #RIPMandela http://t.co/kaXR1OgFFQ
408406762086072300,Thu Dec 05 01:25:34 +0000 2013,@JimHalterman @Gabriel_Mann @Revenge @TVFanatic He's not kidding... Nice chatting to you today. :)
406120681772814340,Thu Nov 28 18:01:30 +0000 2013,@xoMalese I distinctly TOLD you not to tweet that!!! ;)
405822924398932000,Wed Nov 27 22:18:19 +0000 2013,@Gabriel_Mann @Revenge @karinevanasse @Hartleyjustin @bellestephenson Thank-you, my dear! Lovely to be onboard. :)
405822704101490700,Wed Nov 27 22:17:27 +0000 2013,RT @Gabriel_Mann: Thankful for our incredible #S3 @Revenge actors who've joined our cast @karinevanasse @Hartleyjustin @bellestephenson @sj…
405793033636962300,Wed Nov 27 20:19:33 +0000 2013,@karterhol @karinevanasse @Gabriel_Mann @BarrySloane Oh no - Karine, what have you done!?
405790783791300600,Wed Nov 27 20:10:36 +0000 2013,@monkeyforsallie I know! I assumed you got sick of us and went home early. ;) Eagerly awaiting that email... xo
405790568250224640,Wed Nov 27 20:09:45 +0000 2013,@karterhol @BarrySloane Well neither of us caught that, so...
405790367527620600,Wed Nov 27 20:08:57 +0000 2013,@BarrySloane @karterhol One of the things that makes it fun though, no? ;)
405757409894748160,Wed Nov 27 17:57:59 +0000 2013,@BarrySloane @karterhol Totally. And as a newbie, I'm particularly dispensable...so keep protecting us, Ted! #nospoilers #revenge
405752241434263550,Wed Nov 27 17:37:27 +0000 2013,@karterhol @BarrySloane Thanks, Ted! And way to hold out on spoilers. ;)
405124788479225860,Tue Nov 26 00:04:11 +0000 2013,"@BarrySloane: #Revenge @sjacobsen22 http://t.co/X1NOR8X256" Ain't that sweet...
405123886775169000,Tue Nov 26 00:00:36 +0000 2013,@EmilyVanCamp Aw schucks...you make it easy, love! :)
405052858820616200,Mon Nov 25 19:18:21 +0000 2013,RT @BarrySloane: My previous tweet was regarding my very talented friends @kickstarter movie #TheFlowerShop  Please Donate!!  http://t.co/7…
405051189290467300,Mon Nov 25 19:11:43 +0000 2013,RT @BarrySloane: "This film is inspired by the near everyday occurrence of violence in the workplace,and a quote by BritneySpears,who is a …
404010754338078700,Fri Nov 22 22:17:24 +0000 2013,@brandojay We were just talking about you... :)
403997875803148300,Fri Nov 22 21:26:14 +0000 2013,"@SBookstaver: Directing the wonderful .@sjacobsen22 on .revenge #revenge http://t.co/DlbbgFf3QU" :)
403761259511685100,Fri Nov 22 05:46:00 +0000 2013,@BarrySloane @Revenge Killed it today. ;)
379722664426102800,Mon Sep 16 21:45:12 +0000 2013,@PurpleVelvet78 Pleasure was all mine, m'dear. You were a rock star! :)
323238943585865700,Sun Apr 14 00:59:04 +0000 2013,@GabayJonathan I love that song. #oldschool
313755638696116200,Mon Mar 18 20:55:48 +0000 2013,@grantc25 Thank-you! :)
313755596862156800,Mon Mar 18 20:55:38 +0000 2013,@handbanana888 You're welcome. ;)
309901419685769200,Fri Mar 08 05:40:30 +0000 2013,@GabayJonathan SO good to see you too! I am doing great; hope you are as well. Sending lotsa sunshine your way! XO
302963533384134660,Sun Feb 17 02:11:49 +0000 2013,RT @SSIPOS: “@common: Adversity causes some men to break; others to break records. -William Arthur Ward”
277135265250811900,Fri Dec 07 19:39:30 +0000 2012,@lukeburroughs @cjamesmedia Thanks for the support and encouragement.
273184258502295550,Mon Nov 26 21:59:37 +0000 2012,@h0s7ile Thank-you kindly.
272467740676222980,Sat Nov 24 22:32:26 +0000 2012,@clarebrendon Thank-you! And this is the real me. :)
270274654667690000,Sun Nov 18 21:17:53 +0000 2012,@tjung0324 Not at this point. But I'd love to!
270274544512671740,Sun Nov 18 21:17:27 +0000 2012,@KevinInEssexUK Yep. This is me.
266805204060602370,Fri Nov 09 07:31:32 +0000 2012,@TheJust_ It is. Thanks!
261576297048850430,Thu Oct 25 21:13:43 +0000 2012,@MuseZack Rome from Augustus to Nero - ie. the Julio-Claudian dynasty (post- Julius Caesar et al).
260523913283522560,Mon Oct 22 23:31:55 +0000 2012,@peramour It was a set on a lot. Sorry. ;)
259441954385960960,Fri Oct 19 23:52:36 +0000 2012,@jtwvl Thanks!
258759448313593860,Thu Oct 18 02:40:34 +0000 2012,RT @MuseZack: Fat jokes about Candy Crowley? Really, people? Well, that will win over undecided women voters.
257299463784259600,Sun Oct 14 01:59:07 +0000 2012,@brandojay I hear you...but HAPPY BIRTHDAY for Monday!!
255374805304504320,Mon Oct 08 18:31:12 +0000 2012,@Fra_Redfield Thanks! This is my real Twitter.
255373988396687360,Mon Oct 08 18:27:58 +0000 2012,@lisa_kovacs Great to hear from you too! Yep, still in LA. :)
254119773590417400,Fri Oct 05 07:24:09 +0000 2012,@lisa_kovacs I do remember! I actually thought of you recently! Hope you're doing great. :)
246489450102800400,Fri Sep 14 06:03:59 +0000 2012,"@Trmptman: @sjacobsen22 Tomorrow is my birthday. Could I get a rt or follow?" Happy Birthday!
245709007044616200,Wed Sep 12 02:22:46 +0000 2012,@MuseZack Golden.
245402562931609600,Tue Sep 11 06:05:05 +0000 2012,@izzygomes80 I was one of those too (only straight). I hear ya'. ;)
243825699692105730,Thu Sep 06 21:39:11 +0000 2012,RT @MuseZack: "What makes you beautiful...is you don't know you're beautiful...because you have body dysmorphia..." #medicallyaccuratebo ...
243028738680438800,Tue Sep 04 16:52:21 +0000 2012,@brandojay On Melrose?
241664252128157700,Fri Aug 31 22:30:22 +0000 2012,@Shadow_Drgn @jtwvl @TheJust_ @LeifJohansen @StephenPRadford @JakaJarc It's bad form to trash-talk on Twitter... Just venting. ;)
240970523817943040,Thu Aug 30 00:33:44 +0000 2012,RT @ashmasterzero: In other news, the release date for @MuseZack and my first novel, "Colin Fischer" has moved up to November 1st. Excit ...
238482721767313400,Thu Aug 23 03:48:06 +0000 2012,@MichaelLKeller1 Occasionally.
238482596932227070,Thu Aug 23 03:47:36 +0000 2012,@jtwvl Thanks. It's a shot a friend took.
238482350298783740,Thu Aug 23 03:46:37 +0000 2012,@Shadow_Drgn Doin' great. Thanks. :)
238482279452778500,Thu Aug 23 03:46:20 +0000 2012,@TheJust_ Yep...
238482238235365380,Thu Aug 23 03:46:11 +0000 2012,@StevenWKendrick ;)
238012042563448830,Tue Aug 21 20:37:47 +0000 2012,@damesuzy :)
236623922198638600,Sat Aug 18 00:41:53 +0000 2012,@RoxyBisquaint Thank-you! :)
235464839013732350,Tue Aug 14 19:56:07 +0000 2012,@SmartyCartoons Thank-you! :)
233399921577963520,Thu Aug 09 03:10:52 +0000 2012,@TheJust_ @DNicol67 @MichaelLKeller1 Ha! :)
233308438103474180,Wed Aug 08 21:07:20 +0000 2012,RT @brandojay: It's too hot for everything.
222592209487282180,Tue Jul 10 07:24:52 +0000 2012,@izzygomes80 I'll give it a try. ;)
222592170648023040,Tue Jul 10 07:24:43 +0000 2012,@TheJust_ Thanks!
218421118590124030,Thu Jun 28 19:10:27 +0000 2012,@jtwvl You're too kind. ;)
217685311789084670,Tue Jun 26 18:26:37 +0000 2012,@jtwvl Great!
217685242272682000,Tue Jun 26 18:26:20 +0000 2012,@jtwvl Thanks! :)
217332272322457600,Mon Jun 25 19:03:46 +0000 2012,@dedlyrojas Thank-you! :)
216680645739552770,Sat Jun 23 23:54:26 +0000 2012,@StephenPRadford Thanks. Happy B'day for yesterday. :)
216680536515674100,Sat Jun 23 23:54:00 +0000 2012,@DanielBrown1979 Thanks! :)
215169602118885380,Tue Jun 19 19:50:05 +0000 2012,@SmartyCartoons Thank-you! :)
214515736478093300,Mon Jun 18 00:31:51 +0000 2012,@Zoe_Twist Yes.
214515675035738100,Mon Jun 18 00:31:37 +0000 2012,@TheJust_ ;)
214515606823772160,Mon Jun 18 00:31:20 +0000 2012,@jtwvl Yep.
209409405693870080,Sun Jun 03 22:21:07 +0000 2012,@jtwvl Yes indeed.
208157304523206660,Thu May 31 11:25:43 +0000 2012,@BreeRobertson I have the same problem! What are the names of those colours? X
205165745456431100,Wed May 23 05:18:20 +0000 2012,@BreeRobertson Give the little brown one a hug for me; and tell her I'm wearing that same singlet at this very moment! :)
202275407226077200,Tue May 15 05:53:09 +0000 2012,@jtwvl Great!
197186271439880200,Tue May 01 04:50:45 +0000 2012,@MichaelLKeller1 None - I don't drink. ;)
195672160398876670,Fri Apr 27 00:34:13 +0000 2012,@MuseZack Can we teleport to that universe?
192154959222013950,Tue Apr 17 07:38:07 +0000 2012,@Leoparddrengen Alas, she is not.
192067498739380220,Tue Apr 17 01:50:34 +0000 2012,@bobbythepenguin Nope.
192067452404895740,Tue Apr 17 01:50:23 +0000 2012,@SmartyCartoons Go for it.
189072936429289470,Sun Apr 08 19:31:15 +0000 2012,@CJRBud29 You too.
189072852505468930,Sun Apr 08 19:30:55 +0000 2012,@GarretDillahunt Happy Easter, m'dear! :)
188363776314179600,Fri Apr 06 20:33:18 +0000 2012,@GarretDillahunt G'day, stranger! Long time...
188129125662339070,Fri Apr 06 05:00:53 +0000 2012,@MuseZack Sounds hilarious. Will Google it.
188128057800921100,Fri Apr 06 04:56:38 +0000 2012,@MuseZack Height of trajectory? Think the mangonel was used to break down walls, whereas the trebuchet launched things over them.
188033453671989250,Thu Apr 05 22:40:43 +0000 2012,@SSIPOS Any particular reason...? ;)
187394382587113470,Wed Apr 04 04:21:17 +0000 2012,@BSGBlood_Chrome Ask @jtwvl - she has it on my fan site.
187370368229572600,Wed Apr 04 02:45:51 +0000 2012,@tackdriver56 I am not using the suitcase as a laundry basket, either.
187370100062568450,Wed Apr 04 02:44:47 +0000 2012,@Shadow_Drgn No, I am not anticipating a zombie apocalypse.
185441165112389630,Thu Mar 29 18:59:53 +0000 2012,@MuseZack On it...
185441065388609540,Thu Mar 29 18:59:29 +0000 2012,@ogy86 Pleasure.
184439416473919500,Tue Mar 27 00:39:18 +0000 2012,@MuseZack Yeah, you tell 'em!
183699029031526400,Sat Mar 24 23:37:16 +0000 2012,@MuseZack Good to know I have witnesses. ;)
183325793928216580,Fri Mar 23 22:54:09 +0000 2012,@danielrmusto Mwa.
183325645789597700,Fri Mar 23 22:53:34 +0000 2012,@ynagai22 Copy that. Thx.
183325571466543100,Fri Mar 23 22:53:16 +0000 2012,@SmartyCartoons :)
183243933474750460,Fri Mar 23 17:28:52 +0000 2012,@Meanoldmoe ;)
183243898385215500,Fri Mar 23 17:28:44 +0000 2012,@Lams9999 Thanks!
183243816839553020,Fri Mar 23 17:28:25 +0000 2012,@The1Russter You're far too kind.
183243539356991500,Fri Mar 23 17:27:18 +0000 2012,@MichaelLKeller1 Aw...thank-you!
183173792556793860,Fri Mar 23 12:50:10 +0000 2012,@danielrmusto Ah, the good old days... ;)
178203856335937540,Fri Mar 09 19:41:24 +0000 2012,@TheJust_  Thanks!
178184154381418500,Fri Mar 09 18:23:07 +0000 2012,@MichaelLKeller1 Thanks, mate. ;)
176024102006554620,Sat Mar 03 19:19:50 +0000 2012,@brandojay Just saw you pounding the sidewalk in a red tank. Lookin' good, son!
175304143500607500,Thu Mar 01 19:38:59 +0000 2012,@SSIPOS Cholesterol, bubs... ;)
174922095195717630,Wed Feb 29 18:20:52 +0000 2012,@SolitaryMob Near Bronte Beach in Sydney.
173582301459005440,Sun Feb 26 01:37:00 +0000 2012,"@brandojay: Packing always sucks. #somethingsneverchange" Hear ya.
173253406981496830,Sat Feb 25 03:50:05 +0000 2012,@TeacherToons You too. :)
173167836318011400,Fri Feb 24 22:10:04 +0000 2012,@MuseZack The latter. Think it's slang, though; hence the absence of sense.
172091163606659070,Tue Feb 21 22:51:45 +0000 2012,@danielrmusto You're on. This week's hectic but let's aim for next. Fly safely, mon ami.
172078458288095230,Tue Feb 21 22:01:16 +0000 2012,@danielrmusto Be colorblindddd; don't be so shallow... ;)
170609294985789440,Fri Feb 17 20:43:20 +0000 2012,"@MuseZack: A sequel to I Am Legend? What's it going to be? I Continue to Be Legend? No, I'm Not Dead, Just Resting My Eyes?" (Cackling.)
170217891873042430,Thu Feb 16 18:48:02 +0000 2012,@MichaelLKeller1 ;)
169888445072805900,Wed Feb 15 20:58:56 +0000 2012,@MuseZack You know it! ;)
169509178094792700,Tue Feb 14 19:51:52 +0000 2012,@RolandVonCiel @Beautfulguy12 Thanks, guys! :)
169203058159517700,Mon Feb 13 23:35:27 +0000 2012,@MuseZack It's ok - I can write it off.
168904200099594240,Mon Feb 13 03:47:54 +0000 2012,@danielrmusto Thanks, hot stuff. Think it was a Rolling Stone cast-off. X
168807750715969540,Sun Feb 12 21:24:38 +0000 2012,@danielrmusto Look sharp, hustler. ;)
167356542469947400,Wed Feb 08 21:18:03 +0000 2012,@MuseZack I just left the WB lot...they disassembled my submarine!!
166996966591578100,Tue Feb 07 21:29:14 +0000 2012,@ynagai22 @MichaelLKeller1 Followers have openly declared themselves and are thus unlikely to harbor questionable intentions. ;)
166444786818088960,Mon Feb 06 08:55:04 +0000 2012,@tackdriver56 Glad there's still so much love out there for the show. #TSCC
165924598943191040,Sat Feb 04 22:28:01 +0000 2012,@LeifJohansen Nothin' wrong w/ that.
165923948733808640,Sat Feb 04 22:25:26 +0000 2012,@MichaelLKeller1 I'm on it. ;)
165923807272509440,Sat Feb 04 22:24:53 +0000 2012,@MichaelLKeller1 My gripe is actually w/ the generalization on the part of "the rest of the male population"... ;)
165923270510653440,Sat Feb 04 22:22:45 +0000 2012,@tackdriver56 I'd reprise Jesse any day.
165607936188629000,Sat Feb 04 01:29:43 +0000 2012,@brianmcguinty Thanks!
161517658561450000,Mon Jan 23 18:36:25 +0000 2012,@Beautfulguy12 That's very generous of you. Thanks. :)
161217515446480900,Sun Jan 22 22:43:45 +0000 2012,@Lams9999 Hi there! Happy 2012! :)
161191695327830000,Sun Jan 22 21:01:09 +0000 2012,RT @brandojay: “@iamkyleschmid: @VampirePhile @brandojay on 3" we just called brandonjay big pimpin while I took over his given name for ...
160963905282261000,Sun Jan 22 05:56:00 +0000 2012,@CJRBud29 @SmartyCartoons Glad you guys enjoyed Razor. :) #BSG #BBC
160855494079164400,Sat Jan 21 22:45:12 +0000 2012,@ynagai22 Think you're right - looks like we even lost the tweet you replied to!
160821770461528060,Sat Jan 21 20:31:12 +0000 2012,RT @danielrmusto: Raise your hand if you've ever dropped your phone on your face while laying in bed.
159520689412517900,Wed Jan 18 06:21:10 +0000 2012,RT @MuseZack: Major congrats to my former boss @Josh_Friedman . Looking forward to his spin on the spy genre.
159344921550127100,Tue Jan 17 18:42:44 +0000 2012,@MichaelLKeller1 That is true.
158610452857884670,Sun Jan 15 18:04:13 +0000 2012,@jtwvl Thanks. :)
157307388305752060,Thu Jan 12 03:46:18 +0000 2012,@MichaelLKeller1 @Shadow_Drgn Thanks, guys. :)
156556826639466500,Tue Jan 10 02:03:50 +0000 2012,@TheJust_ :)
156556376729067520,Tue Jan 10 02:02:03 +0000 2012,@SmartyCartoons :)
155251020379865100,Fri Jan 06 11:35:03 +0000 2012,For all the #MelrosePlace fans, look what I found: http://t.co/Cn0M8ufM
154556177710186500,Wed Jan 04 13:33:58 +0000 2012,@jtwvl @drules2 Thanks!
154074097154920450,Tue Jan 03 05:38:21 +0000 2012,@cosmicdingo Danke. :)
154073986161061900,Tue Jan 03 05:37:55 +0000 2012,@SmartyCartoons I love them! Thank-you! :)
152701952206184450,Fri Dec 30 10:45:57 +0000 2011,@SmartyCartoons @CJRBud29 ;)
152701802670850050,Fri Dec 30 10:45:21 +0000 2011,@brendanstallard If it airs again, I'll endeavor to do that.
152701525133766660,Fri Dec 30 10:44:15 +0000 2011,@TheJust_ :)
152394624739196930,Thu Dec 29 14:24:44 +0000 2011,@BreeRobertson Done!
151593549807366140,Tue Dec 27 09:21:33 +0000 2011,@GabayJonathan @SSIPOS Hey! I'm doing great...New Year sounds good! Hope you're having a great holiday. :)
150353616320987140,Fri Dec 23 23:14:30 +0000 2011,@Shadow_Drgn Thanks!
150111094420148220,Fri Dec 23 07:10:48 +0000 2011,@sigmapoet1914 Thank-you. You too.
150111022907265020,Fri Dec 23 07:10:31 +0000 2011,@brendanstallard @Shadow_Drgn @The1Russter @SmartyCartoons Ha! Thanks, guys. ;)
146808109485142000,Wed Dec 14 04:25:55 +0000 2011,@sigmapoet1914 Excellent, thanks. :)
145795654411747330,Sun Dec 11 09:22:47 +0000 2011,@HKLFilms Yep. :)
144862147493638140,Thu Dec 08 19:33:22 +0000 2011,@SSIPOS Have to hear this story...
141642503974690820,Tue Nov 29 22:19:39 +0000 2011,@SSIPOS About...the coming of the anti-christ!?
139820172734246910,Thu Nov 24 21:38:21 +0000 2011,@SmartyCartoons Thanks! :)
139589971282628600,Thu Nov 24 06:23:37 +0000 2011,@brendanstallard @jtwvl @ogy86 @TheJust_ Thanks, guys! :) @RolandVonCiel No idea what that means...
139181816774000640,Wed Nov 23 03:21:45 +0000 2011,@SSIPOS ...in the ocean?
139126068257882110,Tue Nov 22 23:40:14 +0000 2011,@SmartyCartoons :)
138458371446681600,Mon Nov 21 03:27:02 +0000 2011,@SmartyCartoons Thanks. You too!
137990127086616580,Sat Nov 19 20:26:24 +0000 2011,@WafaaLATRACH Thanks!
137808060700835840,Sat Nov 19 08:22:56 +0000 2011,@jtwvl :)
134846886682181630,Fri Nov 11 04:16:17 +0000 2011,@Phantomwriter05 Heard there are other interpretations but none are offensive. You're in the clear.
132680975451820030,Sat Nov 05 04:49:44 +0000 2011,@MaryBaja Thanks for the tip. :)
131270062119194620,Tue Nov 01 07:23:16 +0000 2011,@SmartyCartoons :)
130823326892441600,Mon Oct 31 01:48:06 +0000 2011,@SchafferShokai Two words: don't drink.
130823217907638270,Mon Oct 31 01:47:40 +0000 2011,@MaryBaja Always!
129442610610843650,Thu Oct 27 06:21:37 +0000 2011,@TheJust_ @SchafferShokai @Shadow_Drgn Hilarious.
129008212962848770,Wed Oct 26 01:35:29 +0000 2011,@Shadow_Drgn ;)
128936055738081280,Tue Oct 25 20:48:45 +0000 2011,@Shadow_Drgn Easy, tiger...
128660238357377020,Tue Oct 25 02:32:45 +0000 2011,@MwahahaBot What - you too...?
128647034247987200,Tue Oct 25 01:40:17 +0000 2011,@aztalanturf You are also hilarious.
128643563947954180,Tue Oct 25 01:26:30 +0000 2011,@TheJust_ @Shadow_Drgn @SchafferShokai You guys are hilarious.
128600982056730620,Mon Oct 24 22:37:18 +0000 2011,@jtwvl Yep.
128600117069627400,Mon Oct 24 22:33:51 +0000 2011,@The1Russter :)
128599644405112830,Mon Oct 24 22:31:59 +0000 2011,@jtwvl Aw, schucks... :)
127560929259962370,Sat Oct 22 01:44:30 +0000 2011,@RolandVonCiel I'm not on Fb. If you know people who have friend-ed "me", please let them know.
127557359655583740,Sat Oct 22 01:30:19 +0000 2011,@RolandVonCiel People still don't believe this is me? I posted a picture of myself in my trailer..!?
127487260068298750,Fri Oct 21 20:51:46 +0000 2011,@SchafferShokai Touche.
127229631584665600,Fri Oct 21 03:48:02 +0000 2011,@SmartyCartoons Thank-you! :)
127135955088965630,Thu Oct 20 21:35:48 +0000 2011,@SchafferShokai Thought English was protocol.
123583848373166080,Tue Oct 11 02:21:00 +0000 2011,@SmartyCartoons That's a serious lemon!
123109214364250110,Sun Oct 09 18:54:58 +0000 2011,@BreeRobertson Nice!
122739886267711490,Sat Oct 08 18:27:23 +0000 2011,@SmartyCartoons Thanks! :)
121463883801169920,Wed Oct 05 05:57:01 +0000 2011,@EDoggly @jtwvl Isn't he.
121461111508832260,Wed Oct 05 05:46:00 +0000 2011,@SchafferShokai Not as much as the dog. ;)
120787560229388290,Mon Oct 03 09:09:33 +0000 2011,@BreeRobertson Thanks, darling! :)
120610901622652930,Sun Oct 02 21:27:34 +0000 2011,@sigmapoet1914 @SmartyCartoons @RatManTheSeries @Haydar_lakkis. :)
119768363047194620,Fri Sep 30 13:39:37 +0000 2011,@que_11 Thanks! But the bikini belonged to the production and I didn't check the tag... Sorry.
118907880798830600,Wed Sep 28 04:40:22 +0000 2011,@substancePKA Thanks, Kent!
118530583038144510,Tue Sep 27 03:41:07 +0000 2011,@TheJust_ @Littles1126 @thejosiah Thanks, guys!
118174273079742460,Mon Sep 26 04:05:16 +0000 2011,@johnnywaynehick @sigmapoet1914 Thanks for the support. :)
117027334497894400,Fri Sep 23 00:07:45 +0000 2011,@cattaneo_simone I'm afraid she is...
116978101753352200,Thu Sep 22 20:52:07 +0000 2011,A few people have asked now so FYI, I am not on Facebook or any other social network site - this is my only "real" page, anywhere. :)
115877092633214980,Mon Sep 19 19:57:06 +0000 2011,@cattaneo_simone I'm shooting a movie called "I, Alex Cross" and there are a couple of things in the works. Stay tuned! :)
115547658302652420,Sun Sep 18 22:08:03 +0000 2011,@cattaneo_simone Sadly, Simone, there isn't going to be one. :(
114419873689513980,Thu Sep 15 19:26:38 +0000 2011,@SmartyCartoons Thanks. ;)
113794281097007100,Wed Sep 14 02:00:45 +0000 2011,@Haydar_lakkis No worries. ;)
113710261742993400,Tue Sep 13 20:26:53 +0000 2011,@Haydar_lakkis Yep. Check out my earlier tweets and my pics.
113702058745540600,Tue Sep 13 19:54:17 +0000 2011,@Haydar_lakkis Hi, Haydar. :)
112648901231788030,Sat Sep 10 22:09:25 +0000 2011,@Suphiia Thanks, Sofia! :)
109468015120228350,Fri Sep 02 03:29:43 +0000 2011,@SmartyCartoons Thank-you. Same to you.
109159931680268290,Thu Sep 01 07:05:30 +0000 2011,@jtwvl Go for it.
108739987314442240,Wed Aug 31 03:16:47 +0000 2011,@jtwvl In LA right now but I go back in a couple of weeks. Great site - my publicist and I love the artwork you've used.
108694921329905660,Wed Aug 31 00:17:43 +0000 2011,@jtwvl Thanks! Hope your week's going well. :)
107564038929661950,Sat Aug 27 21:23:59 +0000 2011,@Suphiia Yes, it is; on my mother's side. :)
106832327937757180,Thu Aug 25 20:56:26 +0000 2011,@lisaywongusa Don't think I'll have time. But thanks for the offer! :)
105867334593413120,Tue Aug 23 05:01:54 +0000 2011,@lisaywongusa Hi, Lisa. I'm sure it was.
102937166992261120,Mon Aug 15 02:58:27 +0000 2011,@SmartyCartoons Very generous of you. :)
102896548618321920,Mon Aug 15 00:17:03 +0000 2011,@SmartyCartoons Evidently, I need the help... ;) Thanks, Ramon!
102152964571004930,Fri Aug 12 23:02:19 +0000 2011,@TheJust_ Thanks, Justin. You have a great weekend too.
98618317216034820,Wed Aug 03 04:56:53 +0000 2011,For everyone who's (understandably) dubious about whether this is me, I'm on the verge of cracking yfrog... #technologicalneophyte
