id,created_at,text
1257320152535687200,Mon May 04 14:44:18 +0000 2020,RT @timkellyprints: Rito Village is live! Hope you guys enjoy this one! #birdlife #birds #gaming #zelda #zeldabreathofthewild #GamingSetup…
1254227396338888700,Sun Apr 26 01:54:48 +0000 2020,@codyhuntfilms Cute
1253570399578861600,Fri Apr 24 06:24:08 +0000 2020,RT @Blackmagic_News: New lower price for Blackmagic Pocket Cinema Camera 6K! A more affordable price combined with recent studio camera sof…
1253431262540230700,Thu Apr 23 21:11:15 +0000 2020,@oliverjhughes @LiftedSpirits This is awesome. Great video!
1253117521521258500,Thu Apr 23 00:24:33 +0000 2020,RT @elonmusk: @flcnhvy Private beta begins in ~3 months, public beta in ~6 months, starting with high latitudes
1253013854545723400,Wed Apr 22 17:32:37 +0000 2020,RT @BarbaraBollier: I’m running through some of the top medical terms we’re frequently seeing in the media. #AskDrBollier https://t.co/d2lI…
1248250875354574800,Thu Apr 09 14:06:14 +0000 2020,@UncleLeem Should I get the game? Everyone is taking about it.
1248250791942471700,Thu Apr 09 14:05:54 +0000 2020,@UncleLeem Cute
1246801053301039000,Sun Apr 05 14:05:10 +0000 2020,RT @UncleLeem: Don't forget to water your houseplants #stayhome https://t.co/LAvhnWegmX
1240372165658267600,Wed Mar 18 20:19:03 +0000 2020,@CashApp $pencertetik
1238268544242122800,Fri Mar 13 01:00:01 +0000 2020,@oliverjhughes That’s awesome dude! 👏🏻
1222288653935882200,Tue Jan 28 22:41:38 +0000 2020,RT @nathanhapper: GO CHIEFS! https://t.co/pzToomc3bx Just over here trying to do my part. Let the past fuel the future. Playmakers make Pla…
1222288599523233800,Tue Jan 28 22:41:25 +0000 2020,RT @oliverjhughes: CHIEEFFFFSSSS  By @nathanhapper   https://t.co/AyPFOoyksl
1218267367748382700,Fri Jan 17 20:22:29 +0000 2020,@oliverjhughes 😂 hahaha never seen that. Makes total sense...
1217897164615180300,Thu Jan 16 19:51:26 +0000 2020,@oliverjhughes Can’t wait! 🙌
1215334927526514700,Thu Jan 09 18:10:01 +0000 2020,@oliverjhughes Lol
1211363835669553200,Sun Dec 29 19:10:19 +0000 2019,@saradietschy @LeicaCameraUSA @johnhilltube @JeannieDietschy These are really nice. 👏🏻
1192169231917424600,Wed Nov 06 19:57:48 +0000 2019,Working on a new project. Can’t wait to share more. https://t.co/pgXVtdHSJ4
1189233223441834000,Tue Oct 29 17:31:10 +0000 2019,@saradietschy How do I know this picture hasn’t been photoshopped like @tim_cook profile picture. 😂
1183105215245029400,Sat Oct 12 19:40:39 +0000 2019,Fun little looping animation I made.  #symbols #motionGraphics #MotionDesign #animation https://t.co/CuYqszmcZw
1175074587220070400,Fri Sep 20 15:49:48 +0000 2019,New iPhones launched today so I made this. Always enjoy seeing all the ways @apple improves and innovates with the… https://t.co/k9cf8L5o09
1174042671880507400,Tue Sep 17 19:29:20 +0000 2019,Love how they did this. Great work @verge https://t.co/pmeoB7tKdP
1171860817031114800,Wed Sep 11 18:59:25 +0000 2019,@oliverjhughes You’re probably just holding it wrong.
1171657533569867800,Wed Sep 11 05:31:39 +0000 2019,@saradietschy Thanks for making a quality recap video that isn’t the same as everyone else’s and actually putting s… https://t.co/sN3339XAmw
1171656500311404500,Wed Sep 11 05:27:32 +0000 2019,RT @saradietschy: NEW VIDEO! #AppleEvent 👉🏻👉🏻👉🏻 https://t.co/OO6EBTRSgz https://t.co/unKhdhjDAM
1163158760677957600,Sun Aug 18 18:40:33 +0000 2019,RT @morgancooperdp: Man... I'm proud to present U SHOOT VIDEOS? Presented by @adorama , starring Denzel Whitaker (@Blackmouf) This film is…
1162590526765490200,Sat Aug 17 05:02:36 +0000 2019,@LG_TechIT Worst part about using a regular external monitor without usb c is “dongles” and having an excessive amo… https://t.co/l3LV8wVIAY
1154195556517986300,Thu Jul 25 01:03:59 +0000 2019,I love being part of something bigger than myself. https://t.co/RHrGAUc11e
1150474758334623700,Sun Jul 14 18:38:51 +0000 2019,RT @ThouMayCoffee: Next cafe opens tomorrow 7.15.19. Also happens to be our 5 year retail anniversary. Inside Collective Ex in the #eastcro…
1143527640500002800,Tue Jun 25 14:33:29 +0000 2019,@LukeMiani SD card slot
1134154559922888700,Thu May 30 17:48:13 +0000 2019,@oliverjhughes Have fun dude!!
1125032077341098000,Sun May 05 13:38:43 +0000 2019,@oliverjhughes Only ever used Uber
1119020105902579700,Thu Apr 18 23:29:18 +0000 2019,@oliverjhughes What is Nodal Point?
1115667761374666800,Tue Apr 09 17:28:17 +0000 2019,RT @oliverjhughes: ❤️🙏🏻 Great tips guys, thanks for sharing https://t.co/7O5erasWMU
1102379464615514100,Mon Mar 04 01:25:20 +0000 2019,RT @ArdCB: Amazing shot of the SpaceX Falcon 9 launch. 🚀 https://t.co/hKQSlIngDk
1098808953104990200,Fri Feb 22 04:57:23 +0000 2019,@saradietschy My Chemical Romance... I was a little too into it...
1094221555645800400,Sat Feb 09 13:08:43 +0000 2019,@opentheireyes Haha. How have you fallen that many times?!
1093536669926592500,Thu Feb 07 15:47:13 +0000 2019,@samsheffer Something like this could be cool. https://t.co/QtobOWdkbC
1091650405652725800,Sat Feb 02 10:51:53 +0000 2019,@petermckinnon Well deserved dude. You crush.
1088127835661832200,Wed Jan 23 17:34:27 +0000 2019,@tldtoday @SonyElectronics love that @madebyutah intro!
1084605752008949800,Mon Jan 14 00:18:56 +0000 2019,RT @tldtoday: Sneak peek at an unreleased @madebyutah track 👀 so much 🔥 upcoming 👏🏼 https://t.co/iZZvjwW9av
1083193642796372000,Thu Jan 10 02:47:43 +0000 2019,RT @tldtoday: I’ve used countless @madebyutah tracks in my videos so it’s nuts to get to collab with them in person 👀👏🏼 https://t.co/iZXUcf…
1083192452708741100,Thu Jan 10 02:43:00 +0000 2019,@tldtoday @madebyutah Love those guys. They are incredible.
1083191998838906900,Thu Jan 10 02:41:11 +0000 2019,RT @rveenewman: A 3D printed light projected animation. Proof that there's always new ways to animate everything. #3dprint #animation https…
1072616986105053200,Tue Dec 11 22:19:52 +0000 2018,@saradietschy Also those Cheez-its look amazing!
1072616672161353700,Tue Dec 11 22:18:37 +0000 2018,@saradietschy What sort of camera rig is setup in this car? I see the blackmagic micro studio camera on the left. I… https://t.co/5VzRQw4BB3
1071538162843967500,Sat Dec 08 22:53:00 +0000 2018,@mrmarkpotts Yeah I can see that. I’ve been shooting on the GH5 and having the flip out screen is pretty nice.
1071537675100921900,Sat Dec 08 22:51:04 +0000 2018,@mrmarkpotts Oh wow that’s nuts.
1071520542010892300,Sat Dec 08 21:42:59 +0000 2018,@mrmarkpotts Was it a good experience shooting on the BMPCC 4K? What was battery life like? Thinking of getting one eventually.
1071445099031224300,Sat Dec 08 16:43:12 +0000 2018,RT @oliverjhughes: If you like Bluetooth, Noise-Cancelling, Over-Ear Headphones, and don't like paying $400, CHECK OUT THE @Linnerofficial…
1071272231488159700,Sat Dec 08 05:16:17 +0000 2018,@AlterEgo_LLC https://t.co/AjROIxDO6I
1062136298645938200,Tue Nov 13 00:13:21 +0000 2018,New video on the YouTubes! Check it out! https://t.co/peXXXcmsPG https://t.co/2AbK6BkBnh
1062116974812119000,Mon Nov 12 22:56:34 +0000 2018,@verge Fixed it. https://t.co/NX8u5B9Na8
1058156356312678400,Fri Nov 02 00:38:29 +0000 2018,Something I've struggled with for a while. Check out my latest video.  https://t.co/rCN0bxEFFR https://t.co/sRRNRJh7N6
1056980465268281300,Mon Oct 29 18:45:55 +0000 2018,@saradietschy @petermckinnon Loved this podcast! @petermckinnon has some incredible stories.
1051215517019705300,Sat Oct 13 20:58:04 +0000 2018,@Cody_Jensen @sarah_jensen If you are still in OK and have the time I’d love to meet up! I’m actually in OK for a wedding as well.
1048444209039138800,Sat Oct 06 05:25:53 +0000 2018,@saradietschy @hint Good thing you made the switch. Probably saved a few years of your life.
1048348046155767800,Fri Oct 05 23:03:46 +0000 2018,@j_enloe45 Thanks bro!!
1048337169499213800,Fri Oct 05 22:20:33 +0000 2018,Went on a trip to Estes Park Colorado. Check it out!  https://t.co/XK1MIw79IZ* https://t.co/DToTZJvZVA
1045044842861137900,Wed Sep 26 20:18:01 +0000 2018,@tldtoday This looks so good! Very interested in try this out.
1045044217721040900,Wed Sep 26 20:15:32 +0000 2018,Well this looks awesome. https://t.co/9iQZ0ZdMS3
1044992654923247600,Wed Sep 26 16:50:38 +0000 2018,Check out this great guide on UX animation. https://t.co/vYwUFMZaKu https://t.co/0Y31jsIK5u
1044772931027587100,Wed Sep 26 02:17:32 +0000 2018,@WillWCreative @saradietschy Artlist is great for the price but there are far fewer quality artists on there.
1044770283155058700,Wed Sep 26 02:07:01 +0000 2018,@saradietschy Musicbeds music selection is pretty top notch. Check out an artist called UTAH they have some dope tracks.
1044348925950472200,Mon Sep 24 22:12:41 +0000 2018,@aaronmullfilms @johnhilltube Hope it's going well!
1044077430628118500,Mon Sep 24 04:13:52 +0000 2018,@robertoblake Need an animated intro or end screen for your YouTube channel?  Let me know. Would love to work together.
1043806991397912600,Sun Sep 23 10:19:14 +0000 2018,@Dannmace Try https://t.co/Y8THVnyIvH it's one of the best.
1042582037381738500,Thu Sep 20 01:11:42 +0000 2018,Check out my latest video of my weekend in Perry, OK https://t.co/DIMUlFhVIs https://t.co/xRYvyjt2Di
1040904161003536400,Sat Sep 15 10:04:25 +0000 2018,RT @spencertetik: @Dannmace @CaseyNeistat I made a thing. Hope you like it. https://t.co/hziiPlbHGD
1040743756926988300,Fri Sep 14 23:27:02 +0000 2018,@Dannmace @CaseyNeistat I made a thing. Hope you like it. https://t.co/hziiPlbHGD
1040657100106616800,Fri Sep 14 17:42:41 +0000 2018,@Dannmace @CaseyNeistat I'm on it
1040496957725335600,Fri Sep 14 07:06:20 +0000 2018,🙌🙌🙌🙌 #iphonexs #gold https://t.co/RpZtk8rflF
1040340185010135000,Thu Sep 13 20:43:23 +0000 2018,Yo! @NBT88YT Need a logo animation? https://t.co/i6oSh8kVgH
1040107273702568000,Thu Sep 13 05:17:52 +0000 2018,Maybe the best Apple event recap I’ve seen. 👏🏻 https://t.co/K5EHDOwHmb
1040007447619035100,Wed Sep 12 22:41:12 +0000 2018,Check out my Apple Event Recap. https://t.co/2tDMO17s0U —————————————————- #apple #iphonexs #iphone #iPhoneXSMax https://t.co/jDWOTIJs9l
1039921079974805500,Wed Sep 12 16:58:00 +0000 2018,Apple Live on Twitter is cool. https://t.co/4UhsKRwVFn
1039890653914824700,Wed Sep 12 14:57:06 +0000 2018,RT @tim_cook: Rise and shine! We’re ready for a big day at Apple Park! https://t.co/6A1OD3wGxU
1039538400532070400,Tue Sep 11 15:37:23 +0000 2018,@oliverjhughes @limebike @KCMO @bird I'll come visit this afternoon!
1039537962676052000,Tue Sep 11 15:35:38 +0000 2018,@oliverjhughes @limebike @KCMO @bird Yeah I feel that. They are definitely fun to ride. We should go scoot around together sometime. 😉
1039536913156382700,Tue Sep 11 15:31:28 +0000 2018,@oliverjhughes @limebike @KCMO @bird More electric scooters in KC sounds crazy. The bird scooters are everywhere! L… https://t.co/8sh6qSk9Z9
1039366679363547100,Tue Sep 11 04:15:01 +0000 2018,Can't wait!! https://t.co/yo2myJhl0J
1038903789678485500,Sun Sep 09 21:35:40 +0000 2018,@codyhuntfilms Upgrade!
1038204207256559600,Fri Sep 07 23:15:46 +0000 2018,New Video! Check out my review of this security camera.  https://t.co/jVSVmdnanN https://t.co/hCPobGR3Pg
1033212937983410200,Sat Aug 25 04:42:15 +0000 2018,New video on 2D Tracking in After Effects! Check it out! https://t.co/ofZNiADqAd  #AfterEffects #vfx… https://t.co/kRlu6eQga2
1033056532978720800,Fri Aug 24 18:20:45 +0000 2018,@NBT88YT If you could collaborate with any other YouTuber who would it be?  #AskNBT
1032788990934638600,Fri Aug 24 00:37:38 +0000 2018,New video Update! https://t.co/VMBl1cq6I1 https://t.co/2fAjcg3Obu
1031191782187384800,Sun Aug 19 14:50:54 +0000 2018,My First Travel Video!  Check It Out! https://t.co/IuahZ2on33 https://t.co/urMa8u2Jn6
1030221232476696600,Thu Aug 16 22:34:17 +0000 2018,@NBT88YT So awesome! Congrats!
1029098132972490800,Mon Aug 13 20:11:29 +0000 2018,@oliverjhughes 👍 I'd do the same but my family might freak out. Haha. They already don't like the fact that I almos… https://t.co/JzOaJZyjv1
1027918026862194700,Fri Aug 10 14:02:10 +0000 2018,New Video! WYZE CAM PAN - BEST Security Camera for the Money? https://t.co/fRQNBVImnu  @WyzeCam   #camera #security… https://t.co/4ta3eW7B5h
1025543882703085600,Sat Aug 04 00:48:09 +0000 2018,Check out my @peakdesignltd Everyday Backpack Review. https://t.co/BW9kUP0DDL  #peakdesign #bag #review #techreview https://t.co/T4MZYiBKy5
1024165681045090300,Tue Jul 31 05:31:41 +0000 2018,RT @benten_design: Logo design for motion designer @spencertetik in Kansas City. . This logo combines elements of motion and video to form…
1022602195202654200,Thu Jul 26 21:58:57 +0000 2018,Check Out this Interview with @benten_design. He talks about his business and life as a freelance designer.… https://t.co/CyUdpA8ooI
1020810218895216600,Sat Jul 21 23:18:16 +0000 2018,Sad Story about the Death of my MacBook Pro https://t.co/5GF7CJPSYx https://t.co/vxGUA6H2BD
1018236257657344000,Sat Jul 14 20:50:16 +0000 2018,NEW VIDEO!! Check out this Interview with my friend @oliverjhughes  https://t.co/SPfeHc8MIu https://t.co/XGfoWGE2lV
1017491447254257700,Thu Jul 12 19:30:39 +0000 2018,New Video with @oliverjhughes coming soon! https://t.co/OT0Znhfkxm
1015496106162249700,Sat Jul 07 07:21:53 +0000 2018,RT @bpmarkowitz: BRB, making Harry Potter spells into Siri Shortcuts. https://t.co/ceK3bBuyEh
1014996942944948200,Thu Jul 05 22:18:23 +0000 2018,New Video! https://t.co/9LurO9aBOl https://t.co/uczDWz02Ra
1014232921396346900,Tue Jul 03 19:42:26 +0000 2018,@opentheireyes @Vegemite @cheezit ohhh. Where do you get those little packets of Vegemite?
1013866023450075100,Mon Jul 02 19:24:31 +0000 2018,Yo! @saradietschy I made this animation. Let me know what you think. https://t.co/vQ9wigkW1a
1012152802225938400,Thu Jun 28 01:56:47 +0000 2018,NEW VIDEO ABOUT WHATS NEW! https://t.co/ZXBfuqwVwl https://t.co/wVl4yBn48h
1009469952749899800,Wed Jun 20 16:16:06 +0000 2018,NEW VIDEO UP. CHECK IT OUT! https://t.co/2zzl22ctmP https://t.co/8EbW3Pya5E
1008869035163996200,Tue Jun 19 00:28:16 +0000 2018,NEW VIDEO.  DJI OSMO MOBILE 2 - REVIEW https://t.co/Vy4hcKOCLC https://t.co/xeNdNuHeUa
1002021700798767100,Thu May 31 02:59:24 +0000 2018,Motion Design Reel https://t.co/GOEDYHYQwO https://t.co/eEiBULd0W1
1001949795966169100,Wed May 30 22:13:41 +0000 2018,I recently got asked by the Adobe Motion Graphics team if I wanted to help contribute to the new motion graphics te… https://t.co/YN9SQDOAxZ
994285930503659500,Wed May 09 18:40:13 +0000 2018,Hey @CaseyNeistat and @Dannmace I made you a Tech Review Tuesday Intro. https://t.co/bBOdBzUt2b
993678672757391400,Tue May 08 02:27:11 +0000 2018,@BradMatson @CaseyNeistat Thanks Brad!!
993653173339476000,Tue May 08 00:45:52 +0000 2018,@abyanfawwaz @CaseyNeistat Just using After Effects and some plugins.
993643297791934500,Tue May 08 00:06:37 +0000 2018,@designingdonna @CaseyNeistat Thanks so much!
993583348823011300,Mon May 07 20:08:24 +0000 2018,Hey! @CaseyNeistat I made this animation for you! Would love to collaborate in some way in the future. https://t.co/ZTyB8UWtYD
991059080855932900,Mon Apr 30 20:57:52 +0000 2018,Hey @magnolia I made this animation for the Silo District Marathon. Hope you guys like it! #SiloDistrictMarathon https://t.co/ctaMpomQKx
987163433715068900,Fri Apr 20 02:57:57 +0000 2018,New Video! Talking about 4K and stuff..  Check it out!  https://t.co/10SGHh4kCP https://t.co/Ql2sOmxUTd
982452779561209900,Sat Apr 07 02:59:30 +0000 2018,@Zhenru1989 @BMDesignPro Seems to be. I've seen multiple post about it online. Won't find out any details until Monday though.
982435734094139400,Sat Apr 07 01:51:46 +0000 2018,Excited to hear about this!! @BMDesignPro https://t.co/EDrmylFhhW
981753169041592300,Thu Apr 05 04:39:30 +0000 2018,@saradietschy If I'm building a mood board for a client I typically will just pull all my images into photoshop and… https://t.co/RJ0X6jEhg6
981329819513294800,Wed Apr 04 00:37:15 +0000 2018,NEW VIDEO! https://t.co/91UHXv3w27 https://t.co/8swoORWvwJ
977280786717081600,Fri Mar 23 20:27:51 +0000 2018,The practical effects in this are insane! https://t.co/OC6YLUVhhZ
976122851953664000,Tue Mar 20 15:46:38 +0000 2018,NEW VIDEO! Check it out https://t.co/orUJq678JL https://t.co/cX14OfElg5
968998931421171700,Wed Feb 28 23:58:43 +0000 2018,STAY PEACHY.  @saradietschy https://t.co/HjkLwMafGf
968934567905255400,Wed Feb 28 19:42:57 +0000 2018,WORK HARDER. @CaseyNeistat https://t.co/9HFk9WN6e9
968342075946274800,Tue Feb 27 04:28:36 +0000 2018,Another day another animation. 👌🏻 https://t.co/IKJaYbu0BU
967651318973247500,Sun Feb 25 06:43:47 +0000 2018,Love trying out new ideas everyday. https://t.co/zu2RofWWYO
966923746412937200,Fri Feb 23 06:32:40 +0000 2018,@ZacksJerryRig @creativecloud @AdobePremiere Yeah it’s annoying for sure. Took me a while to figure it out the firs… https://t.co/s2b7ZPs92U
966920955116208100,Fri Feb 23 06:21:34 +0000 2018,@ZacksJerryRig @creativecloud @AdobePremiere Sounds like you need to reset your workspace. It’s under Window/Worksp… https://t.co/W4CoE66fZw
966481862582571000,Thu Feb 22 01:16:47 +0000 2018,Making daily animations and loving the process. #motionGraphics #animation https://t.co/DcP4Qr3PTz
965687763893932000,Mon Feb 19 20:41:19 +0000 2018,Just uploaded my first Tutorial on YouTube check it out! https://t.co/ZCrCHts7Bc https://t.co/3BIqL0XRUT
965653334895013900,Mon Feb 19 18:24:30 +0000 2018,CREATE MORE. #creative #design #motion #animation https://t.co/1yXvI4lR04
963919291996393500,Wed Feb 14 23:34:02 +0000 2018,Look at those shapes!  #Motion https://t.co/NAMk3BwoyT
962195469068914700,Sat Feb 10 05:24:11 +0000 2018,In transit.  #motion https://t.co/0v9soF94qE
961842417530937300,Fri Feb 09 06:01:17 +0000 2018,FOLLOW.  #neon #motion https://t.co/cdFs7WUrY7
961459726621003800,Thu Feb 08 04:40:36 +0000 2018,Love collaborating with friends. #motiondesign #Illustrator https://t.co/GSvA0MojKf
959610467420377100,Sat Feb 03 02:12:18 +0000 2018,Loopy #mograph #motiondesign https://t.co/Ban4kszHFo
958974646690439200,Thu Feb 01 08:05:47 +0000 2018,Picked this up today. Looking forward to reading it. @garyvee #CrushingIt https://t.co/scFnOicknh
958934861808656400,Thu Feb 01 05:27:41 +0000 2018,ALL THE DOTS. 🔴 https://t.co/5FqCvLGG8K
958578168553668600,Wed Jan 31 05:50:19 +0000 2018,Loving this one. 🔥 Day 2 #animation #motionGraphics https://t.co/6boWyangLF
958577425734135800,Wed Jan 31 05:47:22 +0000 2018,Starting a daily Animation project. Day 1 #animation #motionGraphics https://t.co/wvhB1zx0kp
958151167594455000,Tue Jan 30 01:33:34 +0000 2018,Going to start uploading to my YouTube channel more (hopefully weekly). Expect tutorials and tech/software reviews. 🙌
956282719893442600,Wed Jan 24 21:49:01 +0000 2018,RT @saradietschy: the ask &amp; the delivery in one tweet. that's how ya do it folks. spencer this is AMAZING. followed 👊🏻 https://t.co/7w4nt0d…
955996383659679700,Wed Jan 24 02:51:14 +0000 2018,@ZacksJerryRig Yeah let's talk.
955994107914092500,Wed Jan 24 02:42:11 +0000 2018,@saradietschy Thanks so much! Let me know if you'd like to work together.
955976323423440900,Wed Jan 24 01:31:31 +0000 2018,@alexcas_io @saradietschy Thanks man! You're a great designer. Love the stuff you do for @verge
955975063467151400,Wed Jan 24 01:26:30 +0000 2018,@BrianKrasinski Yes! I am.
955952003602985000,Tue Jan 23 23:54:53 +0000 2018,New Reel! https://t.co/SWwWH2CQyT https://t.co/kzHF06UFIS
955949976143716400,Tue Jan 23 23:46:49 +0000 2018,@saradietschy Love your vlog and thought it would be cool to collaborate. I am a motion designer based out of Kansa… https://t.co/SdOgnhIr2r
889882814757392400,Tue Jul 25 16:19:30 +0000 2017,@saradietschy Would love to collaborate and do some motion graphic work for your youtube channel. Check out my work https://t.co/hwzTlgyE7V
527452918451286000,Wed Oct 29 13:32:30 +0000 2014,@TheFastPitch My friend @nathanhapper and I collaborated together to make a video that shows how amazing this city and the Royals are.
527328888809353200,Wed Oct 29 05:19:39 +0000 2014,@TheRealHos35 Check this out  http://t.co/eLwJX9U7It
527327687711682560,Wed Oct 29 05:14:52 +0000 2014,@TheFastPitch Check this out  http://t.co/eLwJX9U7It
527277092275519500,Wed Oct 29 01:53:49 +0000 2014,@SBNation check this out  http://t.co/eLwJX9U7It
527274500585717760,Wed Oct 29 01:43:31 +0000 2014,@SportsCenter check this out  http://t.co/eLwJX9U7It
527264084417597440,Wed Oct 29 01:02:08 +0000 2014,@Royals check out this video  http://t.co/eLwJX9U7It
527263359214051300,Wed Oct 29 00:59:15 +0000 2014,@VisitKC check this out   http://t.co/U5zOrgRO03
527263207682240500,Wed Oct 29 00:58:39 +0000 2014,@KCMO check this out  http://t.co/eLwJX9U7It
527263086487805950,Wed Oct 29 00:58:10 +0000 2014,@MayorSlyJames Check this out http://t.co/eLwJX9U7It
527247055174262800,Tue Oct 28 23:54:28 +0000 2014,To be continued... http://t.co/eLwJX9U7It  #TakeTheCrown #BeRoyalKC #BlueOctober
464459229693485060,Thu May 08 17:38:04 +0000 2014,May 17th. So ready. #kcai #bfa http://t.co/M5DfbJaKH8
459712637664636900,Fri Apr 25 15:16:48 +0000 2014,@aigakc spencer.tetik@gmail.com
458739766150713340,Tue Apr 22 22:50:57 +0000 2014,@aigakc How has design changed the way you view the world?
430195599275601900,Mon Feb 03 04:26:38 +0000 2014,Franchise Animated - free animated typeface by 1 type designer and 110 animators. Get it @animography http://t.co/CzVIjfGzxC
426011503695634400,Wed Jan 22 15:20:32 +0000 2014,RT @verge: Take a look inside one of China's internet rehab camps http://t.co/ZPgvvs3k9Q
420325236320395260,Mon Jan 06 22:45:20 +0000 2014,RT @verge: Watch Michael Bay melt down onstage at CES http://t.co/9QrCRKev5X
403785551930601500,Fri Nov 22 07:22:32 +0000 2013,Help make it happen for Project Saram: We All Have Stories on @indiegogo http://t.co/taH526CgTP
362044124943220740,Tue Jul 30 02:57:00 +0000 2013,kernel panic!
351664775412989950,Mon Jul 01 11:33:10 +0000 2013,Need more sleep.
340605304729387000,Fri May 31 23:06:47 +0000 2013,Watching Storm 5/31/13 on @livestream: http://t.co/x8p1rRAHmp
336166012468740100,Sun May 19 17:06:37 +0000 2013,https://t.co/nosGLrs2ce
318217505690767360,Sun Mar 31 04:25:40 +0000 2013,@chipnuts yeah we both are. I've been doing some visual effects stuff not a whole lot. Sarah is only doing visual effects this semester.
317814295301849100,Sat Mar 30 01:43:27 +0000 2013,#fun #film https://t.co/ZmfvN4puKK
317738460851085300,Fri Mar 29 20:42:07 +0000 2013,#food #noodles https://t.co/s7qRjLXJle
317453853056438300,Fri Mar 29 01:51:11 +0000 2013,@chipnuts yeah you can go to http://t.co/OpUrZuZO0M and i have some things under videos on there.
317076947668701200,Thu Mar 28 00:53:29 +0000 2013,@chipnuts Hey not a lot. I'm in digital filmmaking now I've been making some short films here and there. Been pretty busy.
316694969949749250,Tue Mar 26 23:35:39 +0000 2013,#rendering #friends #family #Lim #sarah #sharon #spencer #basement #apple #mac #computer https://t.co/GSuhr8jRm6
314163012946763800,Tue Mar 19 23:54:33 +0000 2013,#stoker https://t.co/I5DdGYzDlS
314153388109594600,Tue Mar 19 23:16:19 +0000 2013,#stoker #friends https://t.co/kAR2cIRyQf
303199305295081500,Sun Feb 17 17:48:42 +0000 2013,#brookside #kcmo http://t.co/9RFkXN5i
303191276814213100,Sun Feb 17 17:16:48 +0000 2013,#ice #straw http://t.co/bObmioYI
303188707748503550,Sun Feb 17 17:06:35 +0000 2013,#breakfast #winsteads http://t.co/5zwf0ifC
298178069947105300,Sun Feb 03 21:16:06 +0000 2013,@merzman lol Im sorry.
298176483963326460,Sun Feb 03 21:09:48 +0000 2013,http://t.co/TXRKd1Eo
297976080764125200,Sun Feb 03 07:53:28 +0000 2013,#kitty #cat #shake http://t.co/xugdUAhb
297974311929667600,Sun Feb 03 07:46:26 +0000 2013,#kitty playing #music http://t.co/33pzP8N2
296620977817800700,Wed Jan 30 14:08:46 +0000 2013,#snow #kc http://t.co/NMJru8FO
296373774616502300,Tue Jan 29 21:46:28 +0000 2013,#goofy #cat http://t.co/3oGmg2oo
296119958872678400,Tue Jan 29 04:57:54 +0000 2013,#zocalo #kc http://t.co/2vP8cGPD
295953941034836000,Mon Jan 28 17:58:12 +0000 2013,#walking http://t.co/U9nuRrff
295946637610733600,Mon Jan 28 17:29:11 +0000 2013,#class http://t.co/UKusVYCq
295306534907437060,Sat Jan 26 23:05:39 +0000 2013,#birthday #gifts http://t.co/KvZbaibQ
295294232997007360,Sat Jan 26 22:16:46 +0000 2013,#party #birthday http://t.co/iGJ5pX9w
295287624455835650,Sat Jan 26 21:50:30 +0000 2013,#birthday #fun #kids http://t.co/AZ94y6w4
295286301924655100,Sat Jan 26 21:45:15 +0000 2013,#birthday #cake http://t.co/hm0PmGnY
293822014194602000,Tue Jan 22 20:46:41 +0000 2013,I just signed up for The Elder Scrolls Online beta! #ElderScrollsOnline Click here to sign up: http://t.co/CzaKRdNO
279085384149909500,Thu Dec 13 04:48:35 +0000 2012,http://t.co/iCoWUWjo
257887133556166660,Mon Oct 15 16:54:18 +0000 2012,http://t.co/aRKM6W7f
256868661913075700,Fri Oct 12 21:27:16 +0000 2012,http://t.co/CUfkwEjN
253516768235114500,Wed Oct 03 15:28:02 +0000 2012,http://t.co/AFsN34MK
245957177209126900,Wed Sep 12 18:48:55 +0000 2012,Apple announces iPhone 5 with LTE, 4-inch display, Lightning dock connector, ships September 21st http://t.co/juTwHddf
240138659553243140,Mon Aug 27 17:28:12 +0000 2012,I supported the Slim Wallet on kickstarter.  http://t.co/w9fXJcm4
235717933714788350,Wed Aug 15 12:41:49 +0000 2012,Watch this: kids from 1995 convince you to get on the internet http://t.co/Nm4Lc1sD
233937601873203200,Fri Aug 10 14:47:25 +0000 2012,The benefits of working at Google continue after death http://t.co/EXPyi6Nu
232848982571900930,Tue Aug 07 14:41:38 +0000 2012,RT @designtaxi: Oreo goes red, as a tribute to NASA’s Mars landing http://t.co/3SMK3cht
232848982571900930,Tue Aug 07 14:41:38 +0000 2012,RT @designtaxi: Oreo goes red, as a tribute to NASA’s Mars landing http://t.co/3SMK3cht
232549408653316100,Mon Aug 06 18:51:14 +0000 2012,Apple: YouTube app will not be included in iOS 6, Google working on standalone version http://t.co/yU7B7EUV
231251992687824900,Fri Aug 03 04:55:46 +0000 2012,Kevin Rose - How do you feel about the new digg? https://t.co/eVRtAl6f
230339715663032320,Tue Jul 31 16:30:42 +0000 2012,Grab your http://t.co/vbD5b9e8 email address now http://t.co/Hi8TANS2
230304731166302200,Tue Jul 31 14:11:41 +0000 2012,Hulu Plus quietly comes to Apple TV http://t.co/7fUdawaD
228928440177418240,Fri Jul 27 19:02:48 +0000 2012,I called into the Vergecast today and got to talk to them about google fiber
223787622223454200,Fri Jul 13 14:35:01 +0000 2012,Going to Yellowstone National Park today.
222733281446203400,Tue Jul 10 16:45:27 +0000 2012,Having a great time with Sharon and her family in Utah. ;)
213608032402284540,Fri Jun 15 12:24:58 +0000 2012,Good Deal: Galaxy S III at $149.99 for upgrading AT&amp;T customers at Amazon and Target http://t.co/zTpkdIxh
212754610182553600,Wed Jun 13 03:53:46 +0000 2012,Thunder wins first finals game
212257797491015680,Mon Jun 11 18:59:37 +0000 2012,Apple just blew my mind
211741089382666240,Sun Jun 10 08:46:24 +0000 2012,'Patient 0' takes the real-life multiplayer zombie genre to a new level of realism http://t.co/3Q4PALuL
211199218478616580,Fri Jun 08 20:53:12 +0000 2012,iOS 6 banners go up at Moscone ahead of Apple's WWDC next week http://t.co/THrNSDqz
211195495371116540,Fri Jun 08 20:38:24 +0000 2012,Good deal: 12 months of Xbox Live Gold for $35 http://t.co/ZQJkv9z5
211195391423676400,Fri Jun 08 20:37:59 +0000 2012,RT @verge: Good deal: 12 months of Xbox Live Gold for $35 http://t.co/IuvlL38C
210741449996775420,Thu Jun 07 14:34:11 +0000 2012,RT @verge: Last Moment Robot will guide you through death's door http://t.co/k7CAiO6Y
210574871074320400,Thu Jun 07 03:32:16 +0000 2012,Thunder wins! Going to the finals
210400494261248000,Wed Jun 06 15:59:21 +0000 2012,Ray Bradbury, author of 'Fahrenheit 451,' dies at age 91 http://t.co/o4RB7YfZ
210032692199309300,Tue Jun 05 15:37:50 +0000 2012,RT @verge: $99 Xbox 360 and Kinect subscription bundle arriving at Best Buy and GameStop stores later this month http://t.co/jfbY9Pav
208244789995520000,Thu May 31 17:13:21 +0000 2012,RT @verge: 'Skyrim: Dawnguard' trailer pits vampires against hunters http://t.co/vr3sv3OO
207898506441134080,Wed May 30 18:17:21 +0000 2012,RT @verge: Good Deal: Alien Blu-Ray anthology for $29.99 http://t.co/c0D1aqIf
207511010460975100,Tue May 29 16:37:34 +0000 2012,RT @verge: Alleged new iPhone backplate photos appear, show elongated form and smaller connector port http://t.co/lGBJMMc7
205750719779840000,Thu May 24 20:02:48 +0000 2012,RT @verge: Facebook Camera for iPhone launches with filters and batch photo uploads http://t.co/4GPO0xm3
204339802022223870,Sun May 20 22:36:19 +0000 2012,RT @verge: How to watch today's annular eclipse, the first since 1994 http://t.co/brSj4OnN
204140407473451000,Sun May 20 09:24:00 +0000 2012,RT @verge: Giza 3D is a historically accurate, in-depth recreation of the great pyramids in your web browser http://t.co/DJF0lISA
204075672656814080,Sun May 20 05:06:46 +0000 2012,Thunder win!
201899836704960500,Mon May 14 05:00:46 +0000 2012,RT @verge: The Batmobile from 'The Dark Knight Rises' is coming to a town near you http://t.co/3FwrTtmC
201842681276669950,Mon May 14 01:13:39 +0000 2012,RT @verge: Watch this: first episode of 'Tron: Uprising' animated mini-series http://t.co/tav0h1vL
200667463795486720,Thu May 10 19:23:46 +0000 2012,RT @verge: Microsoft to bring full Internet Explorer browsing to Xbox 360 with Kinect controls http://t.co/1r64MWqF
199789256430989300,Tue May 08 09:14:05 +0000 2012,RT @verge: Qumarion moves 3D models based on your mannequin manipulations http://t.co/VBYzYnbD
199642322965762050,Mon May 07 23:30:13 +0000 2012,RT @MacRumors: Apple Releases iOS 5.1.1 with HDR, AirPlay, and Safari Syncing Bug Fixes http://t.co/6HGE3Y8O
199367656833433600,Mon May 07 05:18:48 +0000 2012,RT @verge: Adobe CS6 on sale now, Creative Cloud coming May 11th http://t.co/3dpLIONN
198603337585786880,Sat May 05 02:41:40 +0000 2012,About to watch The Avengers
197491072014888960,Wed May 02 01:01:55 +0000 2012,@MurderLovesFate  Cause Cheese is goods
197057147245297660,Mon Apr 30 20:17:39 +0000 2012,one of my teachers decided that they were done teaching with 2 weeks of class left.
182337813407219700,Wed Mar 21 05:28:17 +0000 2012,RT @TheHungerGames: Retweet if you'll be at #MidnightHungerGames!
180168274951147520,Thu Mar 15 05:47:18 +0000 2012,iPad review (2012) | The Verge http://t.co/XhqmZdIl via @verge
176795336281571330,Mon Mar 05 22:24:27 +0000 2012,RT @TheComedyJokes: 1. Say "Eye" 2. Spell the word "Map" 3. Say "Ness" RT if you get it
161718585289482240,Tue Jan 24 07:54:49 +0000 2012,Went to sleep right after class. Now I can't sleep guess I'll just stay up for a while.
157292492830679040,Thu Jan 12 02:47:07 +0000 2012,I just beat earthenfox by 97 points! Think you can beat me? #GamesWithFriends http://t.co/8aKuBFsv
156950900349480960,Wed Jan 11 04:09:45 +0000 2012,I just beat Kayleigh Locke by 122 points! Think you can beat me? #GamesWithFriends http://t.co/8aKuBFsv
154632118016819200,Wed Jan 04 18:35:44 +0000 2012,Please help me win a scholarship by clicking this link and then like the post http://t.co/YqulicaZ
154474900248211460,Wed Jan 04 08:11:00 +0000 2012,Please help me win a scholarship by clicking this link and liking the post http://t.co/YqulicaZ
152682925501067260,Fri Dec 30 09:30:20 +0000 2011,To build a holodeck: an exclusive look at Microsoft's Edison lab | The Verge http://t.co/zaYO21Gw via @verge
152563390915690500,Fri Dec 30 01:35:21 +0000 2011,LG unveils 84-inch 'ultra definition' 4K TV it's bringing to CES 2012 http://t.co/S9yrv65W via @engadget
150818621311037440,Sun Dec 25 06:02:16 +0000 2011,Merry Christmas!🎅🎄
150466397141602300,Sat Dec 24 06:42:39 +0000 2011,Christmas Eve!
149230366195073020,Tue Dec 20 20:51:06 +0000 2011,I used iCloud to restore my iPhone last night and it actually worked really well. Has anyone else used iCloud much at all?
149211398197616640,Tue Dec 20 19:35:44 +0000 2011,@treynortetik I'm in Enid doing Christmas with Sharon's family
149065248886890500,Tue Dec 20 09:54:59 +0000 2011,In Oklahoma :)
131601654406586370,Wed Nov 02 05:20:54 +0000 2011,Anybody know why my login screen does this when I restart. http://t.co/53W6B2wj
127780453884231680,Sat Oct 22 16:16:48 +0000 2011,RT @MacRumors: iOS Blog: Some Scenes In The Avengers Filmed On an iPhone http://t.co/Sg0wZl7S
122138094307782660,Fri Oct 07 02:36:05 +0000 2011,Think Different  http://t.co/EPPPvcPZ
119523906804654080,Thu Sep 29 21:28:14 +0000 2011,@merzman I think there will be an iPhone 5. That's what I hope anyways. That rumor has been going around for a while.
115071607185223680,Sat Sep 17 14:36:23 +0000 2011,@merzman early October
115068313700286460,Sat Sep 17 14:23:18 +0000 2011,Volatile Times  http://t.co/InTf1r2L
106505521166684160,Wed Aug 24 23:17:49 +0000 2011,RT @MacRumors: Tim Cook New CEO, Jobs chairman of board: http://t.co/HH4k3me
101732198692032510,Thu Aug 11 19:10:20 +0000 2011,@merzman sometime around September or October  www.9to5mac.com/2011/08/10/iphone-5-roundup-video/
100316345245237250,Sun Aug 07 21:24:15 +0000 2011,New MacBook Pro! http://t.co/uFDfKSU
97808185523572740,Sun Jul 31 23:17:43 +0000 2011,@Wafflewarfel ha yeah I'll give it some thought. The list is growing.
97804454610481150,Sun Jul 31 23:02:53 +0000 2011,@Wafflewarfel oh i might be giving it away to whom ever i feel deserves it the most.
97348779447042050,Sat Jul 30 16:52:12 +0000 2011,@Claysnow Clays wes needs tos hangs outs
95887366539067400,Tue Jul 26 16:05:04 +0000 2011,I have 3 exclusive invites for Fab.com private design sales. Register using this link: http://t.co/IG3HhM4 via @Fab
95597560089153540,Mon Jul 25 20:53:29 +0000 2011,@merzman I would say in August sometime
95594109896626180,Mon Jul 25 20:39:46 +0000 2011,@merzman early september or late August  is what I've been hearing
95593394511953920,Mon Jul 25 20:36:55 +0000 2011,Mac Rumors: Steve Jobs Has No Problem Telling You What He Thinks http://t.co/7izXYHp
94529550322638850,Fri Jul 22 22:09:36 +0000 2011,Over the air updates iOS 5 http://t.co/gBnvuXn
93934202852085760,Thu Jul 21 06:43:53 +0000 2011,@matthewhardnack eww that makes it sound so awful haha
93933436548550660,Thu Jul 21 06:40:51 +0000 2011,@matthewhardnack my favorite part of the new show is the opener it looks really cool.
93933016396738560,Thu Jul 21 06:39:10 +0000 2011,I was just temporarily haxsoared on Twitter I believe I fixed the problem.
93932333987667970,Thu Jul 21 06:36:28 +0000 2011,@matthewhardnack yeah I've watched some of it. They basically just cut out the filler and pointless story
93779575284305920,Wed Jul 20 20:29:27 +0000 2011,@Claysnow Ha. yes you are one of the few. You have the best tweets.
93778297854500860,Wed Jul 20 20:24:23 +0000 2011,It seems like most of the people I follow on Twitter don't ever use it.
93668601206292480,Wed Jul 20 13:08:29 +0000 2011,Looks like the white MacBook is discontinued. Anyone sad about this?
93361509039751170,Tue Jul 19 16:48:12 +0000 2011,Just downloaded the google+ app for iPhone and it does nothing but crash in the iOS 5 beta
92685403961823230,Sun Jul 17 20:01:37 +0000 2011,TOM http://t.co/G5NKVnu
92362949208977400,Sat Jul 16 22:40:18 +0000 2011,Sharon at the Warren http://t.co/PCk8TtK
90529680838500350,Mon Jul 11 21:15:32 +0000 2011,iOS 5 beta 3 plz
82968391236845570,Tue Jun 21 00:29:41 +0000 2011,Clouds http://t.co/vIITvDc
77945511088361470,Tue Jun 07 03:50:33 +0000 2011,Sharon being cute ;) http://t.co/DIa0U9u
77752340630867970,Mon Jun 06 15:02:57 +0000 2011,http://engt.co/k5bowL
76151353180815360,Thu Jun 02 05:01:12 +0000 2011,Well after trying several things I finally got it fixed. :)
76147045416701950,Thu Jun 02 04:44:05 +0000 2011,I think my GPU in my MacBook pro is dead. Boots to a black screen every time. very sad :(
75604132324581380,Tue May 31 16:46:44 +0000 2011,http://area.autodesk.com/tutorials/cheap_facial_motion_capture#step1
75573375539490820,Tue May 31 14:44:31 +0000 2011,http://engt.co/lQcV38
68502836408885250,Thu May 12 02:28:43 +0000 2011,The Internet at my moms house might be the slowest on the planet
67981409360429060,Tue May 10 15:56:45 +0000 2011,At Cuppies and Joe with Sharon and her mom
64482179857661950,Sun May 01 00:12:04 +0000 2011,Had a great graduation day. Thanks everyone.
63426131654754300,Thu Apr 28 02:15:42 +0000 2011,Had fun at PLStudios tonight .
63425717769220100,Thu Apr 28 02:14:04 +0000 2011,Had fun PLStudios tonight
61214608895115260,Thu Apr 21 23:47:54 +0000 2011,My time here at NOC is almost over. Ready for new things.
58340027511484420,Thu Apr 14 01:25:21 +0000 2011,Nothing great in the world has ever been accomplished without passion.  - Friedrich Hegel http://t.co/bxkpmAB via @samovarlife
57168262387077120,Sun Apr 10 19:49:10 +0000 2011,http://t.co/MUDmStL  Some great inspirational quotes and some great tea.
52318032126681090,Mon Mar 28 10:36:05 +0000 2011,Yay 5:30 am in the dmi lab means time to freeze to death
50417702870843390,Wed Mar 23 04:44:51 +0000 2011,I want to frisbee my laptop into a wall right now
50260904343912450,Tue Mar 22 18:21:48 +0000 2011,Shot some pretty ridiculous green screen footage today in DMI
47098672500051970,Mon Mar 14 00:56:13 +0000 2011,@Claysnow yeah that would be fun.
47020855817019390,Sun Mar 13 19:47:00 +0000 2011,I need to do something constructive over spring break.
45954818904301570,Thu Mar 10 21:10:57 +0000 2011,Join me and follow @winscholarships on Twitter! You will earn 25 scholarship points to use towards scholarship drawings! http://bit.ly/cLYhL
45050262037086210,Tue Mar 08 09:16:34 +0000 2011,@matthewhardnack Thanks matt I look forward to it too. I can't wait.
45024756575125500,Tue Mar 08 07:35:13 +0000 2011,I like seeing my friends and those around me excel in what they are doing but i keep wondering when will it be my time. Soon i hope.
43825133625950210,Sat Mar 05 00:08:20 +0000 2011,From #Engadget: National Day of Unplu... http://www.engadget.com/2011/03/04/national-day-of-unplugging-2011-starts-now-but-only-after-you-t/
39030883449049090,Sat Feb 19 18:37:42 +0000 2011,I've been simulating particles in realflow for the past 18 hours on my "laptop" super slow need to get a Mac pro or something
36502773054840830,Sat Feb 12 19:11:53 +0000 2011,I'm watching engadget's live broadcast on @Ustream! Come join me http://ustre.am/7fZq !
34526658291568640,Mon Feb 07 08:19:31 +0000 2011,http://m.inhabitat.com/lunar-cubit-giant-solar-pyramids-to-power-abu-dhabi/
32541620700188670,Tue Feb 01 20:51:41 +0000 2011,Guess there is no school tomorrow either
31066770030731264,Fri Jan 28 19:11:09 +0000 2011,I just broadcasted live on Ustream! Missed my show? Check it out: http://ustre.am/:PCVa 1:10 PM CST
28635362528067584,Sat Jan 22 02:09:37 +0000 2011,Kinect meets Minecraft, animates a giant statue in your honor (video) http://t.co/NKQ2mvK via @engadget
27045018250252290,Mon Jan 17 16:50:09 +0000 2011,I'm live on Ustream! Check out my show: http://ustre.am/1GKs 10:50 AM CST
27038973213806590,Mon Jan 17 16:26:08 +0000 2011,I just broadcasted live on Ustream! Missed my show? Check it out: http://ustre.am/:OFZf 10:26 AM CST
27038716685983744,Mon Jan 17 16:25:07 +0000 2011,I'm live on Ustream! Check out my show: http://ustre.am/1GKs 10:25 AM CST
27029530560438270,Mon Jan 17 15:48:36 +0000 2011,I just broadcasted live on Ustream! Missed my show? Check it out: http://ustre.am/:OFRF 9:48 AM CST
26464741471817730,Sun Jan 16 02:24:20 +0000 2011,So I didn't realize how sweet HTML5 was until now it is far better than flash. Here are some cool HTML5 examples www.apple.com/html5/
24460182771736576,Mon Jan 10 13:38:56 +0000 2011,First day back to class. Made it to breakfast.
24262888130609150,Mon Jan 10 00:34:57 +0000 2011,Tonkawa I will see you soon. :)
23859700185436160,Sat Jan 08 21:52:50 +0000 2011,Apple pulls VLC from the iTunes store http://t.co/bEsbYwC via @engadget
23511836351533056,Fri Jan 07 22:50:33 +0000 2011,Verizon Media Event Scheduled for January 11th: iPhone Announcement? [Updated] http://t.co/S4aJslQ via @MacRumors
23163770717077504,Thu Jan 06 23:47:27 +0000 2011,angry birds on the mac is pretty sweet in full screen
23116773830168576,Thu Jan 06 20:40:43 +0000 2011,really like the new Mac App Store. the new twitter app is cool also.
22739594806038530,Wed Jan 05 19:41:56 +0000 2011,Next-Generation iPhone Parts Caught on Video? http://t.co/DHo5IJU via @MacRumors
22733295213084670,Wed Jan 05 19:16:54 +0000 2011,Mac App Store Reportedly Set to Launch at Noon Eastern Time Tomorrow http://t.co/q2FD27Y via @MacRumors
22715303368593410,Wed Jan 05 18:05:25 +0000 2011,Lots of updates from CES at engadget.com check it out
22264461607829504,Tue Jan 04 12:13:55 +0000 2011,Looking forward to all the cool stuff at CES this year.
22044852392824830,Mon Jan 03 21:41:17 +0000 2011,Break is almost over. Ready to get back to school.
11240930900189184,Sun Dec 05 02:10:21 +0000 2010,Panorama - 360 view: http://occip.it/pt3d07yo http://twitpic.com/3d07yo
6771122003509248,Mon Nov 22 18:08:55 +0000 2010,ios 4.2 get it
3695161494216704,Sun Nov 14 06:26:09 +0000 2010,i now own spencertetik.com for a year at least. it may be a while before i actually put anything up.
27914175035,Wed Oct 20 09:04:39 +0000 2010,Apple's 'Back to the Mac' event is tomorrow at 1PM ET / 10AM PT -- we'll be there live! http://t.co/RukRH4j via @engadget
27197544809,Wed Oct 13 01:52:23 +0000 2010,I uploaded a YouTube video -- WASP FIN http://youtu.be/I12sijvnz7I?a
26822058245,Sat Oct 09 06:44:18 +0000 2010,I uploaded a YouTube video -- the editing of Wilted Flowers http://youtu.be/ZS8RINzG3Xc?a
26820903285,Sat Oct 09 06:20:09 +0000 2010,I uploaded a YouTube video -- Wilted Flowers Intro http://youtu.be/eKQVxaERjxU?a
26628011677,Thu Oct 07 07:19:40 +0000 2010,I uploaded a YouTube video -- Birthday Party3 10/3/2010 http://youtu.be/A9D3Rw6XVPg?a
26628011329,Thu Oct 07 07:19:40 +0000 2010,I uploaded a YouTube video -- Birthday Party4 10/3/2010 http://youtu.be/D51_xStxXxI?a
26628010835,Thu Oct 07 07:19:39 +0000 2010,I uploaded a YouTube video -- Birthday Party2 10/3/2010 http://youtu.be/sku7L32gasI?a
26628003991,Thu Oct 07 07:19:29 +0000 2010,I uploaded a YouTube video -- Birthday Party1 10/3/2010 http://youtu.be/5wPWsldDK98?a
26243303737,Sun Oct 03 06:10:02 +0000 2010,New to tumblr - I haven’t blogged in a long time. I think the last time was way back when xanga was cool. I... http://tumblr.com/x6rkeevtu
26242591796,Sun Oct 03 05:57:01 +0000 2010,Photo: Cool! http://tumblr.com/x6rkedhdb
26105316282,Fri Oct 01 18:37:11 +0000 2010,birthday tomorrow :)
24117634681,Fri Sep 10 16:11:10 +0000 2010,FaceTime Set to Come to Mac OS X and Windows? http://t.co/wLmMluq via @MacRumors
22778312535,Thu Sep 02 07:00:45 +0000 2010,so i linked my twitter with my digital tutors account so it updates for every video i watch. little bit much .........
22721904039,Wed Sep 01 16:30:20 +0000 2010,Watching "Creating a custom material ID pass in Maya" from "'Infiltrator' Production Pipeline Volume 6: Rendering" - http://bit.ly/dxHyzL
22721711055,Wed Sep 01 16:27:53 +0000 2010,Watching "Introduction and Project Overview" from "'Infiltrator' Production Pipeline Volume 6: Rendering" - http://bit.ly/dxHyzL
22719279379,Wed Sep 01 15:57:46 +0000 2010,Watching "Finalizing the insect animation" from "Animating Creatures in Maya: Insects" - http://bit.ly/aQ3m0g
22716296937,Wed Sep 01 15:21:31 +0000 2010,Watching "Building the leg framework" from "'Infiltrator' Production Pipeline Volume 2: Modeling" - http://bit.ly/aykla7
22716163052,Wed Sep 01 15:19:57 +0000 2010,Watching "Building a parts library - Part 12" from "'Infiltrator' Production Pipeline Volume 2: Modeling" - http://bit.ly/aykla7
22528219980,Mon Aug 30 14:22:35 +0000 2010,Watching "Building a parts library - Part 11" from "'Infiltrator' Production Pipeline Volume 2: Modeling" - http://bit.ly/aykla7
21431027405,Tue Aug 17 20:32:53 +0000 2010,THQ's uDraw GameTablet is like a Wacom for Wii (video) http://t.co/addASCV via @engadget
21098364186,Fri Aug 13 21:53:03 +0000 2010,Heading back home tomorrow.
21069022509,Fri Aug 13 14:39:36 +0000 2010,went to the beach with the family today for about 5 minutes only to get rained on really hard forcing use to leave. :(
20282877014,Wed Aug 04 05:54:03 +0000 2010,In Pensacola with Sharon at her dads. watching X files. :)
20221893380,Tue Aug 03 13:33:34 +0000 2010,Sitting in Houston AirPort leaving for Panama City at 11:35. :D
19716448490,Wed Jul 28 05:13:26 +0000 2010,I currently have 5 extra invites to the new Digg! http://new.digg.com/login/b6394e78cd656e805e635ac132cd0ba59
19715833202,Wed Jul 28 05:02:42 +0000 2010,the new digg website is pretty sweet
19673005013,Tue Jul 27 17:23:00 +0000 2010,From @engadget: http://www.engadget.com/2010/07/27/apple-magic-trackpad-first-hands-on/
18954001016,Tue Jul 20 00:23:23 +0000 2010,Can't wait for school to start back up.
18559648723,Thu Jul 15 00:16:06 +0000 2010,http://www.designbyhumans.com/sale
18329180411,Mon Jul 12 04:29:04 +0000 2010,RT @MacRumors Shanghai's Apple Store Opens to Large Crowds - Mac Rumors http://bit.ly/a8wSgc
18064324120,Thu Jul 08 21:33:54 +0000 2010,From @engadget: http://www.engadget.com/2010/07/08/next-gen-ipod-touch-rumors-heat-up-front-facing-camera-septemb/
17899927870,Tue Jul 06 22:12:59 +0000 2010,From @engadget: http://www.engadget.com/2010/07/06/firefox-4-beta-1-now-available-for-download/
17897902453,Tue Jul 06 21:35:52 +0000 2010,From @engadget: http://www.engadget.com/2010/07/06/red-says-epic-camera-is-back-on-track-scarlet-to-follow-before/
17767889900,Mon Jul 05 04:58:26 +0000 2010,had a fun 4th with Sharon and her family
17685865990,Sun Jul 04 00:27:41 +0000 2010,From @engadget: http://www.engadget.com/2010/07/03/steve-jobs-emails-are-real-claims-boy-genius-report-says-appl/
17228526742,Mon Jun 28 05:08:19 +0000 2010,so my phone number for now is 580 370 0210.
17228343290,Mon Jun 28 05:04:47 +0000 2010,Pre pay phone ya:) .
16739949363,Tue Jun 22 02:27:50 +0000 2010,really want to do something productive....
16124968915,Mon Jun 14 05:11:27 +0000 2010,From @engadget: http://www.engadget.com/2010/06/13/microsoft-kinect-gets-official/
15909995722,Fri Jun 11 06:33:02 +0000 2010,i feel like there is not enough time in my day. work is taking over. but money is nice.
15753600096,Wed Jun 09 03:14:42 +0000 2010,I cant wait for school this fall . I miss dmi and friends .
15352875792,Thu Jun 03 21:31:42 +0000 2010,another day of work done
15303498054,Thu Jun 03 04:55:12 +0000 2010,RT @MacRumorsRSS Verizon Testing CDMA-Compatible iPads? Possibly LTE 4G? - Mac Rumors http://bit.ly/bvUtrx
15303198604,Thu Jun 03 04:48:53 +0000 2010,thundara
15225683645,Wed Jun 02 03:35:12 +0000 2010,Uh yeah true blood    #ultimatetruebie
14933954376,Fri May 28 21:44:45 +0000 2010,RT @MacRumorsRSS Verizon iPhone Possibly Available as Soon as November? - Mac Rumors http://bit.ly/drE3lO
14790738982,Wed May 26 21:56:46 +0000 2010,work went pretty well today
14738286290,Wed May 26 03:29:22 +0000 2010,yeah ... ditch witch M-F 10 hours 6am - 4:30pm :)
14328824951,Thu May 20 01:07:32 +0000 2010,rain
14267295323,Wed May 19 02:27:19 +0000 2010,HATE slow internet
14204376579,Tue May 18 03:35:33 +0000 2010,looking forward to having more money.
14144763555,Mon May 17 06:01:55 +0000 2010,hAlo reach BETA with victor and his friend = fun
14113233338,Sun May 16 18:32:12 +0000 2010,going to be working at ditch witch this summer. :)
14086758096,Sun May 16 08:10:19 +0000 2010,I uploaded a YouTube video -- class Pod http://youtu.be/fi7Ybb_e5AY?a
14086312764,Sun May 16 07:58:15 +0000 2010,I uploaded a YouTube video -- sorapot_360 http://youtu.be/FP6du8D0q1g?a
14081715591,Sun May 16 05:57:44 +0000 2010,I uploaded a YouTube video -- The Boy who Lived http://youtu.be/JFBUYN1cCMY?a
14078551944,Sun May 16 04:42:59 +0000 2010,I uploaded a YouTube video -- sorapot commercial http://youtu.be/FLARl2ZJke4?a
14021473192,Sat May 15 05:45:36 +0000 2010,people who have steam accounts should give me their user names. mine is spencertetik
13958708986,Fri May 14 05:25:07 +0000 2010,just got done watching avatar again for the 3rd time.
13866851565,Wed May 12 19:09:47 +0000 2010,Steam for mac is finally out.
13821333737,Wed May 12 01:09:56 +0000 2010,looking forward to steam for mac. : tomorrow
13706344187,Mon May 10 03:55:34 +0000 2010,this is cool http://www.paragon-software.com/home/hfs-windows/giveaway.html
13705504693,Mon May 10 03:37:12 +0000 2010,i am 1337 h4ck$0r
13443299149,Wed May 05 19:31:32 +0000 2010,Halo Reach Beta :)
13112153147,Fri Apr 30 05:10:21 +0000 2010,RT @MacRumorsRSS Valve Announces May 12th Debut for Steam on Mac OS X - Mac Rumors http://bit.ly/dtBtw2
12674450291,Fri Apr 23 01:34:33 +0000 2010,epic shorts film festival went well this evening had a great time
12605080772,Wed Apr 21 23:37:12 +0000 2010,Come to the Epic Shorts Film Festival Thursday April 22nd from 4pm to 6pm in the Wilkin Auditorium at NOC in Tonkawa, OK
12478357553,Mon Apr 19 22:03:56 +0000 2010,the movie is finally finished
12147581109,Wed Apr 14 05:32:18 +0000 2010,@quintontetik nathan has some of the comics
11926959252,Sat Apr 10 07:40:57 +0000 2010,My phone works again Yay
11515810474,Sat Apr 03 03:30:00 +0000 2010,ive been fighting an invisible man all day
10956672899,Wed Mar 24 02:00:47 +0000 2010,RT @MacRumorsRSS Adobe Creative Suite 5 Set to Launch April 12th - Mac Rumors http://bit.ly/cbM36s
10956359188,Wed Mar 24 01:54:10 +0000 2010,shot some of our movie today. went pretty well.
10691140077,Thu Mar 18 21:54:07 +0000 2010,From @engadget: http://www.engadget.com/2010/03/18/xbox-360-getting-usb-storage-support-in-spring-2010-firmware-upd/
10640866105,Wed Mar 17 22:04:38 +0000 2010,somewhat busy spring break
10388889322,Fri Mar 12 20:37:41 +0000 2010,spring break is hear. :)
10096966903,Sun Mar 07 00:42:21 +0000 2010,About to watch alice in wonderland
10006049673,Fri Mar 05 03:18:44 +0000 2010,RT @MacRumorsRSS The Significance of Steam and Valve's Games for Mac - Mac Rumors http://bit.ly/apZRuI
9958483763,Thu Mar 04 04:27:27 +0000 2010,spencer needs a new battery and charger for his macbook pro
9763029822,Sun Feb 28 04:57:23 +0000 2010,digital tutors on the iphone www.digitaltutors.com/newsletter/02_27_10.html
9143646161,Mon Feb 15 15:15:22 +0000 2010,From @engadget: http://www.engadget.com/2010/02/15/windows-phone-7-series-is-official-and-microsoft-is-playing-to/
9023671203,Fri Feb 12 20:07:53 +0000 2010,raised about $130 today with the DMI bake sale
8666086451,Fri Feb 05 05:56:18 +0000 2010,new facebook look is cool i guess
8466527079,Sun Jan 31 21:24:19 +0000 2010,RT @MacRumorsRSS Steve Jobs at Apple Town Hall Meeting, Google, Adobe, Next iPhone, 2010 Macs and More - Mac Rumors http://bit.ly/9pSigI
8349723599,Fri Jan 29 02:29:23 +0000 2010,no school tomorrow yay. :D
8301033357,Thu Jan 28 00:18:00 +0000 2010,the iPad looks pretty nice
7711970582,Wed Jan 13 15:42:02 +0000 2010,like all my classes so far this semester
7660965570,Tue Jan 12 06:53:43 +0000 2010,first day back went great.
7620117461,Mon Jan 11 05:40:23 +0000 2010,starting another semester tomorrow :)
7510500020,Fri Jan 08 07:03:57 +0000 2010,everyone should check out all the new gadgets at CES on http://www.engadget.com/
7458886000,Wed Jan 06 23:57:09 +0000 2010,http://cnettv.cnet.com/liveatces Live CES 2010 Coverage
7429804098,Wed Jan 06 04:43:34 +0000 2010,this is pretty cool http://www.engadget.com/2010/01/05/mitsubishis-projection-hdtvs-get-an-adapter-to-deal-with-blu-ra/
7429059561,Wed Jan 06 04:18:06 +0000 2010,took my hard drive out of my laptop for fun this evening all back  together now :D
7397038136,Tue Jan 05 07:49:38 +0000 2010,very cool http://www.engadget.com/2010/01/05/espn-3d-launches-in-june-with-world-cup-soccer-our-football-t/
7376020342,Mon Jan 04 19:16:15 +0000 2010,ready to go back to school :)
7261724242,Fri Jan 01 06:10:51 +0000 2010,Happy new year everyone
7187062132,Wed Dec 30 05:59:11 +0000 2009,love spending time with this wonderful person
7136512801,Mon Dec 28 22:06:49 +0000 2009,having a nice day so far. :)
7027615344,Fri Dec 25 08:28:29 +0000 2009,Birds of a Feather wall decal from Threadless by Blik: http://bit.ly/2h89i7 via @addthis
7025044316,Fri Dec 25 06:09:04 +0000 2009,its christmas day :)
7021401706,Fri Dec 25 03:46:41 +0000 2009,Sync your files online and across computers with @Dropbox. 2GB account is free! http://tinyurl.com/yfx4lyw
6789092358,Fri Dec 18 06:27:56 +0000 2009,I'm having a great Christmas break so far.
6592980445,Sat Dec 12 06:37:16 +0000 2009,My Secret Friend....
6590799759,Sat Dec 12 04:49:51 +0000 2009,hmm not anymore
6564140221,Fri Dec 11 11:44:14 +0000 2009,Love falling asleep while sitting in a chair at the computer
6440189233,Mon Dec 07 20:03:11 +0000 2009,oh just sitting in class doing nothing
6381476329,Sat Dec 05 22:18:54 +0000 2009,Its been a long day.
6344429034,Fri Dec 04 18:09:25 +0000 2009,@ThePatBurke haha yeah. i miss you i dont see you much anymore
6340252222,Fri Dec 04 15:44:52 +0000 2009,the semester is almost over. not sure if i am sad or happy.
6149931077,Sat Nov 28 20:26:05 +0000 2009,watching football with the family.
6086042801,Thu Nov 26 16:47:04 +0000 2009,In Pea Ridge, Arkansas visiting my grandma on thanksgiving. :)
6057800363,Wed Nov 25 18:56:04 +0000 2009,if you want to give in. then give in.
6057688713,Wed Nov 25 18:51:44 +0000 2009,http://twitpic.com/qwcn8 - ordered this bag a little while ago. I needed a new one.
5732540606,Sun Nov 15 08:59:49 +0000 2009,fun videos of myself http://www.youtube.com/user/TyrelCorporation
5697384531,Sat Nov 14 01:29:57 +0000 2009,ive had a very long day.
5664977679,Fri Nov 13 00:28:39 +0000 2009,this is going to be sweet http://bit.ly/4pKhS0
5604176865,Wed Nov 11 00:14:42 +0000 2009,i love having kernel panics they are the best
5571237936,Mon Nov 09 22:36:43 +0000 2009,Mac OS X 10.6.2 update out
5555595279,Mon Nov 09 10:21:50 +0000 2009,my things are all organized now i can go to sleep......
5518900383,Sun Nov 08 00:15:23 +0000 2009,http://twitpic.com/oopk7 - LC
5495917227,Sat Nov 07 02:09:45 +0000 2009,hope this actually happens http://bit.ly/2bLkOi
5487282017,Fri Nov 06 19:52:35 +0000 2009,back in perry again for the weekend
5481385983,Fri Nov 06 15:47:31 +0000 2009,@quintontetik http://twitpic.com/ohh1p - thats pretty sweet
5474420886,Fri Nov 06 08:59:04 +0000 2009,having a nice evening.  :)
5465219995,Fri Nov 06 00:40:50 +0000 2009,time is moving to fast. i wish it would slow down.
5441337224,Thu Nov 05 04:29:19 +0000 2009,worst night ever i murdered a dog :( and it broke my car a little too
5406921514,Wed Nov 04 00:43:03 +0000 2009,this is kinda crazy http://bit.ly/DbGLd
5359058178,Mon Nov 02 08:33:15 +0000 2009,back in Tonkawa again. :)
5338076991,Sun Nov 01 14:18:56 +0000 2009,went to bed at 10pm last night how weird
5242100571,Wed Oct 28 22:14:02 +0000 2009,this is pretty sweet http://bit.ly/2H5bFf
5190918042,Tue Oct 27 02:35:28 +0000 2009,@MilesDevin 5803072112
5140949288,Sun Oct 25 05:18:11 +0000 2009,just saw paranormal activity pretty good movie
5067116218,Thu Oct 22 11:35:47 +0000 2009,no more facebook for me for a while.
5031888784,Wed Oct 21 00:34:45 +0000 2009,@lauriexstrode look at this site http://www.macrumors.com
5028013921,Tue Oct 20 21:36:48 +0000 2009,new apple stuff looks pretty sweet
4961680901,Sun Oct 18 06:18:24 +0000 2009,listening to some sick music by Vector Wolf ;)
4938816955,Sat Oct 17 08:54:41 +0000 2009,just got home for the night. its bed time
4852869195,Wed Oct 14 03:03:04 +0000 2009,ready for the break
4802972751,Mon Oct 12 05:57:40 +0000 2009,@bahern http://twitpic.com/l7rle - WOW! u did it
4802958915,Mon Oct 12 05:56:39 +0000 2009,back in Tonkawa only 3 days of school then fall break.
4780980470,Sun Oct 11 08:58:58 +0000 2009,well almost done with all my homework. going to bed for now.
4777214450,Sun Oct 11 04:12:30 +0000 2009,went to stillwater for a while back home now. time to work late into the night.
4766748845,Sat Oct 10 19:14:13 +0000 2009,lots of homework this weekend.
4728297447,Fri Oct 09 05:57:12 +0000 2009,http://twitpic.com/ksz6z - Master chief naked
4705273545,Thu Oct 08 09:20:08 +0000 2009,bed time
4687599640,Wed Oct 07 17:43:13 +0000 2009,Having a bad arm hair day.
4664883792,Tue Oct 06 21:13:19 +0000 2009,http://twitpic.com/kir0b - Thanks trent. :)
4619368962,Mon Oct 05 03:08:03 +0000 2009,had some amazing birthday celebrations this weekend.
4582590138,Sat Oct 03 16:59:22 +0000 2009,http://twitpic.com/k3tyt - Mmmm pumkins
4582339441,Sat Oct 03 16:47:19 +0000 2009,http://twitpic.com/k3rx9 - At the pumkin patch with my mom on her birthday.
4553679264,Fri Oct 02 14:29:47 +0000 2009,thanks everyone for wishing me a happy birthday! :)
4546954827,Fri Oct 02 06:24:27 +0000 2009,happy birthday to me!
4537771804,Thu Oct 01 23:21:35 +0000 2009,love free money.
4518139874,Thu Oct 01 05:23:47 +0000 2009,my birthday is one day away.. :)
4492000270,Wed Sep 30 07:09:30 +0000 2009,life is crazy right now...
4469672501,Tue Sep 29 13:22:08 +0000 2009,up a little early this morning
4401576217,Sat Sep 26 20:45:17 +0000 2009,going to Lifechurch.tv OKC campus at 5
4387775260,Sat Sep 26 05:15:45 +0000 2009,taking care of my sisters dogs in OKC tonight and tomorrow.
4373701256,Fri Sep 25 17:40:16 +0000 2009,its been a great week.
4337322554,Thu Sep 24 07:56:05 +0000 2009,so i burned my hand pretty good this evening with some hot water and ramen
4335406936,Thu Sep 24 05:19:32 +0000 2009,love the halo 3 odst soundtrack
4309754604,Wed Sep 23 06:14:47 +0000 2009,going to bed a little early tonight :D
4176277979,Tue Sep 22 17:01:44 +0000 2009,@alexhdavis game play is amazing but story ending is gay
4173569849,Tue Sep 22 15:00:28 +0000 2009,@alexhdavis not the best
4168981888,Tue Sep 22 10:00:09 +0000 2009,just finished playing halo3 odst ......
4155761115,Mon Sep 21 21:18:14 +0000 2009,its been a nice day so far.
4143242961,Mon Sep 21 09:34:41 +0000 2009,mmm finishing homework at 4:30 am is fun :)
4106532058,Sat Sep 19 17:46:32 +0000 2009,having a great time in perry
4096880685,Sat Sep 19 05:10:49 +0000 2009,had a great day with tim kelly.
4063338082,Thu Sep 17 21:14:51 +0000 2009,its nice today
4049548848,Thu Sep 17 07:21:10 +0000 2009,always having fun here at NOC in tonkawa
4024793229,Wed Sep 16 07:27:18 +0000 2009,had a great day today
3999241047,Tue Sep 15 05:55:15 +0000 2009,nerf gun fights are soooo much fun
3990532385,Mon Sep 14 22:40:58 +0000 2009,need to do some homework this evening
3974858275,Mon Sep 14 05:53:35 +0000 2009,having fun at NOC as always. love my friends. :)
3962153689,Sun Sep 13 21:12:47 +0000 2009,about to head back to tonkawa :)
3944043959,Sat Sep 12 23:50:11 +0000 2009,http://twitpic.com/hij5i - Hmm a twitter book
3938007133,Sat Sep 12 18:00:42 +0000 2009,just got done mowing the yard ....
3930686474,Sat Sep 12 08:12:58 +0000 2009,"everything is different in the world of me"
3926874129,Sat Sep 12 03:13:13 +0000 2009,had a great time in OKC with my sister this evening
3904239680,Fri Sep 11 03:44:10 +0000 2009,had a great day. really enjoy my new job.
3882033183,Thu Sep 10 05:49:31 +0000 2009,loving iTunes 9
3860021385,Wed Sep 09 09:15:29 +0000 2009,still awake. no sleep for me :D
3835160103,Tue Sep 08 06:00:34 +0000 2009,ready for some class tomorrow
3827638320,Mon Sep 07 22:42:09 +0000 2009,http://twitpic.com/gwhpi - Cute little bird
3801152039,Sun Sep 06 17:01:04 +0000 2009,having a wonderful day
3773948556,Sat Sep 05 05:14:23 +0000 2009,@alexhdavis http://twitpic.com/gj7dy - haha cute
3771364445,Sat Sep 05 02:34:25 +0000 2009,hanging out in perry not a lot to do at the moment
3751818974,Fri Sep 04 06:17:54 +0000 2009,sitting in the dmi lab by myself haha trying to study.
3728460434,Thu Sep 03 05:56:35 +0000 2009,fun stuff http://bit.ly/12qKfA
3728130421,Thu Sep 03 05:29:19 +0000 2009,http://twitpic.com/ga9fa - I love this
3718881062,Wed Sep 02 21:05:34 +0000 2009,hmm this is the second time for me to have to send in my 360 :(
3718833067,Wed Sep 02 21:03:06 +0000 2009,http://twitpic.com/g8hmo - Well my xbox came back on but not for long
3718677134,Wed Sep 02 20:55:18 +0000 2009,sweet my xbox just red ringed
3712361203,Wed Sep 02 14:49:04 +0000 2009,time to go to class
3707440994,Wed Sep 02 07:57:42 +0000 2009,another great day at NOC. time to go to bed
3680348480,Tue Sep 01 02:56:45 +0000 2009,having a wonderful evening
3679300625,Tue Sep 01 02:02:37 +0000 2009,vanilla soy milk and Oreos is amazing
3673591531,Mon Aug 31 21:04:47 +0000 2009,had lots of fun in dreamweaver today..
3660792827,Mon Aug 31 06:05:15 +0000 2009,back in tonkawa
3631792660,Sat Aug 29 20:45:31 +0000 2009,great work day at h2o today
3616411498,Sat Aug 29 01:39:46 +0000 2009,in perry hanging out at home
3604875730,Fri Aug 28 15:42:12 +0000 2009,@alexhdavis dmi thing*
3604868286,Fri Aug 28 15:41:49 +0000 2009,@alexhdavis dmi think
3604782075,Fri Aug 28 15:37:29 +0000 2009,Looking forward to the brown bag
3602418604,Fri Aug 28 13:30:26 +0000 2009,Snow Leopard is out today http://www.apple.com/
3597394357,Fri Aug 28 05:56:19 +0000 2009,RT @fforward : 100 years of visual effects in 5 minutes | http://bit.ly/GIfgW
3596769633,Fri Aug 28 05:07:39 +0000 2009,i need something to work on there is not enough to do at school....
3569802236,Thu Aug 27 01:41:55 +0000 2009,im loving school
3530409051,Tue Aug 25 06:55:39 +0000 2009,well i think its is bed time. goodnight internet.
3530377222,Tue Aug 25 06:52:34 +0000 2009,uhhhh my body hurts....
3512637803,Mon Aug 24 13:45:45 +0000 2009,finally got my books this morning. now i have to read some essay before class.....
3487337636,Sun Aug 23 05:56:21 +0000 2009,had another great evening with the Aherns
3469589722,Sat Aug 22 09:44:41 +0000 2009,playing in photoshop all night is always fun. time to go to bed now.
3455248612,Fri Aug 21 18:28:33 +0000 2009,back in perry for the weekend
3445461779,Fri Aug 21 07:11:06 +0000 2009,time to go to bed. goodnight internet.
3445441220,Fri Aug 21 07:09:07 +0000 2009,@quintontetik those are pretty sweet looking.
3444482711,Fri Aug 21 05:45:36 +0000 2009,just installed Snow Leopard :)
3437480197,Thu Aug 20 23:00:16 +0000 2009,having a wonderful time at school.
3427057464,Thu Aug 20 13:14:05 +0000 2009,gonna go to bed now. have class at 1.
3425509447,Thu Aug 20 11:06:42 +0000 2009,i love not sleeping.
3423455757,Thu Aug 20 07:32:24 +0000 2009,up late with nothing to do....
3410583151,Wed Aug 19 18:50:58 +0000 2009,done with class for today.
3401542249,Wed Aug 19 08:08:36 +0000 2009,just now going to bed.
3398696968,Wed Aug 19 04:12:44 +0000 2009,had another great day today.
3382154954,Tue Aug 18 13:16:37 +0000 2009,first class starts at 1 today
3382010421,Tue Aug 18 13:06:07 +0000 2009,nice day this morning. Rain.....
3376164706,Tue Aug 18 04:04:03 +0000 2009,had a great first day at school today.
3361952328,Mon Aug 17 14:13:39 +0000 2009,first class at 10.
3360019637,Mon Aug 17 11:23:48 +0000 2009,going for a run this morning.
3349520574,Sun Aug 16 20:47:45 +0000 2009,back at noc again
3323008546,Sat Aug 15 04:37:59 +0000 2009,having a nice time at Noc Tonkawa
3311465315,Fri Aug 14 17:21:20 +0000 2009,http://twitpic.com/dvc94 - All moved in.
3310498456,Fri Aug 14 16:30:31 +0000 2009,All moved in! :)
3300847604,Fri Aug 14 03:43:32 +0000 2009,@merzman really i always thought that was you.
3300741568,Fri Aug 14 03:37:11 +0000 2009,well i have most of my things in my car ready to move back to tonkawa.
3291758270,Thu Aug 13 19:07:14 +0000 2009,i need to get my stuff ready to move tomorrow
3279489673,Thu Aug 13 03:38:49 +0000 2009,hangin with the Aherns
3260938089,Wed Aug 12 06:18:30 +0000 2009,home again. going to bed in a bit.
3259661740,Wed Aug 12 04:39:16 +0000 2009,take me to infinity...
3259147313,Wed Aug 12 04:05:43 +0000 2009,watching squidbillies with nathan
3259035624,Wed Aug 12 03:58:57 +0000 2009,hangin out with NATHAN
3238314722,Tue Aug 11 02:59:11 +0000 2009,@Wafflewarfel  haha thanks.
3237178946,Tue Aug 11 01:54:30 +0000 2009,http://twitpic.com/dgklp - Hair cut!!!
3230274565,Mon Aug 10 19:10:00 +0000 2009,looking forward to friday. :)
3213141210,Sun Aug 09 20:39:53 +0000 2009,just woke up from a nice nap on the floor...
3195911743,Sat Aug 08 18:19:02 +0000 2009,this summer has been the best summer ive ever had
3183183200,Fri Aug 07 20:46:28 +0000 2009,RT @LandrysFrozen First 100 followers get free frozen yogurt coupon for Landry's Frozen Custard and Self Serve frozen yogurt 12 flavors!
3180231031,Fri Aug 07 17:00:06 +0000 2009,one week from today i will be moving back to Tonkawa.
3173628855,Fri Aug 07 03:39:59 +0000 2009,@tinaahern No :)
3159066388,Thu Aug 06 02:56:35 +0000 2009,at hastings using the internet.
3158062038,Thu Aug 06 02:01:54 +0000 2009,it has been pretty hot today...
3137245389,Wed Aug 05 02:27:47 +0000 2009,check out the new digital tutors site http://www.digitaltutors.com
3133700682,Tue Aug 04 22:57:03 +0000 2009,I am ready for school.
3112643538,Mon Aug 03 22:28:05 +0000 2009,I made it home
3099709754,Mon Aug 03 05:56:08 +0000 2009,So people tell me to cut my hair ALL THE TIME, but i dont know if i should or not so i need some opinions.
3099579900,Mon Aug 03 05:44:32 +0000 2009,"And now I am afraid You will blossom soon and grow and change There is so much I can't take but I will understand I will open my hand" IAMX
3097664114,Mon Aug 03 03:23:33 +0000 2009,internet you are no longer as much fun as you were in the past
3097446213,Mon Aug 03 03:09:27 +0000 2009,had a wonderful day today
3088883220,Sun Aug 02 17:13:12 +0000 2009,http://twitpic.com/ciw0k - Having tea with my brother at the new mexico tea bar
3082402479,Sun Aug 02 05:25:20 +0000 2009,open your ears and listen to what god has to say
3080943732,Sun Aug 02 03:31:23 +0000 2009,going to new mexico tea company in the morning
3075904466,Sat Aug 01 21:14:46 +0000 2009,hope i get to go to the New Mexico Tea Company today. http://www.nmteaco.com
3074995946,Sat Aug 01 20:08:22 +0000 2009,http://twitpic.com/cf0k3 - Beautiful!
3061382100,Sat Aug 01 00:24:23 +0000 2009,http://twitpic.com/cbe8a -
3061295418,Sat Aug 01 00:18:31 +0000 2009,http://twitpic.com/cbdc4 -
3055072768,Fri Jul 31 17:52:29 +0000 2009,http://twitpic.com/c9rhn -
3055038576,Fri Jul 31 17:50:33 +0000 2009,http://twitpic.com/c9r7v - Somewhere in new mexico.
2953122625,Fri Jul 31 15:45:48 +0000 2009,On the road to New Mexico.
2946126749,Fri Jul 31 05:30:42 +0000 2009,leaving for Albuquerque  in 6 hours wonder if i should go to bed......
2938831789,Thu Jul 30 21:57:41 +0000 2009,Leaving for Albuquerque, NM tomorrow morning.
2922943066,Thu Jul 30 03:07:07 +0000 2009,had another wonderful evening.
2898751495,Tue Jul 28 22:50:30 +0000 2009,i think i need an iMac
2898693215,Tue Jul 28 22:46:46 +0000 2009,about to go to my dads for dinner.
2885693302,Tue Jul 28 06:21:19 +0000 2009,fun night at the Aherns
2850399871,Sun Jul 26 07:38:11 +0000 2009,http://samovarlife.com you are amazing
2833021796,Sat Jul 25 05:14:00 +0000 2009,had a nice time at sonic with @tinaahern and @bahern
2812940582,Fri Jul 24 04:44:12 +0000 2009,ive got to get a bigger hard drive for my mac.... so little space left
2812612855,Fri Jul 24 04:22:24 +0000 2009,putting together video for the service at 7pm tomorrow at  H2Ochurch.tv Perry
2794671384,Thu Jul 23 07:40:27 +0000 2009,i really like this picture @ZackAhern took of me tonight. http://www.flickr.com/photos/zackahern/3748063123/
2791852160,Thu Jul 23 03:48:05 +0000 2009,@FLS119 its no big deal. you will have to come hangout at NOC when you are free sometime.
2791806789,Thu Jul 23 03:45:14 +0000 2009,@FLS119 i should be free tomorrow and most of next week but im leaving for fun on friday next week.
2791759962,Thu Jul 23 03:42:12 +0000 2009,@FLS119 well im free to hangout most evenings after 6 or so.
2791675743,Thu Jul 23 03:36:52 +0000 2009,@FLS119 no ive just been pretty busy. Sorry. but i am about to go on vacation next week.
2791604096,Thu Jul 23 03:32:23 +0000 2009,got to be the subject of @ZackAhern s photo tonight. i had fun.
2789241927,Thu Jul 23 01:10:14 +0000 2009,Samovar tea is amazing check it out http://samovarlife.com/
2774828205,Wed Jul 22 08:32:46 +0000 2009,up late again. need a new external hard drive only 60 GB left on my 1TB
2744964179,Mon Jul 20 20:32:14 +0000 2009,had an awesome time with @bahern this morning.
2729260471,Sun Jul 19 23:32:49 +0000 2009,having a nice and relaxing sunday.
2717497395,Sun Jul 19 04:59:37 +0000 2009,just got back from doing a whole lot of nothing in stillwater.
2715636283,Sun Jul 19 02:35:13 +0000 2009,Reading a book in hastings.
2700729757,Sat Jul 18 03:26:15 +0000 2009,im ready to get back to school and learn some things.
2699797619,Sat Jul 18 02:17:16 +0000 2009,well perry h2o just had its first unofficial service and it went well
2665710188,Thu Jul 16 06:36:57 +0000 2009,Had a very nice time this evening.
2648464702,Wed Jul 15 09:11:10 +0000 2009,i guess cats like to hang out in H2O perry at night
2641885707,Wed Jul 15 00:15:53 +0000 2009,going to see harry potter tonight should be fun.
2626997046,Tue Jul 14 04:27:45 +0000 2009,brick walls sure look nice when they are clean
2610907397,Mon Jul 13 07:15:28 +0000 2009,Had a nice time drinking tea with @MurderLovesFate this evening.
2604830599,Sun Jul 12 22:47:15 +0000 2009,http://twitpic.com/a63g9 - Pu-erh tea
2604187345,Sun Jul 12 21:55:20 +0000 2009,i need something to do this evening. someone should call or text me. 5803072112
2595221150,Sun Jul 12 06:05:56 +0000 2009,i need a faster computer....... New MacBook Pro 15" would be nice
2589080394,Sat Jul 11 21:24:31 +0000 2009,http://twitpic.com/a1lua - Inside bathroom
2589040564,Sat Jul 11 21:21:09 +0000 2009,http://twitpic.com/a1laz - Inside kitchen
2589008081,Sat Jul 11 21:18:27 +0000 2009,http://twitpic.com/a1kwe - Bar in
2574443210,Fri Jul 10 22:00:41 +0000 2009,http://twitpic.com/9xirj - Brick looks nice
2574422621,Fri Jul 10 21:59:14 +0000 2009,http://twitpic.com/9xiki - Bathrooms
2558036777,Thu Jul 09 22:35:49 +0000 2009,http://twitpic.com/9tu1w - Tea :)
2557879976,Thu Jul 09 22:24:52 +0000 2009,http://twitpic.com/9tsme - Yum
2557382903,Thu Jul 09 21:50:47 +0000 2009,http://twitpic.com/9todw - Check out that ryokucha green tea
2543614137,Thu Jul 09 02:40:12 +0000 2009,things are easier than they seem with God
2543557953,Thu Jul 09 02:36:22 +0000 2009,@big_t124  haha thats pretty cute.
2534096746,Wed Jul 08 15:50:07 +0000 2009,http://twitpic.com/9ovxl - Lots of rain
2528080654,Wed Jul 08 05:23:05 +0000 2009,http://twitpic.com/9nvpj - On top of H2O
2524938849,Wed Jul 08 01:38:06 +0000 2009,http://twitpic.com/9nau4 - Look at the dead baby bird
2523441394,Tue Jul 07 23:49:29 +0000 2009,went for another run this evening it was much hotter this time.
2520979567,Tue Jul 07 20:53:15 +0000 2009,VLC 1.0.0 is out. http://digg.com/d1vw38
2520943078,Tue Jul 07 20:50:47 +0000 2009,doing laundry is always fun.
2503988012,Mon Jul 06 22:17:59 +0000 2009,it is really nice outside today. i like it.
2502129404,Mon Jul 06 19:59:45 +0000 2009,nice short work day at H2O perry today.
2492568229,Mon Jul 06 04:49:22 +0000 2009,i need me some snake wine http://www.asiansnakewine.com/
2491591826,Mon Jul 06 03:25:50 +0000 2009,http://twitpic.com/9gs3a - I guess this thing is cleaning out my body im not sure its kinda crazy
2489268604,Mon Jul 06 00:13:56 +0000 2009,just went for a nice 2 mile run. felt good.
2488078072,Sun Jul 05 22:31:29 +0000 2009,tweet tweet tweet
2483857280,Sun Jul 05 16:29:55 +0000 2009,having a nice day today
2479892387,Sun Jul 05 07:18:13 +0000 2009,well im going to bed goodnight internet
2479758378,Sun Jul 05 06:59:36 +0000 2009,hmm didnt know tim burton was doing Alice in Wonderland http://bit.ly/cFYnX
2479634918,Sun Jul 05 06:42:20 +0000 2009,had a pretty good night. not to many fireworks though only the ones i saw while driving.
2472297251,Sat Jul 04 18:27:22 +0000 2009,http://twitpic.com/9agun - Love this too
2471857482,Sat Jul 04 17:49:19 +0000 2009,http://twitpic.com/9aawo - i Love this setup
2463313456,Sat Jul 04 01:51:14 +0000 2009,http://twitpic.com/97x4c - Going to do some fireworks with aiden
2446264037,Fri Jul 03 00:48:11 +0000 2009,i love this tea pot http://www.sorapot.com/
2414707013,Wed Jul 01 03:26:32 +0000 2009,taking apart projectors is lots of fun
2412063303,Wed Jul 01 00:05:37 +0000 2009,The Pirate Bay Sold To Software Company, Goes Legal http://digg.com/d1vGT0
2406126585,Tue Jun 30 16:53:28 +0000 2009,@big_t124 yeah i know ive checked them out on http://samovarlife.com/
2405669639,Tue Jun 30 16:21:10 +0000 2009,Cool Video check it out http://vimeo.com/5383223
2396786034,Tue Jun 30 01:30:31 +0000 2009,No man can serve two masters; for either he will hate the one, and love the other; or else he will hold to one, and despise the other.
2381114889,Mon Jun 29 02:24:31 +0000 2009,hmm just saw this Billy Mays Found Dead in Home  http://digg.com/d1v6Qz
2380227875,Mon Jun 29 01:36:42 +0000 2009,got lots of sleep today it was nice.
2364800142,Sat Jun 27 23:13:16 +0000 2009,http://twitpic.com/8mboo - Tea
2361887031,Sat Jun 27 18:31:20 +0000 2009,http://twitpic.com/8l7xj - Floor is all cut up
2361866034,Sat Jun 27 18:29:27 +0000 2009,http://twitpic.com/8l7ok -
2361857982,Sat Jun 27 18:28:41 +0000 2009,http://twitpic.com/8l7kp -
2361841611,Sat Jun 27 18:27:08 +0000 2009,http://twitpic.com/8l7dn - Wall is getting there
2353423080,Sat Jun 27 01:58:24 +0000 2009,http://twitpic.com/8j0sh - My brother is building a new office
2353162440,Sat Jun 27 01:34:38 +0000 2009,http://twitpic.com/8iy0b - My brother got a pretty nice monitor
2350354485,Fri Jun 26 21:40:26 +0000 2009,http://twitpic.com/8i4gw - Other wall is getting there
2350321992,Fri Jun 26 21:38:06 +0000 2009,http://twitpic.com/8i46h - New wall
2338232939,Fri Jun 26 03:09:14 +0000 2009,http://twitpic.com/8fp04 - I love tea!
2333627798,Thu Jun 25 22:25:34 +0000 2009,hmm Michael Jackson is dead http://bit.ly/fSQdc
2329306511,Thu Jun 25 17:35:39 +0000 2009,http://twitpic.com/8dy6v - I love these
2315922793,Wed Jun 24 20:38:23 +0000 2009,love spending the day with brian working at H2O
2304053819,Wed Jun 24 02:00:17 +0000 2009,http://twitpic.com/88va1 - My legs are peeling pretty bad.
2301558185,Tue Jun 23 22:36:08 +0000 2009,http://twitpic.com/88920 - Water in the sink!
2296748692,Tue Jun 23 16:34:07 +0000 2009,http://twitpic.com/87469 - Water!
2288863717,Tue Jun 23 02:43:14 +0000 2009,Watching exodus earth on the science channel. good stuff
2260588643,Sun Jun 21 02:27:41 +0000 2009,@SkylarSch its an old powerbook charger i think
2259566968,Sun Jun 21 00:47:55 +0000 2009,http://twitpic.com/7ykne - Grandpa Neely
2226098944,Thu Jun 18 18:31:49 +0000 2009,http://twitpic.com/7q7ia -
2225320841,Thu Jun 18 17:34:40 +0000 2009,http://twitpic.com/7q1lh - The water is pretty nice.
2225312411,Thu Jun 18 17:34:04 +0000 2009,http://twitpic.com/7q1iz - The water is pretty nice.
2215660713,Thu Jun 18 01:26:28 +0000 2009,http://twitpic.com/7oa34 - Beautiful!
2215561113,Thu Jun 18 01:18:28 +0000 2009,http://twitpic.com/7o9a0 - Treynor making a fire.
2213773883,Wed Jun 17 22:49:38 +0000 2009,http://twitpic.com/7ntp1 - Treynor cooking food!
2213636711,Wed Jun 17 22:38:30 +0000 2009,http://twitpic.com/7nsgd - River!
2202731123,Wed Jun 17 05:18:40 +0000 2009,going on a fun float trip tomorrow.
2185854076,Tue Jun 16 01:00:13 +0000 2009,@amanda_mclemore birthday dinner?
2183655538,Mon Jun 15 21:48:17 +0000 2009,my arms and hands hurt. pulling plaster off of brick is hard work.
2182982670,Mon Jun 15 20:53:32 +0000 2009,http://twitpic.com/7hq9n - More brick
2170655076,Sun Jun 14 23:32:52 +0000 2009,@tinaahern yeah but i messed it up :(
2170360612,Sun Jun 14 23:02:42 +0000 2009,http://twitpic.com/7f4w4 - well the W broke i tried to fix it looks bad so i quit
2167992529,Sun Jun 14 19:09:47 +0000 2009,http://twitpic.com/7edom - Look at that brick
2150767898,Sat Jun 13 05:20:06 +0000 2009,http://twitpic.com/79htl - Duke Nukem came to relay for life
2150752540,Sat Jun 13 05:18:11 +0000 2009,http://twitpic.com/79hp4 - Relay for life
2150028252,Sat Jun 13 04:02:43 +0000 2009,http://facebook.com/spencer.tetik
2150014942,Sat Jun 13 04:01:44 +0000 2009,facebook.com/spencer.tetik
2133534575,Fri Jun 12 16:51:32 +0000 2009,http://twitpic.com/77e5r - Stormed pretty hard in perry
2127540398,Fri Jun 12 04:57:34 +0000 2009,@merzman  haha alright sounds like fun. :)
2127521139,Fri Jun 12 04:55:23 +0000 2009,@merzman well we need to hang out some time.
2127425941,Fri Jun 12 04:45:17 +0000 2009,@amanda_mclemore i did not
2127398379,Fri Jun 12 04:42:26 +0000 2009,@amanda_mclemore same thing ive been doing.
2127349335,Fri Jun 12 04:37:32 +0000 2009,Ready for tomorrow.
2110506903,Thu Jun 11 00:23:22 +0000 2009,http://twitpic.com/72zz2 - Aiden with a ball
2109320181,Wed Jun 10 22:31:47 +0000 2009,no twitpics today to busy for pictures. Got a lot done today.
2094757568,Tue Jun 09 21:29:37 +0000 2009,http://twitpic.com/7003o - Brian taking a break
2094542899,Tue Jun 09 21:11:04 +0000 2009,http://twitpic.com/6zyeq - Got a lot done and made a lot more trash
2084975110,Tue Jun 09 03:00:25 +0000 2009,had another great day today.
2082126988,Mon Jun 08 22:27:16 +0000 2009,http://twitpic.com/6xn1p -
2082118024,Mon Jun 08 22:26:23 +0000 2009,http://twitpic.com/6xmz1 -
2082094394,Mon Jun 08 22:24:07 +0000 2009,http://twitpic.com/6xmrq -
2082076900,Mon Jun 08 22:22:27 +0000 2009,http://twitpic.com/6xmn4 - Lots of trash
2068355530,Sun Jun 07 20:56:39 +0000 2009,Having a nice day today.
2062446663,Sun Jun 07 06:15:22 +0000 2009,had a great day today got a lot done
2058361178,Sat Jun 06 21:47:09 +0000 2009,http://twitpic.com/6rzzg - Wall cleaned off mostly
2058339543,Sat Jun 06 21:44:34 +0000 2009,http://twitpic.com/6rzp6 - Wall is gone
2058311689,Sat Jun 06 21:41:14 +0000 2009,http://twitpic.com/6rzb1 - Other wall is gone too.
2031774585,Thu Jun 04 17:17:55 +0000 2009,Long day of doing nothing today.
2022384104,Wed Jun 03 22:54:28 +0000 2009,http://twitpic.com/6k94w -
2022371790,Wed Jun 03 22:53:14 +0000 2009,http://twitpic.com/6k91c -
2018333578,Wed Jun 03 16:48:17 +0000 2009,http://twitpic.com/6jesa - Look at the hole i made
2013355875,Wed Jun 03 05:28:54 +0000 2009,ive had a great day with some great people
1999231691,Tue Jun 02 02:51:57 +0000 2009,got me a steroid shot today hope it will help me to get rid of this poison ivy
1996271780,Mon Jun 01 21:48:38 +0000 2009,Had a pretty good day doing some demolition in the soon to be H2O Church.tv
1977818682,Sun May 31 04:46:48 +0000 2009,Had a pretty good day today helped move things and had fun
1954797825,Fri May 29 02:01:46 +0000 2009,been making some money workin for my gramps
1944140389,Thu May 28 05:14:49 +0000 2009,life is really good right now. lots of good things coming my way.
1926876086,Tue May 26 19:17:46 +0000 2009,http://twitpic.com/608en - Cutting down some trees with my grandpa
1919165129,Tue May 26 02:24:54 +0000 2009,i have poison IVY all over my arms ewwwwwww
1909453279,Mon May 25 04:34:08 +0000 2009,well i slept all day and now im up and i have nothing to do.
1906487396,Sun May 24 22:17:05 +0000 2009,Doing a whole lot of nothing today.
1896667900,Sat May 23 21:13:36 +0000 2009,Just got done playing some disc golf for the first time, with my family.
1865616157,Thu May 21 00:46:51 +0000 2009,Looking forward to helping start H2O in Perry. http://bit.ly/EAK1s
1855374317,Wed May 20 03:24:23 +0000 2009,been gone all day finally home
1840008760,Mon May 18 21:10:17 +0000 2009,http://twitpic.com/5g5ho - Baby bird!
1830124921,Sun May 17 23:09:58 +0000 2009,shes getting there slowly.....
1820821679,Sat May 16 22:48:28 +0000 2009,in the city again helping out my sick sister
1810119360,Fri May 15 20:53:11 +0000 2009,i really enjoy getting things done and being productive
1802859274,Fri May 15 04:22:52 +0000 2009,so im sitting outside of nathans house waiting on him to answer my phone call or call me back and invite me in
1798264653,Thu May 14 19:32:44 +0000 2009,spencer needs a wacom intuos4 tablet
1793337149,Thu May 14 09:18:04 +0000 2009,its so hard to go to sleep there is so much to do.... on my computer!!
1788018397,Wed May 13 21:03:26 +0000 2009,stayed up really late last night
1770479243,Tue May 12 04:28:24 +0000 2009,well no job yet  but maybe one soon
1760066278,Mon May 11 03:35:14 +0000 2009,Been Job hunting in OKC today lots of fun
1752386422,Sun May 10 04:46:57 +0000 2009,i fell out of a tree flat on my back today my mom freaked out. haha
1752194192,Sun May 10 04:16:38 +0000 2009,MEOW
1747038633,Sat May 09 15:52:57 +0000 2009,mowing the yard in the rain is fun :)
1744449169,Sat May 09 06:10:11 +0000 2009,everyone should watch this very funny http://playhimoffkeyboardcat.com/post/105161877
1743722831,Sat May 09 04:04:51 +0000 2009,hanging out with the nathan
1736141203,Fri May 08 09:35:51 +0000 2009,up late downloading stuff
1724220272,Thu May 07 04:25:26 +0000 2009,one paper finished one more to go......
1722668644,Thu May 07 01:19:31 +0000 2009,school is almost over. i need some sort of a job
1712162226,Wed May 06 01:17:00 +0000 2009,Ready for DMI next year!
1698750284,Mon May 04 19:44:23 +0000 2009,back at school no class for most of the week
1689119376,Sun May 03 19:39:18 +0000 2009,Hanging out with my mother at home
1670092946,Fri May 01 15:43:00 +0000 2009,no class today :)
1661765252,Thu Apr 30 19:01:25 +0000 2009,In Perry again
1659676359,Thu Apr 30 15:10:49 +0000 2009,cleaning up the art room
1656156673,Thu Apr 30 04:05:20 +0000 2009,jk back to twitterrific
1655562891,Thu Apr 30 02:48:56 +0000 2009,I really like Tweetie
1653019209,Wed Apr 29 21:44:52 +0000 2009,RT: i'm all for renaming swine flu to 'bacon flu'. bacon flu sounds far less scary and slightly tasty
1643480818,Tue Apr 28 22:57:12 +0000 2009,http://twitpic.com/46kb2 - Din din in the caf
1640418067,Tue Apr 28 16:46:35 +0000 2009,@dannonlite what is going on after work
1640193500,Tue Apr 28 16:21:43 +0000 2009,today is going well so far
1636870260,Tue Apr 28 06:24:01 +0000 2009,http://twitpic.com/459y5 - Nathan as air man
1634995089,Tue Apr 28 01:57:26 +0000 2009,@blackfireworks you shouldn't worry so much it will kill you in the end
1634277371,Tue Apr 28 00:32:06 +0000 2009,hanging out in my dorm
1630950425,Mon Apr 27 17:55:21 +0000 2009,well im having a bloody good day
1622084123,Sun Apr 26 18:15:11 +0000 2009,http://twitpic.com/41tuw - Baby bunnys 7 of them
1621719678,Sun Apr 26 17:22:26 +0000 2009,Hanging out in perry
1619400822,Sun Apr 26 08:36:37 +0000 2009,@IanVanWoods i really looking forward to coming out to LA
1619392953,Sun Apr 26 08:34:04 +0000 2009,http://twitpic.com/411tn - Look how gay nathan and kalin are
1619373522,Sun Apr 26 08:28:01 +0000 2009,http://twitpic.com/411no - Blake is so cute when he sleeps
1618812446,Sun Apr 26 05:55:56 +0000 2009,Having a wonderful evening
1610262802,Sat Apr 25 03:39:20 +0000 2009,hanging out at noc tonight
1596106753,Thu Apr 23 17:51:04 +0000 2009,@IanVanWoods you got an iMac? sweet
1581447340,Wed Apr 22 03:04:01 +0000 2009,School is so much fun
1554923013,Sun Apr 19 01:19:24 +0000 2009,http://twitpic.com/3kgms - Din din with family
1551980697,Sat Apr 18 17:28:32 +0000 2009,Im Ready for the art show tonight it will be fun
1549210155,Sat Apr 18 06:29:55 +0000 2009,Hanging out doing a lot of nothing
1549201986,Sat Apr 18 06:27:48 +0000 2009,Just added myself to the http://wefollow.com twitter directory under:  #Xbox360 #Tea #Digg
1542291326,Fri Apr 17 14:19:38 +0000 2009,@IanVanWoods Observe and Report is pretty funny i loved it
1525541828,Wed Apr 15 14:31:02 +0000 2009,today should be a fun day
1509381303,Mon Apr 13 14:36:43 +0000 2009,had a very nice easter weekend and i have a great week ahead of me
1506941085,Mon Apr 13 03:19:17 +0000 2009,http://twitpic.com/38z1g - Death cab
1505830755,Sun Apr 12 23:46:13 +0000 2009,http://twitpic.com/38n5f - Front row
1505532374,Sun Apr 12 22:47:17 +0000 2009,http://twitpic.com/38jan - Waiting in line for death cab 2
1505486409,Sun Apr 12 22:38:15 +0000 2009,http://twitpic.com/38ipb - Waiting in line for death cab
1501828495,Sun Apr 12 07:04:19 +0000 2009,having a great weekend
1480061390,Wed Apr 08 23:45:23 +0000 2009,http://twitpic.com/30vpx - Tim and Aaron hard at work
1476897634,Wed Apr 08 14:40:12 +0000 2009,ready for some fun this weekend
1474791511,Wed Apr 08 05:24:02 +0000 2009,NOC EGG HUNT
1474443197,Wed Apr 08 04:06:09 +0000 2009,http://twitpic.com/2zkw1 - Easter egg hunt at NOC
1472871886,Tue Apr 07 23:28:16 +0000 2009,http://twitpic.com/2z7ef - Top of wilkin 2
1472831688,Tue Apr 07 23:21:11 +0000 2009,http://twitpic.com/2z70l - On top of wilkin
1465819295,Mon Apr 06 22:40:13 +0000 2009,http://twitpic.com/2xlf6 - Grass swirl
1464979716,Mon Apr 06 20:05:33 +0000 2009,http://twitpic.com/2xd4o - Red and Black
1463737211,Mon Apr 06 16:25:08 +0000 2009,http://twitpic.com/2x28z - Bo williams is sexy
1463174299,Mon Apr 06 14:44:52 +0000 2009,feeling good after a nice workout with Bo Williams
1457727610,Sun Apr 05 17:02:26 +0000 2009,about to have some lunch with the fam
1447380895,Fri Apr 03 19:55:07 +0000 2009,http://twitpic.com/2ryak - Getting my oil changed
1446896039,Fri Apr 03 18:18:49 +0000 2009,Back in perry
1445545189,Fri Apr 03 14:28:34 +0000 2009,early morning classes are amazing
1443205879,Fri Apr 03 03:58:26 +0000 2009,I finally know what it means to be a good student
1436907368,Thu Apr 02 06:33:39 +0000 2009,@dannonlite is cute
1436877206,Thu Apr 02 06:23:55 +0000 2009,hanging out with the best person in the world
1434056503,Wed Apr 01 21:02:36 +0000 2009,playin in the DMI lab
1434014845,Wed Apr 01 20:56:10 +0000 2009,it feels like the very first time
1426473175,Tue Mar 31 19:45:17 +0000 2009,Peer Reviews done now its time for fun...
1426292877,Tue Mar 31 19:10:35 +0000 2009,Peer Reviews are fun....  :/
1425741561,Tue Mar 31 17:36:39 +0000 2009,sitting in class....
1417858037,Mon Mar 30 14:05:51 +0000 2009,weight lifting at 8 a.m. is so much fun
1415383817,Mon Mar 30 02:05:32 +0000 2009,i think everyone should view this video http://tinyurl.com/ckv89e
1415364826,Mon Mar 30 02:01:33 +0000 2009,back in Tonkawa :)
1414489422,Sun Mar 29 22:54:50 +0000 2009,seeing oklahoma when the dream team classic last night was pretty sweet
1404190673,Fri Mar 27 23:32:08 +0000 2009,http://twitpic.com/2idbo - Dinner with brother and friends
1403153191,Fri Mar 27 20:15:24 +0000 2009,going to perry then to stillwater to watch 2009 Dream Team Classic
1396975911,Thu Mar 26 21:34:05 +0000 2009,Have to write papers tonight
1386637034,Wed Mar 25 06:36:18 +0000 2009,installing windows for someone again
1385893549,Wed Mar 25 03:13:59 +0000 2009,my freaking laptop bag broke today....uhhhhhgg
1382405215,Tue Mar 24 15:54:38 +0000 2009,Painting is fun!
1378242520,Mon Mar 23 22:22:07 +0000 2009,first day back at school went well
1372861907,Mon Mar 23 00:11:05 +0000 2009,Went rock climbing and it was tons of fun!
1367793048,Sat Mar 21 22:21:35 +0000 2009,http://twitpic.com/2bwet - Dinner with family at jonny carinos
1362601171,Fri Mar 20 20:56:45 +0000 2009,http://twitpic.com/2aez2 - V neck shirt haha
1360914703,Fri Mar 20 15:48:26 +0000 2009,Need something to do today someone contact me....
1354180635,Thu Mar 19 13:12:10 +0000 2009,http://twitpic.com/28rrp - Roof sleep!
1354069653,Thu Mar 19 12:44:58 +0000 2009,Slept on a roof last night
1345207107,Tue Mar 17 23:04:11 +0000 2009,http://twitpic.com/2757n - at the Cherokee strip museum
1345170254,Tue Mar 17 22:57:03 +0000 2009,http://twitpic.com/274x4 - Dinner with the family
1343720060,Tue Mar 17 18:31:47 +0000 2009,http://twitpic.com/26tis - The trees are beautiful today.
1343134489,Tue Mar 17 16:54:26 +0000 2009,Enjoying the nice day!
1342860356,Tue Mar 17 16:06:49 +0000 2009,@alexhdavis haha yeah it was sweet. i stayed inside stubbs the whole time til just before it started then i just walked out before everyone
1340644282,Tue Mar 17 05:01:56 +0000 2009,I am really enjoying spring break.
1340053040,Tue Mar 17 02:32:06 +0000 2009,http://twitpic.com/26786 - Hanging out with Laurel.
1336797342,Mon Mar 16 15:34:58 +0000 2009,Can't wait to see the live diggnation up on revision3
1332817407,Sun Mar 15 20:21:34 +0000 2009,Diggnation in Austin was amazing last night had a great time.
1330984250,Sun Mar 15 10:59:46 +0000 2009,http://twitpic.com/24bv2 - Live Diggnation in Austin Texas
1329389250,Sun Mar 15 00:33:02 +0000 2009,http://twitpic.com/23wi0 -
1328529975,Sat Mar 14 20:45:36 +0000 2009,http://twitpic.com/23lp3 -
1316780399,Thu Mar 12 16:22:10 +0000 2009,It's time to do nothing for a week or so..
1305913015,Tue Mar 10 15:54:15 +0000 2009,got to go to class
1301036531,Mon Mar 09 16:32:39 +0000 2009,looking forward to this weekend
1294362225,Sat Mar 07 22:52:11 +0000 2009,http://twitpic.com/1x0wt -
1294289197,Sat Mar 07 22:27:59 +0000 2009,http://twitpic.com/1x06c -
1291866327,Sat Mar 07 05:56:58 +0000 2009,watchmen is pretty amazing
1285043244,Thu Mar 05 20:27:14 +0000 2009,new glasses!!!
1277475554,Wed Mar 04 06:02:29 +0000 2009,really looking forward to seeing Diggnation live
1269925926,Mon Mar 02 17:09:37 +0000 2009,kiss it if it moves
1264645355,Sun Mar 01 05:56:36 +0000 2009,wrestling is fun.
1241871947,Mon Feb 23 19:08:22 +0000 2009,I need some tea.
1240167871,Mon Feb 23 07:51:10 +0000 2009,paper writing
1235124657,Sat Feb 21 20:23:48 +0000 2009,hangin in perry
1227716516,Thu Feb 19 19:06:23 +0000 2009,oh i love honey in my tea
1225323277,Thu Feb 19 02:43:51 +0000 2009,i want to be near the "One"
1225321078,Thu Feb 19 02:43:05 +0000 2009,do your thing
1216285866,Mon Feb 16 19:20:59 +0000 2009,going all the way
1194955351,Tue Feb 10 09:32:02 +0000 2009,wow that was amazing
1190366735,Mon Feb 09 01:27:18 +0000 2009,listening to music in my room....
1187408293,Sat Feb 07 22:29:09 +0000 2009,just got done cutting trees at my grandparents
1169021182,Mon Feb 02 05:35:44 +0000 2009,I'm back in Tonkawa &lt;3
1166503409,Sun Feb 01 08:58:12 +0000 2009,ready to go back to Tonkawa
1158145168,Thu Jan 29 10:57:17 +0000 2009,up late like always
1150938399,Tue Jan 27 02:25:45 +0000 2009,I Love NOC so much
1145852497,Sun Jan 25 02:09:47 +0000 2009,had a nice day today Aiden's birthday party was all kinds of fun
1143918868,Sat Jan 24 04:31:50 +0000 2009,looking forward to Aiden's Birthday party
1121829088,Thu Jan 15 19:57:22 +0000 2009,Enjoying NOC
1117743837,Wed Jan 14 06:59:01 +0000 2009,never sleeping for the rest of my life
1110522146,Sun Jan 11 06:09:38 +0000 2009,Moving to Tonkawa, OK tomorrow.
1106255332,Fri Jan 09 06:49:36 +0000 2009,Just saw Valkyrie twas good
1100527339,Tue Jan 06 22:51:25 +0000 2009,in Arkansas.
1098862996,Tue Jan 06 05:11:06 +0000 2009,Looking forward to Macworld San Francisco 2009
1096780094,Mon Jan 05 09:17:00 +0000 2009,up late doing something for a friend
1084497646,Mon Dec 29 19:47:12 +0000 2008,got my 1tb external i love it
1083665540,Mon Dec 29 08:56:54 +0000 2008,People need to call me 5803072112 and hangout with me
1082905488,Sun Dec 28 22:28:49 +0000 2008,Having fun with my usb gps
1080427984,Sat Dec 27 05:37:48 +0000 2008,Just saw curious case of benjamin button it was good
1078894387,Fri Dec 26 04:50:33 +0000 2008,Had a nice Christmas in Perry at my moms.
1074712915,Tue Dec 23 18:02:10 +0000 2008,http://tinyurl.com/7a683u  Some Amazing Stuff
1073951151,Tue Dec 23 08:28:14 +0000 2008,living at home for now
1062302704,Wed Dec 17 06:44:27 +0000 2008,Drawing in Photoshop....
1062094539,Wed Dec 17 03:54:35 +0000 2008,Broadcasting live now! See me at http://ustream.tv/channel/spencer-tetik
1057965494,Mon Dec 15 05:12:01 +0000 2008,In Perry taking care of dogs for 3 days.
1053853333,Fri Dec 12 18:07:08 +0000 2008,about to go to perry
1044423044,Mon Dec 08 03:26:59 +0000 2008,internet at arbys
1043699767,Sun Dec 07 17:56:34 +0000 2008,things are better
1042094167,Sat Dec 06 15:57:06 +0000 2008,everything sucks right now
1033674252,Tue Dec 02 05:21:37 +0000 2008,killing some time and some cats
1031736352,Mon Dec 01 04:42:07 +0000 2008,sitting here alone with nothing to do.
1022016138,Tue Nov 25 02:56:54 +0000 2008,wanting to watch Heroes
1021436447,Mon Nov 24 20:17:33 +0000 2008,trying to find money in the walls
1018625626,Sat Nov 22 22:04:00 +0000 2008,hangin out in perry
1016830846,Fri Nov 21 17:24:24 +0000 2008,Sitting here at my moms house taking care of her dogs.
1012691495,Wed Nov 19 11:01:59 +0000 2008,MMMM New Xbox Experience
1010475093,Tue Nov 18 00:23:32 +0000 2008,Goodbye Grandpa I love you.
1010450799,Tue Nov 18 00:03:44 +0000 2008,My Teeth look better now.
1010076574,Mon Nov 17 19:33:20 +0000 2008,about to go to the dentist again.
1008647965,Sun Nov 16 21:18:38 +0000 2008,Putting some music on my phone
1008522595,Sun Nov 16 19:15:49 +0000 2008,Playing with windows 7 build 6801
1007491678,Sat Nov 15 22:04:43 +0000 2008,Diggin
1006673685,Sat Nov 15 05:37:45 +0000 2008,Playing  with after effects
1003311750,Thu Nov 13 04:32:23 +0000 2008,i got a new phone....!!!
999653899,Tue Nov 11 00:39:54 +0000 2008,getting a new phone on Wednesday.
995177912,Fri Nov 07 17:10:13 +0000 2008,in perry doing some yard work for my mother
992834223,Thu Nov 06 04:48:15 +0000 2008,went to perry and tonkawa today it was fun
988389917,Mon Nov 03 23:05:32 +0000 2008,kickin it here in perry
987284559,Mon Nov 03 06:46:03 +0000 2008,Chillin with Chad
986837109,Sun Nov 02 22:34:59 +0000 2008,reading about 12yr. old kid getting killed http://tinyurl.com/5r7hx5
984409841,Fri Oct 31 21:27:06 +0000 2008,Wishing I had something fun planed tonight for Halloween.
984403941,Fri Oct 31 21:21:37 +0000 2008,watching my moms crazy cat "Poe" stick her butt in the air.
981636511,Thu Oct 30 03:28:23 +0000 2008,watching Barack Obama and Bill Clinton Live http://origin.barackobama.com/live/
981632371,Thu Oct 30 03:24:33 +0000 2008,I'm ready for the election. Ready to see what happens.
980729789,Wed Oct 29 16:11:49 +0000 2008,enjoying the nice weather outside.
980503343,Wed Oct 29 13:41:58 +0000 2008,good morning internet!
978474862,Tue Oct 28 04:01:42 +0000 2008,worked all day and got payed =
976853002,Mon Oct 27 02:36:33 +0000 2008,watching twit at http://www.stickam.com/leolaporte
975486041,Sat Oct 25 22:53:39 +0000 2008,Far Cry 2 is so much fun...
974430931,Sat Oct 25 00:38:27 +0000 2008,sleeping beauty in hd is beautiful
973816869,Fri Oct 24 16:21:15 +0000 2008,wanting to play Far Cry 2
972604465,Thu Oct 23 20:39:31 +0000 2008,its nice and cold outside
971428654,Thu Oct 23 02:15:45 +0000 2008,Playing some xbox...
971355449,Thu Oct 23 01:11:52 +0000 2008,mmm pizza.
970999778,Wed Oct 22 20:02:54 +0000 2008,I'm in Perry again taking care of my mothers animals and putting money in the bank.
970710687,Wed Oct 22 16:22:18 +0000 2008,played wii fit last night for the first time it was amazingly fun. going job hunting today.
969550766,Tue Oct 21 21:14:03 +0000 2008,In perry going to have a birthday dinner
967978773,Mon Oct 20 20:38:32 +0000 2008,well the job i was wanting is still a maybe.
967789666,Mon Oct 20 18:05:25 +0000 2008,about to go see if i have  job
967635582,Mon Oct 20 16:09:01 +0000 2008,hope i get a job today
967067050,Mon Oct 20 05:38:11 +0000 2008,http://tinyurl.com/5jsfpp this is amazing!
966894531,Mon Oct 20 02:23:03 +0000 2008,back in stillwater
966772494,Mon Oct 20 00:16:31 +0000 2008,Twitterific is sweet
966742727,Sun Oct 19 23:43:07 +0000 2008,Listening to some NFL game.
966733239,Sun Oct 19 23:32:18 +0000 2008,In Tulsa at the moment
964376740,Fri Oct 17 20:56:29 +0000 2008,back in Stillwater just hanging out. gonna go to the walk around latter.
963877089,Fri Oct 17 14:29:38 +0000 2008,I'm in Perry right now getting my car worked on.
