id,created_at,text
1205458610245030000,Fri Dec 13 12:05:03 +0000 2019,U.S. Olympic Surf Team: Carissa Moore @rissmoore10 for @sifullframe @sinow https://t.co/Vbn8ux2g94
1205458487901335600,Fri Dec 13 12:04:34 +0000 2019,U.S. Olympic Surf Team: Caroline Marks @caroline6775 for @sifullframe @sinow https://t.co/zahvA0JigC
1202646775447904300,Thu Dec 05 17:51:50 +0000 2019,Tryin to get from A to B @ninaagdal https://t.co/MaChtO9NeF
1201862331703156700,Tue Dec 03 13:54:44 +0000 2019,Portrait of Max Stein @maxastein https://t.co/HAU08VIThQ
1201532531771732000,Mon Dec 02 16:04:13 +0000 2019,United Nations week in NYC Part 2. People from all walks of life coming together to create sustainable options for… https://t.co/8kfIscE9vO
1200797959966908400,Sat Nov 30 15:25:18 +0000 2019,She was a skater boi @ninaagdal love creating with you and playin around! https://t.co/4UPmlxc4yY
1199791920383479800,Wed Nov 27 20:47:39 +0000 2019,United Nations week in NYC Part 1. Met so many interesting people and listened to so many incredible conversations… https://t.co/dYSY5qIcMG
1199309644415545300,Tue Nov 26 12:51:15 +0000 2019,New catherine_malandrino campaign with brooksnader @_joycorrigan bluestaralliance101 https://t.co/W0bKvac37J
1172576588124180500,Fri Sep 13 18:23:38 +0000 2019,It’s been an amazing summer season of @parachuteorange   Bronx Gridlock took home the championship vs Manhattan May… https://t.co/Ar2GuwEMB3
1172169237747683300,Thu Sep 12 15:24:58 +0000 2019,Gotham Girls Roller Derby League Practice before the championship BOUT! @parachuteorange https://t.co/eUta7Z6r6o
1168858298830868500,Tue Sep 03 12:08:29 +0000 2019,Queens of the Future @nike https://t.co/LigtxZqJLi
1167469056548462600,Fri Aug 30 16:08:08 +0000 2019,Taste of Tennis @serenawilliams @venuseswilliams cocogauff miketyson thearfoundation citi https://t.co/7M1Kt67gsz
1165602326888902700,Sun Aug 25 12:30:25 +0000 2019,@ninaagdal Parrot Cay series continued https://t.co/zHyo44zdoB
1165273874122100700,Sat Aug 24 14:45:15 +0000 2019,@ninaagdal Parrot Cay Series https://t.co/IDqKT9eCtT
1164925772844265500,Fri Aug 23 15:42:02 +0000 2019,Chasin the last of the summer @ninaagdal jamiefrankel https://t.co/osSVarx0qM
1159843089764122600,Fri Aug 09 15:05:16 +0000 2019,Few years ago I got to spend some time with these incredible pro women surfers. The strength, respect and patience… https://t.co/Irfac8aTpa
1159496301953847300,Thu Aug 08 16:07:15 +0000 2019,ONE YEAR OUT! Olympic Games Tokyo 2020:   Track and Field - Dalilah Muhammad @D_NICEs77 https://t.co/jpRZxsLftJ
1156195737366958000,Tue Jul 30 13:31:59 +0000 2019,ONE YEAR OUT! Olympic Games Tokyo 2020:  Climbing - Alex Johnson @alex_johnson89 @teamusa @sifullframe @sinow https://t.co/GUXAvPjucl
1155848081272787000,Mon Jul 29 14:30:31 +0000 2019,ONE YEAR OUT! Olympic Games Tokyo 2020:   Track and Field- Erik Kynard   @erik_kynard @teamusa @sifullframe @sinow https://t.co/5TGONrN1Un
1155123076214022100,Sat Jul 27 14:29:37 +0000 2019,ONE YEAR OUT! Olympic Games Tokyo 2020:   Climbing - Ashima Shiraishi @ashimashiraishi @teamusa @sifullframe @sinow https://t.co/Qnbyv4GwiE
1154780517633540000,Fri Jul 26 15:48:24 +0000 2019,ONE YEAR OUT! Olympic Games Tokyo 2020:   Skateboarding - Tom Schaar @tomschaar @teamusa @sifullframe @sinow https://t.co/jerjgSy4Me
1154342952539480000,Thu Jul 25 10:49:41 +0000 2019,ONE YEAR OUT! Olympic Games Tokyo 2020:  Skateboarding - Brighton Zeuner brightonzeuner @teamusa @sifullframe @sinow https://t.co/KLVdzIw2lO
1154157707236188200,Wed Jul 24 22:33:35 +0000 2019,Check out this new series!  ONE YEAR OUT! Olympic Games Tokyo 2020:   Wrestling - Jordan Burroughs @teamusa… https://t.co/VHq7PFUXMe
1153706486251643000,Tue Jul 23 16:40:35 +0000 2019,Fencer Lola Possick @sikids @sifullframe @sinow lolapiper05 https://t.co/sjW9ECFvpu
1152597305859571700,Sat Jul 20 15:13:06 +0000 2019,Roller Derby: Bronx Gridlock vs Manhattan Mayhem at Coney Island @parachuteorange https://t.co/5cumJUfJYd
1152271653247889400,Fri Jul 19 17:39:04 +0000 2019,Roller Derby: Bronx Gridlock vs Manhattan Mayhem at Coney Island @parachuteorange https://t.co/jHU0YyLMXA
1149719243488931800,Fri Jul 12 16:36:43 +0000 2019,What an amazing group of women changing history!! On top of an amazing ticker tape parade in NYC @sifullframe… https://t.co/pxSUbicc7i
1149332870198157300,Thu Jul 11 15:01:24 +0000 2019,Women’s World Cup Champions and their fans at the Ticker Tape parade in NYC! https://t.co/petrkteh2K
1149043971378896900,Wed Jul 10 19:53:25 +0000 2019,Women's World Cup Championship Parade in NYC!! https://t.co/iq5TA590W5
1148686268810838000,Tue Jul 09 20:12:02 +0000 2019,Behind the scenes - making of @sinow cover with Toronto Raptors Kyle Lowry @sifullframe - great cover by my buddy… https://t.co/WQUlnEXLxN
1134159524800139300,Thu May 30 18:07:57 +0000 2019,Indy 500 Champions @h3lio @alexanderrossi @ryanhunterreay @indycar @sinow @sifullframe https://t.co/ieRenbwy8C
1133485295842844700,Tue May 28 21:28:48 +0000 2019,2019 Indianapolis 500 Champion Simon Pagenaud and his dog Norman @simonpagenaud @indycar https://t.co/MrJqWnTj5t
1133343462819094500,Tue May 28 12:05:12 +0000 2019,brooksnader @si_swimsuit 2019 https://t.co/3l2kSJ0rau
1132979955242078200,Mon May 27 12:00:45 +0000 2019,@robinmarjolein_ @si_swimsuit 2019 https://t.co/lCe9G1SbvG
1132301139171532800,Sat May 25 15:03:23 +0000 2019,@camillekostek @si_swimsuit 2019 https://t.co/nPqIjQQ7C6
1131593015905144800,Thu May 23 16:09:33 +0000 2019,danielle_herrington_ @si_swimsuit 2019 https://t.co/crQKl4t29x
1131170724176171000,Wed May 22 12:11:31 +0000 2019,@winnieharlow @si_swimsuit launch 2019 https://t.co/rsDMMXFvT9
1130806423154286600,Tue May 21 12:03:55 +0000 2019,@BarbaraPalvin @si_swimsuit launch 2019 https://t.co/2iDJl5PSbO
1130556333277745200,Mon May 20 19:30:09 +0000 2019,@Lalaribeiro16 @si_swimsuit launch 2019 https://t.co/Rbvcaot0Mh
1130441333385105400,Mon May 20 11:53:11 +0000 2019,@katebock @si_swimsuit launch 2019 https://t.co/3k4SCFskx1
1130113642328936400,Sun May 19 14:11:03 +0000 2019,Check out these beautiful ladies!! Here’s just a few portraits among many from the open casting @si_swimsuit Launch… https://t.co/HsUF7Yhems
1129771346777563100,Sat May 18 15:30:53 +0000 2019,Recap @si_swimsuit launch 2019 PART 2!! https://t.co/CuigBvmgjE
1129545804224618500,Sat May 18 00:34:40 +0000 2019,Recap of @si_swimsuit launch 2019 PART 1 !! https://t.co/THzioQUvs1
1126537790378790900,Thu May 09 17:21:53 +0000 2019,How @si_swimsuit roles into launch in Miami... https://t.co/NpuLHcBrPj
1123026463966617600,Tue Apr 30 00:49:08 +0000 2019,Monday night baby! New EPISODE LIVE  NOW OF QUIRKY IS THE NEW BLACK corgiisthenewblack SUBSCRIBE SHARE @ninaagdal Y… https://t.co/mROsYD9kQ9
1121070000096157700,Wed Apr 24 15:14:51 +0000 2019,Parrot Cay @ninaagdal styled by jamiefrankel https://t.co/HEXcSQ2fwb
1120805160698007600,Tue Apr 23 21:42:28 +0000 2019,Parrot Cay @ninaagdal styled  by jamiefrankel https://t.co/TdfxOQAXhM
1116411240627212300,Thu Apr 11 18:42:36 +0000 2019,WNBA DRAFT 2019!! Congrats to all these amazing ladies!! @sifullframe @sinow @wnba https://t.co/fGdrPWcZ1q
1109461546042683400,Sat Mar 23 14:27:00 +0000 2019,New shoot with this beauty @ninaagdal - happy Saturday y’all https://t.co/8V0M4sGDh6
1109138493232554000,Fri Mar 22 17:03:18 +0000 2019,New campaign for tahari_official https://t.co/1Rz7FdWClm
1109069295831732200,Fri Mar 22 12:28:20 +0000 2019,Step into that sunshine @ninaagdal https://t.co/xzIGwJV98K
1108744359216906200,Thu Mar 21 14:57:09 +0000 2019,So excited! My new campaign for tahari_official is out!   Thank you to an amazing team! bluestaralliance101 jamiefr… https://t.co/EjZbd6BEeP
1108731735477547000,Thu Mar 21 14:06:59 +0000 2019,Pleather bucket hats and lots a color - fun shoot yesterday with ma main squeeze @ninaagdal https://t.co/V1GWuEVnJL
1104037031842242600,Fri Mar 08 15:11:55 +0000 2019,Happy International Women’s Day!   I’m so grateful to be surrounded by so many incredibly brave women (many who are… https://t.co/fLt1tix7io
1102651273705226200,Mon Mar 04 19:25:24 +0000 2019,I’m so honored to announce that Luann Barry of 1st Wave Productions is representing me now as a Director. She’s an… https://t.co/fynzVgxUEC
1099740509315059700,Sun Feb 24 18:39:04 +0000 2019,Classic New York summer with @rosiehw https://t.co/SiUaUmWpvY
1097862096014827500,Tue Feb 19 14:14:55 +0000 2019,My first experience in the world of “big time fashion” was filming the @chanel show at the Grand Palais in Paris wh… https://t.co/DnaquqhsMf
1095133531959971800,Tue Feb 12 01:32:35 +0000 2019,ITS MONDAY NIGHT AND YOU KNOW WHAT THAT MEANS!!! New episode LIVE NOW on corgiisthenewblack !! Watch us prank justi… https://t.co/Eqf1SZF6d1
1091382571357810700,Fri Feb 01 17:07:36 +0000 2019,Mood Piece Short 3 @HardenThePaint5 - “Lost Boy” https://t.co/JzcwoWGSRV
1091051398043787300,Thu Jan 31 19:11:38 +0000 2019,Mood Piece Part 2 - “The Cook” @b_maren https://t.co/pA89VQm2Yi
1090236671239557100,Tue Jan 29 13:14:12 +0000 2019,Mood Piece Short 1 isaiahkhamilton - Athlete https://t.co/PizFaAd8F2
1089943276621307900,Mon Jan 28 17:48:21 +0000 2019,Meet the incredible Lisa Lane. She’s a world champion chess player that received a Sports Illustrated cover in the… https://t.co/0VEaLG86HQ
1086738333026283500,Sat Jan 19 21:33:03 +0000 2019,HAPPY WOMENS MARCH 2019 NYC!!!! corgiisthenewblack took to the streets! New video on our YouTube channel - link in… https://t.co/UEmYVQzpw8
1085930511896318000,Thu Jan 17 16:03:04 +0000 2019,The many faces and expressions from this champion @HenryCejudo @ufc for @sifullframe https://t.co/1KknRQM6iO
1084982258015060000,Tue Jan 15 01:15:02 +0000 2019,Guys! We threw on an apron and hit the kitchen! QUIRKY IS THE NEW BLACK’s new episode is live now on @ninaagdal You… https://t.co/peqC1JixHp
1082453042660810800,Tue Jan 08 01:44:51 +0000 2019,ITS LIVE NOW FOLKS NEW EPISODE OF QUIRKY IS THE NEW BLACK! 1st episode of 2019 y’all!! Go check it out! Link in bio… https://t.co/31jXkvxXWt
1077241806310555600,Mon Dec 24 16:37:15 +0000 2018,So excited to share this with you all! We have decided, since it’s Christmas Eve, do give you all a little treat an… https://t.co/MMpO4ruxIJ
1076630684226281500,Sun Dec 23 00:08:52 +0000 2018,This year has been a roller coaster! I’m so blessed to have created new wonderful relationships with so many amazin… https://t.co/stUdF4khXc
1076219393288351700,Fri Dec 21 20:54:33 +0000 2018,Go to https://t.co/ZL8EU6yxhp to see Sports Illustrated’s Best 100 Pictures of the Year! I’m so honored to be apart… https://t.co/x3PnKnR5jj
1075388706075369500,Wed Dec 19 13:53:41 +0000 2018,Lost boy series part 2 @HardenThePaint5 https://t.co/D29X4Edeph
1075024309930876900,Tue Dec 18 13:45:43 +0000 2018,Lost boy series part 1 - @HardenThePaint5 https://t.co/A7R9c6yM83
1073621353373229000,Fri Dec 14 16:50:52 +0000 2018,Channeling your inner artist @sbrinkleycook #IHOW - IN HER OWN WORDS for @si_swimsuit https://t.co/Gjx6yhKWMv
1072475758600310800,Tue Dec 11 12:58:41 +0000 2018,@venuseswilliams for @sinow Fashionable 50 styled by ma #1 jamiefrankel https://t.co/kPkOUVMNWm
1072113817205792800,Mon Dec 10 13:00:27 +0000 2018,Starting Monday off right! One of my most favorite moments @paulinaporizkov T R U T H https://t.co/LEJTFjv10Y
1071792713912250400,Sun Dec 09 15:44:30 +0000 2018,PART 2- @realrobinwright for @bazaaruk https://t.co/8N8PKmDfFU
1071435994631716900,Sat Dec 08 16:07:02 +0000 2018,Just doesn’t get any better than this boss lady @realrobinwright for @bazaaruk https://t.co/dl3b4x1z5s
1070314362055901200,Wed Dec 05 13:50:04 +0000 2018,Got to photograph the seven-time Women’s ASP world tour champion pro surfer @Steph_gilmore !! https://t.co/idU47Az0C3
1069618758933798900,Mon Dec 03 15:45:59 +0000 2018,When you get to recreate your favorite George Harrison album cover with your favorite muse since childhood. Portrai… https://t.co/SeN5wXL5jw
1069011716065960000,Sat Dec 01 23:33:49 +0000 2018,Yo!!! Check it!!! Our intro video to @ninaagdal Youtube Channel and all of our bloopers are out! Monday, December 3… https://t.co/c3Jk5JkcYz
1068610049617080300,Fri Nov 30 20:57:44 +0000 2018,So excited been dying to share this with you all!!! This past summer I got to do my first big campaign with my girl… https://t.co/2KpCGY8YL4
1068245694358655000,Thu Nov 29 20:49:55 +0000 2018,Check it out y’all!!!! Our First ever YouTube Intro video is up along with our first Blooper reel! Our first episod… https://t.co/aQppEvMPLH
1068164208141885400,Thu Nov 29 15:26:07 +0000 2018,IN HER OWN WORDS Trailer Part 2- created and released through @si_swimsuit in the 2018 issue. Here’s Part 2 of our… https://t.co/tgjQl2Yboa
1067894588172456000,Wed Nov 28 21:34:44 +0000 2018,So excited to share this with you all! 3 weeks ago @ninaagdal and I came up with a project - a talk show called QUI… https://t.co/jZf2z3lZzH
1067757483966509000,Wed Nov 28 12:29:56 +0000 2018,Callin it WELCOME BACK WEDNESDAYS- probably the most pivotal moment in my career and what I’m most proud of thus fa… https://t.co/dbfpPcOWbb
1067451275133034500,Tue Nov 27 16:13:10 +0000 2018,Happy Tuesday...That smile just makes you wanna smile doesn’t it?? The ever so handsome @HLundqvist30 ... what a fu… https://t.co/c1R9ax3rhK
1067048405636137000,Mon Nov 26 13:32:19 +0000 2018,Film Reel Part 2. Behind The Scene. https://t.co/7mSqkJlGq9
1066841567237951500,Sun Nov 25 23:50:25 +0000 2018,Film Reel Part 1- Behind the Scene. https://t.co/VTgBYsUKio
1066686605522546700,Sun Nov 25 13:34:39 +0000 2018,Hair inspiration...   One of my favorite trips I’ve taken in my photo career - getting to spend time with all the b… https://t.co/qKyeQH3YV1
1066016358561927200,Fri Nov 23 17:11:20 +0000 2018,This is exactly how I feel and look after all the turkey I ate yesterday ... NOT! No one makes Coney Island look th… https://t.co/D5e9Dsak1a
1065253462307426300,Wed Nov 21 14:39:51 +0000 2018,Gonna be a bit blurry after all this Turkey!! Happy 🦃 day!   One of my favorite moments getting to photograph this… https://t.co/BbW9UiLbQR
1065099121860726800,Wed Nov 21 04:26:33 +0000 2018,Been collaborating a ton with this one ... we’ve got some stuff cookin you won’t see comin... enjoy this mini film… https://t.co/L45wOGUxwD
1063098021662081000,Thu Nov 15 15:54:54 +0000 2018,@englishlaundry featuring @andreadenver3! Campaign part 3  Styling: frankelfresh  Groomer: @destinyvbrandt  Product… https://t.co/5kojCSIcmD
1062040329900171300,Mon Nov 12 17:52:01 +0000 2018,Happy 30th bday to this amazing legend @russwest44 !!!! https://t.co/RjiW4s2iAD
1062008603597590500,Mon Nov 12 15:45:56 +0000 2018,English Laundry Campaign Part 2 - @andreadenver3 frankelfresh @destinyvbrandt avarikki @Chalyn_NYC bluestaralliance… https://t.co/cKKnMNyNom
1061648067638845400,Sun Nov 11 15:53:18 +0000 2018,It’s been tragic watching my home of Malibu go up in flames - how many friends and families have lost their homes i… https://t.co/sIM32XmQZH
1060886299043860500,Fri Nov 09 13:26:18 +0000 2018,Check out my new @englishlaundry campaign starring @andreadenver3 !! Thank you to an amazing crew- frankelfresh (st… https://t.co/WpBonTGsz2
1060173067354288100,Wed Nov 07 14:12:10 +0000 2018,Feeling myself in my boss business lady-suit with these two badass cowgirls on either side @ninaagdal… https://t.co/IBv0h95Qeb
1059461660803522600,Mon Nov 05 15:05:18 +0000 2018,In continuing with our theme of public apologies... @ninaagdal sure knows how to get a lady in shape ... I may or m… https://t.co/ghuXlCWKcC
1059460476650864600,Mon Nov 05 15:00:36 +0000 2018,We come in a pair and with a public apology.... @ninaagdal let’s take a walk together 👟! https://t.co/LoDgWgpvPb
1052284168393187300,Tue Oct 16 19:44:30 +0000 2018,I got to spend an incredibly inspiring day with the former NBA Commissioner, Mr. David Stern as he was being interv… https://t.co/C86LqHScs1
1050089031214739500,Wed Oct 10 18:21:49 +0000 2018,A year ago my IN HER OWN WORDS project for @si_swimsuit was released! I’ve teamed up with amazing hand bag designer… https://t.co/IL9R4jUrfh
1042150141673828400,Tue Sep 18 20:35:30 +0000 2018,@sinow celebrates @scottdixon9 5th @indycar Championship win! https://t.co/y2IQ0iLZAR
1037725914669494300,Thu Sep 06 15:35:12 +0000 2018,Nothin wrong with a midnight photoshoot in Time Square with this guy- Matt Burns @usairguitar champion! https://t.co/OEis8Mf1kx
1037083174587654100,Tue Sep 04 21:01:11 +0000 2018,Kicked off the summer with a @kensie_clothing campaign with my best friend and sista @ninaagdal ! So blessed to get… https://t.co/QBOYKugwJC
1037057337889108000,Tue Sep 04 19:18:31 +0000 2018,Had a busy summer! Had the privilege of getting to celebrate myladalbesio very special day in Tulum with her incred… https://t.co/y6aw6XoWwq
1017548941146148900,Thu Jul 12 23:19:07 +0000 2018,FASHIONABLE 50!! @lewishamilton Styled by alicia_sereno https://t.co/wbEXeqbH1r
1017440681781014500,Thu Jul 12 16:08:56 +0000 2018,FASHIONABLE 50!! @venuseswilliams   Styled by my girl frankelfresh https://t.co/azWyyRUrtD
1017178241377947600,Wed Jul 11 22:46:05 +0000 2018,FASHIONABLE 50!! @PKSF1   Styled by my girl frankelfresh https://t.co/siMir6ZE7m
1017121195844669400,Wed Jul 11 18:59:24 +0000 2018,FASHIONABLE 50 is here!! @marcedeslewis89 https://t.co/TZqFkj0C2S
1010177072629723100,Fri Jun 22 15:05:56 +0000 2018,NBA Draft 2018! https://t.co/9ZcNPyMfn8
1010176713614032900,Fri Jun 22 15:04:31 +0000 2018,NBA Draft 2018! https://t.co/0Unv3Yrw67
1010025472896352300,Fri Jun 22 05:03:32 +0000 2018,NBA Draft 2018! https://t.co/sKZOXoNQDa
1007258368640073700,Thu Jun 14 13:48:03 +0000 2018,Belmont stakes 2018! Triple Crown winner Justify! https://t.co/XetmrzMchN
1007257975642304500,Thu Jun 14 13:46:29 +0000 2018,Belmont stakes 2018! Triple Crown winner Justify! https://t.co/tgHiwx4Afv
1001565684395135000,Tue May 29 20:47:22 +0000 2018,Indy 500 winner @12willpower !!! Congrats buddy! https://t.co/6a7kmmXpyS
999049502685311000,Tue May 22 22:08:57 +0000 2018,@danicapatrick and @hinchtown today at the… https://t.co/IYGkkfefCA
998963503993053200,Tue May 22 16:27:13 +0000 2018,When you have a model off with a legend!… https://t.co/KuEkywfS7L
998962341977845800,Tue May 22 16:22:36 +0000 2018,Congratulations to these beauties!! @adaripp… https://t.co/k9JMfKLPs1
994647365226254300,Thu May 10 18:36:26 +0000 2018,Amazing shoot with @samanthahoopes   H/M by @campbellritchie  Styled… https://t.co/JHFo3lg6US
992880719088275500,Sat May 05 21:36:24 +0000 2018,Another amazing shoot at thefoundrynyc for @laurencecchi !! Thanks @kguinto… https://t.co/yi7QODsBO5
991433828177666000,Tue May 01 21:46:59 +0000 2018,Women's sports leagues are banding together with a new initiative, SheIS!… https://t.co/kn5RUQncJW
991067928362598400,Mon Apr 30 21:33:01 +0000 2018,Got to go behind the scenes with @adaripp and @dance10jenna as they rehearsed… https://t.co/ZevO1IVFDc
990240792462725100,Sat Apr 28 14:46:17 +0000 2018,Check out what we shot for @primark yesterday in Dumbo! Join us today in Williamsburg from… https://t.co/qtm2CwJ7H1
989863571977916400,Fri Apr 27 13:47:20 +0000 2018,Check out what we did for @primark the previous weekend in Coney Island!! This can be you!! Come… https://t.co/Xp3G8CSIhk
989182081648345100,Wed Apr 25 16:39:21 +0000 2018,New photoshoot starring @samanthahoopes styled by the one and only frankelfresh and hair and… https://t.co/aP3chaI8iv
988856424695451600,Tue Apr 24 19:05:18 +0000 2018,Stars On Ice! https://t.co/OR4TD70H0N
987051860849651700,Thu Apr 19 19:34:36 +0000 2018,The one and only @LBorders President of @wnba during the WNBA Draft 2018! https://t.co/ucUCLSs0Dw
987051253929791500,Thu Apr 19 19:32:12 +0000 2018,@wnba Draft 2018! https://t.co/xsprvPIUa7
987050243807203300,Thu Apr 19 19:28:11 +0000 2018,@wnba Draft 2018! https://t.co/l7DKRTCnXH
985151333123743700,Sat Apr 14 13:42:35 +0000 2018,Had an amazing day yesterday with @primark @baitshoppe in Coney Island! Join us again today from… https://t.co/sQ3xSdqsyh
984472264895758300,Thu Apr 12 16:44:13 +0000 2018,Join us and @primark this Friday (Coney Island) and Saturday (Kings Plaza) at Primark's pop-up… https://t.co/peafn7M84o
979382543123341300,Thu Mar 29 15:39:28 +0000 2018,Celebrating @ninaagdal Golden Bday 26 on 26! You're my sister and my best friend. My life has… https://t.co/MgwLXAzckT
972231139417931800,Fri Mar 09 22:02:21 +0000 2018,On the ice today at The Rink at Brookfield Place with @adaripp for @sinow! https://t.co/5aD8NaESHb
972228992391663600,Fri Mar 09 21:53:49 +0000 2018,In the studio with @adaripp today for @sinow! https://t.co/iNDiX4QFCf
972170831387340800,Fri Mar 09 18:02:42 +0000 2018,So proud of my dear friend @Aly_Raisman!! She just launched FLIP THE SWITCH! See below! You’re a… https://t.co/OoAQqvJjgz
971812605697310700,Thu Mar 08 18:19:15 +0000 2018,HAPPY INTERNATIONAL WOMEN'S DAY!!! I'm honored that I've gotten the privilege to photograph such… https://t.co/j3dSQmkb6e
971811816992133100,Thu Mar 08 18:16:07 +0000 2018,HAPPY INTERNATIONAL WOMEN'S DAY!!! I'm honored that I've gotten the privilege to photograph such… https://t.co/y7Y1NA7nzJ
971810386180759600,Thu Mar 08 18:10:26 +0000 2018,HAPPY INTERNATIONAL WOMEN'S DAY!!! I'm honored that I've gotten the privilege to photograph such… https://t.co/aIqUd7C4R1
971397917578842100,Wed Mar 07 14:51:25 +0000 2018,Anything helps, please help make William’s wish come true! There are so many out there that need… https://t.co/tWpsq7cSAB
971078146987524100,Tue Mar 06 17:40:46 +0000 2018,Pretty cool week and a half with @sinow! From photographing the brand new release of the IndyCar… https://t.co/iUZahkHiP7
969606302635823100,Fri Mar 02 16:12:11 +0000 2018,More behind the scenes polaroids from IHOW! @si_swimsuit @mj_day #ownit #ihow @ The Foundry https://t.co/2U4g8IfdTt
969351148011475000,Thu Mar 01 23:18:18 +0000 2018,Had so much fun with polaroids on set! Some more behind the scenes from IN HER OWN WORDS for… https://t.co/rwZCSs6Q2X
967463235065712600,Sat Feb 24 18:16:24 +0000 2018,Love you and everything you do @ninaagdal https://t.co/xlGRbg42Ty
967462985089216500,Sat Feb 24 18:15:24 +0000 2018,Strong female @ninaagdal https://t.co/pg3Yu3gidS
967437759391633400,Sat Feb 24 16:35:10 +0000 2018,IN HER OWN WORDS @sbrinkleycook -we are all a work in progress. Go check out our @si_swimsuit… https://t.co/uIiTP1JeIX
966786701363482600,Thu Feb 22 21:28:06 +0000 2018,@mazdzer wins the Silver medal for the Luge Men's Single at the 2018 Winter @olympics! https://t.co/PwhrL7MPbp
966786413235720200,Thu Feb 22 21:26:57 +0000 2018,@mazdzer wins the Silver medal for the Luge Men's Single at the 2018 Winter @olympics! https://t.co/DTxvZ1z1Kl
966785996204359700,Thu Feb 22 21:25:18 +0000 2018,@mazdzer wins the Silver Medal for the Luge Men's Single in the 2018 Winter @olympics! Had so… https://t.co/81L9QekF5u
966072551893069800,Tue Feb 20 22:10:19 +0000 2018,IN HER OWN WORDS - the incredible @paulinaporizkov for @si_swimsuit - TRUTH is what matters more… https://t.co/3sYR0xmFrM
966012651997458400,Tue Feb 20 18:12:18 +0000 2018,IN HER OWN WORDS @oliviaculpo for @si_swimsuit !! Go subscribe and check out the full film on SI… https://t.co/cjidNt7d0z
964924385978142700,Sat Feb 17 18:07:55 +0000 2018,@kyliebam10 this is incredible and I’m so moved!! Your strength, courage and fearlessness… https://t.co/dQ5VnyUEXy
964267801816043500,Thu Feb 15 22:38:53 +0000 2018,So honored to have spent time with this amazing legend of a human being @paulinaporizkov for… https://t.co/VsZAB3NEsE
964267345056272400,Thu Feb 15 22:37:04 +0000 2018,2018 @si_swimsuit launch with my girls at Gold Bar afterparty!!! frankelfresh @joannagiunta… https://t.co/9C9wWhvCq4
964266493050486800,Thu Feb 15 22:33:41 +0000 2018,Last night with these amazing women!!!!! @robynlawley @sbrinkleycook @paulinaporizkov… https://t.co/gupgAMf7LH
963528399422656500,Tue Feb 13 21:40:46 +0000 2018,Yeah @eboneedavis !!!! Check out the trailer for our film on https://t.co/RoQmWVFA7V for IN HER OWN WORDS! Full… https://t.co/Szs7nTM16y
963491831102222300,Tue Feb 13 19:15:28 +0000 2018,IN HER OWN WORDS. Together these women create truth. Together these women lift each other up.… https://t.co/Rpc0oq75nf
963490326563442700,Tue Feb 13 19:09:29 +0000 2018,IN HER OWN WORDS @sbrinkleycook This woman is a work in progress, romantic fighter and genuine.… https://t.co/AkHSV2evFX
963488901074751500,Tue Feb 13 19:03:49 +0000 2018,IN HER OWN WORDS @paulinaporizkov This woman only needs one word- TRUTH. #ownit #ihow https://t.co/5Folkj9DhW
963485970451615700,Tue Feb 13 18:52:10 +0000 2018,IN HER OWN WORDS @robynlawley This woman is a mother, an environmentalist, a lupus warrior, a… https://t.co/5wKcUW7bVk
963484969204158500,Tue Feb 13 18:48:12 +0000 2018,IN HER OWN WORDS @katewasley_  This woman is strong, equal, vulnerable; just a few words that… https://t.co/Ce7gX4lPNU
963478671901241300,Tue Feb 13 18:23:10 +0000 2018,IN HER OWN WORDS @georgiagibbs_  This woman is more than her appearance. #ownit #ihow https://t.co/GpcsKlf8vY
963477928196673500,Tue Feb 13 18:20:13 +0000 2018,IN HER OWN WORDS @huntermcgrady This woman is powerful and worthy. #ownit #ihow https://t.co/PznOWddPDM
963477049020174300,Tue Feb 13 18:16:43 +0000 2018,IN HER OWN WORDS @oliviaculpo Love transforms, pain shapes. This is a woman. #ownit #ihow https://t.co/LYmhjXZLI0
963467224739704800,Tue Feb 13 17:37:41 +0000 2018,IN HER OWN WORDS @eboneedavis This woman is fearless, with unconditional love and infinite… https://t.co/qYhrDwj20W
963464782560071700,Tue Feb 13 17:27:59 +0000 2018,IN HER OWN WORDS myladalbesio Built to Carry the Weight. This woman is Built Free. #ownit #ihow https://t.co/tw9gbB3mCA
963464273807757300,Tue Feb 13 17:25:57 +0000 2018,IN HER OWN WORDS @Aly_Raisman Women do not have to be modest to be respected. This is a Fierce… https://t.co/qjihY1z2fA
963433768156631000,Tue Feb 13 15:24:44 +0000 2018,GUYS!!! It’s here!!!! IN HER OWN WORDS for @si_swimsuit is out today!!!! Go and get the issue… https://t.co/FymMjrx26T
963426007368773600,Tue Feb 13 14:53:54 +0000 2018,Congratulations danielle_herrington_ on this amazing cover of @si_swimsuit !!!!!! It’s out folks… https://t.co/PaYa0rlwPV
961272861896925200,Wed Feb 07 16:18:04 +0000 2018,I couldn’t be more excited that today the @si_swimsuit project IN HER OWN WORDS (IHOW) that I… https://t.co/7ZEKRFgh1d
961272532132229100,Wed Feb 07 16:16:45 +0000 2018,I couldn’t be more excited that today the @si_swimsuit project IN HER OWN WORDS (IHOW) that I… https://t.co/pm7zZqnnoH
961269426590019600,Wed Feb 07 16:04:25 +0000 2018,In Her Own Words is about identity.  Its purpose is to offer a platform for the participants to… https://t.co/s54lgB4Ylv
955201269970407400,Sun Jan 21 22:11:44 +0000 2018,@si_swimsuit @sinow and me announcing the three new rookies for 2018!   @huntermcgrady… https://t.co/aegI8nd0fa
954190833208750100,Fri Jan 19 03:16:37 +0000 2018,SURPRISE THREE NEW ROOKIES REVEALED FOR @si_swimsuit 2018!!  Congrats @huntermcgrady!! Loved… https://t.co/MUSAAkqeck
954190671455424500,Fri Jan 19 03:15:58 +0000 2018,SURPRISE THREE NEW ROOKIES REVEALED FOR @si_swimsuit 2018!!  Congrats @eboneedavis!! Loved… https://t.co/xjSrqC1A5i
954190465741533200,Fri Jan 19 03:15:09 +0000 2018,SURPRISE THREE NEW ROOKIES REVEALED FOR @si_swimsuit 2018!!  Congrats @oliviaculpo!! Loved… https://t.co/YJfjc0U4GQ
952274979835580400,Sat Jan 13 20:23:42 +0000 2018,I’d like to take a moment and first say how much courage it takes for someone to stand up and… https://t.co/KE28D6NP1v
951877482915000300,Fri Jan 12 18:04:11 +0000 2018,jessikabvillegas for @si_swimsuit https://t.co/6kfFrvM6qD
951876958782197800,Fri Jan 12 18:02:06 +0000 2018,_kate_g_ for @si_swimsuit https://t.co/k31fsJHtZH
951166129136914400,Wed Jan 10 18:57:31 +0000 2018,@ravenlyn3 for @si_swimsuit https://t.co/sVnvZXZKx3
951135238427574300,Wed Jan 10 16:54:46 +0000 2018,@alexina_graham for @si_swimsuit https://t.co/4LhC0aBlsZ
948255735263236100,Tue Jan 02 18:12:39 +0000 2018,New spread for the @sinow Golf Magazine The Style Issue February 2018 Issue! https://t.co/VKv1vO6iqB
948255545458352100,Tue Jan 02 18:11:54 +0000 2018,New spread for the @sinow Golf Magazine The Style Issue February 2018 Issue! https://t.co/TeONFFYMld
945658258534076400,Tue Dec 26 14:11:12 +0000 2017,@enikoeva for @si_swimsuit https://t.co/ads7Fgv58A
945343841447669800,Mon Dec 25 17:21:50 +0000 2017,@enikoeva for @si_swimsuit https://t.co/mvIGndWYku
944649260645191700,Sat Dec 23 19:21:49 +0000 2017,Paradise billabongwomens https://t.co/DsWSQ6X3Fh
944579121690107900,Sat Dec 23 14:43:06 +0000 2017,Paradise billabongwomens https://t.co/WOEJ17VYnc
944307111768543200,Fri Dec 22 20:42:14 +0000 2017,Paradise billabongwomens https://t.co/ZuICz9jmN1
941713908452286500,Fri Dec 15 16:57:46 +0000 2017,@margotrobbie for @sinow https://t.co/KbANeuhowz
941694549197492200,Fri Dec 15 15:40:51 +0000 2017,@margotrobbie for @sinow https://t.co/GNnl4NaQII
934887362970169300,Sun Nov 26 20:51:31 +0000 2017,I am proud to announce that I have joined the @loveyourmelon Influencer Program! Love Your Melon… https://t.co/FGTfw1TDSp
928338008629305300,Wed Nov 08 19:06:43 +0000 2017,@dgunit https://t.co/eyduswLT8R
928337601643319300,Wed Nov 08 19:05:06 +0000 2017,@dgunit https://t.co/Qb7rHsT8gn
928337432860295200,Wed Nov 08 19:04:26 +0000 2017,@dgunit https://t.co/I4ffnc56QW
926091859138568200,Thu Nov 02 14:21:19 +0000 2017,freidapinto styled by melissawardschorsch thanks for an amazing day rebelroadstudios https://t.co/YKzO8vGSEa
926091506779414500,Thu Nov 02 14:19:55 +0000 2017,freidapinto styled by melissawardschorsch thanks for an amazing day rebelroadstudios https://t.co/qQEU3jCULE
926090951268876300,Thu Nov 02 14:17:43 +0000 2017,freidapinto styled by melissawardschorsch thanks for an amazing day @pmatkiwsky and… https://t.co/8shUOucrbg
925353767305957400,Tue Oct 31 13:28:25 +0000 2017,@teamvic @sinow https://t.co/xcABnLzTTl
925353563923947500,Tue Oct 31 13:27:36 +0000 2017,@teamvic @sinow https://t.co/5XZN1XELij
925353356993990700,Tue Oct 31 13:26:47 +0000 2017,@teamvic @sinow https://t.co/M3DLWU9Jsz
916721205092212700,Sat Oct 07 17:45:41 +0000 2017,New series with ashleykolodner styled by frankelfresh makeup and hair by @marymguthrie https://t.co/XGj69Bl0QH
916720969452056600,Sat Oct 07 17:44:45 +0000 2017,New series with ashleykolodner styled by frankelfresh makeup and hair by @marymguthrie https://t.co/5xVA8128ef
916720818922704900,Sat Oct 07 17:44:09 +0000 2017,New series with ashleykolodner styled by frankelfresh makeup and hair by @marymguthrie https://t.co/vSbvmrwSjK
916480103898583000,Sat Oct 07 01:47:38 +0000 2017,New series with ashleykolodner styled by frankelfresh makeup and hair by @marymguthrie https://t.co/MfC5mR9Qs9
916479946465431600,Sat Oct 07 01:47:01 +0000 2017,New series with ashleykolodner styled by frankelfresh makeup and hair by @marymguthrie https://t.co/oih0G4cff7
916479674947129300,Sat Oct 07 01:45:56 +0000 2017,New series with ashleykolodner styled by frankelfresh makeup and hair by @marymguthrie https://t.co/T4vZ7rS41Y
911387930119299100,Sat Sep 23 00:33:09 +0000 2017,My 35 year old friend just said to me: I'm getting fucked up tonight. I just sold a wingback chair to a social worker.
908447563619225600,Thu Sep 14 21:49:11 +0000 2017,Had a great time shooting sloanestephens for @sinow this week! https://t.co/5tHyaSgitz
908447409650446300,Thu Sep 14 21:48:35 +0000 2017,Had a great time shooting sloanestephens for @sinow this week! https://t.co/Pi1mNk7ycG
908447213348704300,Thu Sep 14 21:47:48 +0000 2017,Had a great time shooting sloanestephens for @sinow this week! https://t.co/j2e2pwMk65
907626147504037900,Tue Sep 12 15:25:11 +0000 2017,Editorial with @si_swimsuit @TheHannahFerg https://t.co/0VuwymeCmC
907625937222615000,Tue Sep 12 15:24:20 +0000 2017,Editorial with @si_swimsuit @samanthahoopes https://t.co/36EGiKEXlQ
907625770926985200,Tue Sep 12 15:23:41 +0000 2017,Editorial for @si_swimsuit @TheHannahFerg https://t.co/jnUP06FLCi
906280493636886500,Fri Sep 08 22:18:02 +0000 2017,Editorial for @si_swimsuit myladalbesio https://t.co/hzl2t2xbsZ
906280394164760600,Fri Sep 08 22:17:38 +0000 2017,Editorial for @si_swimsuit @samanthahoopes https://t.co/6g7RhdThNk
906280040584933400,Fri Sep 08 22:16:14 +0000 2017,Editorial for @si_swimsuit @samanthahoopes https://t.co/L5Xr6DOTu3
906247599417679900,Fri Sep 08 20:07:19 +0000 2017,Editorial with @si_swimsuit myladalbesio https://t.co/WTAeqpu9DO
906247370140250100,Fri Sep 08 20:06:24 +0000 2017,Editorial with @si_swimsuit myladalbesio https://t.co/fY1JQsext3
906247132801368000,Fri Sep 08 20:05:28 +0000 2017,Editorial with @si_swimsuit myladalbesio https://t.co/sta2C1TFxj
905134368963694600,Tue Sep 05 18:23:44 +0000 2017,Portrait of @teamvic https://t.co/LCq7RafiIS
905134252232065000,Tue Sep 05 18:23:16 +0000 2017,Portrait of @HLundqvist30 https://t.co/qUBAz5uBL3
905134041564938200,Tue Sep 05 18:22:26 +0000 2017,Portrait of @russwest44 https://t.co/bn4kzex6LL
904849687198519300,Mon Sep 04 23:32:31 +0000 2017,Portrait of @russwest44 https://t.co/oAez9N6cSo
904849477135196200,Mon Sep 04 23:31:41 +0000 2017,Portrait of @russwest44 https://t.co/kTpKbxAFwv
904849328576970800,Mon Sep 04 23:31:05 +0000 2017,Portrait of @russwest44 https://t.co/lZUwYbf1x6
903309173177421800,Thu Aug 31 17:31:04 +0000 2017,Portrait series @indycar @h3lio https://t.co/Ex3V0gQNXN
903307978442342400,Thu Aug 31 17:26:19 +0000 2017,Portrait series @indycar Three Generations of Andretti - Marco, Mario and Michael https://t.co/KppQwwlgwG
903307615618326500,Thu Aug 31 17:24:52 +0000 2017,Portrait series @indycar Roger Penske https://t.co/tLcZiHElwk
902618837182533600,Tue Aug 29 19:47:55 +0000 2017,Portrait series @indycar @grahamrahal https://t.co/j2Fp4AptDQ
902618276978679800,Tue Aug 29 19:45:41 +0000 2017,Portrait series @indycar @simonpagenaud normanpagenaud https://t.co/FX5r32Y63j
902617960128200700,Tue Aug 29 19:44:26 +0000 2017,Portrait series @indycar @hinchtown https://t.co/ceIkPt5EOq
902558708114145300,Tue Aug 29 15:48:59 +0000 2017,Portrait series @indycar @12willpower https://t.co/I1GMm3AOcA
902558011515920400,Tue Aug 29 15:46:13 +0000 2017,Portrait series @indycar Rick Mears https://t.co/2VCgYFh66x
902557538771546100,Tue Aug 29 15:44:20 +0000 2017,Portrait series @indycar @scottdixon9 https://t.co/jhMZ2mfmo1
902213301832224800,Mon Aug 28 16:56:28 +0000 2017,@si_swimsuit campaign @allieayers14 https://t.co/2XIFXcYPfm
902212888470937600,Mon Aug 28 16:54:49 +0000 2017,@si_swimsuit campaign @allieayers14 and @theoliviajordan https://t.co/2Eir3exGSO
902212545624162300,Mon Aug 28 16:53:27 +0000 2017,@si_swimsuit campaign stefachka https://t.co/vJHj2x1Q6l
902212322617417700,Mon Aug 28 16:52:34 +0000 2017,@si_swimsuit campaign @camillekostek https://t.co/Wqp671RGPW
902212108997288000,Mon Aug 28 16:51:43 +0000 2017,@si_swimsuit campaign sarina_nowak https://t.co/JSjQnR3mmT
902211919787982800,Mon Aug 28 16:50:58 +0000 2017,@si_swimsuit campaign @michellerudan https://t.co/f7ceMjbyWx
893142264578547700,Thu Aug 03 16:11:24 +0000 2017,It was an honor to shoot the campaign for the first ever swimsuit line for the @si_swimsuit… https://t.co/aA5TOMIR06
893142089268994000,Thu Aug 03 16:10:42 +0000 2017,It was an honor to shoot the campaign for the first ever swimsuit line for the @si_swimsuit… https://t.co/hxy8HyDwRd
893141926161113100,Thu Aug 03 16:10:03 +0000 2017,It was an honor to shoot the campaign for the first ever swimsuit line for the @si_swimsuit… https://t.co/YLs6GeeLgn
889488184501039100,Mon Jul 24 14:11:23 +0000 2017,This beauty for @sinow Fashionable 50 @ibtihajmuhammad https://t.co/yCIOT6iF52
889488090133184500,Mon Jul 24 14:11:01 +0000 2017,This beauty for @sinow Fashionable 50 @ibtihajmuhammad https://t.co/BAFQdH3hDe
889487988006277100,Mon Jul 24 14:10:36 +0000 2017,This beauty for @sinow Fashionable 50 @ibtihajmuhammad https://t.co/RbcLwidULr
888789706829320200,Sat Jul 22 15:55:53 +0000 2017,Fashionable 50 Henrik Lundqvist @sinow https://t.co/U668WoSw68
888789594132680700,Sat Jul 22 15:55:26 +0000 2017,Fashionable 50 Henrik Lundqvist @sinow https://t.co/x3MMlz95oa
888789403522486300,Sat Jul 22 15:54:41 +0000 2017,Fashionable 50 Henrik Lundqvist @sinow https://t.co/gg7Lo3PQjO
888044354895364100,Thu Jul 20 14:34:07 +0000 2017,@mchamleywatson for @sinow Fashionable 50! https://t.co/NSOBCBSINy
888044143003529200,Thu Jul 20 14:33:17 +0000 2017,@mchamleywatson for @sinow Fashionable 50! https://t.co/5racNJgWtk
888043770687754200,Thu Jul 20 14:31:48 +0000 2017,@mchamleywatson for @sinow Fashionable 50! https://t.co/iErumgTP8P
887356272613392400,Tue Jul 18 16:59:56 +0000 2017,Fashionable 50 issue @sinow @teamvic  Styled by: @lovingrachel https://t.co/OLRX3Rj0qf
887355817325989900,Tue Jul 18 16:58:07 +0000 2017,Fashionable 50 issue @sinow @teamvic  Styled by: @lovingrachel https://t.co/zRafMfVZzB
887355511376576500,Tue Jul 18 16:56:54 +0000 2017,Fashionable 50 issue @sinow @teamvic  Styled by: @lovingrachel https://t.co/nIyinhMk1p
887354811456397300,Tue Jul 18 16:54:07 +0000 2017,Fashionable 50 issue @sinow @russwest44  Styled by: @Jason_Rembert https://t.co/DbYbFHUwVo
887353742974230500,Tue Jul 18 16:49:53 +0000 2017,Fashionable 50 issue @sinow @russwest44  Styled by: @Jason_Rembert https://t.co/WcvPrtfQnM
887353494365233200,Tue Jul 18 16:48:53 +0000 2017,Fashionable 50 issue @sinow @russwest44 https://t.co/0pDLuyaSou
887020836435107800,Mon Jul 17 18:47:02 +0000 2017,Behind the scenes; me and @russwest44 shooting the cover of @sinow Fashionable 50 Issue!!! https://t.co/J71CgVFUtu
887020673872404500,Mon Jul 17 18:46:23 +0000 2017,Behind the scenes; me and @russwest44 shooting the cover of @sinow Fashionable 50 Issue!!! https://t.co/NFPndOKr0l
887011861941571600,Mon Jul 17 18:11:22 +0000 2017,My first cover for @sinow of @russwest44 for their annual Fashionable 50 issue! I feel like a… https://t.co/GNbSw0TylD
883379583541583900,Fri Jul 07 17:37:59 +0000 2017,Margo https://t.co/VHVBHrfsPi
883379458505416700,Fri Jul 07 17:37:29 +0000 2017,Margo https://t.co/JuvTSfB0La
883379309313962000,Fri Jul 07 17:36:54 +0000 2017,Margo https://t.co/v1BizFvHQc
879735705051832300,Tue Jun 27 16:18:31 +0000 2017,Leading offs in this weeks issue! @sinow https://t.co/BZpfumyVJO
879734987863593000,Tue Jun 27 16:15:40 +0000 2017,Leading offs in this weeks issue! @sinow https://t.co/nEFGG6eqcC
879732197963563000,Tue Jun 27 16:04:35 +0000 2017,Leading offs in this weeks issue! @sinow https://t.co/4qjvDn3UKB
878413895932805100,Sat Jun 24 00:46:07 +0000 2017,2017 NBA Draft last night!   Zach Collins - Portland Trail Blazers  #10 Draft Pick https://t.co/acuNwxV7wQ
878413657943748600,Sat Jun 24 00:45:10 +0000 2017,2017 NBA Draft last night!   Bam Adebayo - Miami Heat  #14 Draft Pick https://t.co/dfebOPZISz
878413365948928000,Sat Jun 24 00:44:01 +0000 2017,2017 NBA Draft last night!   Edmond Sumner - Indiana Pacers  #52 Draft Pick https://t.co/UXnSd45kNq
878373659043299300,Fri Jun 23 22:06:14 +0000 2017,2017 NBA Draft last night!   Jawun Evans - LA Clippers  #39 Draft Pick https://t.co/OLLLZVVqn6
878373318180560900,Fri Jun 23 22:04:53 +0000 2017,2017 NBA Draft last night!    Markelle Fultz - Philadelphia 76ers #1 Draft Pick https://t.co/pRoNH5xqZX
878373138353893400,Fri Jun 23 22:04:10 +0000 2017,2017 NBA Draft last night!   Mathias Lessort - Philadelphia 76ers  #50 Draft Pick https://t.co/9EkTwrxO9C
878359853428744200,Fri Jun 23 21:11:22 +0000 2017,2017 NBA Draft last night!   Justin Patton - Minnesota Timberwolves  #16 Draft Pick https://t.co/AA3GlHUExj
878359684486357000,Fri Jun 23 21:10:42 +0000 2017,2017 NBA Draft last night!   Jonathan Isaac - Orlando Magic  #6 Draft Pick https://t.co/WShR9INR1R
878359358597419000,Fri Jun 23 21:09:24 +0000 2017,2017 NBA Draft last night!   Lauri Markkanen - Chicago Bulls #7 Draft Pick https://t.co/xOscS3OxM5
878346567392018400,Fri Jun 23 20:18:35 +0000 2017,2017 NBA Draft Last night!   Dennis Smith Jr. - Dallas Mavericks #9 Draft Pick https://t.co/5uXlpLTMii
878346535775473700,Fri Jun 23 20:18:27 +0000 2017,2017 NBA Draft last night!   Malik Monk - Charlotte Hornets  #11 Draft Pick https://t.co/Iz1BFUQirx
878346015161684000,Fri Jun 23 20:16:23 +0000 2017,2017 NBA Draft last night!   T.J. Leaf - Indiana Pacers #18 Draft Pick https://t.co/ykRVuobY10
878127038179049500,Fri Jun 23 05:46:15 +0000 2017,#Repost @sinow  ・・・ Los Angeles Lakers Lonzo Ball #draft2017 https://t.co/4q2tPdz0gu
878126556803149800,Fri Jun 23 05:44:20 +0000 2017,#Repost @sinow  ・・・ Phoenix Suns Josh Jackson #draft2017 https://t.co/ITwQ7OubWv
878125952223653900,Fri Jun 23 05:41:56 +0000 2017,#Repost @sinow ・・・ Philadelphia 76ers Markelle Fultz #draft2017 Number One Draft Pick https://t.co/pWrX0L1opJ
877999930316435500,Thu Jun 22 21:21:10 +0000 2017,Got to spend the day with @chrishogan_15 and his beautiful family. New dad to twins Chase and… https://t.co/iEaiimE1Gf
877999736950796300,Thu Jun 22 21:20:24 +0000 2017,Got to spend the day with @chrishogan_15 and his beautiful family. New dad to twins Chase and… https://t.co/MeideKMdj5
877999578368421900,Thu Jun 22 21:19:46 +0000 2017,Got to spend the day with @chrishogan_15 and his beautiful family. New dad to twins Chase and… https://t.co/4oEDKtvZjI
875860818390208500,Fri Jun 16 23:41:06 +0000 2017,Loved being on set with the amazing lizaporterdrums always admire your work and your bad… https://t.co/oduSSoUnbo
875859541849550800,Fri Jun 16 23:36:02 +0000 2017,Never have I ever been a fan of pics of me but @sbrinkleycook you know how to capture people in… https://t.co/PmhSs3Liri
875858950821826600,Fri Jun 16 23:33:41 +0000 2017,Had to post the brilliant photo taken by the amazing @sbrinkleycook capturing me and… https://t.co/kX3M5Fng1G
873208930951864300,Fri Jun 09 16:03:27 +0000 2017,Indy Car 500 winner Takuma Sato! https://t.co/mVHq7y1UCd
873208467430940700,Fri Jun 09 16:01:36 +0000 2017,@joannamma https://t.co/63pNg14Fcs
873208299021140000,Fri Jun 09 16:00:56 +0000 2017,@alexanderrossi https://t.co/Lrj0eqnMFd
871454235124129800,Sun Jun 04 19:50:55 +0000 2017,Anita Sher - power lifter 💪 https://t.co/L20zyj0vxy
871454058820784100,Sun Jun 04 19:50:13 +0000 2017,Anita Sher - power lifter 💪 https://t.co/tkQkEVRers
871453954348957700,Sun Jun 04 19:49:48 +0000 2017,Anita Sher - power lifter 💪 https://t.co/L34m8tf65z
870980408388624400,Sat Jun 03 12:28:06 +0000 2017,@WattersWtoo https://t.co/9aQr7LNSfC
870980304088907800,Sat Jun 03 12:27:41 +0000 2017,@WattersWtoo https://t.co/Vi6lJHA08U
870980150891921400,Sat Jun 03 12:27:04 +0000 2017,@WattersWtoo https://t.co/BLYFeBbh8r
870617105879539700,Fri Jun 02 12:24:27 +0000 2017,gianvitorossi styled by ma girl frankelfresh and featuring the lovely julianreneee https://t.co/h7qogmG3Ka
870616954255491100,Fri Jun 02 12:23:51 +0000 2017,gianvitorossi styled by ma girl frankelfresh and featuring the lovely julianreneee https://t.co/EEWDpms6Yq
870616801482113000,Fri Jun 02 12:23:15 +0000 2017,gianvitorossi styled by ma girl frankelfresh and featuring the lovely julianreneee https://t.co/OQZg9vUmAR
870370381378404400,Thu Jun 01 20:04:04 +0000 2017,Amazing shoot with julianreneee styled by frankelfresh for gianvitorossi https://t.co/Guv4m088Hi
870370347773603800,Thu Jun 01 20:03:56 +0000 2017,Amazing shoot with julianreneee styled by frankelfresh for gianvitorossi https://t.co/mEsnh4hsLb
870370059775955000,Thu Jun 01 20:02:47 +0000 2017,Amazing shoot with julianreneee styled by frankelfresh for gianvitorossi https://t.co/wkeSLxbjFy
859051182806810600,Mon May 01 14:25:37 +0000 2017,In Bangkok, Thailand all this week directing my first documentary for @sinow films with… https://t.co/lwnEfzf9SX
859051107602923500,Mon May 01 14:25:19 +0000 2017,In Bangkok, Thailand all this week directing my first documentary for @sinow films with… https://t.co/yeSwgzc7mu
859050969648177200,Mon May 01 14:24:46 +0000 2017,In Bangkok, Thailand all this week directing my first documentary for @sinow films with… https://t.co/iZKJGHdE8v
859050851666608100,Mon May 01 14:24:18 +0000 2017,In Bangkok, Thailand all this week directing my first documentary for @sinow films with… https://t.co/F9dIKcq0X2
859050741343731700,Mon May 01 14:23:51 +0000 2017,In Bangkok, Thailand all this week directing my first documentary for @sinow films with… https://t.co/vyc4yhmJ6y
859050585990897700,Mon May 01 14:23:14 +0000 2017,In Bangkok, Thailand all this week directing my first documentary for @sinow films with… https://t.co/QOhYIzH2T1
849388149914599400,Tue Apr 04 22:28:10 +0000 2017,The incredible and iconic @andersenlisa stopped by @sinow today and I had the pleasure to speak… https://t.co/vcrFdAxaU4
849387271191236600,Tue Apr 04 22:24:40 +0000 2017,The incredible and iconic @andersenlisa stopped by @sinow today and I had the pleasure to speak… https://t.co/XZ77qqRjs0
849386655916208100,Tue Apr 04 22:22:14 +0000 2017,The incredible and iconic @andersenlisa stopped by @sinow today and I had the pleasure to speak… https://t.co/aIhNARFf6u
844228787889823700,Tue Mar 21 16:46:42 +0000 2017,Model search lisamariejaftha  VOTE!! Celebrate these strong powerful beautiful women! https://t.co/dsSXDayNqC
844228345743081500,Tue Mar 21 16:44:57 +0000 2017,Model search @mckennaberkley VOTE!! Celebrate these strong powerful beautiful women! https://t.co/iZ7FByR6wu
844228175345270800,Tue Mar 21 16:44:16 +0000 2017,Model search @huntermcgrady VOTE!! Celebrate these strong powerful beautiful women! https://t.co/7RhZ8mYlr6
841725462002905100,Tue Mar 14 18:59:23 +0000 2017,Let's go josie_prendergast https://t.co/95WhB4IcwX
841725052391309300,Tue Mar 14 18:57:45 +0000 2017,Bring me back to Hawaii with these bad asses josie_prendergast billabongwomens https://t.co/L3uCGqmCbi
841724587666636800,Tue Mar 14 18:55:54 +0000 2017,When it's cold outside you just wanna be in the sun flickpalmateer https://t.co/8j6caoxLRC
836307899181772800,Mon Feb 27 20:11:55 +0000 2017,@si_swimsuit ladies on stage at @diplo for launch 2017 in Houston! https://t.co/Kwmhvgj1IL
836307708034723800,Mon Feb 27 20:11:10 +0000 2017,@diplo crowd @si_swimsuit launch 2017 in Houston! https://t.co/MpurEinYIr
836050631932596200,Mon Feb 27 03:09:38 +0000 2017,myladalbesio killin it at @si_swimsuit launch 2017 in Houston!!! https://t.co/mIDbxc0nu1
836050343523823600,Mon Feb 27 03:08:29 +0000 2017,@RoseBertram and @BarbaraPalvin at @si_swimsuit launch 2017 in Houston dancin @diplo !!! https://t.co/BLDsA25JMV
836049878392291300,Mon Feb 27 03:06:38 +0000 2017,Amazing night with @si_swimsuit and @diplo !! Get that crowd goin danielle_herrington_ !!!! https://t.co/eTx0QshaSm
835233051537879000,Fri Feb 24 21:00:52 +0000 2017,Houston @si_swimsuit launch 2017! With @sbrinkleycook https://t.co/3iu7jXBLr7
835232128237350900,Fri Feb 24 20:57:11 +0000 2017,Houston @si_swimsuit launch 2017! With ma girl @ninaagdal https://t.co/HQ8uiTV7KQ
835231747352621000,Fri Feb 24 20:55:41 +0000 2017,Houston @si_swimsuit launch 2017! With @kateupton https://t.co/gZ3sw4lEfk
835156948416802800,Fri Feb 24 15:58:27 +0000 2017,Getting ready with @missmiakang https://t.co/8YsVrHIV3F
835156758112804900,Fri Feb 24 15:57:42 +0000 2017,Getting ready biancabalti https://t.co/4TJme0Drhk
835156499575922700,Fri Feb 24 15:56:40 +0000 2017,Intimate moments with @mj_day https://t.co/4xG2TW1BvP
835024002389160000,Fri Feb 24 07:10:10 +0000 2017,@SeaBrinkley walks out on the red carpet for NYC party for @si_swimsuit launch week https://t.co/6WYjK24uTC
835023606916624400,Fri Feb 24 07:08:36 +0000 2017,Legends https://t.co/rCTw7E70LC
835023171594018800,Fri Feb 24 07:06:52 +0000 2017,My girl killing it on the carpet @ninaagdal https://t.co/KqaNlpqdJK
834908705741164500,Thu Feb 23 23:32:01 +0000 2017,Going to be sharing my favorite moments from this weeks @si_swimsuit launch 2017!… https://t.co/4ILbYYDNhE
834908433996369900,Thu Feb 23 23:30:57 +0000 2017,Going to be sharing my favorite moments from this weeks @si_swimsuit launch 2017!   biancabalti… https://t.co/SC1XqMtaXb
834908151489015800,Thu Feb 23 23:29:49 +0000 2017,Going to be sharing my favorite moments from this weeks @si_swimsuit launch 2017! @robynlawley… https://t.co/TDKgENEJfk
832283786842820600,Thu Feb 16 17:41:32 +0000 2017,141th Westminster Dog Show https://t.co/AEDSacCrNW
832283648455954400,Thu Feb 16 17:40:59 +0000 2017,141th Westminster Dog Show https://t.co/1FM7feZsPq
832283511675424800,Thu Feb 16 17:40:26 +0000 2017,141th Westminster Dog Show https://t.co/fAJzTTCyDs
832283282821636100,Thu Feb 16 17:39:32 +0000 2017,Nikko Landeros https://t.co/eaUFcYteKr
832282966663454700,Thu Feb 16 17:38:16 +0000 2017,Gracie Gold https://t.co/eiFv7WpE2u
832282799738531800,Thu Feb 16 17:37:37 +0000 2017,Joss Christensen https://t.co/EOOS5r7HgT
831979576981024800,Wed Feb 15 21:32:43 +0000 2017,141st Westminster Dog Show https://t.co/aeqZHHmv2q
831979427407892500,Wed Feb 15 21:32:07 +0000 2017,141st Westminster Dog Show https://t.co/GzU2TKZbmr
831979327038173200,Wed Feb 15 21:31:43 +0000 2017,141st Westminster Dog Show https://t.co/RSuPWVBrwL
831978745686732800,Wed Feb 15 21:29:25 +0000 2017,Shaun White.... kids got swag... thank you for an awesome shoot https://t.co/PItHbVa0Pf
831978495592931300,Wed Feb 15 21:28:25 +0000 2017,Shaun White https://t.co/vJLELclDKk
831978383735038000,Wed Feb 15 21:27:58 +0000 2017,Shaun white https://t.co/aB1FUts2Dd
827518485366349800,Fri Feb 03 14:05:56 +0000 2017,flickpalmateer @billabong1973 billabongwomens https://t.co/JjSIy8wxlI
827518191106527200,Fri Feb 03 14:04:45 +0000 2017,@hailey_clauson for @si_swimsuit https://t.co/NAVPs2HKHl
827518024643072000,Fri Feb 03 14:04:06 +0000 2017,lauraenever @billabong1973 billabongwomens https://t.co/Z4KvIAPEbG
826554995877122000,Tue Jan 31 22:17:22 +0000 2017,Amazing day with @kellydowdle Styled by my girl frankelfresh https://t.co/3CH4XeRg9h
826554853774143500,Tue Jan 31 22:16:48 +0000 2017,Amazing day with @kellydowdle Styled by my girl frankelfresh https://t.co/LgHHnMm5Cu
826554754402627600,Tue Jan 31 22:16:24 +0000 2017,Amazing day with @kellydowdle Styled by my girl frankelfresh https://t.co/uXjGBJvNH4
819980562358222800,Fri Jan 13 18:52:55 +0000 2017,Life of a world champion professional bull rider at the 2017 pbr in @thegarden https://t.co/8g2TLpP7I4
819980288864452600,Fri Jan 13 18:51:50 +0000 2017,Life of a world champion professional bull rider. Joao Ricardo Vieira during the 2017 pbr at… https://t.co/o7b6Gi2L5Q
819980121511706600,Fri Jan 13 18:51:10 +0000 2017,Life of a world champion professional bull rider. Joao Ricardo Vieira, Kaique Pacheco, Paulo… https://t.co/1DoP4OAIiV
819979705902366700,Fri Jan 13 18:49:31 +0000 2017,Life of a world champion professional bull rider. Mike Lee during the 2017 pbr at @thegarden https://t.co/fpxoNmng4u
819979463932936200,Fri Jan 13 18:48:33 +0000 2017,Life of a world champion professional bull rider. Eduardo Aparecido during the 2017 pbr at… https://t.co/q7Fnoj7qEy
819979174504988700,Fri Jan 13 18:47:24 +0000 2017,Life of a world champion professional bull rider Fabiano Vieira during the 2017 pbr at @thegarden https://t.co/py72QqLE2Q
819682601426423800,Thu Jan 12 23:08:55 +0000 2017,Amazing year.... reflecting back for a moment on 2016. It was an honor to be able to shoot some… https://t.co/HOlbcnAJgN
819682266276368400,Thu Jan 12 23:07:35 +0000 2017,Amazing year.... reflecting back for a moment on 2016. It was an honor to be able to shoot some… https://t.co/JidpLcYXwl
819681664016281600,Thu Jan 12 23:05:12 +0000 2017,Amazing year.... reflecting back for a moment on 2016. It was an honor to be able to shoot some… https://t.co/DjwM4lgr1p
807665167836147700,Sat Dec 10 19:15:56 +0000 2016,Lifestyle of these incredible billabongwomens Pro surfers @caioibelli and flickpalmateer @ North… https://t.co/93vbEYqMxK
807664757641646100,Sat Dec 10 19:14:18 +0000 2016,@neonboho power house @sinow billabongwomens https://t.co/8U6OgoskbC
806926868154695700,Thu Dec 08 18:22:12 +0000 2016,Meet the Billabong Women's Surf Team! Here's Felicity Palmateer, 24 of Perth, Australia. Click… https://t.co/X2UijgVCxq
806926637082128400,Thu Dec 08 18:21:16 +0000 2016,Meet the Billabong Women's Surf Team! Here's Laura Enever, 25 of Sydney, Australia. Click the… https://t.co/WxVQsN4lME
806926371582722000,Thu Dec 08 18:20:13 +0000 2016,Meet the Billabong Women's Surf Team! Here's Alessa Quizon, 22 of Makaha, HI. Click the link in… https://t.co/DzI1u4AcpM
806926100051832800,Thu Dec 08 18:19:08 +0000 2016,Meet the Billabong Women's Surf Team! Here's Courtney Conlogue, 24 of Santa Ana, CA. Click the… https://t.co/3SySsQvi8U
805062987773984800,Sat Dec 03 14:55:48 +0000 2016,@kyjkelly @laurencecchi collaboration with @si_swimsuit   Styling by @hushhushcloset https://t.co/mNlvMONCZt
805062756630020100,Sat Dec 03 14:54:53 +0000 2016,@kyjkelly @laurencecchi collaboration with @si_swimsuit   Styling by @hushhushcloset https://t.co/RcLryhXLcC
805062340697681900,Sat Dec 03 14:53:14 +0000 2016,@kyjkelly @laurencecchi collaboration with @si_swimsuit   Styling by @hushhushcloset https://t.co/mRKJbeRzis
804764385625243600,Fri Dec 02 19:09:15 +0000 2016,@si_swimsuit 2017 castings! Meet official_alexadol https://t.co/DwtyP3dBYg
804763779707719700,Fri Dec 02 19:06:51 +0000 2016,@si_swimsuit 2017 castings! Meet kristina_tsirekidze https://t.co/RykgMvI3Rq
804763256355065900,Fri Dec 02 19:04:46 +0000 2016,@si_swimsuit 2017 castings! Meet alexandriatothemax https://t.co/BRXZDQwIWB
804022695574650900,Wed Nov 30 18:02:03 +0000 2016,So proud of my lady!! @si_swimsuit casting 2017 meet the powerful and beautiful @kyjkelly !!! https://t.co/0rDQG4scIy
804022392389439500,Wed Nov 30 18:00:51 +0000 2016,@si_swimsuit casting 2017 meet @saintapolonia ! https://t.co/cFshMQ0Gln
804022070480814100,Wed Nov 30 17:59:34 +0000 2016,@si_swimsuit casting 2017 meet @classieamato!! https://t.co/Anvu13izd1
803688259284967400,Tue Nov 29 19:53:07 +0000 2016,Behind the scenes for an @sikids Cover shot by Al Tielemans with the Sheppard Sisters who are… https://t.co/dh2l4VJapw
803688057731883000,Tue Nov 29 19:52:19 +0000 2016,Behind the scenes for an @sikids Cover shot by Al Tielemans with the Sheppard Sisters who are… https://t.co/TXO1U5ChP1
803687711492034600,Tue Nov 29 19:50:56 +0000 2016,Behind the scenes for an @sikids Cover shot by Al Tielemans with the Sheppard Sisters who are… https://t.co/LC99HBcSWO
803603099432554500,Tue Nov 29 14:14:43 +0000 2016,Behind the scenes with PEOPLES man himself, David Ortiz for a Sports Illustrated cover shoot at… https://t.co/HVkM3h1TJU
803602921539518500,Tue Nov 29 14:14:01 +0000 2016,Behind the scenes with PEOPLES man himself, David Ortiz for a Sports Illustrated cover shoot at… https://t.co/Bc1P6GRBID
803602635836178400,Tue Nov 29 14:12:53 +0000 2016,Behind the scenes with PEOPLES man himself, David Ortiz for a Sports Illustrated cover shoot at… https://t.co/SbElO4YYAs
803346261638164500,Mon Nov 28 21:14:08 +0000 2016,Behind the scenes with these incredible women of the USA Olympic Rowing Team shot at the… https://t.co/lhqm8FHXhW
803345984138788900,Mon Nov 28 21:13:02 +0000 2016,Behind the scenes with these incredible women of the USA Olympic Rowing Team shot at the… https://t.co/KN2kpOYaij
803345424031445000,Mon Nov 28 21:10:49 +0000 2016,This has been an incredible year.... Lots of different projects working with incredible talent… https://t.co/Giw8ghF2K5
798427989721681900,Tue Nov 15 07:30:41 +0000 2016,Historical double belt champ for UFC 205 @thenotoriousmma at @thegarden https://t.co/IulzYwOiIO
798427576352051200,Tue Nov 15 07:29:02 +0000 2016,Historical UFC 205 @thenotoriousmma fans outside of @thegarden https://t.co/jYzC8hYvNW
798427080530817000,Tue Nov 15 07:27:04 +0000 2016,Historical UFC 205 at @thegarden #supermoon https://t.co/O6pzlqDzcL
792484584432644100,Sat Oct 29 21:53:43 +0000 2016,@si_swimsuit casting 2017 meet the sexy carmenbruendler https://t.co/YhlnEOq1ER
792483472778498000,Sat Oct 29 21:49:18 +0000 2016,@si_swimsuit castings 2017 meet the lovely @bbergmeister ! https://t.co/0H9CLZ7KZq
792483259665920000,Sat Oct 29 21:48:27 +0000 2016,@si_swimsuit casting 2017 meet  the beautiful @golden_barbie ! https://t.co/WxODhgc7Tw
786297013251997700,Wed Oct 12 20:06:31 +0000 2016,New shoot with @laurencecchi erinanastos   Styling by: @joannagiunta https://t.co/bgJANsG4JM
786296409662353400,Wed Oct 12 20:04:07 +0000 2016,New shoot with @laurencecchi erinanastos   Styling by: @joannagiunta https://t.co/mt2kVztHWk
786295957545623600,Wed Oct 12 20:02:19 +0000 2016,New shoot with @laurencecchi erinanastos   Styling by: @joannagiunta https://t.co/0LhzKGEPDm
784405969732116500,Fri Oct 07 14:52:11 +0000 2016,A day in the life with @missmiakang for @si_swimsuit!   Styling: frankelfresh  Hair:… https://t.co/oRUIcbKNiD
784405440259993600,Fri Oct 07 14:50:05 +0000 2016,A day in the life with @missmiakang for @si_swimsuit!   Styling: frankelfresh  Hair:… https://t.co/97KHRbA3fi
784405106976366600,Fri Oct 07 14:48:45 +0000 2016,A day in the life with @missmiakang for @si_swimsuit!   Styling: frankelfresh  Hair:… https://t.co/shYZlSNLrG
779090582635511800,Thu Sep 22 22:50:44 +0000 2016,Got to shoot this amazing man today for @sinow! 9 time gold medalist @usainbolt rockin @puma https://t.co/k4gD0me3w9
779090432437395500,Thu Sep 22 22:50:08 +0000 2016,Got to shoot this amazing man today for @sinow! 9 time gold medalist @usainbolt rockin @puma https://t.co/USaO00EybY
779090293987614700,Thu Sep 22 22:49:35 +0000 2016,Got to shoot this amazing man today for @sinow! 9 time gold medalist @usainbolt rockin @puma https://t.co/S7HjyhikZ9
773504069956669400,Wed Sep 07 12:51:55 +0000 2016,Hot in the kitchen with @b_maren! Amazing team to put this all together for @si_swimsuit… https://t.co/XAK7YMaeeT
773503547304476700,Wed Sep 07 12:49:51 +0000 2016,Hot in the kitchen with @b_maren! Amazing team to put this all together for @si_swimsuit… https://t.co/6veGZdsdf4
773503193821118500,Wed Sep 07 12:48:27 +0000 2016,Hot in the kitchen with @b_maren! Amazing team to put this all together for @si_swimsuit… https://t.co/FPXJlJFtuC
770341304702296000,Mon Aug 29 19:24:13 +0000 2016,Summer of Swim event in Coney Island yesterday with @ninaagdal @si_swimsuit https://t.co/9PTA1ACp0h
770340699246104600,Mon Aug 29 19:21:49 +0000 2016,Summer of Swim event in Coney Island yesterday with @robynlawley @si_swimsuit https://t.co/slbgO7yLa0
770340440742723600,Mon Aug 29 19:20:47 +0000 2016,Summer of Swim event yesterday in Coney Island @katelynnebock @si_swimsuit https://t.co/W8wmRL4ZiC
766863958477267000,Sat Aug 20 05:06:30 +0000 2016,Up close and personal https://t.co/7sqCh3MRqj
766863849937113100,Sat Aug 20 05:06:04 +0000 2016,Up close and personal @hailey_clauson https://t.co/daL3glVR09
766863756349608000,Sat Aug 20 05:05:41 +0000 2016,Up close and personal kitchaney https://t.co/Nc0EYO7CZS
765651137064239100,Tue Aug 16 20:47:10 +0000 2016,Lovely ladies in black &amp; white @ninaagdal @tatianaimamura https://t.co/42CIhNNKO4
765648897817604100,Tue Aug 16 20:38:16 +0000 2016,Lovely ladies in black &amp; white erinanastos https://t.co/K455wIVbgf
765648670909952000,Tue Aug 16 20:37:22 +0000 2016,Lovely ladies in black &amp; white @annemkortright https://t.co/vepjbSt3ct
764623062914457600,Sun Aug 14 00:41:58 +0000 2016,Amazing shoot today with @si_swimsuit johnfriedaus @billabongwomens 808livelovealoha @CosBar… https://t.co/1WVvUISgjN
764622815232401400,Sun Aug 14 00:40:59 +0000 2016,Amazing shoot today with @si_swimsuit johnfriedaus @billabongwomens 808livelovealoha @CosBar… https://t.co/kXroifQQbf
764622168357498900,Sun Aug 14 00:38:25 +0000 2016,Amazing shoot today with @si_swimsuit @billabongwomens 808livelovealoha @CosBar killer styling… https://t.co/nCmfPkAlCs
764091996428390400,Fri Aug 12 13:31:42 +0000 2016,Meet ninamariedaniele https://t.co/yB0EhPzv9d
764091774818136000,Fri Aug 12 13:30:49 +0000 2016,Down ass chic @lilsavagecheese https://t.co/K3ExnnahrS
764091353970020400,Fri Aug 12 13:29:09 +0000 2016,The beautiful @alicepeneaca https://t.co/nTUzOd6sk7
764091022506721300,Fri Aug 12 13:27:50 +0000 2016,The powerful zaina_gohou https://t.co/r18M3HQc4o
764090840297779200,Fri Aug 12 13:27:07 +0000 2016,@mckennaberkley killin it https://t.co/cvwCrYQU4o
764090516635918300,Fri Aug 12 13:25:49 +0000 2016,Meet @kafweeen https://t.co/Ti8q5Vc2Nm
762681098560307200,Mon Aug 08 16:05:18 +0000 2016,Thirsty https://t.co/OWoibQ9A2Z
762680885724450800,Mon Aug 08 16:04:27 +0000 2016,Endless summer continues https://t.co/DBMMjiAyAt
762679972674797600,Mon Aug 08 16:00:50 +0000 2016,I feel blue https://t.co/hVfCKZ3vmI
760115654552846300,Mon Aug 01 14:11:08 +0000 2016,Let's dine frankelfresh #iphone6plus #mykonos https://t.co/H4fK40QgfX
760113548378996700,Mon Aug 01 14:02:46 +0000 2016,Suns out dogs out #iphone6plus #mykonosbeaches https://t.co/LwrLpQQQfz
759915320374984700,Mon Aug 01 00:55:05 +0000 2016,Water toys @robertacimmino1 #iphone6plus https://t.co/c5KqZIleiT
759561486901579800,Sun Jul 31 01:29:05 +0000 2016,Greece interiors #iphone6plus #travel #greece #interior https://t.co/4aCk7t92bV
759561027545604100,Sun Jul 31 01:27:15 +0000 2016,Ibiza exteriors #Buddha https://t.co/x98c07uNSt
759559710660038700,Sun Jul 31 01:22:01 +0000 2016,Ibiza interiors #travel #iphone6plus https://t.co/xzBtAYbOvs
753572332317372400,Thu Jul 14 12:50:19 +0000 2016,Holy hotness. The unbelievably gorgeous and talented @ninaagdal behind the scenes for… https://t.co/6g9qX0LV5s
753572009037234200,Thu Jul 14 12:49:02 +0000 2016,Holy hotness. The unbelievably gorgeous and talented @ninaagdal behind the scenes for… https://t.co/7gJUd9Jg8f
753571767650746400,Thu Jul 14 12:48:04 +0000 2016,Holy hotness. The unbelievably gorgeous and talented @ninaagdal behind the scenes for… https://t.co/r7ISqUh3OC
751107434064842800,Thu Jul 07 17:35:41 +0000 2016,Yahtzeeeee khmidan_yara #castingcalls2017 https://t.co/U0xfk1SgWZ
751105442923896800,Thu Jul 07 17:27:47 +0000 2016,Ever so beautiful @DanielleKn1 #castingcalls2017 https://t.co/MBbkjxszhs
751105014198853600,Thu Jul 07 17:26:04 +0000 2016,The @caitlinricketts #castingcalls2017 https://t.co/KASlijL2jh
751089204432699400,Thu Jul 07 16:23:15 +0000 2016,You're killin it careyalyn #castingcalls2017 https://t.co/PzlwACu0Ox
751088761900007400,Thu Jul 07 16:21:30 +0000 2016,Be in the moment with @angelajruiz #castingcalls2017 https://t.co/NLqhWdcqq7
751088401789648900,Thu Jul 07 16:20:04 +0000 2016,Meet the lovely @joannahalpin #castingcalls2017 https://t.co/LA6bAj2Z9t
744283084971991000,Sat Jun 18 21:38:10 +0000 2016,This lady though... She's your mother, your sister, your best friend, your mentor... To anyone… https://t.co/ESFJppn67A
744282037088038900,Sat Jun 18 21:34:00 +0000 2016,YAAAASSS QUEEN @hailey_clauson @mj_day @si_swimsuit https://t.co/Y9CXuIfi1S
744281668308049900,Sat Jun 18 21:32:32 +0000 2016,Love this human being with all my heart. So talented so beautiful so bad ass. Best bday weekend… https://t.co/HBxXz8Odxr
743945674484518900,Fri Jun 17 23:17:25 +0000 2016,Classic Coney @si_swimsuit @ninaagdal @hailey_clauson @wattsupphoto https://t.co/jKENBhgWku
743945469911498800,Fri Jun 17 23:16:36 +0000 2016,90s beach Bom-Shell @hailey_clauson killing it for @si_swimsuit today shoot by @wattsupphoto… https://t.co/n1LAACswuK
743945139081646100,Fri Jun 17 23:15:17 +0000 2016,@ninaagdal strutting for @si_swimsuit today in Coney Island. Amazing shoot today by @wattsupphoto https://t.co/RQvv3Nmv84
740589042253762600,Wed Jun 08 16:59:21 +0000 2016,So special beyonce to share with ma ladies @ninaagdal and frankelfresh trio reunited https://t.co/2ztYgY0Esv
740588699960770600,Wed Jun 08 16:58:00 +0000 2016,Purple rain beyonce https://t.co/CG7zGrKhES
740588420141961200,Wed Jun 08 16:56:53 +0000 2016,beyonce nuf said https://t.co/GfdvoKWtmL
735148352895995900,Tue May 24 16:40:00 +0000 2016,The incredible @annemkortright for 2017 @si_swimsuit casting!! https://t.co/5ZXNQoRbNW
735147966910988300,Tue May 24 16:38:28 +0000 2016,carolinajaramillomodel for the 2017 @si_swimsuit casting https://t.co/EYQLUSQVfD
734017600351547400,Sat May 21 13:46:47 +0000 2016,In Cannes at the @amfar gala with the best ladies @ninaagdal frankelfresh https://t.co/ZGaA3ojAw7
734016510096728000,Sat May 21 13:42:28 +0000 2016,In Cannes with the lovely @ninaagdal at the 2016 @amfar Gala. Incredible styling by the very… https://t.co/lcSljuhGok
734016229757833200,Sat May 21 13:41:21 +0000 2016,In Cannes with the lovely @ninaagdal at the 2016 @amfar Gala. Incredible styling by the very… https://t.co/usZPFkP1Id
730886227126300700,Thu May 12 22:23:50 +0000 2016,Photographing and directing the 2017 casting calls for @si_swimsuit meet the lovely @annedepaula_ https://t.co/16Bj25URni
730885971814813700,Thu May 12 22:22:49 +0000 2016,Photographing and directing the 2017 casting calls for @si_swimsuit meet the lovely @deeeniseS https://t.co/3NNrQexOwe
730821207487074300,Thu May 12 18:05:28 +0000 2016,RT @SarahJHolbrook: These ladies and I are releasing something pretty special tomorrow. https://t.co/hkeVjeuVwe #JustCrazyEnough https://t.…
728981195552395300,Sat May 07 16:13:55 +0000 2016,A day with honeysuckle_bk preparing for Mother's Day https://t.co/j8VDlVZZ7G
728981113281101800,Sat May 07 16:13:35 +0000 2016,A day with honeysuckle_bk preparing for Mother's Day https://t.co/jm1vdmLH6w
728981034084253700,Sat May 07 16:13:16 +0000 2016,A day with honeysuckle_bk preparing for Mother's Day https://t.co/JxTBDpADP7
725496337547051000,Thu Apr 28 01:26:20 +0000 2016,RT @TheBlakeMorgan: Sometimes I wish that life was never ending...And all good things, they say, never last. #Prince #IRespectMusic https:/…
725357360345141200,Wed Apr 27 16:14:05 +0000 2016,View https://t.co/BWFnQjuxD5
725357296927277000,Wed Apr 27 16:13:50 +0000 2016,Green and blue https://t.co/97Pl4Hc7PQ
725356832835952600,Wed Apr 27 16:12:00 +0000 2016,Good morning from the hammock on the top deck... Ocean and sun.... Best way to wake up https://t.co/Vcnhe2zUTl
724608305079947300,Mon Apr 25 14:37:37 +0000 2016,Breakfast acai bowls made from scratch @ Wrightsville Beach Access 27 https://t.co/pQyHqz0o6G
724607911582941200,Mon Apr 25 14:36:03 +0000 2016,Morning run @ Wrightsville Beach Access 27 https://t.co/4G6RBYjNUz
724289715709554700,Sun Apr 24 17:31:39 +0000 2016,Baby Harlow nappin harlowcharlie @seanp_gorman gormanray https://t.co/C6kwvErybI
724288861736714200,Sun Apr 24 17:28:15 +0000 2016,Sunrise @ Wrightsville Beach Access 27 https://t.co/6m2xtx1zzz
722406521552904200,Tue Apr 19 12:48:31 +0000 2016,RT @AndyGray35: Members of the @FDNY pose with @samanthahoopes. Bet they didn't mind this assignment (pic by @taylorbphoto): https://t.co/d…
720373328561770500,Wed Apr 13 22:09:20 +0000 2016,Fashionable 50 cover star and #1 @teamvic @sinow https://t.co/UbkGsWW9u1
720372859953147900,Wed Apr 13 22:07:28 +0000 2016,Fashionable 50 @hailey_clauson @si_swimsuit @sinow https://t.co/VHC9KCQW5A
720349816514048000,Wed Apr 13 20:35:54 +0000 2016,Girl power. Last night at the Fashionable 50 @sinow event! @si_swimsuit @ninaagdal @hanni_davis… https://t.co/SyKDzLjuxx
717295388403888100,Tue Apr 05 10:18:41 +0000 2016,Action. https://t.co/mEiVFRvGVl
717295219989983200,Tue Apr 05 10:18:01 +0000 2016,Lights, Camera... https://t.co/J3Q6XbLD4z
717294947632881700,Tue Apr 05 10:16:56 +0000 2016,Get ready... https://t.co/8h2AZTpC99
712503669770555400,Wed Mar 23 04:58:07 +0000 2016,Music speaks to my soul @therealashsmith https://t.co/Dmq9xzajjo
712503455219380200,Wed Mar 23 04:57:16 +0000 2016,Great night of music... Thanks @therealashsmith https://t.co/3H7YZfopaL
712503049474932700,Wed Mar 23 04:55:39 +0000 2016,A night of music dj'd by this one @therealashsmith https://t.co/PREFH5mJVC
710869781642133500,Fri Mar 18 16:45:37 +0000 2016,@sinow march madness kickoff party! @si_swimsuit @ruleyork and bracketing! What more could you… https://t.co/WMkzzUnsTL
710869484421173200,Fri Mar 18 16:44:27 +0000 2016,@sinow march madness kickoff party! @si_swimsuit @ruleyork and bracketing! What more could you… https://t.co/BFSf4zyhFL
710869316615446500,Fri Mar 18 16:43:47 +0000 2016,@sinow march madness kickoff party! @si_swimsuit @ruleyork and bracketing! What more could you… https://t.co/cAkkWFRonm
710868932530458600,Fri Mar 18 16:42:15 +0000 2016,@sinow march madness kickoff party! @si_swimsuit @ruleyork and bracketing! What more could you… https://t.co/HipnRKdDss
710868528195375100,Fri Mar 18 16:40:39 +0000 2016,@sinow march madness kickoff party! @si_swimsuit @ruleyork and bracketing! What more could you… https://t.co/ThqKBVLhvs
710867996542148600,Fri Mar 18 16:38:32 +0000 2016,@sinow march madness kickoff party! @si_swimsuit @ruleyork and bracketing! What more could you… https://t.co/KlDdHWmhc9
709438170656600000,Mon Mar 14 17:56:55 +0000 2016,RT @TheBlakeMorgan: WEDNESDAY @SXSW! @TheBlakeMorgan &amp; @davidclowery TOGETHER on featured #IRespectMusic panel! https://t.co/h2eV56fQ1x htt…
702127161881317400,Tue Feb 23 13:45:34 +0000 2016,@barbarapalvin @si_swimsuit https://t.co/4JyW2FtAuI
702126970683969500,Tue Feb 23 13:44:49 +0000 2016,@ninaagdal @si_swimsuit https://t.co/1OZHxSucuZ
702126754551488500,Tue Feb 23 13:43:57 +0000 2016,@erinheatherton @si_swimsuit https://t.co/0AYdrBiQqJ
701794771115888600,Mon Feb 22 15:44:46 +0000 2016,Great week with the lovely ladies @si_swimsuit @hailey_clauson https://t.co/Y18W9PpPOo
701793861752983600,Mon Feb 22 15:41:09 +0000 2016,Great week with the lovely ladies @si_swimsuit @katelynnebock https://t.co/Xav2Da0xeq
701793452695146500,Mon Feb 22 15:39:32 +0000 2016,Great week with the lovely ladies @si_swimsuit @gigihadid https://t.co/iXuege4saS
700421789365698600,Thu Feb 18 20:49:02 +0000 2016,PROFESSIONAL in Miami @si_swimsuit @robynlawley https://t.co/oS23Oeb6PN
700421247096725500,Thu Feb 18 20:46:53 +0000 2016,bokicaboba in Miami @si_swimsuit https://t.co/jmAzScXMV3
700420841507573800,Thu Feb 18 20:45:16 +0000 2016,@robynlawley having so much fun with you in Miami!!! @si_swimsuit https://t.co/LbmX2LmXPy
700408825489264600,Thu Feb 18 19:57:31 +0000 2016,My girl @ninaagdal love you!!! Miami baby @si_swimsuit https://t.co/YqIPzPO4Ap
700408405182251000,Thu Feb 18 19:55:51 +0000 2016,Miami with the @si_swimsuit babes @tanyamityushi ! https://t.co/w6arXfM9N2
700407963945672700,Thu Feb 18 19:54:06 +0000 2016,Miami with the @si_swimsuit babes!! @barbarapalvin https://t.co/c7fHyo0Wx8
699602078705053700,Tue Feb 16 14:31:48 +0000 2016,My week with @si_swimsuit @rebeccaaromijn https://t.co/hXhkQkwqsQ
699601700437545000,Tue Feb 16 14:30:18 +0000 2016,My week with @si_swimsuit @sofiaresing https://t.co/G8UklmhUIm
699600576804429800,Tue Feb 16 14:25:50 +0000 2016,My week with @si_swimsuit @chrissyteigen https://t.co/BOecBAF227
699262014393335800,Mon Feb 15 16:00:30 +0000 2016,My week with the lovely @si_swimsuit models @chaneliman https://t.co/U7CDfNntj9
699261352553144300,Mon Feb 15 15:57:52 +0000 2016,My week with the lovely @si_swimsuit models continues @gigihadid https://t.co/8L8X0F9NAz
699259338733547500,Mon Feb 15 15:49:52 +0000 2016,My week with the lovely @si_swimsuit models continues @thehannahferg https://t.co/HcFsOh0CYG
699077364261789700,Mon Feb 15 03:46:46 +0000 2016,Congratulations to all the beautiful woman that got the cover of @si_swimsuit last night!… https://t.co/8pQXozDX27
698941538060136400,Sun Feb 14 18:47:03 +0000 2016,Congratulations to all the beautiful woman that got the cover of @si_swimsuit last night!… https://t.co/BfU6mRXQTk
698940851687465000,Sun Feb 14 18:44:19 +0000 2016,Congratulations to all the beautiful woman that got the cover of @si_swimsuit last night!… https://t.co/kLTcMqopiA
698940494123003900,Sun Feb 14 18:42:54 +0000 2016,Congratulations to all the beautiful woman that got the cover of @si_swimsuit last night!… https://t.co/0TmOyp7HnV
695232610608484400,Thu Feb 04 13:09:05 +0000 2016,New beauty shoot. Check out my updated site and the gallery Bare to see new work.… https://t.co/hPa3DCsHUh
694954326607974400,Wed Feb 03 18:43:17 +0000 2016,New beauty shoot. Check out my updated site and the gallery Bare to see new work.… https://t.co/qGBuQ5Ee6Q
694552415337631700,Tue Feb 02 16:06:14 +0000 2016,New beauty shoot. Check out my updated site and the gallery Bare to see new work.… https://t.co/CoJUHXE1hU
690277996314411000,Thu Jan 21 21:01:13 +0000 2016,Rebel hearts @rocketflynn https://t.co/clAc7bNnzK
690277563722272800,Thu Jan 21 20:59:30 +0000 2016,Rebel hearts @rocketflynn https://t.co/vTWA7HC2V0
690168835534626800,Thu Jan 21 13:47:27 +0000 2016,Rebel heart @rocketflynn https://t.co/Dv9ycNThY7
689941428517105700,Wed Jan 20 22:43:49 +0000 2016,Bad ass rebel heart @rocketflynn https://t.co/5pSH4ScGfq
689870354957930500,Wed Jan 20 18:01:24 +0000 2016,New shoot! Clothes and styling by the incredible @rocketflynn https://t.co/Bid2NnhWaj
689582555922874400,Tue Jan 19 22:57:47 +0000 2016,Thanks to @ryanpfluger for the best portrait of me ever ... You are quite the talent ma man.… https://t.co/S4FK66dVE1
683365878042378200,Sat Jan 02 19:14:56 +0000 2016,Back to NYC new year new beginnings https://t.co/4jIetwhq5o
682770107299446800,Fri Jan 01 03:47:33 +0000 2016,Austin Peralta - Endless Planets. I want to thank my brother for helping me this year come into… https://t.co/55TrDrNDa6
678949267445317600,Mon Dec 21 14:44:54 +0000 2015,NEW YORK. Travel https://t.co/xZCIHm7a7w
678768785055199200,Mon Dec 21 02:47:43 +0000 2015,NEW YORK. Special ode to my grandmother Oma; ssmerconish got a visit from her. NYC is a magical… https://t.co/kh41UV4hmz
678768331265081300,Mon Dec 21 02:45:55 +0000 2015,NEW YORK!!! Happy birthday to @lrennerstudio https://t.co/Dp7CptOda5
673955934574628900,Mon Dec 07 20:03:10 +0000 2015,My commute to work this morning...Rockaway is such a special place https://t.co/OMvPYm3qRG
673907499402162200,Mon Dec 07 16:50:43 +0000 2015,My weekend in Rockaway https://t.co/Rv25lf9zwo
673882109161955300,Mon Dec 07 15:09:49 +0000 2015,My weekend in Rockaway https://t.co/BUT2tZMcjY
670975493018148900,Sun Nov 29 14:39:58 +0000 2015,Window light series https://t.co/kNcAsalgtW
670784173225984000,Sun Nov 29 01:59:44 +0000 2015,Window light series https://t.co/IJXDKgLpQx
670648656958201900,Sat Nov 28 17:01:14 +0000 2015,Window light series https://t.co/YfOUcbb81L
669284005460709400,Tue Nov 24 22:38:36 +0000 2015,Do what you do at the very best version of yourself and you will permeate magic https://t.co/RXgUvpixDK
669193145368903700,Tue Nov 24 16:37:33 +0000 2015,Do what you love and perform @vintagetrouble https://t.co/OSwKpKs6oU
669137749895749600,Tue Nov 24 12:57:26 +0000 2015,Palpable chemistry with the people you love and the thing you love to do most in this world....perform. https://t.co/cMDrsQgBuU
668166805358297100,Sat Nov 21 20:39:14 +0000 2015,Try on a new persona @chloenorgaard https://t.co/SkElM3TElJ
668136974197375000,Sat Nov 21 18:40:42 +0000 2015,Try on a new persona @chloenorgaard https://t.co/4kVwrrm3NY
668095505629618200,Sat Nov 21 15:55:55 +0000 2015,Try on a new persona @chloenorgaard https://t.co/zZO7DukgLC
667777726120648700,Fri Nov 20 18:53:11 +0000 2015,Window light series https://t.co/EHXbQh8bvh
667777521086279700,Fri Nov 20 18:52:22 +0000 2015,Window light series https://t.co/aZ4uGRSg05
667777157234614300,Fri Nov 20 18:50:55 +0000 2015,Window light series https://t.co/ITrxn2uNey
667439966801281000,Thu Nov 19 20:31:03 +0000 2015,Just posted a photo https://t.co/mPlmSkAACl
667325882957226000,Thu Nov 19 12:57:43 +0000 2015,Just posted a photo https://t.co/VKkLfAlzEI
667010981340520400,Wed Nov 18 16:06:25 +0000 2015,Just posted a photo https://t.co/7wLulrbnmx
666415834185801700,Tue Nov 17 00:41:30 +0000 2015,Watch and listen https://t.co/Cp0LlR2wIO
666359805817331700,Mon Nov 16 20:58:52 +0000 2015,Showtime @brmcofficial https://t.co/K0oFc79037
666285754268696600,Mon Nov 16 16:04:37 +0000 2015,Pre-game https://t.co/O5T9Qa9HRY
665380035541508100,Sat Nov 14 04:05:37 +0000 2015,@abchronicle for @laurencecchi https://t.co/YBIFgzW70R
665218596323377200,Fri Nov 13 17:24:07 +0000 2015,@abchronicle for @laurencecchi https://t.co/FsoOvp6ROu
665202638061965300,Fri Nov 13 16:20:42 +0000 2015,Got to photograph @abchronicle for @laurencecchi bags. Great day, great backdrop as always NYC. https://t.co/fmFWz7wNdc
663785628904083500,Mon Nov 09 18:30:01 +0000 2015,Leave space in your fridge for honeysuckle_bk flowers https://t.co/nOs7sOSEv7
663743262117752800,Mon Nov 09 15:41:40 +0000 2015,Got to visit honeysuckle_bk new studio. Beautiful space, beautiful art in flowers https://t.co/uu6YuHw1MF
663700692272611300,Mon Nov 09 12:52:30 +0000 2015,Got to visit honeysuckle_bk brand new studio space! I got to dip things in G O L D......paint. This… https://t.co/ut2FwY6ozo
663443770764091400,Sun Nov 08 19:51:35 +0000 2015,Just posted a photo https://t.co/hF0j4hEMD3
663065979518328800,Sat Nov 07 18:50:23 +0000 2015,Fashions tough stuff https://t.co/tvBS1MDc0W
662644053159362600,Fri Nov 06 14:53:48 +0000 2015,Just posted a photo https://t.co/LIcHIz4OGu
661605647750950900,Tue Nov 03 18:07:33 +0000 2015,I'm busy looking chic as f**k https://t.co/Uulkq8j28c
661552348859363300,Tue Nov 03 14:35:45 +0000 2015,Get ready https://t.co/5ZVFRKrLN1
661201326018330600,Mon Nov 02 15:20:55 +0000 2015,The odd couple https://t.co/0cxZsxHm8k
660552461388750800,Sat Oct 31 20:22:33 +0000 2015,Insightful https://t.co/QVynM8wovF
660074327841316900,Fri Oct 30 12:42:38 +0000 2015,Wide-eyed https://t.co/j1oXbg1uxD
659729850052255700,Thu Oct 29 13:53:48 +0000 2015,Grinnin through the week https://t.co/8Y0w3zU3up
659522664634142700,Thu Oct 29 00:10:31 +0000 2015,Night lights https://t.co/ykBSpyFxkP
659028422136606700,Tue Oct 27 15:26:34 +0000 2015,Feeling glamour and warmth today https://t.co/AJ2EPOznq4
658648631898210300,Mon Oct 26 14:17:25 +0000 2015,Let's do this Monday https://t.co/jVI1JMV4BL
657233288067682300,Thu Oct 22 16:33:21 +0000 2015,Take a moment, to take it all in. https://t.co/2Q347GAVPX
656860987694448600,Wed Oct 21 15:53:58 +0000 2015,Quiet intensity https://t.co/dD4l2487Zk
655475063416889300,Sat Oct 17 20:06:47 +0000 2015,At Sports Illustrated ... Found this one of a kind 1000mm mirrored lens @sinow https://t.co/u89cyrKqpG
654413707519369200,Wed Oct 14 21:49:20 +0000 2015,Shooting Fall 2016 Bridal Collection for @theiaprchick @theiacouture creative director @theiacouture… https://t.co/HuqLOkOh9Q
654389941905002500,Wed Oct 14 20:14:54 +0000 2015,Shooting Fall 2016 Bridal Collection for @theiaprchick @theiacouture with Creative Director… https://t.co/SepvKYOwg1
654118119397527600,Wed Oct 14 02:14:47 +0000 2015,@ChloeNorgaard haha
653244671649574900,Sun Oct 11 16:24:01 +0000 2015,Let there be light https://t.co/A1UryN39ia
652150722864115700,Thu Oct 08 15:57:03 +0000 2015,Tribute to Johnny Strange, my fellow Malibu High School kid. May you rest in peace. Today @sinow and… https://t.co/VWQrMbplri
651440628803457000,Tue Oct 06 16:55:23 +0000 2015,Yesterday I got to photograph juddymagee and 666fence666 for Sports Illustrated's new campaign called… https://t.co/xN8QOR2HYr
650389208457216000,Sat Oct 03 19:17:25 +0000 2015,For MTV FWD @viacom https://t.co/dE6ZLS2B8S
649911607632506900,Fri Oct 02 11:39:36 +0000 2015,Girls who love to laugh kitchaney https://t.co/3WA3y0TJ7z
647846999874793500,Sat Sep 26 18:55:35 +0000 2015,Shooting @laurencecchi bags today with the lovely @abchronicle https://t.co/LAKO5ihGe7
646763260541333500,Wed Sep 23 19:09:12 +0000 2015,Betsey Johnson's closet @xobetseyjohnson https://t.co/dBZYoG5iTg
644923358430240800,Fri Sep 18 17:18:05 +0000 2015,@chloenorgaard last week of filming for Viacom's new series styled by the ever so talented @rocketflynn https://t.co/TE7hmjEP7s
644548743296122900,Thu Sep 17 16:29:30 +0000 2015,Inspiration NYC subway https://t.co/VkqL5oukba
644170124707164200,Wed Sep 16 15:25:00 +0000 2015,Shot I did for this weeks Instagram cover for Sports Illustrated. Magazine cover photo by John W.… https://t.co/E4ybkFEyde
643393083120480300,Mon Sep 14 11:57:19 +0000 2015,Vintage Trouble @vintagetrouble https://t.co/9pKfMTHI53
642020532456685600,Thu Sep 10 17:03:17 +0000 2015,@chloenorgaard sports adidas https://t.co/tTu4gcseEL
641781397200486400,Thu Sep 10 01:13:03 +0000 2015,Sporting @marinelayer today thanks joferrin https://t.co/O79Vf0Gzlt
641661379146055700,Wed Sep 09 17:16:08 +0000 2015,Fierce girls @xobetseyjohnson https://t.co/2sLmHFuoQG
641330929135435800,Tue Sep 08 19:23:03 +0000 2015,It takes two https://t.co/x1KpSy5FTX
640573643102253000,Sun Sep 06 17:13:52 +0000 2015,That moment in between https://t.co/md66CiyxYl
640314979766435800,Sun Sep 06 00:06:02 +0000 2015,His smile is M A G I C @magicjohnson https://t.co/5tYb7kVLY5
639929782143189000,Fri Sep 04 22:35:24 +0000 2015,Boys will be boys https://t.co/LvKSxtGqdb
639664622270816300,Fri Sep 04 05:01:45 +0000 2015,Rockstar @chloenorgaard https://t.co/K195iKz32C
639602861660328000,Fri Sep 04 00:56:20 +0000 2015,On set with @chloenorgaard styled by @rocketflynn https://t.co/L5i9YB6wai
639569149279273000,Thu Sep 03 22:42:22 +0000 2015,On set with @chloenorgaard styled by @rocketflynn https://t.co/CrwBHrJ4UL
639523694000406500,Thu Sep 03 19:41:45 +0000 2015,On set with @chloenorgaard for Viacom styling by: @rocketflynn https://t.co/YMm4Fparoy
637374573089026000,Fri Aug 28 21:21:54 +0000 2015,Shot the Album Cover for @dessydilauro EP 'Say Hep Hep' @rickeypageot https://t.co/8wR61SrZS2
636305082947137500,Tue Aug 25 22:32:08 +0000 2015,Chloe Norgaard filming @chloenorgaard https://t.co/tdwAnQ8lOi
636285746136121300,Tue Aug 25 21:15:18 +0000 2015,Photographing Kevin Amato and Chloe Norgaard for Viacom @chloenorgaard @AmatoStayLovely Styled by:… https://t.co/Yga1Q9h0Zd
636245837383921700,Tue Aug 25 18:36:43 +0000 2015,Bad Ass @rocketflynn #style https://t.co/DUiqWsvY91
636239165173166100,Tue Aug 25 18:10:12 +0000 2015,@chloenorgaard and @xobetseyjohnson !! Great way to start my morning ... Shooting for Viacom… https://t.co/LMdNGS4C6J
636223835646369800,Tue Aug 25 17:09:17 +0000 2015,Thank you @xobetseyjohnson !!!! Amazing meeting you ... I feel like a little kid https://t.co/FTbGaHx6Yp
631859814960865300,Thu Aug 13 16:08:13 +0000 2015,Check out the animated cover videos I did for Sports Illustrated's fantasy football covers this week!… https://t.co/URoNsfp2Q6
630062157871358000,Sat Aug 08 17:04:59 +0000 2015,Sterling Fox last night at The Bitter End NYC @mrsterlingfox https://t.co/cGHXwtiGCm
629740831247831000,Fri Aug 07 19:48:08 +0000 2015,Check out the video I put together for @sinow Instagram for flash back Friday #fbf https://t.co/emXvNmmbN7
629714189527949300,Fri Aug 07 18:02:16 +0000 2015,#fbf Best crew ever #Lollapalooza #atarahvalentine #bmi @atarahvalentine smiddough135 jessagelt lgog https://t.co/eao1aSaZwU
629377746695778300,Thu Aug 06 19:45:22 +0000 2015,#tbt great trip to Lollapalooza with #atarahvalentine... So excited to share video and photo content… https://t.co/A46NRvigft
629009430080802800,Wed Aug 05 19:21:49 +0000 2015,Check it out guys! The film I shot for Harper's Bazaar UK September Cover issue of Rosie… https://t.co/8z6s6pfzjU
628319614930436100,Mon Aug 03 21:40:44 +0000 2015,What an incredible adventure with @atarahvalentine at Lollapalooza !!! The people we got to meet and… https://t.co/XiCKKvjZ8R
627595305681350700,Sat Aug 01 21:42:35 +0000 2015,ROLLING STONE LIVE CHICAGO rollingstone @atarahvalentine lgog jessmalih https://t.co/iAeTpMxVHI
627576463752101900,Sat Aug 01 20:27:43 +0000 2015,rollingstone live! Chicago! @atarahvalentine #Lollapalooza #atarahvalentine https://t.co/3n8C3P0CjW
627571765343047700,Sat Aug 01 20:09:03 +0000 2015,Rolling Stone Live! In Chicago! #Lollapalooza #atarahvalentine @atarahvalentine https://t.co/Ha1vcUdww4
627514563559206900,Sat Aug 01 16:21:45 +0000 2015,JBTV today with @atarahvalentine !!!! https://t.co/4SoLTQVlzr
627309873403981800,Sat Aug 01 02:48:23 +0000 2015,@atarahvalentine Magical first day at Lollapalooza https://t.co/TmVu3Dwmjo
627252073428611100,Fri Jul 31 22:58:42 +0000 2015,At Lollapalooza with @atarahvalentine #toyotagiving #bmilolla blackpandapr @zerbertmusiclif https://t.co/opWBtCducJ
627190943003840500,Fri Jul 31 18:55:48 +0000 2015,Lollapalooza James Bay crowd https://t.co/tCEpFVT28S
626859200027717600,Thu Jul 30 20:57:34 +0000 2015,Filming and shooting stills @atarahvalentine headed to Lollapalooza !! Couple more hours to go on the… https://t.co/BdB8AcrNX8
626783812018667500,Thu Jul 30 15:58:00 +0000 2015,Been on the road since 4am! Pit stop for Denny's in Ohio! Headed to Lollapalooza for @atarahvalentine ! https://t.co/tC10IECDN0
623247659801948200,Mon Jul 20 21:46:36 +0000 2015,The day is officially here! DONATE POST SHARE SPREAD TWEET PIN-IT!!! IN OTHERS' WORDS WORLD TOUR… https://t.co/UXvkSnY4qo
622273548157988900,Sat Jul 18 05:15:49 +0000 2015,Pay artists, pay your creatives what they are worth... Recognize that what you ask from a creative is… https://t.co/UufYN0Xz79
621036719836688400,Tue Jul 14 19:21:06 +0000 2015,25 COVERS!!! Amazing work by Simon Bruty for Sports Illustrated ... GO WOMEN'S TEAM USA!!! @sinow https://t.co/iHsDDyZlCd
620405458227040300,Mon Jul 13 01:32:42 +0000 2015,Had the pleasure of photographing @dessydilauro today at ACME STUDIOS with @rickeypageot incredible… https://t.co/enKaypLTU8
620110669191479300,Sun Jul 12 06:01:19 +0000 2015,New hair, new day. #flawless Thanks for your brilliance gionvincent https://t.co/oJsixLs2jJ
615909541834817500,Tue Jun 30 15:47:32 +0000 2015,Premier of @atarahvalentine "Break Free" single!      Song written by: Atarah Valentine and Michael… https://t.co/z1QRySCcKW
614819828835217400,Sat Jun 27 15:37:24 +0000 2015,Great night of comedy with the Say Yes Collective!!! Thank you Nicole Basta and Trinity Tribe for… https://t.co/qBmNISMKpv
608381281190178800,Tue Jun 09 21:12:55 +0000 2015,I couldn't be prouder or more honored to have been there when my very talented boss and friend Erick… https://t.co/sckO1tA0zD
608294575992643600,Tue Jun 09 15:28:23 +0000 2015,The People of Belmont. @sinow https://t.co/owXGqbWw14
607875077108080600,Mon Jun 08 11:41:26 +0000 2015,The People of Belmont. @sinow https://t.co/NuZu1FFQdf
607556593308323800,Sun Jun 07 14:35:54 +0000 2015,The People of Belmont. @sinow https://t.co/1kz5zeIOH3
607369377277734900,Sun Jun 07 02:11:58 +0000 2015,THE MOMENT OF HISTORY TODAY! TRIPLE CROWN AMERICAN PHAROAH WINS IT!!!! @sinow https://t.co/LrqRCxWkLe
607228361174302700,Sat Jun 06 16:51:37 +0000 2015,Command Center. Belmont Stakes @sinow https://t.co/b2EqIp7xWU
607189131333128200,Sat Jun 06 14:15:44 +0000 2015,Belmont Stakes. Off the to the races. @sinow https://t.co/0V58ILeOol
607187697829093400,Sat Jun 06 14:10:02 +0000 2015,Off the races! Belmont Stakes @sinow https://t.co/bZNxDzyqFo
605480584887058400,Mon Jun 01 21:06:35 +0000 2015,New Logo. New Website: http://t.co/7dpTSrMzXH https://t.co/BhxQf4gs9P
600798035594125300,Tue May 19 22:59:48 +0000 2015,@atarahvalentine lrennerstudio awesome collaboration with Lauren Renner (Project - 'In Other's… https://t.co/0BpLTZhVTF
572426116369158140,Mon Mar 02 15:59:55 +0000 2015,@theiaprchick shane_lavancher https://t.co/LSXuVf7xG3
572415825396822000,Mon Mar 02 15:19:02 +0000 2015,On set shooting a branding video for Theia today! #BTS @theiaprchick https://t.co/O2AhIcBWgE
564908043310489600,Mon Feb 09 22:05:47 +0000 2015,The new issue of Sports Illustrated Swimsuit came out today! Check it out! Hannah Davis on the cover! http://t.co/LiOg8Jhrn3
564902955955290100,Mon Feb 09 21:45:34 +0000 2015,Check out some portraits of mine I'll be posting daily http://t.co/YOIs1HBdFo
564900472960864260,Mon Feb 09 21:35:42 +0000 2015,RT @tommybmerrill: Thank you @taylorbphoto for putting together this amazing video to support the #irespectmusic cause!!  Great work!! http…
564900425766543360,Mon Feb 09 21:35:31 +0000 2015,RT @GigiShapiroProd: #IRespectMusic http://t.co/LQCeKmPsY6 @taylorbphoto Take Action. Speak Up. Make History. http://t.co/McPKyJFhsy #music…
564900306228871200,Mon Feb 09 21:35:03 +0000 2015,RT @KendraMorris: Shot all afternoon with @taylorbphoto @sherahstylist and @sasha_y .. Covered a lot of territory! Even built a... http://t…
564900202382131200,Mon Feb 09 21:34:38 +0000 2015,RT @poundogomis: STYLE OF THE DAY - Chill Sunday / Photography: Taylor Ballantyne (@taylorbphoto) #fashion… http://t.co/q5mnoAm9x0
564900163471564800,Mon Feb 09 21:34:28 +0000 2015,RT @poundogomis: STYLE OF THE DAY - Blurry Tuesday / Photography: Taylor Ballantyne( @taylorbphoto ) #fashion… http://t.co/MmtFTjj6Hr
564900119867564000,Mon Feb 09 21:34:18 +0000 2015,RT @thatsmycole: Photo by my soul sister @taylorbphoto taken @rockwoodnyc last night for a magical music journey! Love… http://t.co/vpbotvt…
564900076771086340,Mon Feb 09 21:34:08 +0000 2015,RT @cooperandella: @taylorbphoto @nico_iliev @taylorghrist mariko_hirano Our #spring15 movie is almost done! I am so… http://t.co/FYKcgqEuMD
564899994378203140,Mon Feb 09 21:33:48 +0000 2015,RT @benvanhook: @serenawilliams was a joy to photograph for @sinow #tennis #usopentennis #nike @taylorbphoto mmarseu… http://t.co/ITyz2OXpc8
564899784885272600,Mon Feb 09 21:32:58 +0000 2015,RT @pamadden: My take on the @Back9Network w/ great shots from @taylorbphoto: http://t.co/6HSSu3mnN9 http://t.co/5ak12iMhua
564899710108831740,Mon Feb 09 21:32:40 +0000 2015,RT @janitaartist: @TheBlakeMorgan @taylorbphoto @WebsterHall What fun yesterday! So proud to have been able to be a part of this!! #stylist
564899236371005440,Mon Feb 09 21:30:47 +0000 2015,RT @TheBlakeMorgan: Some behind the scenes on-set shots from yesterday's shoot with @taylorbphoto @WebsterHall #NYC AMAZING DAY! http://t.c…
564899193966587900,Mon Feb 09 21:30:37 +0000 2015,RT @MelissaGiges: @TheBlakeMorgan @taylorbphoto @WebsterHall Awesome space for a photo shoot! It's a #RocknRoll meets #AliceInWonderland vi…
564899055781031940,Mon Feb 09 21:30:04 +0000 2015,RT @AmyGardnerECR: @TheBlakeMorgan @taylorbphoto @WebsterHall Fantastic shot!!
564898980753334300,Mon Feb 09 21:29:46 +0000 2015,RT @TheBlakeMorgan: First pic released from my amazing shoot with @taylorbphoto @WebsterHall in #NYC. 2015, here we come. #IRespectMusic ht…
564898810514898940,Mon Feb 09 21:29:06 +0000 2015,RT @WhoCrewOfficial: Have you gotten tix yet to see these two + the others? Grab them NOW at http://t.co/ifhKEJjwAo! (cred @taylorbphoto) h…
396104792558563300,Fri Nov 01 02:41:56 +0000 2013,Pig from angry bird, Case of the Mondays and where's Waldo reunite!!!! Happy Halloween! http://t.co/kf7xbnAtWO
391261919480279040,Fri Oct 18 17:58:05 +0000 2013,Just got to photograph and meet legend QB for the Jets and who's in the Hall of Fame; Joe Namath. Amazing man
