id,created_at,text
808895653782978600,Wed Dec 14 04:45:27 +0000 2016,RT @Uber_India: When you get stuck, #uberMOTO keeps you moving! Watch the fun here - @travisk @KTRTRS #MannequinChallenge https://t.co/HGXV…
808259056750055400,Mon Dec 12 10:35:50 +0000 2016,RT @travisk: Learnt about a religion called cricket from the god himself! :) Thanks for having me over @sachin_rt https://t.co/7mCRF8EmFI
799491039967019000,Fri Nov 18 05:54:52 +0000 2016,RT @GHE_Connect: GHE bringing #light to remote Himalayan villages using #Solar #Microgrids.  If you want to bring a change, its always poss…
790931922100768800,Tue Oct 25 15:03:59 +0000 2016,RT @pratikpoddar: Startups that create new capacity will likely be much more valuable than aggregators https://t.co/96Jgy6i80L Good post @a…
626818993404248000,Thu Jul 30 18:17:48 +0000 2015,RT @naval: Contrast business models: • Ad based: More experienced users click on less ads. • On-demand services: More experienced users inc…
625241671941230600,Sun Jul 26 09:50:05 +0000 2015,RT @ankulbarar: When #uber hits the #heights of #marketing #isbt #chandigarh #ubercool #tbt #iger #itravel #onthemove… https://t.co/dU33h2U…
624934823405056000,Sat Jul 25 13:30:47 +0000 2015,RT @warikoo: The Iceberg Illusion http://t.co/lKwRhF3aTG
624480891620819000,Fri Jul 24 07:27:01 +0000 2015,RT @paulsingh: "most people applying to startups do it wrong." http://t.co/XBv02kWVab
618696281230147600,Wed Jul 08 08:21:02 +0000 2015,@RentSetGo you should talk to @shapersCHD @munishjauhar. #CycleOn @satyamgaind
598451317799944200,Wed May 13 11:34:47 +0000 2015,RT @richardbranson: How to launch a business while still in education: http://t.co/SVzYltB2cf http://t.co/btbrsZZ29f
591614420855361500,Fri Apr 24 14:47:24 +0000 2015,@satyamgaind the world on this side seems more legit. #Simplicity #saylessexpressmore
580068719885434900,Mon Mar 23 18:08:54 +0000 2015,@ritikapahwa1 irrespective of who wins or loses, these four horsemen are for sure to set an apocalypse upon the world #disruptionunderway
579249021459382300,Sat Mar 21 11:51:43 +0000 2015,RT @semil: Wow, never thought of this way. Amazing. RT @shirazdatta: This is for real….and its amazing http://t.co/9TJuY4bFWG
578987198864842800,Fri Mar 20 18:31:19 +0000 2015,I make the best paranthas if you don't compare mine to your mom's, murthal's or any other place's that serves ok paranthas #cookingtherapy
576047950054346750,Thu Mar 12 15:51:48 +0000 2015,The conflict of choosing between self cooking and Subway. Looks like Subway is going to win today. #tootiredtofunction
575141484380315650,Tue Mar 10 03:49:50 +0000 2015,RT @AboutLibras: #Libras has a big heart and are always concerned if you are doing ok.
574916162611376100,Mon Mar 09 12:54:29 +0000 2015,Chai and pakodas are the second best thing to happen to you on a long drive. First being the drive itself. http://t.co/rOYyYfLA7k
574823952217845760,Mon Mar 09 06:48:04 +0000 2015,RT @AboutLibras: #Libras hate being surrounded by negative people, they always do whatever they can to get away from them.
574269209800089600,Sat Mar 07 18:03:43 +0000 2015,@utsavagarwal you of all people know how it all started :)
574161385673728000,Sat Mar 07 10:55:16 +0000 2015,I am faster than the #ShatabadiExpress #justsaying
574101057388736500,Sat Mar 07 06:55:33 +0000 2015,#highway #awesomeweather #longdrive #GoodLife I am just too demanding and get all of it #Godlovesusforfree
573554844021162000,Thu Mar 05 18:45:05 +0000 2015,You still make me skip a beat #ISB #mycampusmyworld http://t.co/86jnopWYR3
573192238701805600,Wed Mar 04 18:44:13 +0000 2015,Cold weather, light breeze, hot maggi, hills in the backdrop. Meals on the terrace feel good.
573133828295798800,Wed Mar 04 14:52:07 +0000 2015,RT @AboutLibras: #Libra's are very impatient when they know what they want.
573126134260473860,Wed Mar 04 14:21:33 +0000 2015,Amen to that @suhaniiigarg
573124338137755650,Wed Mar 04 14:14:25 +0000 2015,RT @mukund: 10 Experiments to Test Your Startup Hypothesis http://t.co/kmYY2uUfG7
571880343789166600,Sun Mar 01 03:51:13 +0000 2015,Back to where everything falls in place on its own #ISB #morninggym #smalljoys
571207736567799800,Fri Feb 27 07:18:31 +0000 2015,RT @AboutLibras: If a #Libra is into you consider yourself lucky, we happen to be some of the choosiest lovers around.
570295093422391300,Tue Feb 24 18:52:00 +0000 2015,@utsavagarwal Cardhu wasn't that bad though. #justsaying
570122699013365760,Tue Feb 24 07:26:58 +0000 2015,@utsavagarwal People change. Situations change. You know.
569882303360401400,Mon Feb 23 15:31:43 +0000 2015,Those were the days my friend. Those were the days. Oh yes those were the days.
569556673947250700,Sun Feb 22 17:57:47 +0000 2015,There's something about bridges that makes me feel like going on a romantic walk. All kinds of bridges, even #Howrah http://t.co/kkfAQ6cjI5
569538643062161400,Sun Feb 22 16:46:08 +0000 2015,RT @AboutLibras: #Libras have an excellent memory, so you should probably watch what you say around them.
569538595054157800,Sun Feb 22 16:45:57 +0000 2015,RT @vijayshekhar: It's all about the slant here. http://t.co/CYcSXUGqVi
569517835573071900,Sun Feb 22 15:23:27 +0000 2015,"The axe forgets what the tree remembers". #sotrue
569232330709082100,Sat Feb 21 20:28:58 +0000 2015,Club hopping in #Kolkata with friends. Punjabis can bring life into any city. #FeelingGood
569026556212834300,Sat Feb 21 06:51:17 +0000 2015,RT @AboutLibras: #Libras dream of the good life, and we work hard to get it.
568717757996359700,Fri Feb 20 10:24:14 +0000 2015,RT @AboutLibras: #Libra's have a great memory.. they can remember what you say and will expect you to keep your word.
568450211724439550,Thu Feb 19 16:41:06 +0000 2015,Who would have imagined the contents of such a beautiful box? #ilikeitclassy http://t.co/pm8VjUxA49
568325946693910500,Thu Feb 19 08:27:19 +0000 2015,The biggest communication problem is we do not listen to understand. We listen to reply. #sotrue #hopeuunderstood
567553550603931650,Tue Feb 17 05:18:05 +0000 2015,#Kolkata be nice.
567459944232800260,Mon Feb 16 23:06:08 +0000 2015,#Delhi u are like my gf. I love u. I miss u. Everytime I am with u I don't feel like leaving. Oh wait, I don't have a gf. I can't hate u.
566512131122552800,Sat Feb 14 08:19:52 +0000 2015,RT @AboutLibras: #Libras pretend things don't bother them, but deep inside may be hurt.
566498832867790850,Sat Feb 14 07:27:01 +0000 2015,RT @TechCrunch: Mobile unicorns multiply to hit a quarter of a trillion dollars http://t.co/lwZfkL6rI0 http://t.co/n5OFJ4XtKx
566165715799908350,Fri Feb 13 09:23:20 +0000 2015,RT @cnha: Valentine’s Day Is Hard On Every Entrepreneur – But Here, Have A Laugh http://t.co/mv52FLbddE
565855535065337860,Thu Feb 12 12:50:47 +0000 2015,RT @AboutLibras: #Libra know that they are gonna get burned yet they love and care.
565577896883146750,Wed Feb 11 18:27:33 +0000 2015,RT @AboutLibras: When #Libra give up, it's not because they don't love you. But they are tired of getting hurt and feels like they'll never…
565425069825196000,Wed Feb 11 08:20:16 +0000 2015,RT @AboutLibras: If you give a #Libra the slightest reason to be suspicious, they will be, extremely.
565419159501410300,Wed Feb 11 07:56:47 +0000 2015,RT @AboutLibras: #Libras are nice to everyone they meet,their love is one of a kind. Silly, funny and sweet.
564770108724088800,Mon Feb 09 12:57:41 +0000 2015,#Jaipur I appreciate designer buildings, but with this one I am a little confused. #dafaq http://t.co/CQD4Yc9wXc
563596641806995460,Fri Feb 06 07:14:45 +0000 2015,RT @TechCrunch: Watch Uber win Best Overall Startup of 2014 at the #Crunchies http://t.co/mggJHHzIoa
562922461613019140,Wed Feb 04 10:35:48 +0000 2015,RT @Madhuribanerjee: Strong people will always have differences. But it should never take away from the love or loyalty. #RelationshipGoals
561577760858964000,Sat Jan 31 17:32:26 +0000 2015,RT @mukund: Screw motivation, what you need is discipline http://t.co/4kX2HPQrIu
558111290208813060,Thu Jan 22 03:57:55 +0000 2015,RT @shapersCHD: 6 hours and 36 minutes left.  Looking forward to a healthy panel discussion.  Big day for us and for our... http://t.co/b7p…
557949188688719900,Wed Jan 21 17:13:47 +0000 2015,RT @shapersCHD: @jyotik will be moderating our #ShapingDavos  session @ISBedu, Mohali @munishjauhar @vgthinks #Shaping2015 #shapingWork @Gl…
557382067466428400,Tue Jan 20 03:40:15 +0000 2015,RT @Uber: Today, Uber CEO @travisk laid out our commitment to new partnerships with Europe’s cities: http://t.co/LIoyWextJ7 http://t.co/u0n…
556832385090613250,Sun Jan 18 15:16:00 +0000 2015,40 cities from around the world virtually connect to Davos! Watch it all live at http://t.co/KAK1vq7ZwV  #ShapingDavos @GlobalShapers
555305486682038300,Wed Jan 14 10:08:39 +0000 2015,RT @shapersCHD: Increase awareness as youths have no clue about opportunities and fields available #ShapingDavos #shapingWork @tushargarg @…
554472691273441300,Mon Jan 12 02:59:25 +0000 2015,RT @shapersCHD: Register to be a part of the discussion, 100 slots only for http://t.co/KXiS3EAmki @munishjauhar @amanbirwalia @tushargarg …
553434243494187000,Fri Jan 09 06:13:00 +0000 2015,RT @RajanAnandan: $100m raised online for 243 startups by @AngelList Congrats @naval and team! https://t.co/KPvcNM9mcj
553425378161594400,Fri Jan 09 05:37:46 +0000 2015,RT @bfeld: Top 10 Angel Investing Articles of 2014 http://t.co/sKATptxos1
552315646894428160,Tue Jan 06 04:08:06 +0000 2015,RT @cnha: How To Evaluate A Startup Offer http://t.co/OdnfTMwLeb
551265060958392300,Sat Jan 03 06:33:27 +0000 2015,RT @ShayaniW: Congratulations to our fabulous friends at the @ChandigarhGS Hub for winning the cocacola Shaping A… http://t.co/NhZcpBHxuL
551260094952796160,Sat Jan 03 06:13:43 +0000 2015,RT @ChandigarhGS: Thank you everyone all the love, care and support and keep that coming in 2015! Good News Again!!! Global Shapers... http…
550577235527102460,Thu Jan 01 09:00:16 +0000 2015,RT @TechCrunch: 7 venture capitalists predict what will happen in 2015 http://t.co/XgSOG1ThRB http://t.co/RnmxYYgUpf
549914092811456500,Tue Dec 30 13:05:11 +0000 2014,RT @gkgandhi: The Global Billion-Dollar Startup Club -  http://t.co/g9k9XsCRwo
549600196926005250,Mon Dec 29 16:17:52 +0000 2014,RT @WeAreChandigarh: The thoughtful @gulabiglares played Secret Santa to @tushargarg 😀😃 #ChdSecretSanta http://t.co/otyOk6vjeH
548379338505089000,Fri Dec 26 07:26:37 +0000 2014,RT @pranavmistry: We are what we repeatedly do. Excellence then, is not an act, but a habit. #Aristotle
548366002489016300,Fri Dec 26 06:33:37 +0000 2014,This got to qualify as the best Christmas ever!! Thank u Dearest Santa and @WeAreChandigarh #ChdSecretSanta http://t.co/xoCnNJEJZl
547669411457269760,Wed Dec 24 08:25:37 +0000 2014,RT @TechCrunch: The tech stocks you shouldn’t have owned this year http://t.co/WzWuYtPIp2
547390316697776100,Tue Dec 23 13:56:36 +0000 2014,RT @mukund: The 18 Best Infographics Of 2014http://t.co/3ocFQ4El5d
547388296876138500,Tue Dec 23 13:48:34 +0000 2014,RT @pranavmistry: The photons behave like intelligent human beings: out of all possible curves they always select the fastest way to their …
546942087543791600,Mon Dec 22 08:15:30 +0000 2014,RT @SamGellman: The speed of @Uber launches over the past four years. Visualised in 5 seconds. http://t.co/M2pF2HSchD
545633141633728500,Thu Dec 18 17:34:12 +0000 2014,RT @dharmesh: 6 Simple Tips To Be Happier http://t.co/rKnjSczqNq (the first one is super-important)
544091869613789200,Sun Dec 14 11:29:45 +0000 2014,#Shimla you will be a habit from now. http://t.co/ocwx9xGVmU
542290366498471940,Tue Dec 09 12:11:13 +0000 2014,RT @cool_knl: You taught me how to be stronger, by not being there whenever I needed you..!!
540948950627258400,Fri Dec 05 19:20:54 +0000 2014,RT @sharmashradha: In pursuit of more laughter http://t.co/BDo49yxf4Q
540556532996255740,Thu Dec 04 17:21:35 +0000 2014,RT @sacca: "In 2015 alone, Uber will generate over 1 million jobs in cities around the world." http://t.co/bN6ZqCeT3B
540074515829489660,Wed Dec 03 09:26:13 +0000 2014,RT @zaid: Taking control of things you actually control yields better results than trying to control what isn't in your control.
540014356952408060,Wed Dec 03 05:27:10 +0000 2014,@pennygrewal #okPenny
540002487843819500,Wed Dec 03 04:40:00 +0000 2014,RT @vishalgondal: Sleep Deprivation Is Killing You and Your Career http://t.co/94ICidFKhH
539799874846216200,Tue Dec 02 15:14:53 +0000 2014,@Chaayos has done a great job in helping us reinvent the taste for the Desi Chai @arpiit. Proud of you @raghav_ver!
539796761343062000,Tue Dec 02 15:02:31 +0000 2014,RT @chdjazzfest: Only 5 days to GO Air #CHDJAZZFEST | Guests travel to the venue &amp; back free w/ @Uber_CHD @Uber | @goairlinesindia http://t…
539480578559459300,Mon Dec 01 18:06:07 +0000 2014,Want more love? Forgive without punishing. #tryit
538699950800896000,Sat Nov 29 14:24:11 +0000 2014,RT @paulg: Mean People Fail: http://t.co/OKZOGIQu3U
537936390239969300,Thu Nov 27 11:50:04 +0000 2014,RT @Uber_Kochi: We are hiring for an Operations Manager in Kochi https://t.co/krbm4OqpxX. Stand up and represent! Please RT.
534379643436945400,Mon Nov 17 16:16:49 +0000 2014,RT @bubbly_ank: Build a good product, and it doesn't fucking matter. The inside story of @travisk &amp; @Uber- http://t.co/nkoYyAMoWq #MustRead
532782729008795650,Thu Nov 13 06:31:15 +0000 2014,RT @neerajwho: You know you're working with the best people in the country when #Uber is getting more hits than @narendramodi #Modi http://…
532778724618682400,Thu Nov 13 06:15:21 +0000 2014,RT @Uber_Jaipur: Uber + @Paytm = #UberForAll ! Jaipur you can now ride in an Uber using DEBIT CARDS! http://t.co/RDnc8FeWT8
532775375248826400,Thu Nov 13 06:02:02 +0000 2014,RT @CarnageCrow: @gulveenaulakh and my story in today's ET on the Uber-Paytm tie-up - http://t.co/2PqP1eEROx .@Uber @Paytm @vijayshekhar .@…
532742828666146800,Thu Nov 13 03:52:42 +0000 2014,RT @cnha: Uber Finally Solves Payment Issue In India. Partners With Paytm For Wallet http://t.co/a64cYzT5VV
532741399637426200,Thu Nov 13 03:47:02 +0000 2014,RT @bubbly_ank: @WeAreChandigarh I'm excited coz I'd envisioned this in September. And more people can use Uber 😍😍😍 @tushargarg @Uber @Uber…
531724150143221760,Mon Nov 10 08:24:51 +0000 2014,RT @neerajwho: Huge props @varunmundkur for vehicle financing in India! http://t.co/BVnbSQLuCN Huge impact on #UberIndia &amp; partners lives! …
531684336207421440,Mon Nov 10 05:46:38 +0000 2014,RT @allenpenn: So pumped to announce @Uber India vehicle financing! Bringing Entrepreneurship to the Indian Grassroots https://t.co/LUfaHmV…
531005256360927200,Sat Nov 08 08:48:13 +0000 2014,RT @bubbly_ank: Seeing @WeAreChandigarh as a partner along with my favs Uber n Paytm. It IS exciting.  #Sheroes http://t.co/30hbzqlVY0
530616040850350100,Fri Nov 07 07:01:37 +0000 2014,RT @mukund: Seed Rounds: How to Pick a Valuation http://t.co/14xvqcNHxn
530615334873489400,Fri Nov 07 06:58:48 +0000 2014,RT @SHEROESIndia: Ride in style for FREE to and from #SHEROES with @Uber_CHD . Use promo code UberSheroesCHD. Download their app here: http…
530615299616170000,Fri Nov 07 06:58:40 +0000 2014,RT @sharmashradha: Ok so we do have Uber for X in India too! http://t.co/C4BRCgNfGl via @YourStoryCo #startup #trends #India #Uber
530426870589055000,Thu Nov 06 18:29:55 +0000 2014,RT @vshlvrma: The Biggest Failures and Best Advice of 14 Inspiring Entrepreneurs http://t.co/w0HVMoDMeH
530344759102283800,Thu Nov 06 13:03:38 +0000 2014,RT @gkgandhi: Starting a company may be easier, but making it a success isn’t. Epic fails of the startup world http://t.co/ygpGFqG6P6
530222507400261600,Thu Nov 06 04:57:51 +0000 2014,RT @MittuChandilya: Get involved it is Movember! Mo Bros grow ur moustache &amp; spark conversation &amp; raise funds 4 prostate &amp; testicular cance…
529553742341750800,Tue Nov 04 08:40:25 +0000 2014,RT @OnePeacefulSoul: Physical pain can be expressed &amp; explained. Emotional pain is wrapped in ur mind &amp; u've nothing 2 shw ur illness. It m…
529207350700556300,Mon Nov 03 09:43:59 +0000 2014,RT @Sairee: Heading to #SHEROES Summit #Delhi Nov 4?  @Uber_Delhi  rides up to Rs 300 free both ways (2 rides) for all new users. PC: UberS…
527745750491349000,Thu Oct 30 08:56:06 +0000 2014,RT @fffabulous: This is a big deal. #Uber #ApplePay #BOOM #superpumped http://t.co/WryiedtaoA
526961562515681300,Tue Oct 28 05:00:01 +0000 2014,RT @warikoo: Better a diamond with a flaw than a pebble without - Confucius
525955059356405760,Sat Oct 25 10:20:32 +0000 2014,Future. #hereicome http://t.co/YmVGnyIzKz
525954803772313600,Sat Oct 25 10:19:31 +0000 2014,Past. #iwasthere http://t.co/HmyK1kQ4UY
525939140136009700,Sat Oct 25 09:17:17 +0000 2014,RT @iKunaal: Woke up to this ---&gt;&gt;&gt;  @WeAreChandigarh Tweetup 6.0 featured on Page 3, TOI. Super awesome !!! http://t.co/Cr6OkHpTpy
525179993941225500,Thu Oct 23 07:00:42 +0000 2014,@vchecker @Uber_CHD thanks for the love checker!
525179668060581900,Thu Oct 23 06:59:24 +0000 2014,RT @1in: Overwhelmed! #UberDIWALI My first ride with @Uber_CHD when I didn't actually ride! Thx to jolly Trilochan ji as well! http://t.co/…
525176554700013600,Thu Oct 23 06:47:02 +0000 2014,RT @bubbly_ank: And @Uber_CHD is THE BEST. Go tap the app &amp; get your cute #UberDiwali gift 😍😘. Nailed it guys 👍 http://t.co/YWfJfajFGg
525157548391821300,Thu Oct 23 05:31:31 +0000 2014,RT @Uber_Jaipur: If you don't see a deliver van at first, keep trying. Too much #UberDiwali love coming our way, and we are trying to servi…
524988283068379140,Wed Oct 22 18:18:55 +0000 2014,RT @bubbly_ank: OMGG. @Uber_CHD is giving FREE Diwali gifts delivered to you and your loved ones💃. Dekho @WeAreChandigarh - http://t.co/I30…
524988196724412400,Wed Oct 22 18:18:34 +0000 2014,RT @ChandigarhGS: We took to the streets of chandigarh and made people pledge to celebrate a #crackerfreediwali, while sharing... http://t.…
524986415869075460,Wed Oct 22 18:11:30 +0000 2014,RT @iKunaal: When you're trying really hard not to fall in love, you'll fall deeper.
524977202170167300,Wed Oct 22 17:34:53 +0000 2014,RT @WeAreChandigarh: And the @Uber_CHD FREE diwali gifts offer starts tom at 10am. More details- http://t.co/BiV5ylmV1H 😍😘💃💃
524944244021002240,Wed Oct 22 15:23:55 +0000 2014,RT @Sairee: Awesome things brewing at @SHEROESIndia  @Uber_Delhi @Uber_CHD  Now that's in true spirit of festive season  @_Kritarth @tushar…
524884952530182140,Wed Oct 22 11:28:19 +0000 2014,RT @ChandigarhGS: #mydiwalistory #crackerfreediwali  #shapingdiwali http://t.co/loYtVvXyzT
524632842798907400,Tue Oct 21 18:46:31 +0000 2014,Let's light smiles this Diwali with @ChandigarhGS. @WeAreChandigarh share your #CrackerFreeDiwali story. #ShapingDiwali #MyDiwaliStory
524602055223439360,Tue Oct 21 16:44:11 +0000 2014,RT @Uber: Companies that use Uber for Business save over $1,000 per employee/year. How much could your business save? http://t.co/IZOzd9kclX
524587494419869700,Tue Oct 21 15:46:19 +0000 2014,@GunzAndGoliz amen!
524586625989226500,Tue Oct 21 15:42:52 +0000 2014,RT @mallikagupta: The beautifully lit up sector 17 :) cc @WeAreChandigarh http://t.co/KWopUBNpWO
524025450570719200,Mon Oct 20 02:32:58 +0000 2014,RT @twinitisha: Feelings never die.You just stop expressing them .
522640474457534460,Thu Oct 16 06:49:33 +0000 2014,RT @utsavagarwal: Working at Uber is like being part of a movie that never has a dull moment. #UberLove
521888517040144400,Tue Oct 14 05:01:33 +0000 2014,RT @munishjauhar: Get out and vote in style this election with @Uber_CHD for free #UberVoteCHD http://t.co/HT91YKN08R
521346765396516860,Sun Oct 12 17:08:49 +0000 2014,RT @KumaraGuru: The ISB connect with Kailash Satyarthi, the Nobel Peace Prize winner... http://t.co/uIBPcph5jd
521200405695717400,Sun Oct 12 07:27:14 +0000 2014,RT @bedit: @Uber_Kolkata Thank you for making my day! Totally loving it. And such a welcome change to see smiling and helpful cab drivers. …
521150214183206900,Sun Oct 12 04:07:48 +0000 2014,RT @Gizmodo: These concepts show what Apple Watch apps might look like http://t.co/b12zZXp5nP http://t.co/SSxanWme2y
521132985995628540,Sun Oct 12 02:59:20 +0000 2014,RT @sacca: It's never too early to start practicing your funny faces. http://t.co/b2XeZGpIS7
520923439834476540,Sat Oct 11 13:06:41 +0000 2014,RT @bubbly_ank: Amazing feeling when your #PaytmInChandigarh campaign gets noticed AND appreciated by the Uber guys @utsavagarwal &amp; @tushar…
520803291135877100,Sat Oct 11 05:09:15 +0000 2014,RT @netsolutions: Net Solutions is delighted  and appreciates the special goodie from @Uber_CHD thank you guys! :)
520451360052248600,Fri Oct 10 05:50:48 +0000 2014,RT @Uber_Jaipur: #PetrolFreeChai on Thursdays and Fridays at Tapri. http://t.co/jC1Szy5m9g
518309451237826560,Sat Oct 04 07:59:37 +0000 2014,RT @bubbly_ank: I've talked so much about @Uber_Chd that my cousins ditched the car. And now we're UBER-ing 😀💃
518294103188967400,Sat Oct 04 06:58:38 +0000 2014,RT @MittuChandilya: For those who love American Muscle cars "http://t.co/VpZVxPql5o"
518003344607301600,Fri Oct 03 11:43:16 +0000 2014,RT @richardbranson: Get the product right. If you have a great product, your business has a fighting chance http://t.co/HjwxcWAMDK http://t…
517910365221687300,Fri Oct 03 05:33:48 +0000 2014,RT @badjourno: Trusting @Uber @Uber_AHM, I plan to sell my car and never to buy again. Will it happen. Just may. Read https://t.co/HhYIEhIK…
515185045800108000,Thu Sep 25 17:04:21 +0000 2014,RT @bubbly_ank: Dear @WeAreChandigarh ,if you're taking an @Uber_CHD, do leave your feedback via the app after the ride. It'll help them im…
515075835603484700,Thu Sep 25 09:50:23 +0000 2014,RT @archana_ashar: FREE UBER RIDES ALL WEEK!!! in @Uber_AHM, @Uber_JAIPUR and @UBER_CHD http://t.co/SFpphXGqOM
514808284868378600,Wed Sep 24 16:07:14 +0000 2014,RT @airasiain: Our CEO @MittuChandilya welcomes the @lionsdenkxip players and the evening's exciting activities are just starting! http://t…
514660806277865500,Wed Sep 24 06:21:12 +0000 2014,RT @ISBedu: Congratulations team #NanoHealth - Aditi, Ashish, Manish, Pranav, &amp; Ram. We are proud of you @hultprize @ISBedu http://t.co/Ayh…
514407385830801400,Tue Sep 23 13:34:12 +0000 2014,@chattychd sure. DM me your mobile number.
514286418760187900,Tue Sep 23 05:33:31 +0000 2014,RT @warikoo: Work hard in silence Let success make the noise...
514286331275386900,Tue Sep 23 05:33:11 +0000 2014,RT @rodinhood: "A problem is an entrepreneur's best friend".   ~ rodinhood
514069439872892900,Mon Sep 22 15:11:20 +0000 2014,RT @bubbly_ank: High time we have #Chandigarh trends on Twitter. It's THE CITY BEAUTIFUL and we have @WeAreChandigarh also.  cc: @rsjaitly …
513710483497820160,Sun Sep 21 15:24:58 +0000 2014,RT @paulsingh: "comparing today to 1999 is just lazy" http://t.co/x2XdiYQZqC
513283123153760260,Sat Sep 20 11:06:47 +0000 2014,RT @deepitgupta: First few trips with @Uber_CHD today! Great rides and a smooth experience overall! #Uber #cab #awesome
513221517824753660,Sat Sep 20 07:01:59 +0000 2014,RT @lionsdenkxip: ਅਜੱ ਸ਼ੇਰਾਂ ਦੀ ਦਹਾੜ ਦੁਬਾਰਾ ਗੁੰਜੇਗੀ #LivePunjabiPlayPunjabi
512972361499705340,Fri Sep 19 14:31:56 +0000 2014,RT @WeAreChandigarh: TWEETUP TWEETUP TWEETUP- This Sunday, join us for our 5th #WACTweetup :D  Fill this form- https://t.co/eWp49iqvTD  And…
512958360237264900,Fri Sep 19 13:36:18 +0000 2014,RT @MittuChandilya: Our AA team w/ supplies &amp; volunteers in Srinagar @jkfloodrelief #KashmirFloods Days gone by &amp; still a lot more to do ht…
512893541400330240,Fri Sep 19 09:18:44 +0000 2014,@WeAreChandigarh let's #arriveinstyle at the tweet up with @Uber_CHD. And guess what, its FREE! #FreeUberWeek
512661641188479000,Thu Sep 18 17:57:14 +0000 2014,Give that a shot @bubbly_ank and @Uber_CHD won't disappoint you! #ubereverywhere
512661641188479000,Thu Sep 18 17:57:14 +0000 2014,Give that a shot @bubbly_ank and @Uber_CHD won't disappoint you! #ubereverywhere
512573110072397800,Thu Sep 18 12:05:27 +0000 2014,RT @pennygrewal: #LivePunjabiPlayPunjabi tonight!
512502838367232000,Thu Sep 18 07:26:13 +0000 2014,RT @chattychd: Just donated to #JKFloodRelief through @Uber_CHD. Smooth. Get the stuff ready, log into #Uber - request pick up. Ends at 4pm…
512281171745456100,Wed Sep 17 16:45:23 +0000 2014,RT @gauravkapur: Well done @Uber_CHD, for those of you who want to contribute to the #UberJKRelief then please ... https://t.co/aYTBjKgYgt
511557431256940540,Mon Sep 15 16:49:30 +0000 2014,RT @rashi_kakkar: Actual meaning of a BE degree is = Bachelor (because) of Engineering! #HappyEngineersDay
511511892817244160,Mon Sep 15 13:48:33 +0000 2014,@pennygrewal @Uber_CHD is always happy to help and deliver delight!
510326863504220160,Fri Sep 12 07:19:40 +0000 2014,RT @morpheusgang: @neosrix Super excited to know that @Uber is now in #Chandigarh too. @Uber_CHD @tushargarg
509401149930098700,Tue Sep 09 18:01:13 +0000 2014,RT @bubbly_ank: WOAHH @uber has been featured by Apple in the #AppleLive event. Marketing for the year done :P http://t.co/2BvamM7ied
509365951876169700,Tue Sep 09 15:41:21 +0000 2014,@bubbly_ank you will always get an Uber in #Chandigarh, no matter what time of the day/night it is! Try @Uber_CHD.
509364591722119200,Tue Sep 09 15:35:56 +0000 2014,@bubbly_ank waiting beyond 10-15 mins is not encouraged as it is an on-demand service.
509362090641858560,Tue Sep 09 15:26:00 +0000 2014,@bubbly_ank on the contrary, you don't have to worry about finding parking everytime, but then there could be a one off case :).
509306602134847500,Tue Sep 09 11:45:31 +0000 2014,@bubbly_ank that's when @Uber_CHD can come to your rescue!
508488827954921500,Sun Sep 07 05:35:58 +0000 2014,@bubbly_ank Amen!
508488294271701000,Sun Sep 07 05:33:51 +0000 2014,RT @gauravkapur: RT if you also want to see a 3rd place play off for the Men's at the US Open.
508295997609369600,Sat Sep 06 16:49:44 +0000 2014,RT @gauravmunjal: Got a refund in two minutes after sending a tweet. Uber fast customer service. @utsavagarwal @uber_blr
508258613475827700,Sat Sep 06 14:21:11 +0000 2014,@WeAreChandigarh just d weather to hit #SukhnaLake in #Chandigarh to enjoy a perfect #SaturdayEvening. @Uber_CHD is here to tc of ur travel.
508157690447532000,Sat Sep 06 07:40:09 +0000 2014,@deep_filmmaker @WeAreChandigarh Can't agree more man!
507977349845893100,Fri Sep 05 19:43:32 +0000 2014,@abhishekbhan13 @WeAreChandigarh for the tweetup @Uber_CHD is happy to throw in free rides. Let's #RideInStyle #Chandigarh.
507968290006638600,Fri Sep 05 19:07:32 +0000 2014,RT @uberdata: India largest non-US Uber market (10 cities) w/ launch of @Uber_AHM, @Uber_CHD, @Uber_Jaipur, @Uber_Kolkata http://t.co/nQU5M…
507864924245078000,Fri Sep 05 12:16:48 +0000 2014,RT @MittuChandilya: Jaipur - got to love that Mustache &amp; welcome. Will have to aim to grow this 'tache :) http://t.co/oPGbpb323j
2873073849,Mon Jul 27 16:42:11 +0000 2009,Bad Bad Bad traffic out there... whats with rain and cars breaking down....saalon service karake rakha karo..  !@#&@$^#
2855545752,Sun Jul 26 17:20:53 +0000 2009,@chetan_bhagat Hey..nice article indeed. cud relate to it big time..I m by the way '09 batch IITD passout..loved ur books
2854290369,Sun Jul 26 15:39:57 +0000 2009,@nitinsgr Hmm...either that wud be awkward or u had an awkward situation with the present "female" help.. otherwise y to switch ;)
2853976799,Sun Jul 26 15:12:37 +0000 2009,One more attempt to watch Hangover fails....damn!!
2852251764,Sun Jul 26 12:01:37 +0000 2009,I desperately wait for sundays.. and end up thinking...WHY?... whats in a sunday
2840312418,Sat Jul 25 17:53:33 +0000 2009,@arora_sharad Dude, heard the retention rate on twitter is just 40%..so u cant complain of people getting confused..seems its a common thing
2840064979,Sat Jul 25 17:35:01 +0000 2009,Hangover has crossed the limit... everyone loved it.. isnt there a single person out tehre who hasnt watched it..
2837870387,Sat Jul 25 14:43:19 +0000 2009,After a long boring day at office i plan to give twitter another hit... lets see how far i go..all the best to me
2465760296,Sat Jul 04 05:28:55 +0000 2009,@nitinsgr Dude dont worry about the emails being bulk or individual.. just send them.... trust me u need to do that after last night :D
2465709511,Sat Jul 04 05:23:22 +0000 2009,Got a reason to work hard at job....but who will decide the definiton of "hard' ?
