id,created_at,text
1207858259903824000,Fri Dec 20 03:00:24 +0000 2019,Un mentor, une inspiration pour beaucoup d'entre nous. Un pilier de la photographie au Québec... Ses livres étaient… https://t.co/lqBWqQGdaZ
1197378670714851300,Thu Nov 21 04:58:15 +0000 2019,https://t.co/eaSCK8J0Hg
1195149721947517000,Fri Nov 15 01:21:13 +0000 2019,3 de mes photos dans un des plus grand salon de la photographie au Canada! 😁Le ProFusion Pro Imaging Expo, à Toront… https://t.co/twDWAonTbN
1191454085725249500,Mon Nov 04 20:36:04 +0000 2019,☺️ https://t.co/igvdkt7LG6
1189978892649541600,Thu Oct 31 18:54:11 +0000 2019,Pour ceux qui voulaient voir les photos qui m'ont fait remporter dans la catégorie action! Perso, je trouve que tou… https://t.co/d7aiuhGuqw
1188466440560660500,Sun Oct 27 14:44:14 +0000 2019,Tellement reconnaissante ♥️🙏🙏🙏🙏 https://t.co/ExEShv7TAm
1185918458481074200,Sun Oct 20 13:59:28 +0000 2019,Salut amis de la région de Quebec!  Je serais au salon de la photo de Gosselin dimanche prochain à midi sur la scèn… https://t.co/TLbS4HnGCr
1185167920760082400,Fri Oct 18 12:17:06 +0000 2019,Elle, C'est mon Éditrice 😍 https://t.co/YoV5LPiZlj
1184490107044335600,Wed Oct 16 15:23:42 +0000 2019,Amis de l'Estrie, je serai au salon du livre vendredi au kiosque #16 avec mon livre Skinfaxi chez les éditions Goél… https://t.co/JKM0UOmSJb
1183702430015459300,Mon Oct 14 11:13:46 +0000 2019,Action de Grâce 2019 Magnifique journée! J'espère que la vôtre l'était tout autant! 😊 Merci Claude Lapierre et Chri… https://t.co/e8NVfxQp13
1182363431946670000,Thu Oct 10 18:33:04 +0000 2019,Oh yeah!! https://t.co/slsgSrsoWg
1182359368127406000,Thu Oct 10 18:16:55 +0000 2019,Ca y est! La Z nikkor 58mm f/0.95 S est sortie!! https://t.co/Z2tHZ1yrHo
1182320483360022500,Thu Oct 10 15:42:24 +0000 2019,Photographes, amateurs et influenceurs! Nikon viennent de sortir aujourd'hui un nouveau petit bijou! La Z 50!  Pour… https://t.co/axtbFvUt2n
1181727045811916800,Wed Oct 09 00:24:17 +0000 2019,https://t.co/zlLdmCLmZO
1181562518453522400,Tue Oct 08 13:30:31 +0000 2019,David.  Petit Shoot photo en location pour site de rencontre, et corporatif.
1177197472353005600,Thu Sep 26 12:25:23 +0000 2019,Nos forêts 💕 https://t.co/gTxoWghZ2w
1174467770685284400,Wed Sep 18 23:38:31 +0000 2019,ca a commencé :) :) https://t.co/KjZnba1RpJ
1174410972821368800,Wed Sep 18 19:52:50 +0000 2019,Tsé, la fois ou on m'a demandé de parler beaucoup trop en anglais ;)  C'est ce soir... https://t.co/Ca6WbqIRLS
1174405495538552800,Wed Sep 18 19:31:04 +0000 2019,Amis photographes, c'est ce soir que ça se passe! ;) https://t.co/gDx7jyjv79
1173978632890527700,Tue Sep 17 15:14:52 +0000 2019,J'ai enfin un peu de temps pour vous remercier tous... Alors MERCI❤️ d'avoir eu une petite pensée pour moi dimanche… https://t.co/zvBmu38SI9
1173596412107526100,Mon Sep 16 13:56:03 +0000 2019,;) https://t.co/XOB7Dlu6Ab
1171777030192541700,Wed Sep 11 13:26:29 +0000 2019,CONCOURS | Salut Facebook!☺️ Je suis ravie de faire équipe avec mes amis de Nikon Canada pour offrir un Nikon COOLP… https://t.co/3zXq2Ydyym
1168562612575113200,Mon Sep 02 16:33:32 +0000 2019,Vraiment très heureuse d'être en nomination aux prix Focus!!!😁💕 Bravo à tous les nominés! On se voit au gala! :) https://t.co/cnJRyDUair
1164242107189596200,Wed Aug 21 18:25:23 +0000 2019,Ça serait l'fun de vous y voir! 😋 https://t.co/0kzOG5nCRu
1156767169860034600,Thu Aug 01 03:22:39 +0000 2019,Un petit rappel... https://t.co/BSB95DcZX3
1146148981900271600,Tue Jul 02 20:09:46 +0000 2019,Bin coudonc! Je m'améliore un peu!!😅 https://t.co/vRpHdRRY11
1134480004941787100,Fri May 31 15:21:25 +0000 2019,A tantôt!! 😁😁😁 https://t.co/SsN3JlhboD
1133078703183994900,Mon May 27 18:33:09 +0000 2019,Ce vendredi, j'aurai ce plaisir!!☺️ https://t.co/0vSGs32WlC
1131528540086853600,Thu May 23 11:53:21 +0000 2019,Salut les copains! Ce dimanche vers 14h, il y aura le vernissage du très talentueux Francois Lapierre (que j'admire… https://t.co/Qzc3At8KqK
1123655996197490700,Wed May 01 18:30:40 +0000 2019,😊 https://t.co/KyXbmIbaJr
1116334474965475300,Thu Apr 11 13:37:33 +0000 2019,Grande nouvelle!!😊 J'ai l'immense honneur, et fierté, de vous annoncer que je deviens ambassadrice pour Nikon Canad… https://t.co/vBpfhIx0GD
1112801302696943600,Mon Apr 01 19:38:00 +0000 2019,#chaudaucoeur 🧡 https://t.co/naAJ8ncL4K
1110748831577243600,Wed Mar 27 03:42:12 +0000 2019,@maripiermorin Vraiment? Non. A moins de porter complètement deux styles différents d'un côté et de l'autre du corp… https://t.co/Jz5ug4yQBO
1110541074597138400,Tue Mar 26 13:56:39 +0000 2019,Facque c'est ça, je parle (beaucoup😅) de créativité. Faut dire qu' Hugo a des questions qui torchent!   #skinfaxi… https://t.co/bAsb6cmbcc
1108156706662555600,Wed Mar 20 00:02:02 +0000 2019,Si vous rêvez de devenir photographe 😊 https://t.co/OQ7B9cQfu3
1100040610097045500,Mon Feb 25 14:31:33 +0000 2019,Je serais au Salon du Livre de l'Outaouais cette semaine pour Skinfaxi! Stand #129! On fera un brin de jasette! 😁… https://t.co/2E3nHMbaP2
1097899535463051300,Tue Feb 19 16:43:41 +0000 2019,Hey je sais pas si je vous l'ai deja dis?🤔 J'ai un studio mobile! 😊 Ça fait parti de mes services de me déplacer ch… https://t.co/EsRfURTjN5
1095777450380877800,Wed Feb 13 20:11:17 +0000 2019,😊 https://t.co/cNjvYiZXTm
1093839008512307200,Fri Feb 08 11:48:36 +0000 2019,J'ai envie d'appeler tout ceci: Le contrôle des gants blanc.  https://t.co/lQ9d0vmqeS https://t.co/lQ9d0vmqeS
1090978569445101600,Thu Jan 31 14:22:15 +0000 2019,Bon enfin! La surmédicamentation des enfants, un sujet important! https://t.co/2g6ykdmmPp
1090357830291476500,Tue Jan 29 21:15:39 +0000 2019,Femme de tête et femme de coeur! Berenice St-martin  ©Photos: Tzara Maud
1087193379644035100,Mon Jan 21 03:41:15 +0000 2019,Au cas où... (?!) N'oubliez pas la date limite demain !!! Tout ce que vous avez publié devient public à partir de d… https://t.co/9AqKGeQ4JA
1087008909372653600,Sun Jan 20 15:28:14 +0000 2019,J'adore! https://t.co/hQOMwhcBNd
1086259122130075600,Fri Jan 18 13:48:51 +0000 2019,Une promenade en dehors des zones touristiques au nord de la Jamaïque ☀️ Scène de rue, et découverte d'un village d… https://t.co/dWHcnJkdtb
1084789970773135400,Mon Jan 14 12:30:58 +0000 2019,Si vous vouliez voir SKINFAXI en vrai, je suis en galerie au HangArt sur Saint-Denis coin Duluth à Montréal 😊 https://t.co/R7ko6upHdk
1081195312570687500,Fri Jan 04 14:27:04 +0000 2019,🙄😜 https://t.co/qBuXu5ZJ7y
1080823413638418400,Thu Jan 03 13:49:17 +0000 2019,C'est spécial de s'entendre comme ça a la radio, reste que ça fait chaud au coeur comme entrevue!! ☺️ https://t.co/QIPGlRDepN
1079122173321773000,Sat Dec 29 21:09:09 +0000 2018,Au moment où j'atterrissais le 23 décembre à Mtl après une semaine de voyage, ma mère se fracturait le bassin à 3 e… https://t.co/BCb6Ykuclx
1073006208146128900,Thu Dec 13 00:06:30 +0000 2018,Fêter les vacances et lever nos verres pour les voyages, pour 2018, pour 2019, pour les fêtes, et pour l'amitié!! Bonnes fêtes à tous!!!
1072547157243248600,Tue Dec 11 17:42:23 +0000 2018,Ma seconde micro capsule pour Magenligne! Tjrs aussi calme, posée et sereine! 🙄😅  Le gala Célébration 2019 sera dif… https://t.co/IAArSKruSv
1065235162231914500,Wed Nov 21 13:27:08 +0000 2018,Petite visite virtuelle de mon expo SKINFAXI, qui avait lieu au LIVART. 😍  Et un lien plus bas pour voir les œuvres… https://t.co/xNQKkEwOxU
1063477917882167300,Fri Nov 16 17:04:28 +0000 2018,40 photos exposées jusqu'au 18 janvier au centre culturel de Shawinigan. Si vous êtes dans le coin, allez voir "Expression" 😊
1061970195881828400,Mon Nov 12 13:13:19 +0000 2018,Je pense que je n'ai jamais été aussi active sur les réseaux, je suis quasi rendue tannée de me voir la face là! Al… https://t.co/WWUkPReqwI
1060866801477845000,Fri Nov 09 12:08:50 +0000 2018,J'étais toute rouge sous mon fond de teint, je le suis encore derrière mon écran ce matin! 😅 https://t.co/AcjJsdzKGx
1060286541644345300,Wed Nov 07 21:43:05 +0000 2018,❤️❤️❤️ Merci!! 🙏🙏🙏 https://t.co/uMG6VYGiMk
1060205932423069700,Wed Nov 07 16:22:46 +0000 2018,https://t.co/9rgy5oZ5tr
1060182815831146500,Wed Nov 07 14:50:55 +0000 2018,https://t.co/QFQNp7iQs9... https://t.co/fRTLxhFt4l
1060168437811634200,Wed Nov 07 13:53:47 +0000 2018,Merci Beaucoup!!❤️ https://t.co/eLggbwrdZg
1059147713865019400,Sun Nov 04 18:17:47 +0000 2018,😅 Bon 20e anniversaire A L'infini!!!😊 https://t.co/CJtTVZhZSh
1058749562964328400,Sat Nov 03 15:55:41 +0000 2018,Si jamais vous êtes curieux d'en connaître plus sur le projet Skinfaxi (livre et exposition) ce texte très bien écr… https://t.co/8pFLURqJ1n
1058169590264590300,Fri Nov 02 01:31:04 +0000 2018,Pétrole Bleu! https://t.co/Xz8R0Lnnzj
1056907126533177300,Mon Oct 29 13:54:30 +0000 2018,Merci!💙 https://t.co/w6b6grkwBw
1055507139349938200,Thu Oct 25 17:11:27 +0000 2018,Une fois de plus 😊😊😊 https://t.co/4hPdBd5eLt
1050710057447501800,Fri Oct 12 11:29:33 +0000 2018,Marie-Eve Leclerc, à droite, est non seulement une excellente journaliste et rédactrice, mais elle est aussi une je… https://t.co/HEo9TC5mVt
1049630217407475700,Tue Oct 09 11:58:39 +0000 2018,Apéro-shoot 2018 super Express avec Francois Lapierre !😋 C'est quasi une tradition! #sansretouches
1045655011492069400,Fri Sep 28 12:42:36 +0000 2018,Pour ceux qui ne sont pas abonnés a ma page et que ça intéresse, je dépose ça ici humblement. (Et avec un peu de ti… https://t.co/JcaO1s0G0p
1032321307877224400,Wed Aug 22 17:39:14 +0000 2018,Excellente vidéo sur la façon de réduire notre empreinte écologique et améliorer la décroissance. À l'heure ou les… https://t.co/rpxi1l5rqB
1031966577476952000,Tue Aug 21 18:09:39 +0000 2018,Amis vidéastes/photographes pros ou amateurs: un ami qui a une canon EOS M100, cherche un micro cravate Bluetooth.… https://t.co/29vf3QnsnO
1030791828541517800,Sat Aug 18 12:21:37 +0000 2018,Un merci spécial au BOHO Hostels 😏 https://t.co/EPLkxAet0y
1026479507144929300,Mon Aug 06 14:46:00 +0000 2018,Me voilà de retour de vacances, et comme premier rendu: de l'amitié et de la lavande, complicité pleine de promesse… https://t.co/LIt2hXpkHu
1009184084483104800,Tue Jun 19 21:20:10 +0000 2018,Quand tu es dans le jus non-stop depuis un mois, tu vies au moment présent chaque instant, avant de passer à l'autr… https://t.co/K9uQjXtc71
1001798036111216600,Wed May 30 12:10:38 +0000 2018,https://t.co/c7YVuQFarb
999650111243407400,Thu May 24 13:55:33 +0000 2018,Cette FDS, je serai au @festivalBDmontreal au Parc Lafontaine! Une belle 1ere expérience pour moi et nos (Lapierre,… https://t.co/0ZsABvMCdE
999616897149743100,Thu May 24 11:43:34 +0000 2018,Je me souviens d'avoir été tellement nerveuse avant ce shoot, mais Mitsou, le soleil, les fleurs... Et hop! 4 ans a… https://t.co/NlDGXgG4Y7
993545844799438800,Mon May 07 17:39:23 +0000 2018,Quand j'ai vu ces flamants, ils m'ont fait l'impression de danseurs dans leur apparat de lumière et de rose.  Une p… https://t.co/NgoAK0NW0u
992824221171617800,Sat May 05 17:51:54 +0000 2018,😊 https://t.co/IicGwfquPj
989553905402081300,Thu Apr 26 17:16:50 +0000 2018,😁 https://t.co/38vi7PY80E
989128914181091300,Wed Apr 25 13:08:04 +0000 2018,"Spotted" ce matin aux aurores, un voleur de grands chemins connu par chez nous sous le nom de Ferguson.😋
986982665269149700,Thu Apr 19 14:59:39 +0000 2018,https://t.co/rpnFM5LTke
985594859347152900,Sun Apr 15 19:05:00 +0000 2018,Des fois ça nous prend comme ça...et aujourd'hui, on s'est fait un luminaire de salle à manger! Lol!  Un mix d'aprè… https://t.co/CvallckZBv
985202045199245300,Sat Apr 14 17:04:06 +0000 2018,https://t.co/0xrKxZzXsE
978446358557397000,Tue Mar 27 01:39:25 +0000 2018,John Coltrane Draws a Picture Illustrating the Mathematics of Music https://t.co/VX94FPS6Hq
974270362518245400,Thu Mar 15 13:05:30 +0000 2018,Depuis qq temps, je "post" moins de mon travail sur Fb pour la raison que voici, et que j'attendais avec... https://t.co/tPmKmBVDAw
971243088059478000,Wed Mar 07 04:36:11 +0000 2018,@andrerobitaille Au casino pendant un lancement. J'ai abordé le sujet Vazimolo et tu m'as répondu en devinant mon â… https://t.co/xhzjVG6uwm
964188921419661300,Thu Feb 15 17:25:27 +0000 2018,Quelques-unes de mes photos que j'aimais bien pour Johnny Brown ( très réputé chez les danseurs) en collaboration avec l'agence LEEROY :)
962853020374532100,Mon Feb 12 00:57:03 +0000 2018,Yé! 😒😂😂😂😂 https://t.co/SxGRMW1aAy
959630888647741400,Sat Feb 03 03:33:27 +0000 2018,Une soirée entre filles où tout se passe bien pour l'anniversaire en avance dAné Nie. Bon "blow job" ma chérie! -... https://t.co/NkGPN8Gn3x
956534277247774700,Thu Jan 25 14:28:37 +0000 2018,J'achète complètement!!! https://t.co/vBFfjbggfy
947979275013107700,Mon Jan 01 23:54:06 +0000 2018,3/7 :J'ai été défiée par Coralie Noé pour poster durant sept jours, sept photos en noir et blanc de ma vie... https://t.co/rPO3iJDhfj
942035329313394700,Sat Dec 16 14:14:59 +0000 2017,Entrevue avec Caroline Montpetit pour LE DEVOIR :) https://t.co/TROcDqZN2l
937667401684054000,Mon Dec 04 12:58:24 +0000 2017,Oh la fierté ressentie!!! 😁😊  Par Jean Siag / LAPRESSE+ L’AMOUR AU TEMPS DE VILLE-MARIE1642, Ville-Marie et 1642,... https://t.co/6xEA3q78KO
930843709700264000,Wed Nov 15 17:03:29 +0000 2017,😁 C'est très le fun de voir nos albums dans cette liste du Huffington Post, proposée par la très avisée... https://t.co/E7ARlwcvbB
930051631525138400,Mon Nov 13 12:36:03 +0000 2017,Eh bien voila!... si vous n'aviez pas LCN ou si vous dormiez, et que ça vous intéressait... voilà nos petites... https://t.co/iphTHyOhi6
929121520085028900,Fri Nov 10 23:00:07 +0000 2017,Hey! Je sais pas si c'est une bonne idée de l'annoncer desfois que certains voudraient vrm la voir (ahah! Rire... https://t.co/UveLQrSTPm
928262829098102800,Wed Nov 08 14:07:59 +0000 2017,Un beau triple lancement!  Merci à tout ceux qui se sont déplacés pour venir nous voir et à Francis Hervieux pour... https://t.co/1mY3n6UHzN
927915544421990400,Tue Nov 07 15:08:00 +0000 2017,C'est ce soir que ça se passe! ;) Venez lancer les BDs avec nous 😂 :p https://t.co/JnVUFQaKkX
926098531819118600,Thu Nov 02 14:47:50 +0000 2017,Amis Montréalais, je serais au Salon de la Photo de Montréal/Laval pour Nikon cette fin de semaine afin d'y faire... https://t.co/a7C5IEAhiX
922786059422982100,Tue Oct 24 11:25:15 +0000 2017,Copains et copines de la ville de Québec, je serais au Salon de la Photo pour Nikon cette fin de semaine ( et la... https://t.co/N0b6D3LSVK
922501454690177000,Mon Oct 23 16:34:20 +0000 2017,Et bien voilà!😁😁😁 Ça devient de plus en plus officiel! :) Si vous aimez la BD et que les tout débuts de Montréal... https://t.co/l7CQrAajHj
917509784458399700,Mon Oct 09 21:59:13 +0000 2017,Photoshoot avec Sophie Pregent #UDA 😍 #tzaramaudimages https://t.co/eHfngZkJYO
917394283614949400,Mon Oct 09 14:20:16 +0000 2017,😊 https://t.co/CUjamW7IYM
906470889201467400,Sat Sep 09 10:54:36 +0000 2017,Faites voir ça à vos ados.  C est bien résumé, et c'est fait de façon comique.  #industriedelimage https://t.co/nnXg3E5lob
904697283442237400,Mon Sep 04 13:26:55 +0000 2017,Que ce soit sur une porte ou sur du bois: Karatekid Cat: le "workout" matinal de mon chat 😂 https://t.co/qDmZ40UZHT
898215956929019900,Thu Aug 17 16:12:26 +0000 2017,Je gère une annonce kijiji pour une amie, si jamais vous connaissez qq'un qui cherche des électros en très bon... https://t.co/aYWtTnDBY9
895346577468002300,Wed Aug 09 18:10:33 +0000 2017,Très bon article sur l'envers des milieux artistiques et de communication. https://t.co/04a1rXAfYl
886995421662466000,Mon Jul 17 17:06:02 +0000 2017,Un petit sneakpeak de ma journee de shooting! 😄 https://t.co/B8acSOOpKw
877883462488735700,Thu Jun 22 13:38:22 +0000 2017,Facebook, je pars bientôt dans un endroit ou il y avait des pirates... quels livres/romans pourriez vous me... https://t.co/lkF1aFrpR7
877264972384002000,Tue Jun 20 20:40:42 +0000 2017,Offre d'emploi pour les GRAPHISTES  chez mon client ALLO VEDETTES et autres magazines connexes , si jamais vous... https://t.co/iIdFCFqr5m
859157952120447000,Mon May 01 21:29:52 +0000 2017,Mariana Mazza, shootée aujourd'hui pour Allo Vedettes dans le cadre des entrevues pour la sortie du film Bon Cop... https://t.co/eO8fj3UDUb
856128093798494200,Sun Apr 23 12:50:18 +0000 2017,Quelques photos corpo de Marc St-Jean pour son entreprise et ses réseaux sociaux :) Mua: Carmen Arbour https://t.co/DyrJaRsa43
851881099915661300,Tue Apr 11 19:34:16 +0000 2017,De passage à Montréal cette semaine, mes photos de Patrick Bruel en entrevue ce matin pour Allo Vedettes! Un beau... https://t.co/4pMrRcRBtm
851563504884744200,Mon Apr 10 22:32:15 +0000 2017,Aujourd'hui, j'ai rencontré et photographié Anthony Kavanagh pour la 1ere fois, et sans doute pas la dernière... https://t.co/2HjvqA7TDG
851560943154856000,Mon Apr 10 22:22:04 +0000 2017,Aujourd'hui, j'ai rencontré et photographié Anthony Kavanagh pour la 1ere fois, et sans doute pas la dernière, il... https://t.co/miHpbjfzah
849240462665941000,Tue Apr 04 12:41:19 +0000 2017,Une de mes photos de Paul Daraiche, prise il y a quelques temps déjà. #TBT :) https://t.co/XcboobXqIZ
848968541877526500,Mon Apr 03 18:40:48 +0000 2017,:) https://t.co/McCpoLupul
842750294945599500,Fri Mar 17 14:51:42 +0000 2017,Je mets à jour ma page toute neuve :p ... alors j'en profite pour partager ici le résultat final des photos que... https://t.co/FmOr7MNI5g
838406240388669400,Sun Mar 05 15:09:59 +0000 2017,Bonne fête Yani! Have fun et profite ! Pleins de beaux moments entouré des gens qui t'aiment et pleins de vélo... https://t.co/GdZ1MNI5Ag
835133473723678700,Fri Feb 24 14:25:10 +0000 2017,Si ca vous dit de le regarder, voila le making off du shooting que j'ai fait avec Geneviève Borne PAGE OFFICIELLE... https://t.co/0KLPuQiAu3
832214583725158400,Thu Feb 16 13:06:33 +0000 2017,Amateurs de photos et/ou fans du milieu artistique, quelqu'un que j'admire beaucoup m'a plus que mis au défi de... https://t.co/NmpKjM2xbC
831491893951238100,Tue Feb 14 13:14:50 +0000 2017,Et me v'la en entrevue LOL! Belle 1ere expérience pour deux femmes dans un milieu d'hommes que je vous partage... https://t.co/UUw7e80Jr9
827232101644787700,Thu Feb 02 19:07:56 +0000 2017,Merci! https://t.co/ZwmP74aHrD
824256982731395100,Wed Jan 25 14:05:53 +0000 2017,Hey amis FB, je n'en avais pas encore vraiment parlé et j'en dirais plus long bientôt,  mais je collabore pour la... https://t.co/kBzLmbPmvn
818443092302950400,Mon Jan 09 13:03:33 +0000 2017,j’ai publié une nouvelle vidéo sur Facebook https://t.co/J5NbL9POSm
812135327439683600,Fri Dec 23 03:18:45 +0000 2016,RT @ataillefer: Nous sommes fiers d'annoncer l'acquisition de l'Actualité.  Plus de détails à venir... @Lactualite
801965830388990000,Fri Nov 25 01:48:48 +0000 2016,https://t.co/cx4Zs2pidy
799236298645078000,Thu Nov 17 13:02:37 +0000 2016,@andrerobitaille  investit auprès de causes touchant les enfants, s'amuse comme l'un d'eux,  dans le cadre du proje… https://t.co/NTT1pLEcY7
794906711823937500,Sat Nov 05 14:18:23 +0000 2016,RT @infomantv: N'oubliez pas, dimanche, on recule d'une heure (et mardi, si Trump est élu, on recule d'un siècle).
794604606160511000,Fri Nov 04 18:17:55 +0000 2016,RT @JTLeveille_LP: Rappel à tous les journalistes : utilisez Signal ! #AffaireLagacé #EspionnagePolicier https://t.co/p65HPdpv2O
794604366909083600,Fri Nov 04 18:16:58 +0000 2016,RT @gravela_rc: J'ai été espionné pendant 5 ans de 2008 à 2013. Toute la période de nos enquêtes sur l'industrie de la construction. Haut l…
794281141175980000,Thu Nov 03 20:52:35 +0000 2016,RT @JLFortinJDM: DERNIÈRE HEURE: Le SPVM annonce qu'un autre journaliste a été espionné. En 2014.
794280216529141800,Thu Nov 03 20:48:55 +0000 2016,RT @JLFortinJDM: Durée d'espionnage de la SQ: A. Gravel: 5 ans I. Richer: 5 ans M-M. Denis: 5 ans E. Thibault: 4,5 ans A. Cédilot: 15 mois…
794274691557032000,Thu Nov 03 20:26:58 +0000 2016,RT @julienbrault: Comment arrondir ses fins de mois sans trouver un job de nuit : https://t.co/F8LlX3WE6G
794273166554234900,Thu Nov 03 20:20:54 +0000 2016,Mon compte FB TzaraMaudPhotos est en "vérification", fermé donc...contactez moi par courriel info@tzaramaud.com  #facebookpolice
794268068826513400,Thu Nov 03 20:00:39 +0000 2016,RT @PDPJ: Sun Times front page failure represents a lack of respect for the value &amp; impact photo editors &amp; photographers can have. Doubt th…
794161786119450600,Thu Nov 03 12:58:19 +0000 2016,RT @FPJQ: 6 journalistes épiés par la SQ: La FPJQ réitère le besoin urgent d’une enquête publique sur la surveillance des journalistes au Q…
789454814069469200,Fri Oct 21 13:14:29 +0000 2016,Dans le cadre du projet Tendre la main, voici deux des premières photos que j'ai faites de Mitsou (Porte-Parole... https://t.co/m5uop9vhr9
789097902933020700,Thu Oct 20 13:36:15 +0000 2016,Hier soir c'était le lancement de Tendre la main !  Plusieurs personnalités étaient présentes, et je suis honorée... https://t.co/vkO0yJqXKn
789082776389587000,Thu Oct 20 12:36:08 +0000 2016,Il y a un an, j'étais nominée au concours Antoine Desilet de la FPJQ, et extrêmement heureuse, alors même si je... https://t.co/n0Kyjgrksj
788391612028072000,Tue Oct 18 14:49:42 +0000 2016,Quelques photos de la voluptueuse Carmen Arbour  Ces yeux et ce sourire... &lt;3
784785697492172800,Sat Oct 08 16:01:05 +0000 2016,Le projet "tendre la main", auquel je participe, expliqué dans le JDM  :) Merci Sandra Godin ! https://t.co/b2aIxtWPkX
781834269983256600,Fri Sep 30 12:33:10 +0000 2016,Le projet TENDRE LA MAIN, sur lequel nous travaillons depuis qq temps sortira bientôt! Bien hâte de vous faire... https://t.co/yNpRu4eqxJ
781158902108794900,Wed Sep 28 15:49:30 +0000 2016,Plusieurs personnalités publiques, plusieurs photographes, un projet qui tendra la main... Bien hâte de vous en... https://t.co/fU6u5yoJcX
775640959887351800,Tue Sep 13 10:23:10 +0000 2016,Un autre chemin https://t.co/35YRU6C5jZ
771664054762864600,Fri Sep 02 11:00:22 +0000 2016,https://t.co/sfCKtFk3nB https://t.co/fOKkxdDuGW
770823872002138100,Wed Aug 31 03:21:46 +0000 2016,Photo de presse • Limiter l’accès aux photographes, une tendance inquiétante? - Fédération professionnelle des... https://t.co/DUbYfpAQ6j
769170662199922700,Fri Aug 26 13:52:31 +0000 2016,Alors hier je suis allée shooter dans un lac, de l'eau jusqu'au nombril, et mon cellulaire dans la poche arrière.... https://t.co/0KJpxP0CyW
768525551682277400,Wed Aug 24 19:09:04 +0000 2016,Ca s'en vient!  Grosse journée de shoot demain!!! :) https://t.co/ChE7c5kC9u
747758065307418600,Tue Jun 28 11:46:30 +0000 2016,https://t.co/6ImAnImgmk
744948048673923100,Mon Jun 20 17:40:29 +0000 2016,Une de mes photos de casting :) Merci à la meilleure MUA Carmen Arbour 󾰙 https://t.co/1TBZ5Cd7Bh
738179186540609500,Thu Jun 02 01:23:27 +0000 2016,Pouahah!!! En effet!!! https://t.co/vcYnarUBZ5
737252237093785600,Mon May 30 12:00:05 +0000 2016,Quand ton copain vient t'aider à monter ton studio et a faire des TESTS pour la journée de shooting de "photos... https://t.co/d25DqYMhDy
735427376016986100,Wed May 25 11:08:44 +0000 2016,Il reste 1 place pour la journée de photos de casting dimanche prochain. N'hésitez pas à me contacter pour plus... https://t.co/euDrb5Fm4t
731987133280424000,Sun May 15 23:18:26 +0000 2016,Gala des oliviers 2016. Ça commence! :X  ***Shot de cell sur caméra***
726066437568221200,Fri Apr 29 15:11:43 +0000 2016,https://t.co/bVSlcsiOfp
713007644768862200,Thu Mar 24 14:20:44 +0000 2016,Les coulisses de la journée de shooting pour la campagne printemps 2016 de Place Rosemère, avec Anouk Meunier et... https://t.co/MSdhKpjXCF
710467303746478100,Thu Mar 17 14:06:19 +0000 2016,Mes photos, et la fierté d'une belle collaboration avec l'agence de style Chienne à Jacques :) https://t.co/7Bz2jmiIgU
706937380528394200,Mon Mar 07 20:19:40 +0000 2016,Portrait MC Toupin en entrevue avec @allovedettes https://t.co/f8HFk608DE
704763619746189300,Tue Mar 01 20:21:55 +0000 2016,Leonardo DiCaprio is Moving to Baie-Saint-Paul, Canada – The McKenzie Post https://t.co/3dhP7hvOm1
701784172642357200,Mon Feb 22 15:02:39 +0000 2016,Quelques images "behind the scene" du shooting pour la prochaine campagne de Place Rosemère avec toute la superbe... https://t.co/PTaAQY2X65
701779391819415600,Mon Feb 22 14:43:40 +0000 2016,Le making of d'une journée de shooting pour le BL Magazine  avec la super équipe d'agence de stylisme CAJ, pour... https://t.co/deH4oMj2zy
699316517234679800,Mon Feb 15 19:37:05 +0000 2016,RT @MichelD1951: Aux Émirats, il y a maintenant une MINISTRE DU BONHEUR!  https://t.co/YQJbTvxK8V
697776219845165000,Thu Feb 11 13:36:29 +0000 2016,Shooting hier pour Place Rosemere avec la pétillante @AnoukMeunier ! :) https://t.co/X0fU8bjbzZ
694639438861852700,Tue Feb 02 21:52:02 +0000 2016,https://t.co/aA5KVr1wJ1 https://t.co/EDexwO404b
688005374658670600,Fri Jan 15 14:30:38 +0000 2016,RETOUCHEURS PHOTOS recherchés pour mandats à la pige. Capable de travailler rapidement et sur plusieurs projets... https://t.co/PlwB3vObj7
685834336868937700,Sat Jan 09 14:43:42 +0000 2016,Quand dire non au travail gratuit https://t.co/kBQKDmnfFC
679310060049297400,Tue Dec 22 14:38:33 +0000 2015,Mes images de qq jours entre la Californie et le Nevada :)  https://t.co/g1ThqahZ8Y https://t.co/QL4bg4bIBQ
679306514704764900,Tue Dec 22 14:24:28 +0000 2015,J’ai publié une nouvelle photo sur Facebook https://t.co/Gc3CMvKYgw
679306510531477500,Tue Dec 22 14:24:27 +0000 2015,J’ai publié une nouvelle photo sur Facebook https://t.co/yAeCFkwMdO
679306505586364400,Tue Dec 22 14:24:26 +0000 2015,J’ai publié une nouvelle photo sur Facebook https://t.co/gOkoNvvcAU
679306501626994700,Tue Dec 22 14:24:25 +0000 2015,J’ai publié une nouvelle photo sur Facebook https://t.co/FRkqGfm9OA
679306497659113500,Tue Dec 22 14:24:24 +0000 2015,J’ai publié une nouvelle photo sur Facebook https://t.co/IseN915MM8
679306493531988000,Tue Dec 22 14:24:23 +0000 2015,J’ai publié une nouvelle photo sur Facebook https://t.co/ZeZ0BpdLz5
679306489656442900,Tue Dec 22 14:24:22 +0000 2015,J’ai publié une nouvelle photo sur Facebook https://t.co/OPNS8rpgv5
679306485235638300,Tue Dec 22 14:24:21 +0000 2015,J’ai publié une nouvelle photo sur Facebook https://t.co/gYdJYV0sPd
679306481330757600,Tue Dec 22 14:24:20 +0000 2015,J’ai publié une nouvelle photo sur Facebook https://t.co/iiJlMlV0p7
679306477497163800,Tue Dec 22 14:24:19 +0000 2015,J’ai publié une nouvelle photo sur Facebook https://t.co/xTL7hk0okq
679306473604784100,Tue Dec 22 14:24:18 +0000 2015,J’ai publié une nouvelle photo sur Facebook https://t.co/p6mUolyFVW
679306469314043900,Tue Dec 22 14:24:17 +0000 2015,J’ai publié une nouvelle photo sur Facebook https://t.co/PMR6C4xejN
679306465706905600,Tue Dec 22 14:24:16 +0000 2015,J’ai publié une nouvelle photo sur Facebook https://t.co/Ke4xC1Qcm4
679306461621715000,Tue Dec 22 14:24:16 +0000 2015,J’ai publié une nouvelle photo sur Facebook https://t.co/GspBIHmJB0
679306456437493800,Tue Dec 22 14:24:14 +0000 2015,J’ai publié une nouvelle photo sur Facebook https://t.co/ULkVih9TuF
679306452452966400,Tue Dec 22 14:24:13 +0000 2015,J’ai publié une nouvelle photo sur Facebook https://t.co/HGncOZQZzj
679306448287998000,Tue Dec 22 14:24:12 +0000 2015,J’ai publié une nouvelle photo sur Facebook https://t.co/NIVBDqkbPZ
679306444039192600,Tue Dec 22 14:24:11 +0000 2015,J’ai publié une nouvelle photo sur Facebook https://t.co/nUU1ZboxgF
661198452529889300,Mon Nov 02 15:09:30 +0000 2015,GRAPHISTE recherché pour mandats à la pige. Capable de travailler rapidement et sur plusieurs projets dans divers... https://t.co/0tlGk6MSXu
657555020750020600,Fri Oct 23 13:51:48 +0000 2015,Amis Facebookois, j'hésite entre ces deux photos que j'ai prise lors de mon voyage à Walla Walla... laquelle des 2 préférez-vous?  1 ou 2 ?
656514136558342100,Tue Oct 20 16:55:42 +0000 2015,YAHOOO!!!! 2 de mes photos nominés au concours ANTOINE DESILETS 2015 de la Fédération des journalistes et... https://t.co/EnICLd6yZY
651723479226560500,Wed Oct 07 11:39:20 +0000 2015,J'avais vraiment envie de partager avec vous ce matin un peu du bonheur d'un couple qui m'a réellement touchés... http://t.co/qd6OaimJCI
651020359123247100,Mon Oct 05 13:05:23 +0000 2015,Au défilé de #MonsieurANEB vendredi soir dernier! :) http://t.co/AYf5mIyhNM
650101124415008800,Sat Oct 03 00:12:41 +0000 2015,Les photographes de presse a #MonsieurANEB :)  @FlashQuebec @ericmyrephoto http://t.co/rAMhorAPLB
645720446269194200,Sun Sep 20 22:05:25 +0000 2015,Au 30e gala des Gémeaux ;) http://t.co/wtjxgaiaHp
643444254237397000,Mon Sep 14 15:20:39 +0000 2015,J'ai eu la chance de photographier deux magnifiques jeunes femmes, Marie &amp; Olivia! Et je voulais partager avec... http://t.co/0qjlts53KF
641338551641071600,Tue Sep 08 19:53:20 +0000 2015,A gambader dans les prés,  on fait de mignonnes rencontres :)  https://t.co/dQ3JpRB1N5 http://t.co/oqOK8uEX03
640923183416234000,Mon Sep 07 16:22:49 +0000 2015,Photojournalistes professionnels ou émergents, c'est aussi pour vous! :)... http://t.co/4EtVCJ4D4Z
640185510997151700,Sat Sep 05 15:31:34 +0000 2015,@MarieJoseRoy quand c'est la terreur des journalistes qui le dit, on le croit! :p &lt;3 xxxx
640173760696311800,Sat Sep 05 14:44:53 +0000 2015,Nico Lechat : La terreur de Radio-Canada! :p J'adore l'embêter, et il me rend siiiii bien....!!! ahah!  ( C'est lui qui a commencé!!! :p)
639507630910603300,Thu Sep 03 18:37:55 +0000 2015,Croisée sur ma route aujourd'hui, et suis restée assez impressionnée! Tout un spécimen d'au moins 10-12 cm de... http://t.co/Yl1UTvCumz
636248086436679700,Tue Aug 25 18:45:39 +0000 2015,Kodaks, bouchons d'oreilles, enregistreur et chaussures plates. La journaliste et la photographe parées pour KARV... http://t.co/q05QQJ9ak6
636013703310254100,Tue Aug 25 03:14:18 +0000 2015,@karinevanassefr @karinevanasse En avril 2014! c'est tjrs un sincère plaisir de photographier Karine! Contente que la photo te plaise! :)
634519019882721300,Fri Aug 21 00:14:57 +0000 2015,RT @MarieJoseRoy: @MusiquePlus @CKOI Avec les super photographes @tzaramaud et @philippeoc en action😀👍🏻
633680241685340200,Tue Aug 18 16:41:57 +0000 2015,Au lancement de programmation de canal vie!  Malgré les 17 artistes présents,  cest avec la non moindre... http://t.co/3EP1WA1V1u
628202068415750100,Mon Aug 03 13:53:39 +0000 2015,Modèles recherchés!  Si jamais ca vous dit de venir jouer les "supers heros" dans mes studios... faites signes! ;) http://t.co/K8G2S7ozqY
626064385086238700,Tue Jul 28 16:19:15 +0000 2015,http://t.co/idxSKCLaxN Quelques photos sur le blog!! ;)   ©Photos /Tzara Maud http://t.co/BTmD37Uo2v
619254809988853800,Thu Jul 09 21:20:26 +0000 2015,Ma soirée :) http://t.co/Wde3WLZZZn
618076349991813100,Mon Jul 06 15:17:39 +0000 2015,Salut Facebook! :) Pour un shoot, je cherche une fenêtre avec son cadre, vieille ou nouvelle, que je pourrais... http://t.co/OXuVbzzdI1
615154119645483000,Sun Jun 28 13:45:45 +0000 2015,Quel crépuscule en rentrant hier soir, j'étais éblouie par tant de douceur qui planait sur Montreal!   Voila ptit... http://t.co/KPe0TKlawk
613105809409577000,Mon Jun 22 22:06:30 +0000 2015,"You're the one that i want!!!" Ca joue a fond a la première de GREASE! Oh yeah baby, ca promet!!! ;) on shoot... http://t.co/SuMhgjCj2o
609701103521919000,Sat Jun 13 12:37:25 +0000 2015,Aujourd'hui, j'aurai le bonheur de photographier pour la 1ere fois l'union de deux merveilleuses jeunes femmes.... http://t.co/BPGO9d1MPW
600647316895363100,Tue May 19 13:00:54 +0000 2015,Comment trouver ceux qui utilisent nos photos sur Internet sans autorisation http://t.co/8bAqxcmvCf
598890473713958900,Thu May 14 16:39:50 +0000 2015,Petit portrait de Philippe Laprise hier dans le cadre de la conférence du 33e Festival Juste pour Rire, sur le... http://t.co/lJiycPmEVC
598888491561418800,Thu May 14 16:31:57 +0000 2015,CE moment!!! LOL  Alex Nevsky au Gala des Olivier, petit souvenir de la soirée de Dimanche dernier! http://t.co/YLFTXAzc8b
595769388457992200,Wed May 06 01:57:45 +0000 2015,Quel coucher de soleil toute à l'heure, à Montréal!  Je le trouvais si beau!  :) http://t.co/WJB1bTjGBl
594984157094215700,Sun May 03 21:57:31 +0000 2015,T'as de beaux yeux tu sais! :p   (Présentation d'oiseaux de proie cet aprèm dans le cadre de la 24e édition de la... http://t.co/aPNgJqz4ZQ
592510733503561700,Mon Apr 27 02:09:01 +0000 2015,Pour le 30e gala Artis, je portais ce rouge. Autrement, comme dhab: Kodaks et bottes de cuir :p Beau tapis malgré... http://t.co/y8a5psvXus
588812669404258300,Thu Apr 16 21:14:14 +0000 2015,Au lancement de Corno! Magnifique!!! #Corno #gallerieAKA http://t.co/xjU8cHnLu4
586682744865960000,Sat Apr 11 00:10:41 +0000 2015,@MarieJoseRoy @lucdenoncourt @m_eve_leclerc  avec plaisir!! :) et bientôt! Xx
581584123275403300,Fri Mar 27 22:30:34 +0000 2015,fous rires et shooting avec Réal Bossé et el pequiño Sacha! :) (Parcelle d'images capturé de sur mon laptop)... http://t.co/I38yJ3mJ5h
581434157261275100,Fri Mar 27 12:34:40 +0000 2015,Jean-luc Mongrain. Photo: Tzara Maud Photos / JDM http://t.co/4tDJ29d84Q
578637329256026100,Thu Mar 19 19:21:04 +0000 2015,RT @fromageriehamel: Avez-vous vu nos panneaux? Ils ont été installés hier! http://t.co/lkP5ejddE6
577241507184271400,Sun Mar 15 22:54:34 +0000 2015,En direct des Jutra avec l'ami et collègue Luc! ;) http://t.co/sr1ru6WwUj
573195602680537100,Wed Mar 04 18:57:35 +0000 2015,French girl in NY :) Pour voir le reste: https://t.co/8Pjw9wcGkY http://t.co/3MDXK4NL9Z
573194983462846460,Wed Mar 04 18:55:08 +0000 2015,French girl in NY ;) la suite... Pour voir le reste : https://t.co/8Pjw9wcGkY http://t.co/p683IxjtjP
571301536405573600,Fri Feb 27 13:31:15 +0000 2015,Mes photos de Daniel Lemire à la UNE du cahier Week-End du Le Journal de Montréal demain! ;) Cool!! ;) http://t.co/sZfYvxUo0n
569135093199052800,Sat Feb 21 14:02:34 +0000 2015,2 des photos que j'ai pris rapidement de @hudsondominique pour l'entrevue parue aujourd'hui dans le @JdeMontreal ;) http://t.co/lwH1PcLcqx
568211044310626300,Thu Feb 19 00:50:44 +0000 2015,Notre campagne publicitaire pour le monde Orford est remarqué par le milieu de la Pub!  BRAVO  Leeroy Agence... http://t.co/LMPg1u3WiX
566981327220912100,Sun Feb 15 15:24:17 +0000 2015,Petit délire entre la photographe et son amie maquilleuse/mannequin Annie en studio pendant les test d'éclairage http://t.co/huzrDW64om
566023214724550660,Thu Feb 12 23:57:05 +0000 2015,@patrouille23 LOL OK la! MERCI!!! ;)
566020133974716400,Thu Feb 12 23:44:50 +0000 2015,@patrouille23 oui je sais... :p Mais comme je dis, j'étais dans les parages.
566018621387055100,Thu Feb 12 23:38:50 +0000 2015,@patrouille23 si tu le dis...
566016075029303300,Thu Feb 12 23:28:43 +0000 2015,@patrouille23 pas bcp avant, et j'étais dans les parages ;)
566008619469398000,Thu Feb 12 22:59:05 +0000 2015,@patrouille23 tu sais maintenant ;)
566003877011812350,Thu Feb 12 22:40:14 +0000 2015,Une femme s'est fait happer par un autobus de la STM conduit par un technicien, sur la rue St-Denis, cet après-midi. http://t.co/zffFM4Kb7L
565259980597911550,Tue Feb 10 21:24:16 +0000 2015,Vos animateurs de la 30e éditions des Gémeaux! Ca promet!!! ;)  @CloutierV et Éric Salvail ;) http://t.co/tlrcr0BLqF
564866882998906900,Mon Feb 09 19:22:14 +0000 2015,Avis aux intéressés!!! http://t.co/H1cQgWbPiz
558627790002880500,Fri Jan 23 14:10:18 +0000 2015,Un bras robotisé capable de prendre un oeuf sans le casser!!! Impressionnant!!   C'était tout shooting... http://t.co/Ozt4XZGldU
558627321780133900,Fri Jan 23 14:08:26 +0000 2015,:) http://t.co/C68FNVYlpz
557649960116973600,Tue Jan 20 21:24:45 +0000 2015,SnapShot juste pour s'amuser avec Réal Bossé aujourd'hui pendant les entrevues du visionnement de la prochaine... http://t.co/teNurZdxtS
555879599842668540,Fri Jan 16 00:09:59 +0000 2015,Avant première médiatique du salon de l'auto!  ;) #salondelauto http://t.co/IR4ptPfXip
552931842748186600,Wed Jan 07 20:56:38 +0000 2015,#JesuisCharlie Dessin du chroniqueur et dessinateur Rabii Rammal http://t.co/8OZugXXnkR
549215420738064400,Sun Dec 28 14:48:54 +0000 2014,Papa Francois et sa fille Sarah #moment #love #pereetfille http://t.co/XV4aMickTf
547442674673131500,Tue Dec 23 17:24:39 +0000 2014,RT @tvanouvelles: Pas de possibilité de libération conditionnelle pour Magnotta avant 25 ans. http://t.co/BVtmsJmkEo http://t.co/8zPANTjMxR
546622074362789900,Sun Dec 21 11:03:52 +0000 2014,RT @PhotosHistos: Ian McKellen et Patrick Stewart #xmen #professorx http://t.co/26gIhwFIjM #histoire
538002755806568450,Thu Nov 27 16:13:47 +0000 2014,RT @cherejoblo: Bonne nouvelle pour les abeilles, l'Ontario veut interdire les "néonics". http://t.co/gUTcqJLYRh http://t.co/6vN2mgVLyi
538002639544647700,Thu Nov 27 16:13:19 +0000 2014,RT @F_Cardinal: Priorité aux transports collectifs et au développement économique à Mtl? On veut pas le sawouère on veut le wouère... http:…
537958581862428700,Thu Nov 27 13:18:15 +0000 2014,@cboSeb très gentil! Merci bcp! Monica est sublime il faut dire! Ca aide! :)
537703099620937700,Wed Nov 26 20:23:03 +0000 2014,RT @MNguyenJDM: Le témoignage du Dr Chamberland est technique, il passe au travers du dossier médical de #Magnotta
537702975628902400,Wed Nov 26 20:22:34 +0000 2014,RT @MNguyenJDM: Le jury est rappelé ! Le procès #Magnotta va donc reprendre.
536920682039627800,Mon Nov 24 16:34:00 +0000 2014,Photographes, ça fait du bien à lire!... http://t.co/9syqepH5fo
534408665852149760,Mon Nov 17 18:12:09 +0000 2014,Avis aux intéressés de photos et de littérature... Nous serons une quinzaines de photographes et auteurs... Donc... http://t.co/uODJnI3YPe
534402728915910660,Mon Nov 17 17:48:33 +0000 2014,Si vous passez au Salon du Livre de Montréal ce mercredi à 19h30 au kiosque 200, ce sera le lancement du livre... http://t.co/0qRWVxvirC
534373322373746700,Mon Nov 17 15:51:42 +0000 2014,@NarimanePERSO  on t'attend tous avec une pelle à la main, tanante!!! :p profites en pour nous!! xox
534372811792728060,Mon Nov 17 15:49:41 +0000 2014,RT @HollywoodPQ: Groupe TVA acquiert 15 magazines de TC Transcontinental, dont le Véro Magazine!!! http://t.co/Fvj8mJpBEN
534341999176843260,Mon Nov 17 13:47:14 +0000 2014,Patrick Lamarche : Voilà mes 5 photos en Noir&amp;blanc en 5 jours pour le défi que tu m'as lancé! ;)
533820449185345540,Sun Nov 16 03:14:47 +0000 2014,RT @FPJQ: .@SDussaultJDM et @KLamontagneJDQ remportent le prix Judith-Jasmin catégorie Journalisme de service. Bravo! #CongresFPJQ
532157860847702000,Tue Nov 11 13:08:15 +0000 2014,L'ami et collègue Patrick Beaudry vend sa 400mm 2.8. Le connaissant dans sa façon de traiter son stock, elle doit... http://t.co/f5trNfON3V
531865527174434800,Mon Nov 10 17:46:37 +0000 2014,Parce qu'une fois de temps en temps, faut mettre le blog à jour! :)... http://t.co/qyyUg2GGYf
529690699810488300,Tue Nov 04 17:44:38 +0000 2014,2e couverture de livre pour le second tome du best seller "Avis de décès" ;) toujours un fun noir de travailler... http://t.co/D21d8cP5Ne
529628674031513600,Tue Nov 04 13:38:10 +0000 2014,Pour tous ceux qui ont aimé le Best Seller "AVIS DE DÉCÈS - les chroniques d'un croc-mort" de Daniel Naud auteur,... http://t.co/e4nMvF64I0
523512476202446850,Sat Oct 18 16:34:35 +0000 2014,RT @SNLQuebec: Antoine Bertrand a tellement hâte à ce soir qu'il déchire son linge!!! #SNLQC 21h à @telequebec avec @randomrecipe http://t.…
522770327492108300,Thu Oct 16 15:25:33 +0000 2014,#MonicaBellucci #VilleMarie http://t.co/NMrLPpnWWi
522735712630997000,Thu Oct 16 13:08:00 +0000 2014,En conférence de presse du Film "Ville Marie", la magnifique Monica Bellucci, entourée ici du comédien Patrick... http://t.co/EQx1YmHuQh
522099003375509500,Tue Oct 14 18:57:57 +0000 2014,RT @MuseeMcCord: 14 oct 1966 : Le maire Jean Drapeau et Lucien Saulnier lors du passage inaugural du métro | Jean-Louis Frund http://t.co/u…
520980275439108100,Sat Oct 11 16:52:31 +0000 2014,Mes photos de Caroline Néron à la UNE du Cahier W-E du JDM ont le plaisir d'accompagner le texte signé... http://t.co/GtL3GRkaaX
520531445828177900,Fri Oct 10 11:09:02 +0000 2014,Gros shooting aujourd'hui avec l'équipe de Leeroy Agence Créative, une journée en studio et beaucoup de fun en vue!! ;) Bring it on!! :)
520008419508383740,Thu Oct 09 00:30:43 +0000 2014,femmes... xox http://t.co/fNHntHbykG
519674643938963460,Wed Oct 08 02:24:24 +0000 2014,Le tome 2 d'Avis de décès sort bientôt!  Le tome 1 a ete un best seller,  le tome 2 promet tout autant!  Fière... http://t.co/u3b401Lplr
517000142789283840,Tue Sep 30 17:16:54 +0000 2014,RT @IsabelleRicher: Dossier Guy Turcotte : la juge en chef de la cour d'Appel entendra la requête du DPCP qui en appelle de la remise en li…
516567947058610200,Mon Sep 29 12:39:30 +0000 2014,Jouer dans un rêve. http://t.co/H7vRaAKUja
515308513971937300,Fri Sep 26 01:14:58 +0000 2014,Il y a du monde!!! :) One Manu show d' Emmanuel Bilodeau — at Monument national http://t.co/X1naVVP8b0
515130070877614100,Thu Sep 25 13:25:54 +0000 2014,RT @JdeMontreal: «Portée excessive du droit à l’image» retour sur un jugement touchant un journal de la région de Québec http://t.co/X40ijQ…
515111777399767040,Thu Sep 25 12:13:12 +0000 2014,@AlexandreJardin quand les extrêmes ont été atteint, on peut espérer l'équilibre.
515110717713043460,Thu Sep 25 12:09:00 +0000 2014,RT @AlexandreJardin: Suis si ému de voir, partout, le désir de réinventer l'époque, de faire taire les cynismes, les lâchetés, de refabriqu…
514903143889768450,Wed Sep 24 22:24:10 +0000 2014,BRAVO!! @JoannieRochette Descente en rappel dans le cadre de la cause pour la #SociétédesenfantshandicapésduQuébec. http://t.co/wkVh8iHQkQ
514776720659193860,Wed Sep 24 14:01:48 +0000 2014,@MarieJoseRoy ouais je crois que je lui ai fait peur... :p
514770976618577900,Wed Sep 24 13:38:59 +0000 2014,Snap shot de l'humoriste François Bellefeuille ;) http://t.co/Wa7hXISjEC
513304925917687800,Sat Sep 20 12:33:25 +0000 2014,J'aurai vraiment aimé en faire quelques-unes là-dedans! Merci Coralie Noé pour le lien!! Magnifique!... http://t.co/Rit5WvghEi
512635209578471400,Thu Sep 18 16:12:12 +0000 2014,http://t.co/dmUfWuiPNn
511375196885114900,Mon Sep 15 04:45:22 +0000 2014,RT @suzlortie: RT @fagstein: Ça, c’est un moment de télévision. Bravo. #GalaGemeaux http://t.co/lm2rL4YzUX
511318727972098050,Mon Sep 15 01:00:59 +0000 2014,RT @NPetrowski: Non seulement il s'est tenu debout mais il est drôle et touchant. Claire  ton futur mari est formidable!#galagemeaux
511314091512959000,Mon Sep 15 00:42:33 +0000 2014,RT @lucdenoncourt: Bravo @StephBellavance pour ton Gémeaux ce soir!
511273769483403260,Sun Sep 14 22:02:20 +0000 2014,Gala des Gémeaux! — at Place des Arts http://t.co/tsAyeKqDQz
511223404142551040,Sun Sep 14 18:42:12 +0000 2014,@jfbaril super ca!! On se croise tantôt alors? Mot de Cambrone!!
510377480763760640,Fri Sep 12 10:40:48 +0000 2014,RT @LesGuignols: #Stromae "J'ai fait tous les malheurs sur mon album racine carré : je peux bien faire Ebola" http://t.co/OSkRK9D0ES
510372665526612000,Fri Sep 12 10:21:40 +0000 2014,RT @MarieJoseRoy: 29e Prix Gémeaux : premier triomphe pour «Série noire» http://t.co/i2ozURdUjO via @HuffPostQuebec
510058854538039300,Thu Sep 11 13:34:42 +0000 2014,RT @TLWEP: Si vous avez un compte Gmail, changez votre mot de passe tout de suite!! http://t.co/ME9ILJLmyu
509932236108726300,Thu Sep 11 05:11:33 +0000 2014,Bravo @guyalepage CF et JPDpour l'ouverture #accordsbistrot, et à @NarimanePERSO pour ce franc succès! @DenisCoderre http://t.co/DvRdB7vvV2
508613645455327200,Sun Sep 07 13:51:57 +0000 2014,Amusant de comparer! ;) http://t.co/bMtxIqO6Xm
507276068798332900,Wed Sep 03 21:16:54 +0000 2014,Jamais ete aussi proche de la coupe Stanley! :) au lancement de TVA Sports #coupestanley #tvasports http://t.co/nAiLNz9vzh
506785033789902850,Tue Sep 02 12:45:42 +0000 2014,Hehe ca vaut le coup d'oeil!  :) http://t.co/KnRIfIkYlx
506397786745491460,Mon Sep 01 11:06:55 +0000 2014,«Déjeuner en haut d'un gratte-ciel»: la célèbre photo révèle de nouveaux secrets http://t.co/LWRLcuEorZ
504384431910826000,Tue Aug 26 21:46:34 +0000 2014,Un autre photoshoot qui arrive très bientôt! Si ca vous intéresse, faites nous signe! ;) http://t.co/7gbVUDLcv0
504283120216965100,Tue Aug 26 15:03:59 +0000 2014,Une des photos du chanteur country Laurie Leblanc qui sortira prochainement un nouvel album!   Maquillage &amp;... http://t.co/bKQ767AYMl
501000654882488300,Sun Aug 17 13:40:38 +0000 2014,Sans les pieds!! Quels rires avec André Robitaille en shooting vendredi matin! Comme des p'tits fous!   Merci à... http://t.co/xX2ui6cwBI
500239766634250240,Fri Aug 15 11:17:09 +0000 2014,Une photo des réputés auteurs français de la BD "Magasin Général", Régis Loisel et  JeanLouis Tripp, pour... http://t.co/lrMXB0GfTF
494491653290590200,Wed Jul 30 14:36:12 +0000 2014,RT @lucdenoncourt: En route vers l'annonce des coachs de La Voix ce matin
494472195192930300,Wed Jul 30 13:18:52 +0000 2014,Patrick Marleau et Francois Lapierre, des auteurs à (re-)découvrir qui vont sortir  chez Perro Éditeur cet... http://t.co/nABoIDqDwq
491619015476133900,Tue Jul 22 16:21:21 +0000 2014,http://t.co/sa8vKaJOtl
491618898840526850,Tue Jul 22 16:20:53 +0000 2014,http://t.co/v6Wvo2oLIL
487551026669420540,Fri Jul 11 10:56:37 +0000 2014,Spotted! ;) Sur le tapis rouge de l'ouverture du resto Tapas24 de Sebastien Benoit mercredi soir! Très belle soirée! http://t.co/0PYJNZ9Y21
485779874414469100,Sun Jul 06 13:38:42 +0000 2014,Oliver Jones hier soir au Festival de Jazz. Pas tout à fait mon genre musical mais même si j'étais limitée aux 3... http://t.co/8jLKCsVEhL
483959874435678200,Tue Jul 01 13:06:40 +0000 2014,6 modèles féminins recherchés entre 25 et 35 ans, avec ou sans expérience pour 2 jours de photo shoot de mode,... http://t.co/khwWXVddi2
482147911552475140,Thu Jun 26 13:06:34 +0000 2014,En photos:  Corey Hart, Stromae, Mitsou Gélinas et Melina Gosselin, jeune auteur de la série Cétacia qui sortira... http://t.co/GQNAQoa5zH
482144653102559200,Thu Jun 26 12:53:37 +0000 2014,Melina Gosselin en vedette ce mois-ci, jeune auteur de la série Cétacia qui sortira un prochain livre cet automne... http://t.co/Fd5BYgDrzE
481800851640426500,Wed Jun 25 14:07:29 +0000 2014,Petit photo-shoot pour le resto bistro L'Incrédule en collaboration avec Leeroy Agence Créative. ;) http://t.co/WV15Y7oCaW
479476616746111000,Thu Jun 19 04:11:48 +0000 2014,Wow!!! Tout est dans la recherche d'angles! Superbement bien fait!!! http://t.co/WJnrBc3UgS
476452417299816450,Tue Jun 10 19:54:43 +0000 2014,@Da_victorious y a pas d'âge pour ça!
474001245766549500,Wed Jun 04 01:34:38 +0000 2014,@Sartorialto un veston qui flash! Of course j'ai pris des photos!!!;) was in the pitt!! Aux premières lignes ;)
473990298809294850,Wed Jun 04 00:51:08 +0000 2014,Dernier show ever de Corey Hart avec Julie Masse avant leur retraite définitive. I was there ;) — at Centre Bell http://t.co/DPhUV5iB8e
470169464508805100,Sat May 24 11:48:30 +0000 2014,Coup de coeur de la semaine en photo, et une très belle expérience! Toujours un plaisir de collaborer avec Mitsou... http://t.co/37InZdDwHf
469790070766309400,Fri May 23 10:40:55 +0000 2014,http://t.co/lWotmmw54W
469569275607666700,Thu May 22 20:03:34 +0000 2014,5 Modèles féminins recherchés! Pour photos fashion/mode, entre 25 et 35 ans, 5p7 et plus. Envoyez vos photos... http://t.co/Hyb6lES5Wn
467701330686279700,Sat May 17 16:21:01 +0000 2014,Les mois se suivent et défilent à une rapidité infernale!! Beaucoup de travail et de projets sont en cours de... http://t.co/7OTSu8Y7ui
467661063433879550,Sat May 17 13:41:00 +0000 2014,RT @LeDevoir: Les #Desmarais causent un choc dans les régions: les journaux seront dématérialisés ou disparaîtront http://t.co/ihoTjnmo7J
462564173084631040,Sat May 03 12:07:47 +0000 2014,Cabotins!! ;)  À la première de "Kurios" du Cirque du Soleil. Photo: Camarade Yves Provencher http://t.co/VYtfasHqYS
461505465541992450,Wed Apr 30 14:00:52 +0000 2014,J’ai publié une nouvelle photo sur Facebook http://t.co/CNm68L3SgN
459464168945745900,Thu Apr 24 22:49:28 +0000 2014,Au Bal de la jonquille — at Gare Windsor http://t.co/Yd3Fs05B0t
457502854895644700,Sat Apr 19 12:55:55 +0000 2014,Photo de Karine Vanasse réalisée dans le cadre d'une entrevue accordée au JdeM concernant le rôle qu'elle a joué... http://t.co/Fvkm5e0PGA
456781523279032300,Thu Apr 17 13:09:36 +0000 2014,Olivier Dion sous tous les projecteurs hier soir à l'Olympia dans le cadre du lancement tant attendu par ses fans... http://t.co/oVMB5ZCgyG
456514594349924350,Wed Apr 16 19:28:55 +0000 2014,Vs cherchez un photographe? Voila comment faire la différence entre un professionnel et un usurpateur. Evitez... http://t.co/UeZYSEmhw2
454966734470914050,Sat Apr 12 12:58:17 +0000 2014,9h du soir, même si je n'avais devant moi que quelques minutes, que l'endroit n'avait rien d'inspirant, que les... http://t.co/A0Ve7nrtee
454090331399933950,Thu Apr 10 02:55:46 +0000 2014,Superbes! http://t.co/0HdZJ7AF0f
452656788223950850,Sun Apr 06 03:59:22 +0000 2014,Ahahah! J'adore!!!! http://t.co/4XpTY88Z6A
449155598299701250,Thu Mar 27 12:06:54 +0000 2014,Simplement pour le plaisir de partager avec vous ;) , voici une de mes photos que j'aime bien de Coeur de Pirate... http://t.co/m8GLyji96D
444606882708471800,Fri Mar 14 22:51:55 +0000 2014,Shooting super trippant au mont Orford aujourd'hui avec Leeroy Agence Créative! Quelle aventure! :) http://t.co/peV26UkAIw
442675985633144800,Sun Mar 09 14:59:14 +0000 2014,Pour ma part, j'appuie totalement Mariloup Wolfe dans cette décision. Ca suffit ces gens qui racontent des... http://t.co/pW3sfccP3s
442384980933869600,Sat Mar 08 19:42:53 +0000 2014,En cette journée de la Femme, je suis TELLEMENT heureuse de faire la une du cahier WE avec SOPHIE PRÉGENT... http://t.co/J6N24Ee9Wh
442384977247092740,Sat Mar 08 19:42:52 +0000 2014,J’ai publié une nouvelle photo sur Facebook http://t.co/WsuhFdtcW1
441360556700614660,Wed Mar 05 23:52:11 +0000 2014,Show! — at Théâtre St-Denis http://t.co/vyBu2Psvcj
439847151498055700,Sat Mar 01 19:38:27 +0000 2014,Une autre photo que j'ai fait parue dans le journal ce matin ;) Pour ceux que ça intéressent, David Giguère sort... http://t.co/0lgY0sq6pv
439745333170823200,Sat Mar 01 12:53:52 +0000 2014,Ligue Nationale d'Improvisation (LNI) : Recréée et repensée sous le thème du "renouveau" pour sa 37e saison!... http://t.co/IZufklqEoo
439737705497640960,Sat Mar 01 12:23:33 +0000 2014,Ligue Nationale d'Improvisation (LNI) : Recréée et repensée sous le thème du "renouveau" pour sa 37e saison!... http://t.co/KW4uvxtAfI
439390991813189600,Fri Feb 28 13:25:50 +0000 2014,Une des légendes québécoises Georges Hamel dit " Le gentleman du Country" s'est éteint mercredi à l'âge de 66 ans... http://t.co/kJq6RrrnI2
439020990656704500,Thu Feb 27 12:55:35 +0000 2014,Vous souhaitez devenir photographe professionnel?  Voilà un petit article tout en dessins (et de textes en... http://t.co/oHwMSZeX29
436483256322887700,Thu Feb 20 12:51:32 +0000 2014,SUGAR SAMMY et Simon Olivier Fecteau au visionnement médiatique de lundi..."Ces gars-là", ça promet!!!! ;) http://t.co/LxOeWQ2i07
435541392702443500,Mon Feb 17 22:28:54 +0000 2014,Alors ca boss comment un photog aux olympiques? Comme ça... http://t.co/nL0urfq1hn
431408759642939400,Thu Feb 06 12:47:18 +0000 2014,L'imitatrice Véronique Dicaire lors de sa première de spectacle "La voix des autres" hier soir au théâtre... http://t.co/jGU0cAqLII
427449574685286400,Sun Jan 26 14:34:54 +0000 2014,Photographes établis, en devenir, ou débutants: À lire! http://t.co/U5hyN35tWP
425704134659289100,Tue Jan 21 18:59:09 +0000 2014,AHHHH que ça fait plaisir de "relooker le portfolio" une fois de temps en temps!! ;) Un site web tout neuf... http://t.co/v7ENH09u0y
425335642680082400,Mon Jan 20 18:34:54 +0000 2014,Premier point de presse ce matin depuis le verdict avec Claude Robinson qui s'est dit satisfait de la décision du... http://t.co/KymSm7iDka
425335640767873000,Mon Jan 20 18:34:53 +0000 2014,J’ai publié une nouvelle photo sur Facebook http://t.co/saf939sjNi
425335638712668160,Mon Jan 20 18:34:53 +0000 2014,J’ai publié une nouvelle photo sur Facebook http://t.co/WTAZXQpgc3
425335637449773060,Mon Jan 20 18:34:52 +0000 2014,J’ai publié une nouvelle photo sur Facebook http://t.co/K8sg6kNHAE
424967678797705200,Sun Jan 19 18:12:44 +0000 2014,En photos, 2 des multiples réalisations pour la campagne du mont Orford avec  Leeroy Agence Créative . Nos photos... http://t.co/1SoHvPkxc6
424967675832721400,Sun Jan 19 18:12:44 +0000 2014,J’ai publié une nouvelle photo sur Facebook http://t.co/ISWppyG5FM
424967674637348860,Sun Jan 19 18:12:43 +0000 2014,J’ai publié une nouvelle photo sur Facebook http://t.co/ciejQc0Lzv
424273871857262600,Fri Jan 17 20:15:48 +0000 2014,Pesée de Jean Pascal (175 lbs) VS Lucian Bute (173,6 lbs). Bien hâte de voir le combat demain!! http://t.co/NqsvDZSSRU
423157399516880900,Tue Jan 14 18:19:20 +0000 2014,Le Père Fourra est de retour!! Quel humour, quelle vitalité et quelle popularité sur les réseaux sociaux!!!! ;)... http://t.co/pTONDmPs4P
423133609638494200,Tue Jan 14 16:44:48 +0000 2014,Visionnement de fort boyard! — at L'Auberge Saint-Gabriel http://t.co/u4tdw7gOpV
416928989891280900,Sat Dec 28 13:49:52 +0000 2013,Voir sa photo sur un bilboard, dans le cadre d'une campagne de pub pour le Mont Orford! Yeah! ;) http://t.co/YvZ86TGxPR
415160530819907600,Mon Dec 23 16:42:38 +0000 2013,Tellement heureuse pour cet homme!!! http://t.co/tu0f4Mm9DJ
414202391731240960,Sat Dec 21 01:15:20 +0000 2013,Première de Varekai :)
410967719002243100,Thu Dec 12 03:01:54 +0000 2013,Le nouveau slogan de poste canada: plus de peurs que de malles!  Lol! http://t.co/GurthxT5t3
409702718719406100,Sun Dec 08 15:15:14 +0000 2013,Ca fait quoi des photographes en congé? Bin parfois, on fais des essais qu'on n'a pas souvent la chance de faire,... http://t.co/kn8x4kx5gk
406802660730224640,Sat Nov 30 15:11:27 +0000 2013,On billette le blog : Pierre Lapointe qui sort son mini album "Les Callas", 2 auteures super sympas avec... http://t.co/W4iMMUj3Sx
404622427948609540,Sun Nov 24 14:47:59 +0000 2013,Triste nouvelle ce matin pour la famille... http://t.co/G0InGqhoCL
403961065761157100,Fri Nov 22 18:59:57 +0000 2013,Mon coup de coeur de la semaine en photo, l'acrobate Kaelyn Schmitt qui improvise des mouvements aériens sur... http://t.co/CRE0xZsxBO
398964138740682750,Sat Nov 09 00:03:57 +0000 2013,Combat
397808366300708860,Tue Nov 05 19:31:20 +0000 2013,Bring the action!!!!! J'viens d'acheter une Ferrari, si j'en suis heureuse? 12h plus tard j'ai toujours le même... http://t.co/Zp6HQzKJrI
395979901482049540,Thu Oct 31 18:25:40 +0000 2013,Conférence de Presse du Zoom Photo Festival Saguenay avec les quelques collègues Annik Mata Hari Jacques Nadeau... http://t.co/9mypfpPgAu
395979897635885060,Thu Oct 31 18:25:39 +0000 2013,J’ai publié une nouvelle photo sur Facebook http://t.co/fL4qrYQCWS
395979896264355840,Thu Oct 31 18:25:38 +0000 2013,J’ai publié une nouvelle photo sur Facebook http://t.co/z2yf2KFbgQ
395979894116872200,Thu Oct 31 18:25:38 +0000 2013,J’ai publié une nouvelle photo sur Facebook http://t.co/3Qrpyxoki0
395979893055692800,Thu Oct 31 18:25:38 +0000 2013,J’ai publié une nouvelle photo sur Facebook http://t.co/IjUGRxHvFA
395979890581073900,Thu Oct 31 18:25:37 +0000 2013,J’ai publié une nouvelle photo sur Facebook http://t.co/qTPlpWFyGE
395979888835850240,Thu Oct 31 18:25:37 +0000 2013,J’ai publié une nouvelle photo sur Facebook http://t.co/eYwToK9rjn
395979885753417700,Thu Oct 31 18:25:36 +0000 2013,J’ai publié une nouvelle photo sur Facebook http://t.co/fmXumzSnIW
395917891822178300,Thu Oct 31 14:19:15 +0000 2013,Conférence ds qq minutes du Festival Zoom sur Saguenay!
392988769759928300,Wed Oct 23 12:19:58 +0000 2013,Faire la couverture d'un livre avec Guy Lafleur!! Check! :D  Le livre est sorti lundi, des Éditions Un monde... http://t.co/qRYWi34WCq
387548491305975800,Tue Oct 08 12:02:15 +0000 2013,Mise à jour du BLOG http://t.co/g9dsxWRTDR http://t.co/rG3n1Xb7c0
364954814565728260,Wed Aug 07 03:43:02 +0000 2013,Bon...ca vous prend un char? Pour épater les filles, ou aller du point A au point B en passant par le point...C,... http://t.co/AiH2TIcAYe
364738199903404000,Tue Aug 06 13:22:18 +0000 2013,Le Flyboard au Québec!! Un nouveau sport, un nouveau défi ! À essayer! http://t.co/FxKCrZF7c0 http://t.co/owFE9FdLzn
343556984848666600,Sun Jun 09 02:35:42 +0000 2013,Hugh Grant et moi en train de déconner et la photo que Hugh à faite de moi pendant qu'il essayait de comprendre... http://t.co/b94zSG7KSP
343512329943670800,Sat Jun 08 23:38:16 +0000 2013,Hugh Grant qui me dit "bonsoir" en francais,  on apprecie doublement la loi 101 ici!
342849424524972000,Fri Jun 07 03:44:07 +0000 2013,ouains.... le double tranchant du "c'est pas le "kodaK" qui fait le photographe"... http://t.co/3EwXAIUCLb
342257901643132900,Wed Jun 05 12:33:37 +0000 2013,Dj Champion, Odysseo, Jonas, Tagliani, les gens extraordinaires de Renée Laurin, et un peu plus, pour résumer un... http://t.co/QJMDEfACfQ
299992712936038400,Fri Feb 08 21:26:51 +0000 2013,Somewhere http://t.co/LS1LvqCa
297766381070458900,Sat Feb 02 18:00:12 +0000 2013,TZARA MAUD / PHOTOS: les p'tites dernières! http://t.co/NPVdSNvw
288424108109217800,Mon Jan 07 23:17:20 +0000 2013,Aye! Arrêtez de mourir!! G mon quota de décès! Aujourd,hui C la mort d'un ami proche. Juste la 6e annonce de deces depuis 2013!!
287550903861518340,Sat Jan 05 13:27:32 +0000 2013,RT @Franpeuple: "Les excès de table affecteraient notre horloge alimentaire" -La Presse- Compris? Mangez moins de tables. Ça brise les h ...
286288929940975600,Wed Jan 02 01:52:54 +0000 2013,@GigiRoberge fetes pour 4 de +  ce soir!!!#party du 31 prise 2
286138769470525440,Tue Jan 01 15:56:13 +0000 2013,RT @GigiRoberge: Bon premier matin de 2013!!!
286138706560167940,Tue Jan 01 15:55:58 +0000 2013,@GigiRoberge toi y tout mon gigi!! On te revire la crêpe du meilleurs bord pour 2013!! :)
285962792387878900,Tue Jan 01 04:16:57 +0000 2013,@GigiRoberge jsuis temoin!
282842131607986180,Sun Dec 23 13:36:33 +0000 2012,@BernardBrault retour vers le futur....?
282497482758434800,Sat Dec 22 14:47:03 +0000 2012,TZARA MAUD / PHOTOS: Melting pot http://t.co/nLrVoLX
165098033359486980,Thu Feb 02 15:43:33 +0000 2012,TZARA MAUD / PHOTOS: Michel Pagliaro http://t.co/GofIFNI
91876701256163330,Fri Jul 15 14:28:07 +0000 2011,TZARA MAUD / PHOTOS: Prises de rues http://t.co/7ZmhwR3
79987152536076290,Sun Jun 12 19:03:17 +0000 2011,TZARA MAUD / PHOTOS: Amalgame http://t.co/wdwFhzF
62667761591136260,Tue Apr 26 00:02:13 +0000 2011,TZARA MAUD / PHOTOS: L'arracheuse de temps http://t.co/1XuJR9E
44120279349346300,Sat Mar 05 19:41:08 +0000 2011,je n'oserais dire comment... mais mes connaissances en "fashion" viennent de s'accessoiriser "haute couture"
28446857441054720,Fri Jan 21 13:40:33 +0000 2011,@Da_victorious Ouais!! j'étais au lancement hier, les deux premiers épisodes et les acteurs sont vraiment bons en +!!
28445464944709630,Fri Jan 21 13:35:01 +0000 2011,@katiades Salut toi! Je ne suis pas encore très à l'aise avec le fonctionnement de Tweeter, mais ça vient!!
25605897661190144,Thu Jan 13 17:31:36 +0000 2011,Photo de James Blunt Sur TZARA MAUD / PHOTOGRAPHISTE: James Blunt http://t.co/7heK9ga
19161860896985090,Sun Dec 26 22:45:18 +0000 2010,RT @TriMagali: @leandacave!! It is going to be a FUN year!! Loved meeting L.A crew.  Hope I get to see you in training sometime!! Would  ...
19161350085283840,Sun Dec 26 22:43:16 +0000 2010,@guyalepage une photo prise pendant le lancement de L'appât. Tapis rouge et lancements http://t.co/ni7n5Wu
18342876958167040,Fri Dec 24 16:30:57 +0000 2010,A des chants de noels dans la tete. Ausecours, je suis atteinte!
18322161936633856,Fri Dec 24 15:08:38 +0000 2010,voit la dérive opposée de 2 continents
17927249269362688,Thu Dec 23 12:59:23 +0000 2010,TZARA MAUD / PHOTOGRAPHISTE http://t.co/eBig11x
9225533082566656,Mon Nov 29 12:41:53 +0000 2010,voit beaucoup de positif ds sa vie
11219255519,Sun Mar 28 23:48:29 +0000 2010,A évité les sourires figés ce soir!
10902406413,Tue Mar 23 01:43:39 +0000 2010,@prenault : Waaa! Phil! Ca y est!! PAPA!!!!!
10883737777,Mon Mar 22 18:06:23 +0000 2010,@pathouin: salut toi!! Pas aussi actif ici que sur facebook on dirait!
