id,created_at,text
957519564941619200,Sun Jan 28 07:43:48 +0000 2018,All about last evening! When they praise you in Marathi and you don’t understand a word 🙊 #Kabaddi https://t.co/hHneWENFNf
957518405220802600,Sun Jan 28 07:39:12 +0000 2018,When I got the privilege to be the guest at the Kabaddi State Tournament in Maharashtra last evening! https://t.co/Tff1ifCifl
882508530174935000,Wed Jul 05 07:56:44 +0000 2017,@Paytmcare 32911871
882483383737106400,Wed Jul 05 06:16:49 +0000 2017,@goairlinesindia @goairlinesindia should be a little more shameful and responsible !!
882483003192090600,Wed Jul 05 06:15:18 +0000 2017,@goairlinesindia Booked on @Paytm @Paytmcare also not responding to complaints!
882482339414122500,Wed Jul 05 06:12:40 +0000 2017,@goairlinesindia has cancelled a flight and not bothered to refund/make another free booking! Not answering any cal… https://t.co/XnrZ7ZjtLk
874536743218708500,Tue Jun 13 07:59:42 +0000 2017,RT @RaneDeval: 'Paw Prints' by Uthara Unni, a sweet film about Canine Love @pgdigitalcinema @UttharaUnni @riichagoel   https://t.co/wOr6Niu…
871951836126695400,Tue Jun 06 04:48:12 +0000 2017,Paw Prints - Short Film https://t.co/YIHUt4POmG  #Alagappan #Siddique #UttharaUnni @playgrounddc #short_film… https://t.co/SBNG7oO0re
871949474142105600,Tue Jun 06 04:38:49 +0000 2017,RT @onlynikil: Paw Prints - Official Malayalam Short Film   @UttharaUnni Directorial  https://t.co/Z2vVHkVa6R
871949451903905800,Tue Jun 06 04:38:44 +0000 2017,@onlynikil Thanks a lot @onlynikil for sharing it!
823075532774326300,Sun Jan 22 07:51:13 +0000 2017,RT @deepikapadukone: 'If your dreams don't scare you,they aren't big enough...'-Muhammed Ali
816900043219157000,Thu Jan 05 06:52:02 +0000 2017,Performing today and tomorrow in chennai for the Margazhi season! Please come and grace the occasion!… https://t.co/m9d3oCnEXg
811051229581148200,Tue Dec 20 03:30:56 +0000 2016,https://t.co/Q0hIb1f985  Pictures from Vyloppilli performance!
805650719411843100,Mon Dec 05 05:51:14 +0000 2016,A new section added to my website and all upcoming performances will be updated there... ☺️ https://t.co/hDTuZjSUaz
805650237217869800,Mon Dec 05 05:49:19 +0000 2016,Best Mornings are the ones when the newspapers look like these 🙊  Thanks #TOI and Deepika for this wonderful write… https://t.co/gGfsT2sgw0
800967397221900300,Tue Nov 22 07:41:23 +0000 2016,https://t.co/ikyOYjCt4e  A small clipping of my recent Bharathanatyam recital performed at Mylapore fine arts, Chennai...
799883894887616500,Sat Nov 19 07:55:56 +0000 2016,Thanks Indiaglitz #First_Director_In_The_Family Says #Samyuktha_Varma  https://t.co/2IbNRd0m84
799548297170063400,Fri Nov 18 09:42:23 +0000 2016,Now that's what u call a media coverage! Regional Film Festival Bihar! #Edavappaathy #Bihar #Regional_Film_Festival… https://t.co/GjIe59oP52
799114333410074600,Thu Nov 17 04:57:58 +0000 2016,Patna Diaries!! Museums, Monuments, Sculptures  #Buddha #Buddhism #India #Indianism #History #Arts #Bihar #Patna… https://t.co/mTJ9tDAquM
798724831244009500,Wed Nov 16 03:10:14 +0000 2016,#Regional_Film_Festival #Bihar #Edavappaathy #Malayalam #Red_Carpet https://t.co/v4mbTrXJbi
797990721881980900,Mon Nov 14 02:33:08 +0000 2016,Mornings be like this!!!!! Yea that's what u call a surprise! 😍😍😍 #Kanyaka #Malayalam #Magazine #WomensMagazine… https://t.co/DxjJ5cqk2i
797983478557995000,Mon Nov 14 02:04:21 +0000 2016,https://t.co/oHLt16KzgK Thanks @MovieSeeks !! #Bharathanatyam #recital #Mylapore #Chennai
796953756168355800,Fri Nov 11 05:52:36 +0000 2016,RT @iTamilMovies: Actress Utthara Unni’s Bharathanatyam Stills  For More: https://t.co/00cwacUlwa  @UttharaUnni https://t.co/1eraDfb6QS
796953737101078500,Fri Nov 11 05:52:32 +0000 2016,@iTamilMovies Thanks 😊
796941056029769700,Fri Nov 11 05:02:08 +0000 2016,@CHENNAIEXPRES1 @Bharathanatyam_ @onlynikil @nikkilnews  Thanks 😻
796941010030866400,Fri Nov 11 05:01:57 +0000 2016,RT @CHENNAIEXPRES1: Actress @UttharaUnni  Unni's @Bharathanatyam_   Recital @CHENNAIEXPRES1 @onlynikil @nikkilnews https://t.co/Y9GHR8w6F9
796940552067432400,Fri Nov 11 05:00:08 +0000 2016,@onlynikil Thanks a lot 😊😊😊
796940463030702100,Fri Nov 11 04:59:47 +0000 2016,RT @onlynikil: Actress @UttharaUnni's #Bharathanatyam Recital Event Stills and Detail News @ https://t.co/71EluYBJtb https://t.co/rDiNZffa12
796648884772536300,Thu Nov 10 09:41:09 +0000 2016,Solo recital at Mylapore fine arts during Natya Vizha dance festival. Thanks to Pushpanjali Trust and all my Gurus. https://t.co/d2GduLG0XE
795611729359093800,Mon Nov 07 12:59:52 +0000 2016,Performing tomorrow at Mylapore Fine Arts Club, Chennai (7.30PM) Looking forward to see you all. #Chennai… https://t.co/9Ms0BnCx0t
794444183628980200,Fri Nov 04 07:40:28 +0000 2016,9th Month - 20,000 + views in 4 days.Those who haven't watched yet please watch whenever you can. Million thanks!  https://t.co/ddOn4ALzZS
793149863097532400,Mon Oct 31 17:57:18 +0000 2016,@dop007 Thank you so much sir 😍🙏🏻
793064768978366500,Mon Oct 31 12:19:10 +0000 2016,https://t.co/ddOn4ALzZS  Here's the link to the short film directed by me - 9th Month. Starring Urmila Unni &amp; Devan. Please watch n share!
772742252573577200,Mon Sep 05 10:24:44 +0000 2016,Failure is d best teacher evr. Th number of times I have fallen has moulded me as whatever Im today! Thanks failure 4 being my best teacher!
772734046862397400,Mon Sep 05 09:52:08 +0000 2016,Long conversations with people not your kind will get you more exhausted than a hectic day at work!
767402123881435100,Sun Aug 21 16:44:58 +0000 2016,A photogrph captured by me is a cover of a leadng magazine in Malaylm. #UttharaUnniPhotography #UrmilaUnni #Manorama https://t.co/eL3f2lxgwB
747463061800362000,Mon Jun 27 16:14:15 +0000 2016,@AjmalEsmail Happy Birthday! 💐I know I'm late! But I'm glad U had a wonderful day! 👑And many more amazing years to come by! 👏🏻✨
736419547029213200,Sat May 28 04:51:16 +0000 2016,Thanks a million ✨ https://t.co/0wxg00VZx3
734065694740865000,Sat May 21 16:57:54 +0000 2016,@ImASK_LMNTRIX :)
727136622932844500,Mon May 02 14:04:15 +0000 2016,@tom_rockz Thanks Thanks Thanks!!! 😍😍😍
726095305146392600,Fri Apr 29 17:06:25 +0000 2016,RT @wilson_rajan: Best Wishes 💐 2 My Frnd A Very talented Beautiful Actor @UttharaUnni 4 Release of Her Much Awaited Film #Edavappathi http…
718119943963746300,Thu Apr 07 16:55:11 +0000 2016,@AjmalEsmail Thank you!! 😊
714018579234967600,Sun Mar 27 09:17:49 +0000 2016,RT @wilson_rajan: 5 Days to go @uttharaunni 's much awaited #Idavappathy movie release. Trailer:  https://t.co/ufGLUc3d2V #UttharaUnni http…
714018538436988900,Sun Mar 27 09:17:40 +0000 2016,@wilson_rajan Thank you! That's really really sweet Mr. Best Photographer!! 😉
713955808657035300,Sun Mar 27 05:08:24 +0000 2016,Back to Twitter after a while! #Edavappaathy #April1st !! Happy #Easter to all!! ✨✌🏻️ https://t.co/fgDcwurmqU
655235134782705700,Sat Oct 17 04:13:24 +0000 2015,@hemanth_twt thank you
654145362513399800,Wed Oct 14 04:03:02 +0000 2015,RT @wilson_rajan: Wishing my 1st #Model, amazing #Director, Brilliant #Actress &amp; my #closefrnd @UttharaUnni a very #happybirthday!! 🎂😉 http…
654145322067726300,Wed Oct 14 04:02:52 +0000 2015,@wilson_rajan Awww!! Thanks!! ☺️☺️☺️
648369992925220900,Mon Sep 28 05:33:47 +0000 2015,@hemanth_tweeets Thank you!!
640200581471072300,Sat Sep 05 16:31:27 +0000 2015,@tom_rockz @tanss65 @wilson_rajan Ya hv heard so! Wanna try that too sometime! 😁
639696315920748500,Fri Sep 04 07:07:41 +0000 2015,@tom_rockz Yes definitely having a good time eating their heads! 😝U shud join us next time!! @wilson_rajan @tanss65
638911033088708600,Wed Sep 02 03:07:15 +0000 2015,@tanss65 @wilson_rajan Eat momo? 😡😡😡
637124606105485300,Fri Aug 28 04:48:37 +0000 2015,RT @ashokactor: We just evolved to be Humans - as Social,Responsible,Thinking Animals. Let's Prove n Behave as Humans.  Love Animals! http:…
626745220470734800,Thu Jul 30 13:24:39 +0000 2015,RT @paulocoelho: In the world today, nothing is as unbelievable as the truth
626744489239908400,Thu Jul 30 13:21:45 +0000 2015,@wilson_rajan lol 😂😂😂 ofcoz I will... Some day...
626742563282620400,Thu Jul 30 13:14:06 +0000 2015,Sometimes U feel like kissing the book when u finish reading it - "Nothing lasts forever" !U wish u got one more chance of drowning into it!
623852216458149900,Wed Jul 22 13:48:53 +0000 2015,@philestena24 it's a good one!
623839608254509000,Wed Jul 22 12:58:47 +0000 2015,@paulocoelho Thank you so much for the retweet! 😍
623834461386313700,Wed Jul 22 12:38:20 +0000 2015,@SKarayappath Thank you
623834406193475600,Wed Jul 22 12:38:07 +0000 2015,@paulocoelho #Adultery is a treat for evry woman who travel through emotional uncertainty to finally discover herself http://t.co/g54Hz6dMJy
617024090499518500,Fri Jul 03 17:36:21 +0000 2015,That amazing feeln u get whn a bunch of ppl praise u in a language u don't understand #Odiya #Odisha #DanceFest http://t.co/hc8mfAmAVT
616208369989255200,Wed Jul 01 11:34:58 +0000 2015,@iwonttellyou I can't wait! Did ur prince land on th camel? Hehe 😝😝 yup call soon! Xoxo
615937618920915000,Tue Jun 30 17:39:06 +0000 2015,@iwonttellyou Awww!! 😘😘😘 Where r u?
615551201015300100,Mon Jun 29 16:03:37 +0000 2015,When the art industry is exploited, it is real talent that goes into oblivion... #TheSadTruth
615550901785243600,Mon Jun 29 16:02:26 +0000 2015,@iwonttellyou Yayy welcome to Twitter chikku... Muah Muah!! Where r u gal? Oru vivarom illallo 😝
613187176939950100,Tue Jun 23 03:29:50 +0000 2015,Yayyy! The #Facebook #page crosses 100,000!! It simply feels great!! http://t.co/Dtl1lYExcq http://t.co/IeBPevv8oa
609970001257181200,Sun Jun 14 06:25:55 +0000 2015,@manasbuzz lol 😂😂😂
609969659220111400,Sun Jun 14 06:24:34 +0000 2015,@SriniMama16 not very sure of the exact meaning. But it's like " your eyes speak your love for me"!!
609969234886594600,Sun Jun 14 06:22:52 +0000 2015,@wilson_rajan yes! Pic courtesy - Wilson R
609959708720435200,Sun Jun 14 05:45:01 +0000 2015,Ur best friend can never be like ur mom.But dis mom is defntly more than a bestie! Happy Birthday laa @urmila_unni http://t.co/vvzwMzf7BH
608622677876613100,Wed Jun 10 13:12:08 +0000 2015,@SriniMama16 Thanks a ton!
606721724390899700,Fri Jun 05 07:18:26 +0000 2015,@wilson_rajan It was amazing! N real tough competition!
606570058865889300,Thu Jun 04 21:15:46 +0000 2015,First experience of judging an international western dance competition! Wow! Just wow! #Bahrain #Junestars http://t.co/V8hLOwyONX
605981594415853600,Wed Jun 03 06:17:25 +0000 2015,@nivimanohar Awww! Cute!
597333397481005000,Sun May 10 09:32:34 +0000 2015,Happy Mother's Day to the most beautiful best friend I have!! Love you la..Wishing happiness to all moms n daughters! http://t.co/OzSDq8HCpm
596776224828969000,Fri May 08 20:38:34 +0000 2015,@kunnil35 Thank you!!! :)
593606320890085400,Thu Apr 30 02:42:30 +0000 2015,@wilson_rajan hehehe!! Yup!! Thank you!!
592012981900156900,Sat Apr 25 17:11:08 +0000 2015,@hemanth_hruthu Thank you sooo much!! @Wilson_rajan u deserve th thanks! U hv been a reason for th final output!! :D
591892626451763200,Sat Apr 25 09:12:53 +0000 2015,Watch #Pathirapontheril #Malayalam #Album #Song!! #UttharaUnni on #YouTube   http://t.co/YDaJECNeRM  Plz like n share http://t.co/WBlc6Fqh8o
578501895649566700,Thu Mar 19 10:22:54 +0000 2015,RT @CinderellaMovie: "Where there is kindness, there is goodness, and where there is goodness, there is magic." #Cinderella http://t.co/zwr…
576613834317697000,Sat Mar 14 05:20:25 +0000 2015,RT @tanuj_garg: Every home should have a dog and every dog should have a home.
575258835608203260,Tue Mar 10 11:36:08 +0000 2015,@wilson_rajan sorry for the late reply!! But thankooo sooo much!!
570360346738688000,Tue Feb 24 23:11:18 +0000 2015,Off to Bahrain! New venture/new dreams/new country! With mom n dad! All hopes set for our dance school Angopanga:) http://t.co/lrOT06XaxP
566559576623820800,Sat Feb 14 11:28:23 +0000 2015,@hemanth_hruthu thanks!!
562290647546093600,Mon Feb 02 16:45:11 +0000 2015,It ws the best performnce I ever had.Class audience n amazing ambience!It felt even better 2 hv fmily alng #Bolgatty http://t.co/R2QeDSvqMW
561416673933029400,Sat Jan 31 06:52:20 +0000 2015,My first short film - Randaam Varavu Plz watch and share :) https://t.co/QCFWf6mTTG  @urmila_unni @wilson_rajan http://t.co/vVrsIt6WA7
557936533877960700,Wed Jan 21 16:23:30 +0000 2015,That feeling of literally finishing ur exams forever is like gettin 'Moksha'!! 3 degrees in 5 years! Yes I'm boastin but I can't stop myself
550851319611662340,Fri Jan 02 03:09:23 +0000 2015,@wilson_rajan Haha awesome!! have fun!! ;)
547949294905348100,Thu Dec 25 02:57:46 +0000 2014,@hemanth_hruthu Thank you n wish u the same!!
547949111350018050,Thu Dec 25 02:57:03 +0000 2014,RT @wilson_rajan: Biriyani break after another awsm #photoshoot with beautiful actress @UttharaUnni #biriyanifreaks #mahabs #longdrive http…
546956069805625340,Mon Dec 22 09:11:03 +0000 2014,And if surprise comes as a bunch like this, when am I gonna start my diet!! #chocoholic #ferrerolove #happiness :) http://t.co/nR06aNWWV0
546563950133772300,Sun Dec 21 07:12:55 +0000 2014,That awkward moment when u go to a school for an event n the security asks u "which class"! Damn I finished school like 5 years bak! Lmao!
543430787236773900,Fri Dec 12 15:42:50 +0000 2014,Th best gift ever received - a clapboard! It was th sweetst gesture a fren could show to mk me feel so special! Aww http://t.co/ydAyb1FmPG
541432481266671600,Sun Dec 07 03:22:17 +0000 2014,@hemanth_hruthu Happy Birthday!!! Have a good one!! God bless!!
541076627162026000,Sat Dec 06 03:48:15 +0000 2014,Climbing up a hill for a dance performance! People seated all over the rocky mountain! Damn it was an experience! http://t.co/sGw6xdiMCQ
539609316630614000,Tue Dec 02 02:37:41 +0000 2014,Buhbyeee Thailand!🌴Kophunkha (Thank you) for the best times n adding an adjective to my name -Swayamamma -Beautiful http://t.co/hsgfTJZ5iL
538011346499936260,Thu Nov 27 16:47:55 +0000 2014,Into the world of Thai!A trip to Bangkok! Shootg 4 serious sound-custom car audio systms!To cover th European mobile media association show!
532529159029809150,Wed Nov 12 13:43:40 +0000 2014,It's funny that when u go on stage randomly n th next day they ask u to perform as their guest knowin who u r.. http://t.co/GxRb6y1Lum
530727414603587600,Fri Nov 07 14:24:10 +0000 2014,Off to Dubai!! A step towards something new!! Working on a Malayalam Arabic album! Fingers crossed! http://t.co/0DtYErMIOd
521985784610439200,Tue Oct 14 11:28:03 +0000 2014,@wilson_rajan Thank youuu sooo much!!!
521256263003303940,Sun Oct 12 11:09:12 +0000 2014,Catch me n mom on 'Star Jam' KAPPA TV @ 10 PM tonight!! Don't miss to c my short film "Randaam Varavu" http://t.co/mTCXjSFeJu
518806811000840200,Sun Oct 05 16:55:57 +0000 2014,@dop007 Watched #Yaan!! Good one!! Awesome locations! A very colourful film! Lookin gorgeous @ThulasiN Wishing the team all th best!! :)
511716509039595500,Tue Sep 16 03:21:37 +0000 2014,#Kochi #International #Fashion #week !! It was amazing to walk th ramp holding moms hand! #Mama'sgirl @urmila_unni http://t.co/V2YmlWCLfV
511414087931019260,Mon Sep 15 07:19:54 +0000 2014,#TOI http://t.co/JI771RkaJ8 #Direction #Fimmaking
511400089625980900,Mon Sep 15 06:24:17 +0000 2014,@MalavikaP12 oHh wow!! I'm glad !! Do keep visiting kochi more then!!
510658164883091460,Sat Sep 13 05:16:08 +0000 2014,#Kochi #International #Fashionweek !! Walking the ramp this evening @ Casino,Cochin! It's for th cause 'save a girl child' walkin wit mom!!
510428466219474940,Fri Sep 12 14:03:24 +0000 2014,@tanss65 @wilson_rajan dunno where I am it seems!!! Bewakoofs!!!
510428214078869500,Fri Sep 12 14:02:24 +0000 2014,2 days of organising n hosting Mohana Keralam international dance fest n 1 day showing around Cochin to @tanss65 n @wilson_rajan !!! Tired!!
505971528144412700,Sun Aug 31 06:53:07 +0000 2014,Don't miss out Urmila Unni's Panchalika Collections exhibition at hotel Abad Plaza Cochin today! Open till 9PM!! http://t.co/UPPTjJY0TE
500928768358113300,Sun Aug 17 08:54:59 +0000 2014,All fun,smiles n happy holidays hv to come to an end!! Bak in chennai!! Wil miss u Dubai!! One of th best trips ever http://t.co/pTYIkUjwtG
498096387930607600,Sat Aug 09 13:20:07 +0000 2014,There is nothing that feels greater than a paid holiday!!! A Work-Holiday!! Yuppie!! Off to Dubai!!
488198984003907600,Sun Jul 13 05:51:22 +0000 2014,The only thing I'd wish for right now is to hv the money n support to start an organisation to give a home for all th abandoned animals!
473882585450299400,Tue Jun 03 17:43:07 +0000 2014,@nirps my first pup was Chilli, then a beagle called Hachi n then a Husky called Chiyo!
472047855050297340,Thu May 29 16:12:33 +0000 2014,@hemanth_hruthu I jus saw ur profile n status! It's such an honour to know that I hv such a die hard fan! Thanks a ton!
472009259933134850,Thu May 29 13:39:11 +0000 2014,Titled Natya Mayuri at the Kalaruvala classical dance fest held at Guntur!! http://t.co/DIRhPbzt7T
470961216152539140,Mon May 26 16:14:38 +0000 2014,Long distance travel has become more fun since th time I hv started driving! Hyderabad to Guntur! Was fun. But tired n exhausted!!
469520134843809800,Thu May 22 16:48:18 +0000 2014,1st time experience of bcomin a Directr!Luvd it!It wasnt all abt jus wearing th cap n bein ther!so much responsbility http://t.co/4wnKGfbdHe
468376317763653600,Mon May 19 13:03:10 +0000 2014,@wilson_rajan what!! Seriously!!?? No I don't wanna share my name wit a tigress, though I really luv tigers!!
468354998540066800,Mon May 19 11:38:27 +0000 2014,@nirps lol what difference wud it make whether I follow u or not :p anyways I will
468354653894103040,Mon May 19 11:37:05 +0000 2014,@wilson_rajan omg!! I cant believe u started pullin my leg publicly!! :0
466891779908702200,Thu May 15 10:44:09 +0000 2014,Chocolates r good to cheer u up when ur in bad mood!! #Chocoholics ❤
464809605441142800,Fri May 09 16:50:20 +0000 2014,@nirps thanks
464455394824179700,Thu May 08 17:22:49 +0000 2014,To win over Arnab Goswamy isn't an easy task!! Once again Modi has proved to be a real leader!! Luvd th interview!! Brilliant!!
464364603082674200,Thu May 08 11:22:03 +0000 2014,@hemanth_hruthu :) nice
464243200601755650,Thu May 08 03:19:38 +0000 2014,These rains n my home creates a tranquillising effect in me!! http://t.co/pJSvI6R0IG
460978394272768000,Tue Apr 29 03:06:28 +0000 2014,Bubyeee Delhi. Thanks to all th lovely ppl who made this th perfect holiday for me!! Miss y'all :* http://t.co/8k4sKVHxUr
460781119860768800,Mon Apr 28 14:02:34 +0000 2014,@nirps Yes I do remem. Thanks for th compliments on th dance 😊
460293689915359200,Sun Apr 27 05:45:42 +0000 2014,Last day of work at #TOI. Excited,missing home,bags overloaded due to crazy shoppin. Feelin attached to Delhi already,frens,ppl, places!!!!
458952925809635300,Wed Apr 23 12:57:59 +0000 2014,While I was in school I wanted to start working soon.Now I realise that teachers are angels compared to bosses!! Heartless demons!!
458911252350111740,Wed Apr 23 10:12:23 +0000 2014,RT @wilson_rajan: The 2nd Edition of my 1st #CelibrityPhotoshoot with a #TalentedActress/#Model &amp; an Amazing Frnd @UttharaUnni . http://t.c…
457783071949869060,Sun Apr 20 07:29:24 +0000 2014,Happy Easter to all. Cakes biriyanis and wine!! Yummm!! An awesome day wit Ajit Ninan uncle and family!! Few of th sweetest ppl I hv known!
457540281173147650,Sat Apr 19 15:24:38 +0000 2014,Though I did not do much,it was an awesome experience interviewing Sharmila Tagore n being at a press conference wit Kangana Renawth #TOI
455367306038632450,Sun Apr 13 15:30:00 +0000 2014,It's raining in Delhi. Jus finished a dance performance at Mayur Vihar. Tomo wil b my first day at Times of India. Nervous lazy n excited :p
454508950130413600,Fri Apr 11 06:39:12 +0000 2014,Receiving th Natyavilasini award from Nrithyathi Kalakshetram,Bhilai was a beautiful experience. Thanking Ratheesh Babu for this opportunity
454507778350923800,Fri Apr 11 06:34:33 +0000 2014,Jus landed in Delhi. Two weeks internship n few dance performances. New place n new people. May b it's time to explore a lil *wink*
454507368902979600,Fri Apr 11 06:32:55 +0000 2014,@lahotineha aww we have one more year hun. N a lifetime's friendship
454076268095344640,Thu Apr 10 01:59:53 +0000 2014,Off to Bilai (Chattisgarh) for Nrithyanrithyathi all India Dance Festival. Performing tonight!! Excited!!
454075799851647000,Thu Apr 10 01:58:01 +0000 2014,@lahotineha lol yup
453812916660080640,Wed Apr 09 08:33:25 +0000 2014,It feels so great to tweet from my phone again. It feels great to kno my exams r done again. N it's great to jus feel awesome abt everythin
443375407035719700,Tue Mar 11 13:18:29 +0000 2014,@linuxmohan Chetta... Lost my phone!! Msg me here or on Fb if anythin impt!! :)
443374919837962240,Tue Mar 11 13:16:33 +0000 2014,When U lose an iPhone, U realize U hv lost an IPHONE!!!! N its as equal as losing a part of ur life!! *Sob* *Sob* :(
438877458629005300,Thu Feb 27 03:25:14 +0000 2014,Excited!!!! http://t.co/8KeggD817c
436896528167215100,Fri Feb 21 16:13:44 +0000 2014,@lahotineha welcome babe!!
431677927135002600,Fri Feb 07 06:36:52 +0000 2014,@wilson_rajan Awww memories!!!
426580012834115600,Fri Jan 24 04:59:35 +0000 2014,@nirps not always
426579844118245400,Fri Jan 24 04:58:54 +0000 2014,Feels great to be back in college!! Making great plans!
426366858409689100,Thu Jan 23 14:52:35 +0000 2014,The joy of finishing a set of 8 exams.. 12 hectic days!! It jus can't b expressed in mere words!! totally flying!!
424847122974769150,Sun Jan 19 10:13:42 +0000 2014,@babupk78 Omg!! Thanks for ur wishes!! Plz don't call urself slave!!
423350233821503500,Wed Jan 15 07:05:35 +0000 2014,"I Failed In A Few Exams But My Friend Passed In All.. Now He Is An Engineer In Microsoft And I'm The Owner" - BILL GATES
420146159701590000,Mon Jan 06 10:53:45 +0000 2014,Exams n assignments all th time!!! When will all this get over??!!!! *Sob* *Sob*
415326937704198140,Tue Dec 24 03:43:53 +0000 2013,A Christmas mood everywhere!! Stars, balloons, lights, cakes and santas!! Wishing u all a Merry Xmas in advance!! http://t.co/T3DolkWat2
415118119812988900,Mon Dec 23 13:54:06 +0000 2013,My pretty sisters, naughty nephew and cutie niece!! Mmmwaaah http://t.co/XmA5kYL3Nn
414414467338760200,Sat Dec 21 15:18:03 +0000 2013,@ashokactor Brilliant reply!!!
414408383358193660,Sat Dec 21 14:53:52 +0000 2013,@ashokactor Too much anger is not good for health!!! Learn to forgive ppl for their small mistakes!! Hehehehe
414322819304931300,Sat Dec 21 09:13:52 +0000 2013,@bala_shilpa hehe nice!!
414275480750002200,Sat Dec 21 06:05:46 +0000 2013,@actorrajith wish u th same da!! 😊
414255375529955300,Sat Dec 21 04:45:52 +0000 2013,@actorrajith niceee!! Me in Cochin!! Chilling with frens n family 😉
414222299911307260,Sat Dec 21 02:34:26 +0000 2013,@actorrajith Holaaa 😊 Where r u?? Been long long time!! Oru vivarom illallo!! Hehehe
414221912890298400,Sat Dec 21 02:32:54 +0000 2013,@bala_shilpa  Helloooowww... 😜😜 Ivide undayirunno? Hehehe!!
413290332395016200,Wed Dec 18 12:51:08 +0000 2013,@AbhilashKM it was a dance show!! Lol ya me n cricket!! Hehehehe
413273945773572100,Wed Dec 18 11:46:01 +0000 2013,A brand new cricket stadium at wayanad! Met th sweetest choreographers! N also made a really good fren...Miya! Rocked th show, loved th team
401246897655914500,Fri Nov 15 07:14:49 +0000 2013,I wish some1 discovrs a medicine tat can cure laziness n makes u feel like studying 4 an exam which is supposed to tk place th very next day
396694967554301950,Sat Nov 02 17:47:05 +0000 2013,Hey friendz Check out this new game chopfly lite introduced by my sweet fren Arch's bro! Plz download and share ASAP https://t.co/6k0scodhTK
396690002676957200,Sat Nov 02 17:27:21 +0000 2013,@AbhilashKM I do watch in theatres ok?!! 😝
396637692739350500,Sat Nov 02 13:59:29 +0000 2013,There r so many good movies runnin on tv for Diwali!! Bt I can't hear a word!! #crackers Happy noisy Diwali ppl 😊😊
396587331039133700,Sat Nov 02 10:39:22 +0000 2013,The worst part of #workout is that u can't cheat!! N the best part is that u start lovin it when u start seeing th difference on urself
396586710202462200,Sat Nov 02 10:36:54 +0000 2013,Jus realised tat more than eatin ur favourite dish, it feels better 2 hear frm someone tat it's yummm when its cookd by u #daddysgirl
395602114954530800,Wed Oct 30 17:24:28 +0000 2013,@nirps :) nice
393644053402640400,Fri Oct 25 07:43:50 +0000 2013,RT @AbhilashKM: @UttharaaUnni's interview: http://t.co/bG4NKz0nXq
387588564470362100,Tue Oct 08 14:41:29 +0000 2013,http://t.co/R4giEfUOcf I burst into tears reading th first few lines itself!! Cudn read fully!! How can ppl b so cruel to animals!!!
387161126892363800,Mon Oct 07 10:23:00 +0000 2013,3 days in Pondicherry with my lovelies!! The best trip I hv ever had!! When 8 gals r put in one apartment, th fun wud b unimaginable!!Luv ya
384189364500066300,Sun Sep 29 05:34:17 +0000 2013,@ImAkhila thanks!!
384189308686446600,Sun Sep 29 05:34:03 +0000 2013,@wilson_rajan thanks!!
384186787754545150,Sun Sep 29 05:24:02 +0000 2013,With My Beautiful Mom n Pretty Sister... http://t.co/otSEL6PdWC
383984117961879550,Sat Sep 28 15:58:42 +0000 2013,RT @tanss65: "@UnusualFactPage: Listen carefully to how a person speaks about other people to you.This is how they will speak about you to …
383981969496739840,Sat Sep 28 15:50:10 +0000 2013,Back to early morning work outs n hours of skin care!! Luv urself n u will b perfect!!
382527745802002400,Tue Sep 24 15:31:36 +0000 2013,@tanss65 @wilson_rajan u guys r totally jobless!!! Bye
382522938190098400,Tue Sep 24 15:12:30 +0000 2013,@tanss65 @wilson_rajan U guys r th craziest idiots I hv ever known!! So there's nothin for me to get surprised!! 😜😜
382421006310076400,Tue Sep 24 08:27:27 +0000 2013,@tanss65 @wilson_rajan :p :p
382406261993512960,Tue Sep 24 07:28:52 +0000 2013,Temple visit to Kancheepuram with mom n dad!! The floor is literally burning!!
379554035373580300,Mon Sep 16 10:35:08 +0000 2013,@wilson_rajan Happy onam to u too
379203211573207040,Sun Sep 15 11:21:05 +0000 2013,@nirps thank you!!
376947796772798460,Mon Sep 09 05:58:52 +0000 2013,Happy Ganesh Chathurthi to all!! May the lord bless u with all u desire for, this year!! http://t.co/UsR7IzjwCn
376323436080951300,Sat Sep 07 12:37:53 +0000 2013,@ashokactor haha!! Good one!!
374497692409286660,Mon Sep 02 11:43:02 +0000 2013,When ur irritated, even non living things try to play around wit u!! Ur phone gets switched off,laptop stops workin bla bla bla arrrgh!!!
374053184668327940,Sun Sep 01 06:16:43 +0000 2013,@AbhilashKM lol Liar!!
374047521435168800,Sun Sep 01 05:54:13 +0000 2013,@tanss65 @wilson_rajan ya I heard that!! Btw my college already follows dress code hee hee
374043359922237440,Sun Sep 01 05:37:41 +0000 2013,@AbhilashKM what's up dear!! I'm in Cochin!! Leavin bak today!!!
373816000304541700,Sat Aug 31 14:34:14 +0000 2013,@ferozsaiyed soon I guess!!
373815880439697400,Sat Aug 31 14:33:45 +0000 2013,@nirps where do u get such pix of mine from which I myself haven't even seen!! Bt thanks!!
373628054318219260,Sat Aug 31 02:07:24 +0000 2013,@tanss65 @wilson_rajan fun fun fun!! Bt college is damn strict
373501362597658600,Fri Aug 30 17:43:58 +0000 2013,@wilson_rajan @tanss65 exactly!! Lol
373500150435414000,Fri Aug 30 17:39:09 +0000 2013,@tanss65 @wilson_rajan what peeche se 3rd?
373497796369719300,Fri Aug 30 17:29:48 +0000 2013,@tanss65 awww!!
373416871829069800,Fri Aug 30 12:08:14 +0000 2013,RT @chetan_bhagat: Secret to relationships: accept or ignore some flaws in people.
373416407578333200,Fri Aug 30 12:06:23 +0000 2013,@nirps 😊
373410445245181950,Fri Aug 30 11:42:42 +0000 2013,@shajiperambra thanks!!
373077390320099300,Thu Aug 29 13:39:15 +0000 2013,Cochin feels so dull without my Aanu, my Olivia and my Simy!! 😔😞 I miss u guys!!
372051694084816900,Mon Aug 26 17:43:30 +0000 2013,@safnaaz yup
372051616406310900,Mon Aug 26 17:43:12 +0000 2013,@tanss65 @wilson_rajan lol aise hi time pass kar rahi hu main!!
372051405424443400,Mon Aug 26 17:42:22 +0000 2013,@wilson_rajan lol
372041980538146800,Mon Aug 26 17:04:55 +0000 2013,@wilson_rajan yaaaa I'm senti senti now
372040972797898750,Mon Aug 26 17:00:54 +0000 2013,Gone crazy over #Aashiqui2  I should hv watched it long back!! Loved th actors, songs, concept!! Wow!!
371269793271140350,Sat Aug 24 13:56:31 +0000 2013,@nirps thanks
371269765274144800,Sat Aug 24 13:56:24 +0000 2013,@shajiperambra no bt mom will be there!! Pls try to mk it
370987715140923400,Fri Aug 23 19:15:38 +0000 2013,Urmila Unni's special imprint!!!! @urmila_unni mural works  Don't forget to be ther on Sunday!! Abad plaza Cochin!! http://t.co/1vFGVJqXiG
370981851864653800,Fri Aug 23 18:52:20 +0000 2013,Momz exclusive Mural designs n designer saree exhibition takes place in Cochin Abad Plaza on sunday(25-8-2013) Lookin forward to c u all!
370476642117750800,Thu Aug 22 09:24:49 +0000 2013,@nirps haha small things mk u happy sometimes
370476517140099100,Thu Aug 22 09:24:19 +0000 2013,I didn't know that a fight wit ur best friend wud hurt u more than a break up!! I'm sorry Oliviaaa!! I'm glad v sorted it out!!
370475844008812540,Thu Aug 22 09:21:38 +0000 2013,A dull pale day jus turns into th most exciting day wit a thalappakatti biriyani n a nose piercing which I randomly did without even thinkin
369815125034680300,Tue Aug 20 13:36:11 +0000 2013,It's just once during some of ur cousins marriage that u meet all ur relatives!! It was fun!!
367838650798575600,Thu Aug 15 02:42:23 +0000 2013,@wilson_rajan hahaha!!
367655874434580500,Wed Aug 14 14:36:05 +0000 2013,Sometimes... Waiting for the right opportunity is half the battle won!! 👍✨
366911042439217150,Mon Aug 12 13:16:24 +0000 2013,When Ur phone is outta battery U feel like Ur life itself is outta battery...
366831814691655700,Mon Aug 12 08:01:34 +0000 2013,@wilson_rajan lol ur crazy as ever
366745770910679040,Mon Aug 12 02:19:40 +0000 2013,Monday mornings r a pain... Since the time I used to go to kindergarten till college days/ work time..
366615576245833700,Sun Aug 11 17:42:19 +0000 2013,For 90% guys his girl wud b a sweetheart,darling or every sweet thing,but once their relationship is over she becomes the bitch! Saddd..
366413242987315200,Sun Aug 11 04:18:19 +0000 2013,@wilson_rajan Sunday's r th lazy days when u can't work!! Bt u can always dream even if it's a Sunday!!
366411798078963700,Sun Aug 11 04:12:34 +0000 2013,Happy Sunday tweeps!! ❤Wake up every day with a new hope in ur heart!!
365329882609229800,Thu Aug 08 04:33:26 +0000 2013,@rameshmenon yup I hope so!!
365293292130271200,Thu Aug 08 02:08:02 +0000 2013,@shajiperambra thanks
365067910810583040,Wed Aug 07 11:12:27 +0000 2013,Times of India offered us a 10 days internship with them!! Wow!! Excited to join for work tomorrow!
363868818025623550,Sun Aug 04 03:47:41 +0000 2013,Happy Friendship Day To All The Lovely Ppl Who Came Across In My Life!! ❤ http://t.co/ZVzWxu45U3
363564222933766140,Sat Aug 03 07:37:20 +0000 2013,@themanjuwarrier Hii Chechi.Happy to find u on twitter.Wishing u a great come bak!! U look stunning n drop dead gorgeous as u hv always been
362882288259837950,Thu Aug 01 10:27:34 +0000 2013,@AbhilashKM lol
362872981598380000,Thu Aug 01 09:50:35 +0000 2013,@pulimoottiljith lol
362872883367788540,Thu Aug 01 09:50:11 +0000 2013,@AbhilashKM lol ya right!! Il buy if pink autos wer available in town!!
362859097634250750,Thu Aug 01 08:55:25 +0000 2013,@wilson_rajan yup yup!! Bt college is awesome!! Only sad part is that I miss th freedom v had in SRM!! Th heights of joblessness v had!!!
362858220777242600,Thu Aug 01 08:51:56 +0000 2013,#JB Junction full episode http://t.co/QTq9Iffy11
362856244228276200,Thu Aug 01 08:44:04 +0000 2013,@wilson_rajan my college doesn provide parking facility 😔😔😔😔
362853874710753300,Thu Aug 01 08:34:39 +0000 2013,Fighting with auto drivers hv become a routine now!! Gosh I hv to waste all my energy before I gt into one 😡
362515855738814460,Wed Jul 31 10:11:29 +0000 2013,@ImAkhila thank u 😊 haha not yet!!
361705016450490400,Mon Jul 29 04:29:30 +0000 2013,@neerajms Thank u so much for th encouragement 😊
361339810406875140,Sun Jul 28 04:18:18 +0000 2013,My first movie Vavwal Pasanga on Sun TV today at 12 noon!! Friends who missed it in theatres can watch it.. http://t.co/GZDvyk9tGd
360423867904299000,Thu Jul 25 15:38:41 +0000 2013,Watch JB junction by John Brittas this Saturday and Sunday on kairali tv at 9!! 😊
360349824547172350,Thu Jul 25 10:44:27 +0000 2013,Finished an interview with John Brittas 😊 it wasn't as tough as I expected!! Thanks to @JBrittas for makin it pretty jovial n casual!!
359689956224008200,Tue Jul 23 15:02:22 +0000 2013,Anybody who has a little heart or emotion will never hurt animals!! RT if u agree tat ppl who r cruel to animals shud b stoned to death!!
359684033518641150,Tue Jul 23 14:38:50 +0000 2013,I think my crazy luv towards animals hv become more of an empathy!! I wish I cud save all street dogs in th world n giv them a better life
359293783663329300,Mon Jul 22 12:48:08 +0000 2013,Ther r mny unhappy ppl in this world who wil say hurtful thngs 2 othrs 2 feel gud abt their own miserable lives-wimbldn chmpn Marion Bartoli
357725986386759700,Thu Jul 18 04:58:16 +0000 2013,MOP VyShnav!!! New college, new frenz!! The beginning fun itself is so much!! Luv th new beginning @snehsjain http://t.co/uMJH0u1Dkr
356067469598785540,Sat Jul 13 15:07:54 +0000 2013,Hi Plz note that my original Facebook accnt is http://t.co/GQEEswyYQ1 and official page is http://t.co/TUd9qznjmz plz don follow fake accnts
355670387473907700,Fri Jul 12 12:50:03 +0000 2013,Media creates a lot of hype without enquirin wat th truth was.Bt they never bothr to clarify or correct the distortions in their statement
355268358263930900,Thu Jul 11 10:12:31 +0000 2013,RT @chetan_bhagat: When you fly high, people will throw stones at you. Don't look down. Just fly higher so the stones won't reach you.
355247394432098300,Thu Jul 11 08:49:13 +0000 2013,Im a model,actr,a media person!I participate in a lot of public functions!M not responsible 4 the wrong doings of ppl 2 whm th brand belongs
354564520791904260,Tue Jul 09 11:35:43 +0000 2013,First 2 days @ MOP collge ws awesme!Its fun wen ther r no rules!Bt its mch mre fun wen v break th goddamn rules!M glad 2 hv found crazy frns
352461485257134100,Wed Jul 03 16:19:01 +0000 2013,Addicted to playing cards!! Damn!! UNO!! BLuFf!! All th time, everywhere!! Everyday!!
352313508211327000,Wed Jul 03 06:31:00 +0000 2013,@AbhilashKM haha actually my fren's pup! Chiyo!Bt she's been here for a while! Now v r best buddies! It's a husky!
352312679135854600,Wed Jul 03 06:27:43 +0000 2013,@AbhilashKM there's one more person in that pic u Kannu potta!!! Hehehe
352311612436271100,Wed Jul 03 06:23:28 +0000 2013,The best listener in th world with whom one cud talk for hours!! Sometimes their presence means everything to u!! http://t.co/nbIoQrWBFB
352060474638077950,Tue Jul 02 13:45:32 +0000 2013,@nairabhishek02 that's nice!! Upload a profile pic :) how's malukka n tashi luv?
352014253860982800,Tue Jul 02 10:41:52 +0000 2013,@UttharaUnniFC  Heyy thanks for starting the FC on my name!! ;)
352012791365902340,Tue Jul 02 10:36:04 +0000 2013,@nairabhishek02 Is this Bingo Chetta??
351918691140644860,Tue Jul 02 04:22:08 +0000 2013,Findin new frens z an excitin n fun feeling!But 2 kno tat old frens r stil th same n stil ur besties,is th most fulfilin feelin eva!
350497871629537300,Fri Jun 28 06:16:19 +0000 2013,Mahilarathnam http://t.co/fkfOY4IVfJ
350293969915215900,Thu Jun 27 16:46:05 +0000 2013,@AbhilashKM lol u always r!!
350291407371640800,Thu Jun 27 16:35:54 +0000 2013,@AbhilashKM pinne entha vende??
350276455403491300,Thu Jun 27 15:36:29 +0000 2013,@AbhilashKM awww thank u sooo much dear!!
348741577323200500,Sun Jun 23 09:57:25 +0000 2013,@rameshmenon lol heeeheee
348741116188831740,Sun Jun 23 09:55:36 +0000 2013,@rameshmenon lol tat was a test tweet cuz there's some network hassle!! Lol
348629689557979140,Sun Jun 23 02:32:49 +0000 2013,@yasminrafi life's goin pretty well!!
348471002579218400,Sat Jun 22 16:02:15 +0000 2013,Driving in the rain.. With Olivia Aanu and Krish!!! Laughed alot, gossiped alot!! Hehe!! Today was fun!! Waiting to meet Simy next!!
347341760017596400,Wed Jun 19 13:15:03 +0000 2013,@AbhilashKM lol true that!!
347327537451507700,Wed Jun 19 12:18:32 +0000 2013,@AbhilashKM that's cuz ur always thinking of food food n only food
347279431959707650,Wed Jun 19 09:07:23 +0000 2013,Mom n I shooting together for th first time!! P and N ceramics!! Nice team, nice work!! Above all amaaazing food!! Yummm!!
345428224542638100,Fri Jun 14 06:31:21 +0000 2013,@AbhilashKM lol is she on twitter/Fb??
345422191820697600,Fri Jun 14 06:07:22 +0000 2013,@AbhilashKM lol okay!! Happy birthday to ur sistaaaaa!!!!!!
345419962539704300,Fri Jun 14 05:58:31 +0000 2013,@AbhilashKM waaaattt????!!!
345158743379550200,Thu Jun 13 12:40:31 +0000 2013,@AruDances91 hahaha cool
345140141049909250,Thu Jun 13 11:26:36 +0000 2013,@AruDances91 awesome!! Hv loads n loads of fun!! N do buy th whole shop!! Haha n yea get bak soon so that v cud hv a lil fun together too!!
345101614476038140,Thu Jun 13 08:53:31 +0000 2013,@AruDances91 nice!! Someone's havin hell lotta fun out there right?
345100656140505100,Thu Jun 13 08:49:42 +0000 2013,A new hobby : Cooking!!
344801386535456800,Wed Jun 12 13:00:31 +0000 2013,Right things r proven right only when u do it at th right time!! Bt if th time is bad, there's no point!!
344799961281609700,Wed Jun 12 12:54:51 +0000 2013,RT @chetan_bhagat: some life lessons i've learnt: http://t.co/z32Ni7DRP3
344799441078849540,Wed Jun 12 12:52:47 +0000 2013,Sometimes in life, all u hv to do is WAIT for the right things to work!! Time will come!! We jus gotta b patient!!
344795962335694850,Wed Jun 12 12:38:58 +0000 2013,@babupk78 OMG!! Thank u so much for ur sweet words!! No one has to ever b a slave for anyone!! Chill
343221117122670600,Sat Jun 08 04:21:05 +0000 2013,@shruz02 Awww!! I was jus playin around da!! Yup call me soon!! N vl catch up soon ok!! ;*
343220799508975600,Sat Jun 08 04:19:49 +0000 2013,@sskarthik yup sure!!
343064499315683300,Fri Jun 07 17:58:45 +0000 2013,@sskarthik lol tats true!! Yup it's been long!! Bt honestly no one els cud click better pix of mine other than th ones u clicked!!
343063365830184960,Fri Jun 07 17:54:14 +0000 2013,@sskarthik haha so I'm not wrong!! It's awesome tat u remem after so many years too!!
343062928007761900,Fri Jun 07 17:52:30 +0000 2013,@shruz02 fooool !!! It's one of th best colleges in chennai
343062583756083200,Fri Jun 07 17:51:08 +0000 2013,@shruz02 chennai currently!! Wil b bak in cochi soon
343062422225031200,Fri Jun 07 17:50:29 +0000 2013,@shruz02 hahaha!! They r fine!! Jus goin on!! I joined MOP for masters!!
343061894652915700,Fri Jun 07 17:48:24 +0000 2013,@shruz02 n y aren't on watsapp now a days?? N Wher r u now? Chennai or cochi?
343061725307879400,Fri Jun 07 17:47:43 +0000 2013,@shruz02 lol that's pretty sad!! Btw babe, whatever v r chatting now r public tweets ok!!
343060726337916900,Fri Jun 07 17:43:45 +0000 2013,@shruz02 lol wats wrong in havin a twitter acc?? Wats th prob if u tell em!! Come on da!!
343059484962336800,Fri Jun 07 17:38:49 +0000 2013,@shruz02 hehe no probz!! U wil get used to it soon sweetheart!! :*
343057171250040800,Fri Jun 07 17:29:37 +0000 2013,@shruz02 Someone's joined twitter!! Yayy!! Welcome welcome!!
343056968254107650,Fri Jun 07 17:28:49 +0000 2013,@dericklivera thanks
343056888801423360,Fri Jun 07 17:28:30 +0000 2013,@sskarthik thanks!! I'm doin masters in communication!! Ur th same person who clicked my first portfolio right?
343042609100501000,Fri Jun 07 16:31:46 +0000 2013,Despite the entrance being tough I'm officially selected in MOP vyshnav college!! Yuppie!! Bt two more years of studies :( I'm already lazy!
342307734013747200,Wed Jun 05 15:51:38 +0000 2013,@manojambat Hii!! Glad to c u on twitter :)
341109752434151400,Sun Jun 02 08:31:17 +0000 2013,@wilson_rajan lol lets c!!
341108628184522750,Sun Jun 02 08:26:49 +0000 2013,@rameshmenon eeee :D
341108424181944300,Sun Jun 02 08:26:00 +0000 2013,@wilson_rajan lol search search!!!
341105635280162800,Sun Jun 02 08:14:55 +0000 2013,@rameshmenon haha fancy degree??!! Lol there's always a lil effort behind every certificate!!
341105432774975500,Sun Jun 02 08:14:07 +0000 2013,@wilson_rajan ohho!! I don wanna b a lab rat :(
341082844652765200,Sun Jun 02 06:44:21 +0000 2013,@wilson_rajan yup yup!! U always prove things through research right!!
341082203981230100,Sun Jun 02 06:41:49 +0000 2013,Yup!!When everyones talkin abt bein a Graduate why should i not update it!! Yup I'm also officially a Graduate of Bsc Visual communication!!
340798389321089000,Sat Jun 01 11:54:02 +0000 2013,The movi celluloid is a must watch to all those who r fond of Malayalam cinema! Th movi ws a tribte to th father of Malayalam films!!
340503824043233300,Fri May 31 16:23:32 +0000 2013,Oh god! Y do things go so complicated!! When everything is fixed,there's stil a new hope tat turns th whole plan into a diff path!!
340366933327216640,Fri May 31 07:19:35 +0000 2013,@rameshmenon yeah same here!! Gotta talk soon!!
340308411126251500,Fri May 31 03:27:02 +0000 2013,@rameshmenon ohh that's sad!! Nothin much here!! Jus movin on!! Lemme kno if ur comin down south anytime!!
340147803617640450,Thu May 30 16:48:50 +0000 2013,@rameshmenon me in Cochin!! U comin anytime soon??
339944133512798200,Thu May 30 03:19:31 +0000 2013,@rameshmenon heyyyy where r u??
338963259854057500,Mon May 27 10:21:53 +0000 2013,I pray @mkoirala wud get bak to th sets of Edavappaathy soon!It was a beautiful exprnce sharing screen space wt hr http://t.co/ZP8Q5V8gGV
338961628529844200,Mon May 27 10:15:24 +0000 2013,I miss those monsoon rains... Edavappaathy... Those days of shoot were so memorable.. http://t.co/zVb11byHnB
338476968473399300,Sun May 26 02:09:32 +0000 2013,Chiyo!! My latest luv!! :* http://t.co/WvG63pNr0s
338468279465160700,Sun May 26 01:35:00 +0000 2013,My husky!! Chiyo bow!! :D http://t.co/ju8ZVsogAi
337741193628770300,Fri May 24 01:25:50 +0000 2013,@rameshmenon oh yea right! U don even reply to msgs!
337646285152714750,Thu May 23 19:08:42 +0000 2013,@rameshmenon Wat maranno?? Ur too busy na!! Won't even keep in touch :(
337615074892075000,Thu May 23 17:04:41 +0000 2013,Chiyo!! Siberian husky!! Mohanlals dogs pup!! Oh my chiyo, ppl luv u for th breed n fame u hv got!! Bt for me ur my baby!! Hehehe
337614343082487800,Thu May 23 17:01:46 +0000 2013,Cochin is always so pleasant!! Luv bein home! My colony! My scooty! Shady days! Green green areas! Darling frens! N now my new pup chiyo!!
336392306343165950,Mon May 20 08:05:50 +0000 2013,@AbhilashKM poda
336202362249150460,Sun May 19 19:31:04 +0000 2013,@shibiss not many big ones though!! Bt many of my frens r!!
336202185199190000,Sun May 19 19:30:21 +0000 2013,@AbhilashKM that I kno!! I'm talkin abt sports!!
336202013949964300,Sun May 19 19:29:41 +0000 2013,@AbhilashKM gud!! Angane thanne venam
336166639802408960,Sun May 19 17:09:07 +0000 2013,I envy pretty gals who r gud at sports!! I think it's really sexy a tag!! Wish I was gud at any game!! ;) lol
335089341900668900,Thu May 16 17:48:19 +0000 2013,@AbhilashKM heylooo when I asked u whether ur n twitter u sed ur everywhere! N Wher r u now?Can't get u on watsapp too lol!! Wher hv u gone?
335088768199585800,Thu May 16 17:46:02 +0000 2013,Mistakes happen in life! Bt mk sure u learn ur lesson wit ur first experience!! Never leav a chance for a second time!!
332171164090773500,Wed May 08 16:32:31 +0000 2013,Golden Lotus ad for Indus group!! :) Waz an awesome exprnce working in front of the camera as well as behind!! http://t.co/TZKHY2WNcF
330652017074790400,Sat May 04 11:55:58 +0000 2013,Off to Madurai for Indus press meet! Bt I'm definitely missin my viscom farewell at SRM university ;(
330598594505748500,Sat May 04 08:23:41 +0000 2013,Hey ppl watch any movie at sathyam theatre this week n u can watch my ad for Indus during th interval!! :) lemme kno ur responses :)
330318065692704800,Fri May 03 13:48:58 +0000 2013,Daaamn!! I was so much excited tat finally our college is organising a farewell n I cud click pix bt..:( gotta head to Madurai for n event!
330317552226033660,Fri May 03 13:46:56 +0000 2013,One tough heavy day of shifting to our new home.. Phew!!
328900203404996600,Mon Apr 29 15:54:53 +0000 2013,I'm luvin my new iPhone :) though it's a lil complicated :p
328262293928415200,Sat Apr 27 21:40:04 +0000 2013,work work work. Final day of post production work for indus. Guess this goes on till 6 in the morning. Tired.. Yet its fun...
327068835033264100,Wed Apr 24 14:37:41 +0000 2013,@ManjunathMBhat :P
327064419152576500,Wed Apr 24 14:20:08 +0000 2013,Its very true that time heals all scars!!! all worries... all hatred... :)
327063606271283200,Wed Apr 24 14:16:54 +0000 2013,Sometimes in life, u happen to forgive someone u hated the most.. someone whom u thought u wudn ever even want to hear abt!!!
326276645952557060,Mon Apr 22 10:09:48 +0000 2013,@rameshmenon  HaPpy hApPy BirThdAyYyyyyYYYYyyy!!!!! :) :D :D :) hv loads n loads of funnnn!!!
322248788360187900,Thu Apr 11 07:24:32 +0000 2013,while i was a kid,i alwys wishd 2 go to china cuz behind every toy i used 2 find it writtn "made in china" :D XD
321104703956078600,Mon Apr 08 03:38:21 +0000 2013,Awww my hachi bow won the first prize in th aqua-pet fashion show held in cochin yesterday!! heee heeee...
321104079172558850,Mon Apr 08 03:35:52 +0000 2013,4 hours of private class with Dr.Padma subramanyam! Gosh!! will nevr in my lyf forgt the things i heard from her!!!
320198104756416500,Fri Apr 05 15:35:51 +0000 2013,@rameshmenon ohh r they?? i thought phones r used to reply for msgs too!! :P hee hee!! whats happenin anywys??!!
319452621297565700,Wed Apr 03 14:13:34 +0000 2013,@rameshmenon certain people go absconding ol of a sudden!! i wonder wats happening!!! no news... no replies...
319440620747890700,Wed Apr 03 13:25:53 +0000 2013,@AbhilashKM :P i just luvd wat im doin,thats it!! lot more to learn!!
319439483550449660,Wed Apr 03 13:21:22 +0000 2013,I luv my new experience of workin as an A.D!! Its so much more fun developing a creative project than just acting in front of th camera!!
316200009882296300,Mon Mar 25 14:48:51 +0000 2013,@wilson_rajan lol.. don worry!! u'l do well!! im sure!!
316197281139408900,Mon Mar 25 14:38:01 +0000 2013,Had an awesome commercial shoot with MuthuGanesh sir and Hamsa mam... Was a lot fun!!! was also nice workin wit @talk2ganesh !! :)
314698922473967600,Thu Mar 21 11:24:04 +0000 2013,Can sm1 tell me wat to do after http://t.co/qegM7my6vH? My heads gonna burst wit too many plans!! Bt i cnt stick on to jus one!! Wat to do!!
313664264500043800,Mon Mar 18 14:52:42 +0000 2013,Something's missing somewher!! Something incomplete!! :/
312809121881681900,Sat Mar 16 06:14:41 +0000 2013,@dhanrokz sure da letz plan up ;)
312082148444225540,Thu Mar 14 06:05:57 +0000 2013,@oliviajoseph1 r u even there on twitter??!!! :@
312081867874660350,Thu Mar 14 06:04:50 +0000 2013,@dhanrokz ohh nice nice!! :) i'l b comin by may or so!! mostly only aftr collg gts over da!!
311820203891781600,Wed Mar 13 12:45:04 +0000 2013,@dhanrokz hehe im gud too da,njn chennaila! do u tlk to simy nw? :P wats ur plan aftr collg? :D
310628945252991000,Sun Mar 10 05:51:26 +0000 2013,@dhanrokz hiii dhanu... good to c u on twitter!!! wats up!!! how r u??
309303122822582300,Wed Mar 06 14:03:05 +0000 2013,Now a days college seems lik some work place!! :) multitaskin!!! yest a model,tday a photogrphr,tmw a stylist n mayb day aftr a directr!!
308953509380890600,Tue Mar 05 14:53:51 +0000 2013,@Wilson_rajan :)
308952725339656200,Tue Mar 05 14:50:44 +0000 2013,@wilson_rajan :p i luvd clickin ;)
308949138211500000,Tue Mar 05 14:36:29 +0000 2013,@wilson_rajan thnks for helping me out throughout th photosht!was much fun! thanks @varunshridhar v ol hated collg! bt i'l mis u ppl n many!
308947682989334500,Tue Mar 05 14:30:42 +0000 2013,I've startd luvn collg towrds th last sem,last mnth!!ahh!! jus few more workin days!!1st it ws abt copin up wt attdnce!bt nw i kinda lik it!
307820389566930940,Sat Mar 02 11:51:14 +0000 2013,among thos vry few movies iv wrkd wit,th mst excitin n th mst cmfrtbl one was"edavapathy"i pray tat @mkoirala gts ol wel to b bk on our set!
307819411929178100,Sat Mar 02 11:47:21 +0000 2013,@dericklivera good!! ;)
307717278168924160,Sat Mar 02 05:01:30 +0000 2013,@dericklivera nm! edavapaathy is on th verge of completion! n ya im studyin! final yr visual comm!! :)
306799786089132000,Wed Feb 27 16:15:43 +0000 2013,Neatness and personal hygiene is more impt than one's looks!!! i think perfumes n mouth freshners shud b a must in ones life!!! :@
306795994056630300,Wed Feb 27 16:00:39 +0000 2013,A person's appearnce is nt judged by the way how god created him/her.. Bt by the way how one carries him/herself!!!
306794938081882100,Wed Feb 27 15:56:27 +0000 2013,@ashokactor  " :@ " u know wat this is for!!!!
306793937430007800,Wed Feb 27 15:52:29 +0000 2013,@ThulasiN bt im in luv wit all ur lil demons!! they r th cutest living beings on earth!! :D
306652126757666800,Wed Feb 27 06:28:59 +0000 2013,@ThulasiN awww that tiny lil thing is sooo cute!!
306647773325975550,Wed Feb 27 06:11:41 +0000 2013,@chetan_bhagat kinda like how Gopal built a college in "revolution 2020" :)
306643309261115400,Wed Feb 27 05:53:56 +0000 2013,@rameshmenon eeeeeeeee :)
306643171218165760,Wed Feb 27 05:53:23 +0000 2013,@dericklivera :)
306643084911976450,Wed Feb 27 05:53:03 +0000 2013,@wilson_rajan aww!!! thanks thanks!! and yup v wil!!
306442163426848800,Tue Feb 26 16:34:39 +0000 2013,Reply to @rameshmenon and many more malayalis r yet to come up ;) long way to go!!!! :D
306440555611701250,Tue Feb 26 16:28:16 +0000 2013,@dericklivera yes its me.. :) it was asianet broadband wifi ad!!
306433304926773250,Tue Feb 26 15:59:27 +0000 2013,@wilson_rajan it was my pleasure to work wit u ;) v cud get some amazing pix!!! :D
304826853355581440,Fri Feb 22 05:35:59 +0000 2013,@MelanieWF :) thanks...
304095351600730100,Wed Feb 20 05:09:16 +0000 2013,@MelanieWF nothin much.. sometimes certain ppl r given too much expectatns n r thrown out without any valid reason!!
300970688745992200,Mon Feb 11 14:12:58 +0000 2013,ppl say that failure is the steppin stone to success.. Bt no one says th number of steps th game has.. Time wil prove i guess..
300964927466766340,Mon Feb 11 13:50:05 +0000 2013,I genuinely thank my lovable ones for bein happy fr me that im doin yaan.Bt i officially announce that im nt a part of th movi yaan anymore!
300610842230132740,Sun Feb 10 14:23:04 +0000 2013,@rameshmenon no shoot right now.. Im in chennai,back to college.. Same monotonous days.. Lol wil call u soon :)
300605981732253700,Sun Feb 10 14:03:45 +0000 2013,@rameshmenon oye where r u? Been a while since i heard from u :) wats up?
300119107897008100,Sat Feb 09 05:49:05 +0000 2013,@AruDances91 u think m crazy to gt up in th mornin n travel ol th way til college jus to roam around? Ofcoz i attend class yaar!
299579546762616800,Thu Feb 07 18:05:04 +0000 2013,@AruDances91 yup i saw u too,bt was in between a lotta ppl. U kno,visitin college often feels lik ur an invited guest!Haha!Bt il c u soon
297724643173859300,Sat Feb 02 15:14:21 +0000 2013,@ThulasiN Tinks! Heard that kadal is gettin real good responses!n u look stunnin,cudn wtch d mvi thou! so happy for ya!bigger way to go gal!
297723298744238100,Sat Feb 02 15:09:00 +0000 2013,@MelanieWF Its a really good expnce!! fun!! abt my char...well im nt yet to tlk abt it :P letz giv it a while!!
297716834705219600,Sat Feb 02 14:43:19 +0000 2013,RT @MelanieWF: Uthara Unni @uttharaunni to star in #Yaan - The Times of India http://t.co/dfJNen8Z @Actorjiiva @ThulasiN @dop007
297227208571879400,Fri Feb 01 06:17:43 +0000 2013,@AruDances91 Really? thats awesm!! come come!!
297222166963949600,Fri Feb 01 05:57:41 +0000 2013,@Kiirthuuu yes!! :) wat do u do exctly?
297221919172861950,Fri Feb 01 05:56:42 +0000 2013,@AruDances91 aww gt well soon!! i'v been outta station! went to collg yest aftr long :P letz meet up smtime! been really long!
296623746310103040,Wed Jan 30 14:19:46 +0000 2013,@AruDances91 Heyyyaa... din hear from u since a while!! whats up!! :) howz life??
296622625034231800,Wed Jan 30 14:15:19 +0000 2013,@Kiirthuuu Its a Tamil movie... it was good!! :)
296622325170831360,Wed Jan 30 14:14:07 +0000 2013,@MelanieWF Thankk you sooo much!!! :) Do tk care!!
296616893844975600,Wed Jan 30 13:52:33 +0000 2013,@dop007  :) :) :)
296604485835440100,Wed Jan 30 13:03:14 +0000 2013,@madhuambat hello sir.... :) glad to c u here on twitter!! how hv u been?
296595534095982600,Wed Jan 30 12:27:40 +0000 2013,@ThulasiN yup :* c u soon,lemme kno once ur in chennai. My regards to mom n @KarthikaNair9
296587392884813800,Wed Jan 30 11:55:19 +0000 2013,@ThulasiN i can imagine how tensed u wud b abt kadal release!! im sure u'l rock!! all d very best! fingures crossd! all my prayrs n much luv
296586288084172800,Wed Jan 30 11:50:56 +0000 2013,@dop007 ws a fantstic exprnce wrking wit ur team sir!! :) im glad i cud b a part.n im jus living up on my hopes on ur promise!! :P hee hee!!
296585463488192500,Wed Jan 30 11:47:39 +0000 2013,It ws fun shootn 4 yaan wt @thulasin u rock gal! proud abt th way u r @ 15!! great way 2 go! @Actorjiiva nice meetin u too,ol th bst 4 david
295694207253880800,Mon Jan 28 00:46:07 +0000 2013,@rameshmenon aww thanks a ton for ur genuine wishes! Much luv! Dreams r still long way ahead to come true.. Meet me if possible.. :)
295173684480585700,Sat Jan 26 14:17:45 +0000 2013,@achuabraham thanks.. :)
295083233194942460,Sat Jan 26 08:18:19 +0000 2013,mumbai :) shoot for YAAN starts tomo. Gonna hv my mk up rehearsal.. Im already excited to c my new look.. :)
294356444160069600,Thu Jan 24 08:10:19 +0000 2013,RT @dop007: @uttharaunni we r also looking forward fr our ESHA coming alive thro u :-) n surely it ll be a well remembered role .nt a sm ...
294036772902535200,Wed Jan 23 11:00:04 +0000 2013,@dop007 Really???!! Thats great to kno! Well i'v already been preparing myself to turn into Esha! Its gonna b super fun!
293990320272719900,Wed Jan 23 07:55:29 +0000 2013,Hey ppl.glad to announce tat im also gonna b a part of @dop007 's movie YAAN!!though its a smal part i play.im too excitd!! cnt wait 2 strt!
293971593393233900,Wed Jan 23 06:41:04 +0000 2013,i compete with my self and not with others... ;)
292578498160242700,Sat Jan 19 10:25:24 +0000 2013,certain ppl talk alot bt never respond to msgs. N some msg as if v had been soul mates in our last lives, bt never talk face 2 face! weird!
291433766700851200,Wed Jan 16 06:36:39 +0000 2013,@rameshmenon exactly bt this is a state of confusion!! i need to tlk 2 u!!
291426688842219500,Wed Jan 16 06:08:31 +0000 2013,Im feelin vry excited abt th latest offer I'v received, bt somwher inside it pinches a lil...cuz its jus a steppin stone to my *dreamz*
288899997649481700,Wed Jan 09 06:48:21 +0000 2013,sasthra universty exams jus gt done today!!! it was so much fun learning and getting to kno more abt dance!! :)
287138807025897470,Fri Jan 04 10:10:01 +0000 2013,@rameshmenon ur jus soo awesome ;):D
286457964322230270,Wed Jan 02 13:04:35 +0000 2013,@rameshmenon yup ofcoz,Th month when i started aimin higher n started planning better for my future!n thats ol cuz of u!
286443438960951300,Wed Jan 02 12:06:52 +0000 2013,I miss so many things!!Last month was full of new things!!good n bad exprnces!!th bad ones wr fun too!my 1st singin expnc,dance progs,frns!!
285964615362428930,Tue Jan 01 04:24:11 +0000 2013,happy 2013 to all my beloved ones! :* @Oliviajoseph1 and @Scopy91 thanks sooo much for making this new year eve very special.. Luv u ppl..
285616516823670800,Mon Dec 31 05:20:58 +0000 2012,http://t.co/VIQ6k3BD check this too :)
285611393011576830,Mon Dec 31 05:00:37 +0000 2012,http://t.co/CGY6Pjx3 Check this out!!! :)
285292767964446720,Sun Dec 30 07:54:31 +0000 2012,last two dance performances wer damn awesome.thanks to bony n th entire team for makin it so much fun.will miss u ppl...
283952554868617200,Wed Dec 26 15:08:59 +0000 2012,Been busy wit heavy danc practice last 2 days!n now im hell sick wit fever/cold/cough n wat nt!!plz watch the show on 28th evng (jaihind tv)
283951886715981820,Wed Dec 26 15:06:20 +0000 2012,Getting great responses abt my last interview so far!!! Thanks a ton to all those lovely hearted ppl!!! :)
283063296330977280,Mon Dec 24 04:15:23 +0000 2012,RT @SaritaTanwar: The guys who raped the girl in the moving bus on Sunday should be castrated and then stoned to death in public. That w ...
280664646657122300,Mon Dec 17 13:24:00 +0000 2012,i realise that i'v turned out to b one book days! Nt by jus preparin for sasthra univ exams.bt in general i enjoy readin more these days!
280323041236488200,Sun Dec 16 14:46:35 +0000 2012,http://t.co/mO5Si0zp ;):);):)
272046008291168260,Fri Nov 23 18:36:37 +0000 2012,Never really had so much fun recently. Olive simy! U guys r th BEST! High school! Bt Gettin my kindergarten frens back was another treasure!
272045372011065340,Fri Nov 23 18:34:05 +0000 2012,cochi!! Awesome fun it is!roamin arnd th city,late night walks,swimmin,our neptune,school frens,stupid talks,n non stop laughters.lovin it.
268190182585540600,Tue Nov 13 03:14:56 +0000 2012,Happie Diwaliiii :) May the light of ur lamps fill ur lives with success n prosperity!!! :D
265652113055555600,Tue Nov 06 03:09:33 +0000 2012,@vimal9966 Thanks ;) whats up? u in cochin?
265651820687413250,Tue Nov 06 03:08:24 +0000 2012,Another song from Vawal pasanga http://t.co/8gPehjpw
265651626684084220,Tue Nov 06 03:07:38 +0000 2012,A song from my debut movi- VAVWAL PASANGA http://t.co/GzKkAC1B
262161889570746370,Sat Oct 27 12:00:39 +0000 2012,@wilson_rajan aww thank you so much. Ur wishes meant alot. Thanks. :)
261872394338172930,Fri Oct 26 16:50:18 +0000 2012,Gud reviews so far!!! b class audience appreciating!!! Plz pray my dear frenz!!! :)
261311520745586700,Thu Oct 25 03:41:36 +0000 2012,I don kno if im excited or tensed..happy frm within bt stil scared abt something!! i jus hop everythin comes out well!! tomo is th day1! :)
260593410279350270,Tue Oct 23 04:08:05 +0000 2012,http://t.co/CGi3m7DK VAVWAL PROMO!!!
260591503884296200,Tue Oct 23 04:00:30 +0000 2012,http://t.co/bZV2hCQ0 VAVWAL PASANGA TRAILER..... :)
260591388129886200,Tue Oct 23 04:00:03 +0000 2012,VAVWAL PASANGA my debut movie is releasing on 26th oct,all over Tamil Nadu..Plz spread th word. N plz do mk an effort to visit the theaters!
257832776970141700,Mon Oct 15 13:18:18 +0000 2012,ohh hachi bow!! ur th 2nd one aftr chilly who showd pure endless luv to me.bt im jus sorry..il miss u alot.il mk sure u find a gud new home.
257831656185028600,Mon Oct 15 13:13:51 +0000 2012,Aww my hachi..ur such a baby:(u made me realize th mom in me..i'd luv to tk care of u bt...:( :( my famly doesn lemme keep u here!! sowwie..
256259571922919420,Thu Oct 11 05:06:57 +0000 2012,Th situatn wher u'll hv to leav off ur pet dog to someone els hurts equally lik leavin ur bf to someone els... *sob* *sob*
256258818151944200,Thu Oct 11 05:03:57 +0000 2012,guys check out facebook magazine and manorama weekly.... :)
249741407747715070,Sun Sep 23 05:26:06 +0000 2012,totall make over again!!! haha!! im fallin in luv wit my pink streaks n sun tattoo... ;) :D
249739988412022800,Sun Sep 23 05:20:27 +0000 2012,y r half of th peopl in th wrld too gud n the other half too bad...its lik ther's no1 who's actlly a mix of both!!!
241920067267342340,Sat Sep 01 15:26:53 +0000 2012,Unmukth Chand!im rlly happy for u!ths is exctly hw u shud figt agnst collg athourts who bug u abt attndc!proud of u!u r an inspiratn!!!
240127678966022140,Mon Aug 27 16:44:34 +0000 2012,@ManjunathMBhat wish u a very happy onam!!
239628261343248400,Sun Aug 26 07:40:04 +0000 2012,Been selected as th brand ambassador for 'Team solar' th UK based solar company.My sincere thanks to our MD Rb Nair sir and Lakshmi mam.
238113023561187330,Wed Aug 22 03:19:03 +0000 2012,Back home! Cochin!
237840110014562300,Tue Aug 21 09:14:35 +0000 2012,when aladdin rubbed his lamp,things happened. Is it th business of th magician to mk things happen!?
237465377901277200,Mon Aug 20 08:25:32 +0000 2012,sometimes when v pray to god, he doesn giv everythg.But 1ce he starts giving,then v hv nothin more to ask for, jus thank him for ol hes doin
237464335235031040,Mon Aug 20 08:21:24 +0000 2012,one more ad??? Hehehe oh my good god... Ur great...
237463874864029700,Mon Aug 20 08:19:34 +0000 2012,'kanyaka' and 'mangalam'.. Latest edition.. :) ;)
237111375325982720,Sun Aug 19 08:58:51 +0000 2012,came to cochin jus for a day's ad. But got a great opportunity to work for 3 more. All due to god's grace..
237110715943637000,Sun Aug 19 08:56:14 +0000 2012,luvd workin with th team behind 'team solar'.. Glad to listen to ur compliments..
235949246308810750,Thu Aug 16 04:00:58 +0000 2012,COCHIN!!!! :D
235018719913447420,Mon Aug 13 14:23:23 +0000 2012,I don wanna go to colleg after all this fun/busy dayzzz.... ;( ;( ;(
234911646747869200,Mon Aug 13 07:17:56 +0000 2012,The counter opens for Onam!! :) http://t.co/7h9zex76
234911104197865470,Mon Aug 13 07:15:46 +0000 2012,Emmanuval silks presents Urmila Unni's Panchalika sarees!I still cant figure out how mom gts time 2 do so many thngs at the same time!proud!
234891448036773900,Mon Aug 13 05:57:39 +0000 2012,Sasthra class alwys givs me a feelin tats so divine,mks me realiz th traditionl,cultrl aspcts of danc/mks me feel so refrshd,rich in cltre..
227797432866574340,Tue Jul 24 16:08:34 +0000 2012,And... If this is what u call "hard work", then I'm lovin it!!!
222573555588669440,Tue Jul 10 06:10:45 +0000 2012,Tan tan tan... Arrgh..
210675662917349380,Thu Jun 07 10:12:46 +0000 2012,@AruDances91 :-) hv fun!
210251096780845060,Wed Jun 06 06:05:42 +0000 2012,@AruDances91 aww sorry was in cochin.. Was on roamin :p wat internship r u gona go for btw?
210016778359799800,Tue Jun 05 14:34:36 +0000 2012,@AruDances91 wel yea as of nw im here. Mostly wl b leavin by ths weeknd.. Wat r ur summer plans?
209560406044315650,Mon Jun 04 08:21:08 +0000 2012,@AruDances91 lol sad... Don wrry lets hop for th nxt tym.. Wel nothin mch for summer.. Wil b shootin :-)
209141945388367870,Sun Jun 03 04:38:20 +0000 2012,@AruDances91 ur welcome!!! i think i did vote 4 u dat day itself!!! wait il check again!!! all the veryyy besttt!!!! :)
207344392195944450,Tue May 29 05:35:30 +0000 2012,@rameshmenon ALL WELL... :) all excited abt th new movi!!! :)
207340172310880260,Tue May 29 05:18:43 +0000 2012,"chithrabhoomi" n "nana" latest edition!!! ;)
207334373983391740,Tue May 29 04:55:41 +0000 2012,@rameshmenon heyyyaa.... nice to see ya on twitter!!! :)
204508167068069900,Mon May 21 09:45:21 +0000 2012,@AruDances91 btw u dance well... :)
204505069780090880,Mon May 21 09:33:02 +0000 2012,@AruDances91 im so sorry babe!! jus saw it now!! n i guess the last date is over!!! how did it go anywys??? im sure u rocked!! :P
204504829295476740,Mon May 21 09:32:05 +0000 2012,@AruDances91 heyyyy lol movie adventures... hehe... well glad to see u here too...
203836132490883070,Sat May 19 13:14:55 +0000 2012,on my way back to cochin. Couldn even get out to meet my frens or anybody. Its time for me to get back to chennai. Exams startin... :(
202771161547948030,Wed May 16 14:43:06 +0000 2012,@AruDances91 heyya, good to see ya here. Sup there?
201721019369668600,Sun May 13 17:10:13 +0000 2012,Finally a day off. Thank god i got to rest. My body's aching n my elbows n shoulders r literally hurt. But stil im simply luving it..
200155706517749760,Wed May 09 09:30:13 +0000 2012,Munnar..Its too cold out here..Heavy rains too..Beautiful.Seems lik its a night shoot.. In this cold weather??!! Damn th water is ice cold..
198620839418138620,Sat May 05 03:51:12 +0000 2012,@CoolguyAnand thankkksss
198620683947868160,Sat May 05 03:50:35 +0000 2012,@suryaprasadh lol
198620619787603970,Sat May 05 03:50:20 +0000 2012,@varunshridhar :)
193921742576685060,Sun Apr 22 04:38:40 +0000 2012,@CoolguyAnand hey thankks
193921590075985920,Sun Apr 22 04:38:04 +0000 2012,@varunshridhar lol i told u i hv been here since a while.. ;)
190327260509777920,Thu Apr 12 06:35:29 +0000 2012,hey guys...dont forget to watch my 1st vishu special interview on "kairali we" channel on 14th april at 10.30 am..... :)
185733388664188930,Fri Mar 30 14:21:05 +0000 2012,@CoolguyAnand thankkss :)
184256051951054850,Mon Mar 26 12:30:40 +0000 2012,back to collg aftr all the excimnt n fun!!! booorrrrinnnngggg :(
173358088622063600,Sat Feb 25 10:46:03 +0000 2012,@CoolguyAnand nothin like dat!! i come online very often! datz y nvr chek! hpe ur doin gud!
173357866944692220,Sat Feb 25 10:45:10 +0000 2012,@shibiss thankx!!
173031491075448830,Fri Feb 24 13:08:17 +0000 2012,http://t.co/rQJeNecF
173030174168858620,Fri Feb 24 13:03:02 +0000 2012,my 1st performance in chidambaram natyanjali!! im so proud dat i was one among th 400's who got selectd frm th 4 lakh apps!!
173029644386316300,Fri Feb 24 13:00:56 +0000 2012,God!! i like it when u keep me so busy, engaged in smthg or th other dat i don evn gt time 2 come online.. ;)
167655852147347460,Thu Feb 09 17:07:24 +0000 2012,http://t.co/Y4Yr2v45
167653568550150140,Thu Feb 09 16:58:20 +0000 2012,@soniya_agg im like so happy 4 mom!! and 4 u!! itz gonna b a real beakkkk for both of u!!! :) nice nice!!! all my wishes!!! :)
167653342670094340,Thu Feb 09 16:57:26 +0000 2012,@soniya_agg heyyaa....sorry cudnt talk 2 u th other day...the movie was gud...n u hv done a great wrk!!!tmw s th releas ryt?all th best!! :D
159651517064937470,Wed Jan 18 15:01:02 +0000 2012,I'm tracking Gossip Girl http://t.co/pTeFhzlK
153487010626158600,Sun Jan 01 14:45:29 +0000 2012,RT @ahmedonscreen: The Greatest thing about being Alive is that, You Get to Live. If you Live well enough, You Get to Live a Dream! God  ...
152253512825323520,Thu Dec 29 05:04:00 +0000 2011,@CoolguyAnand lol... n yeah merry christmas n a happy new year :D
152247575095951360,Thu Dec 29 04:40:25 +0000 2011,RT @Disney: It’s important to have people you can look up to. http://t.co/WKLyADkn
148655870325174270,Mon Dec 19 06:48:16 +0000 2011,I seriously dint knw dat Ukraine celebrates their Christmas on jan 7th!!! This was smthng totally new 2 me!!! Thanks for th info Dhanya :)
148407930033672200,Sun Dec 18 14:23:02 +0000 2011,@ahmedonscreen i dnno smthg went wrng!!!! lemme sign out n sign in!!
148406978258026500,Sun Dec 18 14:19:15 +0000 2011,@ahmedonscreen guess wat,he blocked me!!! cuz i was rude it seems...wat th!!!! n nw i cnt chat wit any1!!! arrgghhh
148383334840533000,Sun Dec 18 12:45:18 +0000 2011,I'm falling in luv with my cardamon flavored masala tea!!! ummmm....guess im addicted 2 it!!! this is th 4th cup of my day!
147663342528503800,Fri Dec 16 13:04:18 +0000 2011,@ahmedonscreen wow congratzzz abt salt n peppr'z success!!! :D greattt.....wishin u a longer n longer way 2 gooooo.... :D
146577977528958980,Tue Dec 13 13:11:27 +0000 2011,people say "after all no1s perfect" but at least quite a few of them are... ;)
145946716850487300,Sun Dec 11 19:23:03 +0000 2011,@ahmedonscreen nop bt ladies 1st!!!!
145945911690928130,Sun Dec 11 19:19:51 +0000 2011,@ahmedonscreen lol....i shud ask u dat!!!!
145747454824947700,Sun Dec 11 06:11:15 +0000 2011,:)
145744504824147970,Sun Dec 11 05:59:32 +0000 2011,The winning hrse doesnt knw hw it wins!it runs due to hits n pains!so whenevr god leavs u in pain,jus undstd that he wants you 2 fyt n win!
145149963846942720,Fri Dec 09 14:37:02 +0000 2011,$$$  If U desire to blossom like a rose in the garden, U have to learn the art of adjusting with the thorns  $$$
145134967716986880,Fri Dec 09 13:37:27 +0000 2011,@khalidmohd786 ahem!!! some1 told me they wernt on twittr!!! so fast so gooddd!!!! :D
145134828050858000,Fri Dec 09 13:36:54 +0000 2011,@CoolguyAnand awww hehehe.....im from cochin!!!!
144803920030609400,Thu Dec 08 15:41:59 +0000 2011,@ashokactor u better miss chennai!!!!
144400931902062600,Wed Dec 07 13:00:39 +0000 2011,@CoolguyAnand thnkz...im frm kerala..nop i knw soniya through my mom! name of th movi "vavwal passanga"
144050705760665600,Tue Dec 06 13:48:59 +0000 2011,@CoolguyAnand thanku...yup my i hv made my debut throg a tamil movi... which will b hopfully releasin soon!!!
143658018079391740,Mon Dec 05 11:48:35 +0000 2011,@shibiss thanks :)
143650297095524350,Mon Dec 05 11:17:54 +0000 2011,@shibiss yup i knw bt wat 2 do!!! smtyms things tk time.."slow n steady wins the race" letz hope!!! :)
143649928391032830,Mon Dec 05 11:16:26 +0000 2011,@CoolguyAnand thank you so much :) knw abt me?? like wat??
142499348046020600,Fri Dec 02 07:04:26 +0000 2011,It Is Bettr To Be Hated For Wat Ur...Than To Be Luvd For Wat Ur not!! I m Wat I m... N Datz Wat I m...
142158218884427780,Thu Dec 01 08:28:55 +0000 2011,@oliviajoseph1 eeeeeeeeee :)
141906046703763460,Wed Nov 30 15:46:52 +0000 2011,@soniya_agg sure i wil :) eagrly waitin 2 watch!!
141897982227382270,Wed Nov 30 15:14:49 +0000 2011,@shibiss was that a genuine questn or a sarcastic one?? anwys thnx 4 th effrt u tuk in askin! my film has nt releasd!im jus a beginner!
141770980543574020,Wed Nov 30 06:50:10 +0000 2011,@soniya_agg yup yup im gud too...btw whns th preview?? il sure make it to b ther!! :)
141763840328220670,Wed Nov 30 06:21:48 +0000 2011,@soniya_agg heyy sis. utthara here.urmila unni's daughter!heard lot abt u frm mom!gud 2 c u here.saw th posters on CT!ol th vry best!n prys!
121900069539692540,Thu Oct 06 10:50:16 +0000 2011,life's like a "bow n arrow" th more u pull it backwards,it goes front with more force!!!! :) so nvr wory whn lyf pulls u down....
121898712384548860,Thu Oct 06 10:44:52 +0000 2011,never feel bad when things go wrong in ur life...the worst th bad times are....th best th good times wud b....
28651435088412670,Sat Jan 22 03:13:29 +0000 2011,signed my 2nd moviii....excited!!!!
21199987765420030,Sat Jan 01 13:44:05 +0000 2011,i jus couldn beliv when mom gifted me a white toy horse as a new year surpriz this mornin!!!! awwwww!!!!
20825973658222590,Fri Dec 31 12:57:53 +0000 2010,hope evry1 has lotta planz 2 blast out new year partyyyy!!!!! wish you all a very happy new year!!!! and a bright 2011!!!!
20074789439799296,Wed Dec 29 11:12:57 +0000 2010,2 dayz of dance shoot with raghuram master,dakshikka and sree was so much fun!!! would remain as a memorabl exprnce in my life!!!!
18638611687669760,Sat Dec 25 12:06:05 +0000 2010,merry christmas!!!!!
17852992912883712,Thu Dec 23 08:04:19 +0000 2010,i still love listenin 2 bed time stories...especially fairy tales...cuz in evry fairytale th gurl is th princess!!!!
17135266670059520,Tue Dec 21 08:32:20 +0000 2010,dad says no more shoppin 4 th next 1 month...cant imagin hw 2 pass over 1 mnth... :(
16803648826777600,Mon Dec 20 10:34:36 +0000 2010,@n3onyx  hehe good good....u finally did it!!!! thnk uuuuu :)
16790015472304128,Mon Dec 20 09:40:26 +0000 2010,tired of dance!!! yet it makes u enjoy evry momnt ur dancin!!
15648572947046400,Fri Dec 17 06:04:45 +0000 2010,yuppiieee.....happy 2 join twitter!!!! :)
