id,created_at,text
1259472526742130700,Sun May 10 13:17:04 +0000 2020,RT @Xpress_Sports: Dreaming of Test cap and a regret. @vijayshankar260 tells his story to @arseinho in this interview https://t.co/snqLYaZY…
1259456228670857200,Sun May 10 12:12:19 +0000 2020,For #MyIPLMoment, I would like to recall my 63 not out against Gujarat Lions back in 2017.  Thank you #SRHFamily an… https://t.co/qV52ZbQbbX
1256972061882253300,Sun May 03 15:41:07 +0000 2020,Salute to our soldiers those are martyred in handwara attack condolence to their families #HandwaraEncounter #IndianArmy🇮🇳
1254057656836210700,Sat Apr 25 14:40:19 +0000 2020,I’ll be answering all your questions on how I’m practicing during this lockdown. Catch me on this webinar by ET Now… https://t.co/oM0p4JgUy8
1245620498207129600,Thu Apr 02 07:54:03 +0000 2020,RT @chennaicorp: Here's the official android app by Greater Chennai Corporation to curb the spread of COVID-19.   Kindly share this to all…
1245610632734367700,Thu Apr 02 07:14:51 +0000 2020,Thank you so much   :) https://t.co/23AlGZeKdl
1245344360092160000,Wed Apr 01 13:36:47 +0000 2020,RT @StarSportsTamil: #DearViewers  உங்கள் ஸ்டார் ஸ்போர்ட்ஸ் தமிழ் இப்போது Instagram பக்கத்திலும் 🖼️📽️🎙️  புத்தம் புது மேலும் பல சுவாரசியங்க…
1245242273748537300,Wed Apr 01 06:51:08 +0000 2020,RT @ChennaiTimesTOI: Chennai paiyyan and cricketer @vijayshankar260 tells us how he spends time during the lockdown https://t.co/DMOee4SKUm
1245242188696400000,Wed Apr 01 06:50:47 +0000 2020,@KALPESHGOSALIA8 Thank you
1243929165721563100,Sat Mar 28 15:53:18 +0000 2020,RT @Inkhabar: आइए मिलकर सलाम करें उन जांबाजों को जो जान की परवाह किए बिना कोरोना के खिलाफ जंग लड़ रहे हैं ताकि हम बच सकें. हैशटैग #coronawa…
1242357023506755600,Tue Mar 24 07:46:10 +0000 2020,RT @TNCACricket: Now more than ever, we play as One team.   Follow simple guidelines and raise awareness to keep you and your loved ones sa…
1241609364814696400,Sun Mar 22 06:15:15 +0000 2020,Now more than ever,we are one team. #teamnike #playfortheworld https://t.co/gzek51Xnlg
1241323415526461400,Sat Mar 21 11:18:59 +0000 2020,Share all your secrets but let your UPI PIN always be a secret. Remember that prevention is better than a fraud, so… https://t.co/EYgWpzb2YF
1241058349442973700,Fri Mar 20 17:45:42 +0000 2020,RT @Supermachans: Govindaswamy, a Supermachan who travels to every game from Tiruttani with his whole family is now battling for his life a…
1240303157214761000,Wed Mar 18 15:44:51 +0000 2020,@saik_99 Yes.. we will bro 👍
1240302824891662300,Wed Mar 18 15:43:31 +0000 2020,Unforgettable moment with lot of learnings .. https://t.co/QojTyXy0IR
1240139999464640500,Wed Mar 18 04:56:31 +0000 2020,RT @OaktreeSport: Vijay Shankar talks about how he took on all the challenges that came his way and made it to the Tamil Nadu team.  Start…
1237711491723194400,Wed Mar 11 12:06:29 +0000 2020,You Deserve a wild love from a gentle soul ✌️ #NatureBoy #liveandletlive https://t.co/mwJktUhYLU
1237273517017534500,Tue Mar 10 07:06:08 +0000 2020,RT @suhailchandhok: Different day, different city (home) but another great opportunity to be surrounded by sporting minds!  Looking forward…
1236428560727806000,Sat Mar 07 23:08:35 +0000 2020,RT @StarSportsTamil: 🏏நல்லா விளையாடுங்க கப்போட வாங்க 🏆  நமது 🇮🇳 மகளிர் அணிக்கு வாழ்த்து கூறிய  நம்ம ஊர் ஸ்டார்கள் @SimranbaggaOffc, @JiivaO…
1235223678628978700,Wed Mar 04 15:20:48 +0000 2020,RT @StarSportsTamil: சென்னை ⚽️அணியின் சிறப்பான முதல் சுற்று அரையிறுதி வெற்றியை நேரில் கண்டு ரசித்த @vijayshankar260, நம்மிடம் தன்னுடைய அனுப…
1233925456237252600,Sun Mar 01 01:22:08 +0000 2020,RT @Pickyourtrail: Watch Indian cricketer @vijayshankar260 skydiving into the depths of New Zealand with Pickyourtrail &amp; experience a virtu…
1232663348619051000,Wed Feb 26 13:46:58 +0000 2020,RT @SpartansSalem: Create a hashtag for Namma team "Salem Spartans" and send it to us in the comments below.  Grab the opportunity to win a…
1231096944631566300,Sat Feb 22 06:02:38 +0000 2020,RT @SpartansSalem: @vijayshankar260 has already started his heroics 🔥  More to come at #TNPL2020 https://t.co/xJFG3advWO
1230503733848494000,Thu Feb 20 14:45:26 +0000 2020,RT @StarSportsTamil: சேலம் அணியில் @Sundarwashi5 &amp; @AshwinMurugan8 உடன் விளையாடுவது மற்றும்  @TNPremierLeague Draftஇல் தங்களுடைய தேர்வுகள்…
1227962302139261000,Thu Feb 13 14:26:41 +0000 2020,Woaaah… What an  incredible adrenaline rush! Thanks @pickyourtrail for arranging New Zealand’s highest #bungyjump f… https://t.co/WGvqc0TR5m
1226410196664144000,Sun Feb 09 07:39:11 +0000 2020,Wishing our U-19 boys the best for @cricketworldcup final.   @BCCI #ICCU19WorldCup #INDvBAN #BleedBlue
1224640093186478000,Tue Feb 04 10:25:25 +0000 2020,@Sachins63571753 @Siva_Kartikeyan @Arunrajakamaraj @HariMoon7246 @SKProdOffl @mohandasspugal @aishu_dil @AnandSkfc @rajeshpencil Well done
1222216810243612700,Tue Jan 28 17:56:09 +0000 2020,@StarSportsTamil @s_badrinath Thanks Anna🙏
1222151527822848000,Tue Jan 28 13:36:45 +0000 2020,@akshar2026 Thank you bro 🙏
1222151482134290400,Tue Jan 28 13:36:34 +0000 2020,@lakshuakku Thank you Anna 🙏
1222151394058064000,Tue Jan 28 13:36:13 +0000 2020,@Cricketracker Thank you 🙏
1222151312185294800,Tue Jan 28 13:35:53 +0000 2020,@SunRisers Thank you 🙏
1216633354755330000,Mon Jan 13 08:09:30 +0000 2020,Sweat. Smile. Repeat👊 https://t.co/GzjCi0ZCZ5
1215873182793527300,Sat Jan 11 05:48:51 +0000 2020,Travelling with this bunch is always a pleasure and fun! #offtonewzealand https://t.co/ZAJLoQLdnc
1212031983074730000,Tue Dec 31 15:25:17 +0000 2019,Kanpur New Year Ni9ht° 🥶  #HappyNewYear to each and everyone. May this 2020 fulfill all your wishes. https://t.co/WYhpznBGjF
1211252575963496400,Sun Dec 29 11:48:12 +0000 2019,SUIT UP, when in doubt and slay it ! 😎 https://t.co/7KghQ7Srho
1201474612497977300,Mon Dec 02 12:14:04 +0000 2019,Been an amazing couple of months  with this wonderful squad. Didn’t end the way we hoped it would but like they say… https://t.co/JyZ0RHKVLd
1199329260067885000,Tue Nov 26 14:09:12 +0000 2019,📸 https://t.co/fHAYpGC9Ia
1192060985172877300,Wed Nov 06 12:47:40 +0000 2019,Home is where the stomach hurts from all the laughter 🧡 https://t.co/cwFABUI3HC
1191684689343336400,Tue Nov 05 11:52:25 +0000 2019,Happy Birthday @imVkohli  Keep Inspiring 🙌🏻 #HappyBirthdayViratKohli https://t.co/kEZGEVGmqI
1190235186463531000,Fri Nov 01 11:52:36 +0000 2019,Happy Birthday to this cricketing Legend🙌🏻 #HappyBirthdayVVSLaxman https://t.co/f9evp9iFpJ
1188419315537547300,Sun Oct 27 11:36:59 +0000 2019,Happy Deepavali everyone ✨ 🤗 This festive season let’s spread love and light, spend quality time with friends and f… https://t.co/V1uJhLTh0g
1187988366177910800,Sat Oct 26 07:04:32 +0000 2019,And it all comes to an end. It’s been such a fulfilling experience, got to learn so much and most importantly made… https://t.co/S4dqbBfXM2
1187403566866002000,Thu Oct 24 16:20:45 +0000 2019,RT @StarSportsTamil: . @DineshKarthik வந்துருக்காஹ! @ashwinravi99 வந்துருக்காஹ!மாப்பிளை @mukundabhinav வந்துருக்காஹ மற்ற குழுவினர்கள் எல்லா…
1184077309025718300,Tue Oct 15 12:03:24 +0000 2019,The sweat, the time, the devotion.  It pays off!  #TransformationTuesday https://t.co/oSyNWvMmVJ
1184038508131840000,Tue Oct 15 09:29:13 +0000 2019,Paying my humble tributes to the man who was an inspiration for me and many others on his birth anniversary today… https://t.co/UAwzu9OKJe
1183654226167120000,Mon Oct 14 08:02:13 +0000 2019,Together let’s pledge to make the world a better place, one sapling at a time. 🍃  #plantforkalam https://t.co/1AQNcytjIu
1177962708047548400,Sat Sep 28 15:06:09 +0000 2019,No better feeling than contributing to the team’s win 😇 #VijayHazareTrophy https://t.co/C5ePvDzKXj
1169588052517195800,Thu Sep 05 12:28:16 +0000 2019,To the person who has always believed in me no matter what #HappyTeachersDay Balaji Sir  Thank you for always havin… https://t.co/WJHPEL1W4i
1166279532153716700,Tue Aug 27 09:21:23 +0000 2019,Lost the match but won a million hearts! What a debut at the #USOpen by @nagalsumit 🙌🏻 #Respect https://t.co/NqJwOyfJOL
1164883905683415000,Fri Aug 23 12:55:40 +0000 2019,Proud to be associated with Abdul Kalam Foundation as a Green Ambassador  Let's nurture the nature so that we can h… https://t.co/qTIxVUecsE
1160153982964076500,Sat Aug 10 11:40:38 +0000 2019,Prepping up for the playoffs like 🏋🏼‍♀  TirunelveliMakkale -SeeYouTomorrow  #TNPL2019 #PattiyaKelappu… https://t.co/mQdJYWWWhk
1157289913361916000,Fri Aug 02 13:59:51 +0000 2019,👇 https://t.co/9ollWom8jP
1150744156597174300,Mon Jul 15 12:29:21 +0000 2019,We played the whole   tournament with pride and passion -   A big thank you to everyone for your support !!… https://t.co/oTd7tVWDoP
1148509266833113100,Tue Jul 09 08:28:42 +0000 2019,All the best #TeamIndia #BringItOn https://t.co/kARQ7pmzZ4
1147698754218106900,Sun Jul 07 02:48:00 +0000 2019,Happy Birthday Mahi Bhai ! #InspirationToAll 🎉🎂 https://t.co/C85KY72PtW
1147152030856704000,Fri Jul 05 14:35:31 +0000 2019,👊 https://t.co/pGRpnvzTci
1143106098662010900,Mon Jun 24 10:38:26 +0000 2019,RT @imVkohli: Breakfast alongside some good fellas 🤙😃. #staymadstaywrogn #basushanker @vijayshankar260 https://t.co/ppc0tHJ1FB
1142844863580262400,Sun Jun 23 17:20:23 +0000 2019,Do more of what makes you happy #TravelDiaries https://t.co/uy44TRHNdt
1140663952571019300,Mon Jun 17 16:54:13 +0000 2019,@TomMoodyCricket Thank you Tom  :)
1140663359286730800,Mon Jun 17 16:51:52 +0000 2019,@iamVikramPrabhu Thank you so much :)
1140571659608285200,Mon Jun 17 10:47:29 +0000 2019,Thank you 🙏 https://t.co/3qZns9A6V1
1140374680718626800,Sun Jun 16 21:44:45 +0000 2019,Old Trafford is really the 'Theatre of Dreams' 🙏 #CWC19 #INDVSPAK #dreamdebut #gratefulandblessed https://t.co/TYwgxmsCvL
1137446408112336900,Sat Jun 08 19:48:51 +0000 2019,This amazing film by @arielindia is a nostalgia trip back to 2011 when India lifted the World Cup! It's time to bri… https://t.co/Lof03VHgyz
1133773674681491500,Wed May 29 16:34:43 +0000 2019,The Best view comes after the hardest climb #DocumentEveryDay #shootdiaries📷  📸 @kunaldaswani https://t.co/mkNlHWrex2
1129699023236030500,Sat May 18 10:43:30 +0000 2019,It gives so much happiness when good people get together 😊 @ Absolute Barbecues https://t.co/Tnh7vj269c
1120203341370286100,Mon Apr 22 05:51:03 +0000 2019,RT @lpsahi: The @vijayshankar260 Of @SunRisers interview... #IPL2019 , #CWC19 ‘Important to push yourself and I don’t deviate from my work…
1118759606510084100,Thu Apr 18 06:14:10 +0000 2019,@s_badrinath Thank you so much na 🤗
1111969758767796200,Sat Mar 30 12:33:44 +0000 2019,Your discipline dictates your success ✌️#OOTD #OrangeArmy #VS59 https://t.co/p97HcX7C4o
1110941829783060500,Wed Mar 27 16:29:07 +0000 2019,#PracticeSession🏏  #Random📷   #VS59 https://t.co/JdH2rn3zqo
1108713580877103100,Thu Mar 21 12:54:51 +0000 2019,RT @im_manishpandey: Enroute Kolkata✈️#orangearmy https://t.co/ymFgLTPGD3
1108677855699820500,Thu Mar 21 10:32:53 +0000 2019,Back to @SunRisers 🌤️Looking forward for this season👊 #OrangeArmy #IPL2019 #SRHDiaries2019 #VS59 https://t.co/8G1XokqBfj
1106941668052205600,Sat Mar 16 15:33:54 +0000 2019,Happy to meet Makkal Selvan @VijaySethuOffl #FanBoyMoment https://t.co/lPmnVW2rIN
1104288005060157400,Sat Mar 09 07:49:11 +0000 2019,Great iniative from @BCCI and let's contribute   https://t.co/MS0T7jzYMf   Thank you so much @mahi7781 🇮🇳🇮🇳 https://t.co/CmVgK8H1T5
1103519841254690800,Thu Mar 07 04:56:47 +0000 2019,RT @yuzi_chahal: Thank you for last night @msdhoni bhai and @SaakshiSRawat bhabhi ☺️🇮🇳 https://t.co/80BOroVvze
1103501401718546400,Thu Mar 07 03:43:30 +0000 2019,@MusicThaman @imVkohli Thank you 🙏
1103500692151386100,Thu Mar 07 03:40:41 +0000 2019,@apmbjp Thank you 🙏
1103299654341472300,Wed Mar 06 14:21:50 +0000 2019,@editorsuresh Thank you 🙏
1103298383676993500,Wed Mar 06 14:16:47 +0000 2019,@ShatruganSinha @ImViratkohli Thank you 🙏
1103298148535918600,Wed Mar 06 14:15:51 +0000 2019,@iamVikramPrabhu Thank you 🙏
1103292562457079800,Wed Mar 06 13:53:39 +0000 2019,Always a special feel to wear this jersey ! #BleedBlue #TeamIndia https://t.co/V6JCaHx8rY
1103171459936018400,Wed Mar 06 05:52:26 +0000 2019,RT @BCCI: Men Of The Moment - Captain @imVkohli &amp; ice cool @vijayshankar260 relive #TeamIndia's 500th ODI win in our latest episode of Chah…
1102545908095422500,Mon Mar 04 12:26:43 +0000 2019,@murali_unoffl @BCCI @imVkohli Thala - Thalapathy fan :)
1102543620500942800,Mon Mar 04 12:17:38 +0000 2019,Learnings⚡#TeamIndia @BCCI https://t.co/fmqkncFXFG
1101523221453533200,Fri Mar 01 16:42:55 +0000 2019,RT @BCCI: #WelcomeHomeAbhinandan You rule the skies and you rule our hearts. Your courage and dignity will inspire generations to come 🇮🇳 #…
1096297484173770800,Fri Feb 15 06:37:43 +0000 2019,Prayers to the Jawans who lost their lives and those who injured yesterday in the terrorist attack.#phulwamaattack
1092363048612843500,Mon Feb 04 10:03:40 +0000 2019,Sucess is best when it's shared ! #TeamIndia #Champions https://t.co/tHIzkEet9K
1089464744610689000,Sun Jan 27 10:06:51 +0000 2019,This was indeed the most memorable birthday and these ppl made it even more special .. Thanks to #BasuShanker… https://t.co/AF9to3X4ld
1086294546453950500,Fri Jan 18 16:09:36 +0000 2019,@aishu_dil Thank you
1086287089488977900,Fri Jan 18 15:39:59 +0000 2019,It’s honour to represent #TeamIndia https://t.co/a433IZVC2Z
1086276603053666300,Fri Jan 18 14:58:18 +0000 2019,@sri50 Thank you sir
1085564235667537900,Wed Jan 16 15:47:37 +0000 2019,RT @ImRo45: #AusOpen ✌🏻  @AustralianOpen https://t.co/GNuqGhnQAz
1084494774730670100,Sun Jan 13 16:57:57 +0000 2019,https://t.co/JiFXS4mYGG
1084494470987632600,Sun Jan 13 16:56:45 +0000 2019,https://t.co/T6LUfY1fTG
1084426459228266500,Sun Jan 13 12:26:30 +0000 2019,@crickavi Thanks Avi na
1084426405432021000,Sun Jan 13 12:26:17 +0000 2019,@hrishikanitkar Thanks Rishi bhai
1084403624090906600,Sun Jan 13 10:55:45 +0000 2019,@SPORTZSTUDIO Thank you
1084402886329552900,Sun Jan 13 10:52:49 +0000 2019,@lakshuakku Thanks Lakky Anna!
1084331822366900200,Sun Jan 13 06:10:27 +0000 2019,@TomMoodyCricket Thank you Tom!
1084324354962317300,Sun Jan 13 05:40:46 +0000 2019,@s_badrinath Thank you so much Anna !!
1083694283448770600,Fri Jan 11 11:57:05 +0000 2019,'98: Arjuna Award '99: CEAT Cricketer of the WC '00: Wisden Cricketer of the Year '04: ICC Player of the Year '04:… https://t.co/3BbwxNfoAZ
1079611592835096600,Mon Dec 31 05:33:56 +0000 2018,It was my dream to visit this place and I finally made it #dhanushkodi .. couldn't have asked for anything better t… https://t.co/kAD9VcLYzo
1073235095702491100,Thu Dec 13 15:16:01 +0000 2018,Memorable Series - I'm proud to contribute to the glory! #OneToRemember #IndiaA https://t.co/T4t5TTwD0V
1066959090088169500,Mon Nov 26 07:37:24 +0000 2018,Elegance is a statement that never goes out of style. Wear it with confidence. PC: @RSamarth https://t.co/kyaXoIZJRh
1064472513890013200,Mon Nov 19 10:56:38 +0000 2018,After a tiring day, good food and friends is all you want!  @mvj888, @Hanumavihari, @PrithviShaw   I wish you all t… https://t.co/zynAjTXktA
1062678392061931500,Wed Nov 14 12:07:26 +0000 2018,Major throwback to the days of innocence, playfulness, and lots of memories. When becoming a cricketer was just a d… https://t.co/iX5uezTUD7
1061894361649098800,Mon Nov 12 08:11:59 +0000 2018,Day well spent with the boys✌️#NZDiaries #Tauranga https://t.co/sfx5Q7fl1P
1061412159412944900,Sun Nov 11 00:15:53 +0000 2018,Back with the boys .. @ Auckland Airport https://t.co/EIKUJWjcou
1059366243009003500,Mon Nov 05 08:46:09 +0000 2018,'Teamwork begins by building trust' Great time on and off the field ..            we wish everyone a very happy and… https://t.co/63DMHRpU1Q
1059077548854906900,Sun Nov 04 13:38:59 +0000 2018,It's time we appreciate the hard work of these ppl who gave everything for us .. #natham #tnca https://t.co/9jc6lHWNwf
1055103578707087400,Wed Oct 24 14:27:50 +0000 2018,Unstoppable, Immovable &amp; Relentless!!! Runmachine @imVkohli at his very best... #Virat10k #Legend #KingKohli  #GOAT… https://t.co/WmGRqnaRBT
1048576063712809000,Sat Oct 06 14:09:49 +0000 2018,All Roads Lead to #MarinaArena tonight!!!  The Champions are back at The Den !! Thanks You @ChennaiyinFC for this w… https://t.co/2ivLnuNjr4
1045330444042924000,Thu Sep 27 15:12:53 +0000 2018,Nothing is more satisfying than contributing to the team success—  Always a delight donning these colours… https://t.co/egzZDHLsl3
1041321895029878800,Sun Sep 16 13:44:21 +0000 2018,Finally we met after months  .. #friends https://t.co/X1kaI1DlGh
1040172565438709800,Thu Sep 13 09:37:19 +0000 2018,Happy Ganesh Chaturthi, let happiness and prosperity fill your lives and homes - #GanapatiBappaMorya https://t.co/HnUvhB0epC
1039779994015154200,Wed Sep 12 07:37:23 +0000 2018,Thrilled  to launch this #Beast #HeroXtreme in Chennai  @HeroMotoCorp Thank you #SouthernMotorCycles #HeroShowroom https://t.co/itJTMSeBZF
1039230021288845300,Mon Sep 10 19:11:59 +0000 2018,Enjoyed each and every match that I played for this team and this victory is something really special to every Indi… https://t.co/x8nV76FIiN
1036142149614624800,Sun Sep 02 06:41:53 +0000 2018,We might love so many things outside but the most important thing is to love ourselves ..  #behappy @ The Ritz-Carl… https://t.co/8En5WLab0M
1031114422423511000,Sun Aug 19 09:43:30 +0000 2018,Let's support them #savekerala https://t.co/bcerpYVvga
1029625888894140400,Wed Aug 15 07:08:36 +0000 2018,You must be the change you want to see in the World. --Mahatma Gandhi #HappyIndependenceDay #jaihind🇮🇳 https://t.co/I7i3gSSTWK
1022515524406837200,Thu Jul 26 16:14:33 +0000 2018,Remembering the great warriors that made the Nation proud 🙏🙏🙏 #KargilVijayDiwas
1018079733769109500,Sat Jul 14 10:28:18 +0000 2018,Congratulations #HemaDas for giving India 🇮🇳 first gold in athletics. Take a bow 🙇‍♀️ #IAAFworlds
1010767896895770600,Sun Jun 24 06:13:40 +0000 2018,RT @scarletrun: Did you know that as a teenager @vijayshankar260 would turn off the TV  when Rahul Dravid got out? He also tells us why his…
1010353758021316600,Sat Jun 23 02:48:02 +0000 2018,RT @GethistC: Watch part 2 of #KonjamCricketKonjamMasala with @vijayshankar260 #YouTubeCricketStories  #gethists https://t.co/hW8hox8fAI
1010353703872757800,Sat Jun 23 02:47:49 +0000 2018,RT @scarletrun: The tale of @vijayshankar260 is a charming blend of friendship, hardwork, and humour. In Part 1 of #KonjamCricketKonjamMasa…
1002214265036722200,Thu May 31 15:44:35 +0000 2018,Happy 😊 to be part of @supergillies #NewTeam #Newseason #PattaiyaKelappu #TNPL2018 https://t.co/dVY8Lz39Kd
1002046639018623000,Thu May 31 04:38:30 +0000 2018,Exciting day ahead .. All the best to all 8 teams #playersdraft @TNPremierLeague
1001109333105492000,Mon May 28 14:33:59 +0000 2018,RT @MadridistaSays: "Not performing well initially and to finish the tournament in the way I did, it was very satisfying and personally, th…
998952647070797800,Tue May 22 15:44:05 +0000 2018,Boys with the Bossman 16rajini .. https://t.co/Bq26ePpksy
998845742826467300,Tue May 22 08:39:17 +0000 2018,The Challenge is on guys at #Wankhede #Mumbai #GirlPower #SNOvsTBL @IPL @BCCI https://t.co/or41lMgYVT
997814559518937100,Sat May 19 12:21:44 +0000 2018,@ShuklaRajiv @DelhiDaredevils Thank you sir 🙏
995977169359679500,Mon May 14 10:40:36 +0000 2018,RT @DelhiDaredevils: #DDRoomies is back!  How much does @vijayshankar260 know about Shreyas Iyer? 🤔  #DilDilli #Dhadkega https://t.co/IJCkt…
991956469816807400,Thu May 03 08:23:46 +0000 2018,RT @IPL: Enjoying the ‘mahol’ in DD says @PrithviShaw to @vijayshankar260  @DelhiDaredevils batsmen recount the thrilling win over Rajastha…
991954403794894800,Thu May 03 08:15:34 +0000 2018,More Power to you @pgshiksha.. Absolutely amazed at the work that you guys are doing !! Let's make a difference and… https://t.co/CNskI1bSEm
991163815277494300,Tue May 01 03:54:03 +0000 2018,THE MAN WHO IS KIND HEARTED &amp; INSPIRATION FOR SOOOOOOO MANY YOUNGSTERS 🦁 #HBDThalaAJITH
990842332307058700,Mon Apr 30 06:36:35 +0000 2018,Happy Birthday @ImRo45 Keep hitting those double centuries. #Hitman  #HappyBirthdayRohit
989215582775140400,Wed Apr 25 18:52:28 +0000 2018,Wow!! What a game in #Bangalore !! There's one &amp; only @msdhoni🙏 Period !!! #Championstuff #RCBvsCSK🙏
988721196601561100,Tue Apr 24 10:07:57 +0000 2018,Many More happy returns of the day @sachin_rt  Sir -  You are my inspiration 🙏🙏🙏#LivingLegend #happybirthdaysachin https://t.co/BMxfH1ZULu
981822382976393200,Thu Apr 05 09:14:32 +0000 2018,TRICOLOUR is flying high in #GoldCoastCommonwealthGames 🇮🇳 Gold &amp; Silver on DAY 1  - Doesn't get any better  - Lets… https://t.co/MOxueVp9Ue
981792764554702800,Thu Apr 05 07:16:50 +0000 2018,RT @DelhiDaredevils: One city. One team. Unmatched love and unconditional support. Two months of cricketing madness lie ahead and we can't…
980841932904714200,Mon Apr 02 16:18:34 +0000 2018,RT @DelhiDaredevils: We asked @vijayshankar260 where did he watch the ICC World Cup final in 2011 and how was the feeling?  Here's what he…
978643356505944000,Tue Mar 27 14:42:13 +0000 2018,All the best to your team and will keep supporting you guys.. rock it boys  :) https://t.co/ytStXLNYtp
978642174760775700,Tue Mar 27 14:37:31 +0000 2018,RT @DelhiDaredevils: Number of days for our first game - 1⃣2⃣ Level of excitement - 💯 #DDSquad - Ready 👊  #DilDilli https://t.co/50I9HSyx04
975781788550234100,Mon Mar 19 17:11:22 +0000 2018,There is lot to learn from every outing and this one is more special.. @DineshKarthik Sealing it off in style 🙏… https://t.co/qU5vzgkBzq
975297869522518000,Sun Mar 18 09:08:26 +0000 2018,Warmest auspicious greetings on #HinduNavVarsh to all friends!  #HappyUgadi!  Happy #GudiPadwa! Happy #Navratri !… https://t.co/dquwwYBlvY
975292611375259600,Sun Mar 18 08:47:33 +0000 2018,Urgently require A -Negative blood donar for tomorrow morning https://t.co/hzJ6TKlrBN SIMS hospital Vadapalani Chen… https://t.co/ZZum1BI5VF
974343182854090800,Thu Mar 15 17:54:51 +0000 2018,An Evening to remember in Colombo #LankaDiaries https://t.co/EWKGA66bWB
973579176421797900,Tue Mar 13 15:18:58 +0000 2018,Gallery cafe #MustVisit #LankaDiaries https://t.co/A52ieRSWTY
972799301452578800,Sun Mar 11 11:40:01 +0000 2018,It's all about being together and having fun #TeamIndia #lankadiaries https://t.co/NKMke5ZGZH
972077931815043100,Fri Mar 09 11:53:33 +0000 2018,Proud moment ! #TeamIndia #BleedBlue @BCCI https://t.co/Jm3wSiA4iS
971321244162310100,Wed Mar 07 09:46:45 +0000 2018,#DreamsDoComeTrue #TeamIndia #BleedBlue https://t.co/KMEUpCCOZu
970629547707187200,Mon Mar 05 11:58:12 +0000 2018,Excited before the start of the big series #TeamIndiaColours #Bleedblue #shootdiaries #NidhasTrophy https://t.co/Jr0MSzGirc
964406647773786100,Fri Feb 16 07:50:37 +0000 2018,.... and RELAX #Holiday #Pondycherry #AllAboutYesterday https://t.co/edhiP58iCB
961272996936626200,Wed Feb 07 16:18:36 +0000 2018,Champion @imVkohli stamps his class yet again!! 34 ODI hundreds &amp; counting #RunMachine .. @BCCI 🙏#SAvIND https://t.co/VbAOzgNuBl
959076923073740800,Thu Feb 01 14:52:11 +0000 2018,A solid team effort Boys !!! Playing with this bunch is an absolute joy- #VijayCC #Champions🏆 https://t.co/klhbyhGpIz
957584134259355600,Sun Jan 28 12:00:23 +0000 2018,#Federer magic reigns supreme Down Under 🏆Congratulations @rogerfederer on spectacular performance!! What a player… https://t.co/lmdZEstGPt
957282672551735300,Sat Jan 27 16:02:29 +0000 2018,Wonder at Wanderers! Congratulations #TeamIndia @BCCI #SAvIND #FreedomSeries
957247330532520000,Sat Jan 27 13:42:03 +0000 2018,RT @DelhiDaredevils: From the south to the north! It's going to be a great journey together, @vijayshankar260!  #IPLAuction #DilDilli https…
957229934040109000,Sat Jan 27 12:32:55 +0000 2018,Had a terrific few years  @IPL down South @ChennaiIPL @SunRisers &amp; would like to thank everyone for the support &amp; s… https://t.co/JVDN3zZbDF
954750945899900900,Sat Jan 20 16:22:18 +0000 2018,Congratulations #teamindia for retaining the World Cup #morepowertoyou !!! @blind_cricket #BlindCricketWorldCup
954737245063340000,Sat Jan 20 15:27:52 +0000 2018,The will to win is important, but the will to prepare is vital - #GameDayTomorrow #DomesticT20 #Kolkata https://t.co/EP3bSuVnxk
953903421131702300,Thu Jan 18 08:14:32 +0000 2018,Next stop 🛑 #Kolkata #Traveldiaries #DomesticT20 https://t.co/y1gLa709Fk
953108920616206300,Tue Jan 16 03:37:29 +0000 2018,Hello guys , it's been really sad to hear the news of cricketers from Chennai league who are critical met with an a… https://t.co/IPCvKJhQSN
952542102214209500,Sun Jan 14 14:05:09 +0000 2018,Wishing everyone a prosperous #MakaraSankranthi and a #HappyPongal 😊 https://t.co/GzjMGe4QbF
949686553013399600,Sat Jan 06 16:58:13 +0000 2018,Well played bro @hardikpandya7 Fantastic innings brother and u topped it of with magical spell as well  - #MorepowertoYou #IndvSA
947858822776766500,Mon Jan 01 15:55:28 +0000 2018,Cheers to a new year and another chance for us to get it right. #HappyNewYear2018
945204400410071000,Mon Dec 25 08:07:44 +0000 2017,May the spirit of the Christmas fill your home with peace, joy and love. I wish you all merry Christmas 🎄🎅 https://t.co/q1zvYCpX86
944479776357486600,Sat Dec 23 08:08:20 +0000 2017,Had a great time in #Bangalore, Time to head back #ChennaiCalling @OfficialMauiJim https://t.co/VytZzI8REY
944230027129843700,Fri Dec 22 15:35:56 +0000 2017,Dynamic Duo @KLRahul11 &amp; @ImRO45 set new bench mark- And absolute joy to watch both u guys  - Redefining History wi… https://t.co/k0GMnlJiJx
942707593457295400,Mon Dec 18 10:46:19 +0000 2017,Yet another Series Victory! Congrats @BCCI #INDvsSL #TeamIndia https://t.co/eR9NGoAN2M
940973161872465900,Wed Dec 13 15:54:18 +0000 2017,Jus Uploaded a pic 👇🏾#TiruchendurTemple #Jumbo #DivineDiaries https://t.co/fQV4llw9zJ
938734426443223000,Thu Dec 07 11:38:22 +0000 2017,RT @ImRo45: Nothing can repay the selflessness with which they protect our lives. Just a very, very grateful heart is all we can have. Big…
938437426971734000,Wed Dec 06 15:58:12 +0000 2017,Happy Birthday 🎂Brothers ⭐️ https://t.co/mzrH7m3zMv
938375453806444500,Wed Dec 06 11:51:57 +0000 2017,Feels great to be part of this champion team #TeamIndia #INDvSL https://t.co/eZnhWtMFnt
938032624269791200,Tue Dec 05 13:09:40 +0000 2017,Happy birthday shikar bhai🎂 https://t.co/hBO274MszS
936615679964225500,Fri Dec 01 15:19:14 +0000 2017,#TeamPracticeSession #FerozshahKotla https://t.co/lCv2e3Obs3
936517402241613800,Fri Dec 01 08:48:43 +0000 2017,Seeing some disturbing images down south - my prayers &amp; thoughts to those affected by #CycloneOckhi - please Stay safe ⛈
935497028628504600,Tue Nov 28 13:14:06 +0000 2017,That’s a wrap - What a day in the Jungle 🐯#Natureaddict #MustSee #PenchTigerReserve @ashwinravi99 @coach_rsridhar https://t.co/ABATXDGKCy
935400130164932600,Tue Nov 28 06:49:04 +0000 2017,Doesn't get any better ! #PenchTigerReserve https://t.co/vJ2uXnvGhN
933732959181447200,Thu Nov 23 16:24:20 +0000 2017,RT @hardikpandya7: @vijayshankar260 @BCCI Good luck boy 🤗 best wishes
933732837265612800,Thu Nov 23 16:23:50 +0000 2017,@hardikpandya7 @BCCI Thanks Bro🤗
933705803386667000,Thu Nov 23 14:36:25 +0000 2017,RT @BCCI: VIDEO: Meet Team India's latest addition - @vijayshankar260. Interview by @RajalArora https://t.co/s26sty34Aj #INDvSL https://t.c…
932893084819456000,Tue Nov 21 08:46:58 +0000 2017,Thank you everyone for your support &amp; wishes 🙏 Super excited to be a part of #TeamIndia @BCCI #DreamsDoComeTrue https://t.co/GHHb95lGoi
932886134769586200,Tue Nov 21 08:19:21 +0000 2017,@s_badrinath Thanks Na🙏
932885892947107800,Tue Nov 21 08:18:23 +0000 2017,@TomMoodyCricket @SunRisers Thank u so much Tom for your good wishes ! Cheers
932884989837897700,Tue Nov 21 08:14:48 +0000 2017,@hemangkbadani Thank u very Much !
932884683922092000,Tue Nov 21 08:13:35 +0000 2017,@graynics Thanks a ton !
932884405449658400,Tue Nov 21 08:12:29 +0000 2017,@itsmadhu Thank you Doc.
932884215464583200,Tue Nov 21 08:11:43 +0000 2017,@TNCACricket Thanks for your continued support 🙏
932566639605776400,Mon Nov 20 11:09:47 +0000 2017,What an end to the Test match ! Test cricket at its best #INDvSL @BCCI #TeamIndia
915565801016483800,Wed Oct 04 13:14:32 +0000 2017,21 Stars, One Team, One Dream - Time to back our boys in Blue #ComeOnIndia #Backtheblue #FIFAU17WC #2DaysToGo https://t.co/HcC4Uu9U0U
914108161849622500,Sat Sep 30 12:42:23 +0000 2017,RT @SPECULUR_SW: Wishing you all a very happy Dussehra, from the Speculur Team 💫 https://t.co/hJocjAWcgm
901855204953296900,Sun Aug 27 17:13:31 +0000 2017,Honoured to share the photo space with this champion! #Lakshmanan #DoubleGold #TNSJA #Awards #Recognition #Respect… https://t.co/POtTfDjw4H
900792140866793500,Thu Aug 24 18:49:16 +0000 2017,Brilliant partnership @BhuviOfficial &amp; @msdhoni makes it 2 in a row for #TeamIndia #IndvsSL @BCCI
900731211127148500,Thu Aug 24 14:47:10 +0000 2017,It's all about balancing ourselves   16rajini #throwbackthursday https://t.co/EwWBSSXk3k
900588733812150300,Thu Aug 24 05:21:00 +0000 2017,Is there any need for a caption ??  #legend https://t.co/KP82eX817R
897875115718922200,Wed Aug 16 17:38:03 +0000 2017,Great win guys @LycaKovaiKings  high quality innings buddy @rohith23 ..
897152397683834900,Mon Aug 14 17:46:14 +0000 2017,Food for EveryOne #LetsContribute https://t.co/Z7B4JspSbm
895664002738597900,Thu Aug 10 15:11:53 +0000 2017,@ImAHShaikh @cricbuzz I'm still in South Africa bro..
893791270824427500,Sat Aug 05 11:10:19 +0000 2017,Amazing experience with the team, out in the wild. #safari #kingofthejungle #mabulasafari #SouthAfrica https://t.co/Cz6kApdeMb
893746217196306400,Sat Aug 05 08:11:17 +0000 2017,Some fun at the end of the session 16rajini @ The Capital Menlyn Maine https://t.co/9qtCas5N38
892074433879326700,Mon Jul 31 17:28:13 +0000 2017,Welcome to Manchester #Matic @ManUtd #MUFC #RedDevil #PremierLeague https://t.co/aO4vUJGZ0q
892041367320506400,Mon Jul 31 15:16:49 +0000 2017,Thanks guys :)
892041290808000500,Mon Jul 31 15:16:31 +0000 2017,@dtstamil23 Thank you
892038083755073500,Mon Jul 31 15:03:47 +0000 2017,@RohitRipu100 Thank you
892037092213182500,Mon Jul 31 14:59:50 +0000 2017,Is it still raining in dindigul ?? #TNPL #LycaKovaiKings
889433585328963600,Mon Jul 24 10:34:26 +0000 2017,https://t.co/ZA5ANQbRLN https://t.co/3ZqawJkC3x
889320687252328400,Mon Jul 24 03:05:49 +0000 2017,No matter a game won or lost but you win billions of hearts !! You made all of us proud .. 🇮🇳 @BCCIWomen #WWC17Final
889173261841576000,Sun Jul 23 17:20:00 +0000 2017,Good win to start off with @LycaKovaiKings keep going guys .. long way to go @TNPremierLeague
889058488566947800,Sun Jul 23 09:43:56 +0000 2017,Wishing our #WomenInBlue for the big Final. Go for the Glory. ♥️🇮🇳 #WWC17Finald
888395878230368300,Fri Jul 21 13:50:57 +0000 2017,With the man himself 16rajini #nextlevel  #shadeslove https://t.co/bVTwg6QpuV
886583700028137500,Sun Jul 16 13:50:00 +0000 2017,1 down 2 to go @Wimbledon #FedererVsCilic @rogerfederer
885335407465963500,Thu Jul 13 03:09:44 +0000 2017,Congrats @M_Raj03 for becoming the highest Run scorer in International Cricket for Women !! #MithaliRaj  #Legend #WWC17
884638022624358400,Tue Jul 11 04:58:35 +0000 2017,Deeply saddened by the attack on pilgrims in the #AmarnathTerrorAttack ,condolences to the victims' families &amp; quick recovery to the wounded
884031173260750800,Sun Jul 09 12:47:10 +0000 2017,Back to Merseyside after 13 fantastic years @ManUtd .. Thanks @WayneRooney &amp; wish you the best!!! #FarewellToALegend https://t.co/11Jelfz1PP
884029457295589400,Sun Jul 09 12:40:21 +0000 2017,RT @ManUtd: #FarewellToALegend  @WayneRooney is leaving #MUFC to return to Everton: https://t.co/QQrxKB2wo4  Thank you, Wayne, from all of…
884026836618887200,Sun Jul 09 12:29:56 +0000 2017,RT @ImRaina: #HappyGuruPurnima!! Greatful to all who have been my aspiration and inspiration 🙏 https://t.co/WSAEB48MN9
883676351298846700,Sat Jul 08 13:17:14 +0000 2017,Champions keeps training until they get it right #TrainingHard @rajamani_prabhu #KeepGrinding https://t.co/whh88aIKgP
883348092329775100,Fri Jul 07 15:32:51 +0000 2017,Happy Birthday Mahi Bhai 🎂@msdhoni #Stayblessed #captaincool https://t.co/8lM9uu0jB7
882997034684436500,Thu Jul 06 16:17:53 +0000 2017,RT @TNPremierLeague: India 'A' cricketer @vijayshankar260 addressing the press meet of TNPL 2.0 in Dindigul  #DoubleTheGethu https://t.co/F…
882615353255145500,Wed Jul 05 15:01:13 +0000 2017,C'mon Girls, lets make it 4 in a row @BCCIWomen #INDvSL #WWC17 #bringthecuphome @M_Raj03
882614514398642200,Wed Jul 05 14:57:53 +0000 2017,Happy Birthday Champ @Pvsindhu1 #StayBlessed Hope you have a great year ahead #MOREPOWERTOYOU
882551801240633300,Wed Jul 05 10:48:41 +0000 2017,Great man @rogerfederer continues to inspire @Wimbledon #InspirationUnmatched #respect @nikecricket https://t.co/yuC03Rlzrl
880697691558342700,Fri Jun 30 08:01:06 +0000 2017,Congrats Team India @BCCIWomen Well played, Keep going . Brilliant innings from @mandhana_smriti #WWC17
880440271833411600,Thu Jun 29 14:58:13 +0000 2017,Have lots of memories to share with you buddy. Many Congratulations and wish you tons of happiness in the new phase… https://t.co/r693X3eQc7
880415405205880800,Thu Jun 29 13:19:24 +0000 2017,RT @KP24: Would any company or individual like to sponsor my rhino bat for my T20 season for Surrey? 100% of the money will go to rhinos...…
879970773296791600,Wed Jun 28 07:52:36 +0000 2017,Congratulations @ramkumar1994 on your victory against a Top 10 player.. Fantastic Feat !! #ProudIndian @antalyaopen https://t.co/i2CNPTKO54
879207388053504000,Mon Jun 26 05:19:10 +0000 2017,Wishing everyone #EidMubarak . May there be happiness all around!
878176317589430300,Fri Jun 23 09:02:04 +0000 2017,RT @LycaKovaiKings: Kings 👑 at TNPL SEASON 2.0 Player Draft. #Veralevelavarom @TNPremierLeague https://t.co/akqEd1esjU
874632045518929900,Tue Jun 13 14:18:24 +0000 2017,The innovation that's gonna transform cricket @gaamesunlimited @SPECULUR_SW #BatSensor #CT17 https://t.co/lOdPeMcPxO
869986997489737700,Wed May 31 18:40:38 +0000 2017,RT @lakshuakku: Catch me LIVE on @HelloFM1064 with @vijayshankar260 , Basil Thampi and @HelloRJSuresh   Call us at 044-44669999 https://t.c…
869189809939521500,Mon May 29 13:52:54 +0000 2017,@gaamesatul All the very best
867743547386077200,Thu May 25 14:05:58 +0000 2017,@sachin_rt Sir,  you are a true inspiration ! Can't wait to watch #SachinABillionDreams #Genius #God #MasterBlaster https://t.co/Ru7B5dc96h
864059618766405600,Mon May 15 10:07:21 +0000 2017,One of the best moments in my career moving forward - It was a pleasure  sharing it with the skipper 😁 SunRisers... https://t.co/h6LYDGL8ag
858805016441827300,Sun Apr 30 22:07:26 +0000 2017,Four shades of Gray @graynics - Always the best 🔥 https://t.co/K79MTLBACv
857228538273050600,Wed Apr 26 13:43:04 +0000 2017,RT @SunRisers: The Chandigarh arrival  #OrangeArmy #RiseOfOrange #IPL https://t.co/jtnOfw6Z1f
854585965532160000,Wed Apr 19 06:42:26 +0000 2017,This is will be interesting. Game On! @ETMONEY #BattingForMoney
854073175977541600,Mon Apr 17 20:44:47 +0000 2017,Happy birthday to all time leading wicket taker in international cricket and the most humble human being  #legend... https://t.co/g7JCFbPYkh
854071872790683600,Mon Apr 17 20:39:37 +0000 2017,Happy birthday to all time leading wicket taker in international cricket and the most humble… https://t.co/zZN0UQoZp0
849242939767304200,Tue Apr 04 12:51:09 +0000 2017,The Orange Army Selfie! SunRisers Hyderabad #IPL2017 #HereWeCome https://t.co/0zn6XrEWan
847164382589136900,Wed Mar 29 19:11:43 +0000 2017,RT @hrishikanitkar: @DineshKarthik was fabulous. Well done @vijayshankar260 for leading from the front. Well deserved  @TNCACricket team
846626119424053200,Tue Mar 28 07:32:51 +0000 2017,Congrats Team India 👏🏻What a phenomenal home season !! @BCCI https://t.co/QCTduqm8F4
844231471091142700,Tue Mar 21 16:57:22 +0000 2017,The crew at Jet Airways surprised the team with a cake inside the flight today on our way back… https://t.co/37Z7raC6f6
844034540045787100,Tue Mar 21 03:54:50 +0000 2017,Picture says it all  #champions #vijayhazare https://t.co/IsMNsc2W85
843150089673719800,Sat Mar 18 17:20:21 +0000 2017,Gone crazy abt this   #firepan #delhi #connaughtplace https://t.co/Y9atlZRFzw
842653300633800700,Fri Mar 17 08:26:17 +0000 2017,Moment to be captured !! #oakley #hues https://t.co/x2tiC6F2pG
841162061220577300,Mon Mar 13 05:40:38 +0000 2017,Kick starting the day with lot of fun #holi #festivalofcolours https://t.co/j1oq4X3it2
839468771366490100,Wed Mar 08 13:32:06 +0000 2017,She sees it all, Says little. sacrifices all, complains little. Gives all, expects little. All she wants is a... https://t.co/IqS1Dw3Qol
836096314987405300,Mon Feb 27 06:11:10 +0000 2017,Rest Days are sorted with these guys around! #TrainingHard #OneGoal #VijayHazare2017 https://t.co/rHHsY9OV8s
834374166140829700,Wed Feb 22 12:07:57 +0000 2017,#NewProfilePic https://t.co/l1qiBNh54q
829999305666809900,Fri Feb 10 10:23:49 +0000 2017,Life in a sketch! #GoodVibes #FilterGameStrong https://t.co/LCkMEWa4Pc
824536085803851800,Thu Jan 26 08:34:56 +0000 2017,Get together, be the Strength of the nation and help it reach greatest heights ! Best Wishes on this Republic Day .
808217155133182000,Mon Dec 12 07:49:20 +0000 2016,Happy birthday yuvi paa 🎂 Real fighter and a gem of a person #youwecan  #sunrisershyderabad https://t.co/n8O947wPrE
808213016713904100,Mon Dec 12 07:32:53 +0000 2016,Happy birthday yuvi paa 🎂  Real fighter and a gem of a person #youwecan #sunrisershyderabad https://t.co/jcZ1ladWML
807616134233161700,Sat Dec 10 16:01:05 +0000 2016,Finally something to cherish .. https://t.co/RqD1lLPBcD
789007731306795000,Thu Oct 20 07:37:56 +0000 2016,The Sun did rise at the NCA SunRisers Hyderabad Shikhar Dhawan Bhuvneshwar Kumar #Bangalore https://t.co/HSNiT7Ar4H
776695009781264400,Fri Sep 16 08:11:35 +0000 2016,Congrats Bala bhai..had some lovely time with you on and off the field.. all the best for future… https://t.co/CA7JSRwJgm
775991131045625900,Wed Sep 14 09:34:37 +0000 2016,@akilcts not sure
775680680185376800,Tue Sep 13 13:01:00 +0000 2016,Special mention to thamarai kannan who went in as substitute and took an important catch under pressure. #TNPL @LycaKovaiKings rock it guys
775679386620158000,Tue Sep 13 12:55:51 +0000 2016,A must win game and this is how we deliver it.. great team work guys .. keep rocking #lycakovaikings #TNPL
773018864615469000,Tue Sep 06 04:43:53 +0000 2016,RT @TNPremierLeague: Here's the winning team selfie of .@Lycakovaikings #TNPL #CSGvLKK #NammaOoruNammaGethu https://t.co/lgpF1IOVfs
771602922727542800,Fri Sep 02 06:57:27 +0000 2016,So happy to be back here.. tirunelveli daaaaaaa #nativelove #lycakovaikings #TNPL https://t.co/0lRIQvsplp
771009172104065000,Wed Aug 31 15:38:05 +0000 2016,Great going guys @LycaKovaiKings wish I was there.. #TNPL
770993670279553000,Wed Aug 31 14:36:30 +0000 2016,@madhusudhananj very soon
770992218865795100,Wed Aug 31 14:30:43 +0000 2016,Great fielding so far from @LycaKovaiKings keep going guys.. loving it.. #TNPL
770980151597404200,Wed Aug 31 13:42:46 +0000 2016,Great start guys.. keep going and Rock it  @LycaKovaiKings @TNPremierLeague
767572538750677000,Mon Aug 22 04:02:08 +0000 2016,RT @LycaKovaiKings: Check out our #LycaKovaiKings boys' cartoon version. Cheer for @LycaKovaiKings. https://t.co/r2n55mDvxw
766252640279724000,Thu Aug 18 12:37:20 +0000 2016,RT @LycaKovaiKings: Be there at Brookefields, #Coimbatore at 4:30 PM today for the launch of #LKKanthem. #VeraLevellaVarom RT &amp; Support htt…
766252479059152900,Thu Aug 18 12:36:41 +0000 2016,RT @LycaKovaiKings: Check out the images of '@LycaKovaiKings' anthem launch. Listen to the anthem here: https://t.co/T3skUEFUr6 https://t.c…
764997927546728400,Mon Aug 15 01:31:33 +0000 2016,I posted a new photo to Facebook https://t.co/y5F6UKkXoQ
764549241456832500,Sat Aug 13 19:48:38 +0000 2016,Had the best evening ever with the Rockstar #crowdpuller # complete performer #lycakovaikings https://t.co/LJaQlR8sMj
764548547874320400,Sat Aug 13 19:45:53 +0000 2016,Had the best evening ever with the Rockstar..  #crowdpuller # complete performer  #lycakovaikings https://t.co/aPJbtX4s0O
764149157531492400,Fri Aug 12 17:18:51 +0000 2016,Had great fun with these guys at the photo shoot #lycakovaikings #tnpl https://t.co/rJ4GJA0rkp
764127755986276400,Fri Aug 12 15:53:48 +0000 2016,Had great fun with these guys at the photo shoot #lycakovaikings #tnpl https://t.co/YIqkSVQOCD
764071811432591400,Fri Aug 12 12:11:30 +0000 2016,Looking fwd to be blown away by my favourite singer Rockstar @singer_karthik .. https://t.co/MdS2vyHWox
761782223519440900,Sat Aug 06 04:33:29 +0000 2016,@mukundabhinav real clean hitting..
761078174457303000,Thu Aug 04 05:55:51 +0000 2016,RT @LycaKovaiKings: Check out the fun team bonding session of @LycaKovaiKings at ECR today.  #LycaKovaiKings https://t.co/gs0d2w9Eev
760395341459959800,Tue Aug 02 08:42:31 +0000 2016,@DineshKarthik @TUTI_PATRIOTS 🙋
759430239168499700,Sat Jul 30 16:47:33 +0000 2016,@rajumahalingam thank you sir..
759427602092167200,Sat Jul 30 16:37:04 +0000 2016,RT @rajumahalingam: Welcome @vijayshankar260 to the Lyca family....... https://t.co/eUQhrM3wRh
759373116191576000,Sat Jul 30 13:00:34 +0000 2016,And it's #lycakovaikings  Really happy to be part of this wonderful team and looking fwd for this exciting... https://t.co/t4PYtusQzk
759372265808990200,Sat Jul 30 12:57:11 +0000 2016,And it's #lycakovaikings  Really happy to be part this wonderful team and looking fwd for this… https://t.co/lpKt7JS6LD
759345268953231400,Sat Jul 30 11:09:54 +0000 2016,RT @chandru1899: Very exited and looking forward to watch TNPL. Looks like all the teams are equally balanced. #TNPLDraft @TNPremierLeague…
759269276209541100,Sat Jul 30 06:07:56 +0000 2016,Very much excited about the #tnpl auction.. all the best to all the 8 teams.. Looking fwd for a wonderful inaugural tournament
758895444143452200,Fri Jul 29 05:22:28 +0000 2016,thanks a lot for this beauty guys.. all your stuffs are driving me crazy to buy your more and… https://t.co/ZvSQVQFVFx
744887881185951700,Mon Jun 20 13:41:24 +0000 2016,Can't ask for anything better than this #champion # vijay cc #sunrisershyderabad https://t.co/JL1sbLGoNf
744887473684127700,Mon Jun 20 13:39:47 +0000 2016,Can't ask for anything better than this #champion # vijay cc #sunrisershyderabad https://t.co/y0CAa0QLrL
742381102392713200,Mon Jun 13 15:40:22 +0000 2016,Yet another trophy to the account #champions #indiacements https://t.co/pE2jxhiFeX
742378459775836200,Mon Jun 13 15:29:52 +0000 2016,Yet another trophy to the account  #champions #indiacements https://t.co/0wORQXOa7C
739327370968997900,Sun Jun 05 05:25:55 +0000 2016,RT @SunRisers: Get ready #OrangeArmy! We're displaying the #IPL trophy on June 4 &amp; June 5 in #Hyderabad! Come join the celebration. https:/…
739325566692655100,Sun Jun 05 05:18:45 +0000 2016,RT @VVSLaxman281: RIP  Muhammad Ali!!A true legend &amp; one of my all time favourite sportsperson whose life &amp; quotes like 👇inspired me https:…
739325174613344300,Sun Jun 05 05:17:12 +0000 2016,@tommysimsek thanks Tommy
739318231043735600,Sun Jun 05 04:49:36 +0000 2016,@tommysimsek  not a very active person on social networks.. I just saw my pic and it's been more than 2 yrs now since I uploaded this pic..
739148483270037500,Sat Jun 04 17:35:05 +0000 2016,Definitely the best moment #sunrisershyderabad #champions https://t.co/gBRa2lIMz4
739147666911678500,Sat Jun 04 17:31:51 +0000 2016,Definitely the best moment #sunrisershyderabad #champions https://t.co/yScpGe2q0E
735108219383644200,Tue May 24 14:00:31 +0000 2016,RT @NagpurHaldirams: @SDhawan25 @Mustafiz90 @namanojha35 @davidwarner31 @Mozzie21 @BhuviOfficial @sharmakarn03 @vijayshankar260 https://t.c…
732568567003025400,Tue May 17 13:48:51 +0000 2016,Happy bday @chinu1501 #orangearmy #sunrisershyderabad https://t.co/gLV2LLeFJj
727406148530372600,Tue May 03 07:55:15 +0000 2016,Had a great off day in a beautiful resort #leonia #gokarting #orangearmy #sunrisershyderabad https://t.co/i8qfIaRXYv
727405492750839800,Tue May 03 07:52:38 +0000 2016,Had a great off day in a beautiful resort #leonia #gokarting  #orangearmy #sunrisershyderabad https://t.co/2j2raqVDIn
727377503027781600,Tue May 03 06:01:25 +0000 2016,RT @adu97: a day well spent with mates n family at the leonia resort.Some serious races at the karting circuit!!! #orangearmy https://t.co/…
722303381822402600,Tue Apr 19 05:58:40 +0000 2016,Happy birthday hooda #perfectcelebration #orangearmy
722302705193001000,Tue Apr 19 05:55:59 +0000 2016,Happy bday hooda #perfect celebration #orangearmy https://t.co/BnkDB7EdIv
719171488440561700,Sun Apr 10 14:33:39 +0000 2016,All set for the event #redfm https://t.co/s1OZnlhBSA
715847261092188200,Fri Apr 01 10:24:21 +0000 2016,RT @tncricketteam: IT'S SELFIE TIME: The Vijay CC team, which retained the TNCA Elite first division final against Jolly Rovers ! https://t…
715527374847258600,Thu Mar 31 13:13:14 +0000 2016,League champions https://t.co/ugOH7KyxSK
715506269021286400,Thu Mar 31 11:49:22 +0000 2016,RT @malolanr: First division champions! #vijaycc @CristAswin https://t.co/im3VQi6zvC
703941806526824400,Sun Feb 28 13:56:19 +0000 2016,Fwd: Proud to share official team song of @ChennaiCityFC @roh00 featuring @imkaashif feat @Vishaldadlani https://t.co/fdmlDVNryp #Goalpodu
660051037902913500,Fri Oct 30 11:10:05 +0000 2015,Vijay Shankar: I want to be a genuine allrounder https://t.co/AlWtJMyjx1
628150236838539300,Mon Aug 03 10:27:41 +0000 2015,http://t.co/82imEbqiE6
615429343532048400,Mon Jun 29 07:59:24 +0000 2015,Rahane to lead second-string side in Zimbabwe http://t.co/9xfiJz3qSE
610681902433857500,Tue Jun 16 05:34:46 +0000 2015,http://t.co/SBFyDCjWV6
610417880190955500,Mon Jun 15 12:05:38 +0000 2015,Ashwin finds peace with the offbreak http://t.co/NyiIRAbk7V
609328981209288700,Fri Jun 12 11:58:44 +0000 2015,Have no fear, Ajinkya Rahane's here - The Times of India http://t.co/2WqMJP2PD4
608954570354663400,Thu Jun 11 11:10:58 +0000 2015,Ajinkya Rahane in Focus http://t.co/YjYyK20K8S
608907399508934700,Thu Jun 11 08:03:31 +0000 2015,We need to learn the art of taking 20 wickets: Umesh Yadav - The Times of India http://t.co/IKlkK7TaEz
608882621515448300,Thu Jun 11 06:25:04 +0000 2015,We are backing our bowlers to do the job: Ashwin - The Times of India http://t.co/xmLOi91ogQ
608544385764999200,Wed Jun 10 08:01:02 +0000 2015,@russcsk thank you sir
608442436273188900,Wed Jun 10 01:15:55 +0000 2015,http://t.co/WCSInaEGYk
607877617564319700,Mon Jun 08 11:51:32 +0000 2015,Ajinkya who? http://t.co/wL6Sdaib78
607502514439651300,Sun Jun 07 11:01:00 +0000 2015,Axar Patel speaks about his aspirations. http://t.co/RO2b3griiQ
607068973092339700,Sat Jun 06 06:18:16 +0000 2015,http://t.co/qFKBIQEyDS
606851999775072300,Fri Jun 05 15:56:06 +0000 2015,Ajinkya Rahane Official asking you to do your bit for the Environment. http://t.co/ZQcR27ZHt1
593641069889196000,Thu Apr 30 05:00:35 +0000 2015,Here's another reason to show your love for the game! A special selection of Official Merchandise, at unofficial... http://t.co/40Ztbkh76I
566792543430783000,Sun Feb 15 02:54:07 +0000 2015,All the best to our GU stars..Big game..Big stage.. Come on India.. http://t.co/d8OMotdDtF
564812475120762900,Mon Feb 09 15:46:02 +0000 2015,http://t.co/TlN31Pyibe... http://t.co/FJKI6L77uj
563262889143042050,Thu Feb 05 09:08:32 +0000 2015,http://t.co/wCPGHPm9P7
534705272925597700,Tue Nov 18 13:50:46 +0000 2014,Different experience :) http://t.co/66nISTFjoP
534705004117262340,Tue Nov 18 13:49:41 +0000 2014,Different experience :) http://t.co/XS6cyOnZYr
534019357991796740,Sun Nov 16 16:25:11 +0000 2014,I posted a new photo to Facebook http://t.co/CAsY0LqJBA
533626478651785200,Sat Nov 15 14:24:01 +0000 2014,Happy bday chaturvedsarangarajan :) sry fa celebrating it sooooo late http://t.co/yxy4eevDfg
529324106840555500,Mon Nov 03 17:27:56 +0000 2014,Just posted a photo http://t.co/cX5cHGjYda
529320273682911200,Mon Nov 03 17:12:42 +0000 2014,#wedding #fun http://t.co/FplovaI7Vf
527032957413109760,Tue Oct 28 09:43:43 +0000 2014,https://t.co/nHLoRoc4aT http://t.co/uz3sm9PTBD
526269130907721700,Sun Oct 26 07:08:33 +0000 2014,Cool drive with friends after a long time :) #awesomeweather http://t.co/sEpgVSFWdJ
524965635382845440,Wed Oct 22 16:48:55 +0000 2014,Awesome diwali :) #friendsarethebest http://t.co/S0HBI7ZR2U
524544657833738240,Tue Oct 21 12:56:06 +0000 2014,RT @gaankau: Supporting the reds @ManUtd on a long night with @yomi2105 @vijayshankar260 @susshh31 @aparajithbaba @rahilshah_20 http://t.co…
524539284259237900,Tue Oct 21 12:34:45 +0000 2014,#mumbaiairport #yoo-look #chennaibound http://t.co/w916XE2Tar
524407916594757600,Tue Oct 21 03:52:45 +0000 2014,I posted a new photo to Facebook http://t.co/fFaAuciIvF
508878976669212700,Mon Sep 08 07:26:17 +0000 2014,Saurabh Yadav is the winner for the week end.He will get an English Willow SS bat in a few days..His Inbox will... http://t.co/lmaxCrWB77
508155472265109500,Sat Sep 06 07:31:20 +0000 2014,Best bats in the WORLD... Click Like on the page and get a chance to Win a bat..... http://t.co/wEAofvzwQc
505602761753657340,Sat Aug 30 06:27:46 +0000 2014,I posted a new photo to Facebook http://t.co/UrtYJzetOK
495921503645364200,Sun Aug 03 13:17:54 +0000 2014,RT @russcsk: What a nice pic @ImRaina @pandey_ishwar @Ronit_more @vijayshankar260 Mohit http://t.co/c6Cr986Vg4
478484963114094600,Mon Jun 16 10:31:19 +0000 2014,Get Real Again http://t.co/AdfNR1zc8g
472625291840733200,Sat May 31 06:27:05 +0000 2014,https://t.co/o4gGuph6hc http://t.co/u1DGZ6Z6iW
471934215366262800,Thu May 29 08:40:59 +0000 2014,off to movie @qmanbad @iampawannegi http://t.co/y7LyjW4bAj
470825614132252700,Mon May 26 07:15:48 +0000 2014,Off to mumbai http://t.co/KdCyLO8eAz
469144941805838340,Wed May 21 15:57:25 +0000 2014,Our teams master mind @lakshuakku being fed by @ashwinravi99 @russcsk http://t.co/151A5Egcsg
468375787926614000,Mon May 19 13:01:04 +0000 2014,Omg!!watta catch that was from pollard..unbelievable
465372645630832640,Sun May 11 06:07:39 +0000 2014,Happy mothers day :)
463934756099350500,Wed May 07 06:54:00 +0000 2014,With my Super Cool team mates! Whistle Podu! http://t.co/QO10ZCyESr
463927197325987840,Wed May 07 06:23:57 +0000 2014,http://t.co/6X1huDT6dP http://t.co/pPgy8VSrAq
463726758831722500,Tue May 06 17:07:29 +0000 2014,RT @russcsk: @ImRaina having some fun with Shankar Rao @vijayshankar260 @Ronit_more @pandey_ishwar http://t.co/ugDlxTVSkO
462518359683125250,Sat May 03 09:05:44 +0000 2014,I posted a new photo to Facebook http://t.co/o6vovcIMJn
462175193276743700,Fri May 02 10:22:07 +0000 2014,http://t.co/xnNHWyr5mQ
461446031654531100,Wed Apr 30 10:04:41 +0000 2014,The IPL action is back on Home Soil, If you are a Vijay Shankar Official fan, You will love this special video... http://t.co/WWRzwwHlvr
461414241463848960,Wed Apr 30 07:58:22 +0000 2014,@Lakshman_akkv it's was awesome..had great time :)
461198518242136060,Tue Apr 29 17:41:10 +0000 2014,Back to INDIA after some wonderful time in uae :)
460880758547038200,Mon Apr 28 20:38:30 +0000 2014,@ashwinravi99 @junaidayalath @prithinarayanan @aparajithbaba  Ohh it was a great day..jus enjoyed every bit of it..
458522052425556000,Tue Apr 22 08:25:50 +0000 2014,RT @itsmadhu: CSK young guns.. All set for the Dubai Road trip #csk#whistlepodu http://t.co/vdLSaEeK1N
458517998999842800,Tue Apr 22 08:09:44 +0000 2014,RT @aparajithbaba: Had a great time in abu dhabi :) now off to dubai!!!! :) http://t.co/LjedbGxqkf
458334757915328500,Mon Apr 21 20:01:36 +0000 2014,RT @russcsk: http://t.co/9s8su1Htum
456309996989317100,Wed Apr 16 05:55:55 +0000 2014,All set for the IPL!!!! http://t.co/YgtGquFqBe
456093367374323700,Tue Apr 15 15:35:07 +0000 2014,@DineshKarthik @aparajithbaba are we?? Ok ll keep posing differently..
456082554433458200,Tue Apr 15 14:52:09 +0000 2014,RT @russcsk: @aparajithbaba @vijayshankar260 alias Shankar Rao #whistlepodu http://t.co/iIyWiBFfa3
455990806579392500,Tue Apr 15 08:47:34 +0000 2014,RT @russcsk: Wow @ferrariworldabudhabi our players are enjoying it thanks for having us @ChennaiIPL http://t.co/e9OBSjo7IR
455990688253894660,Tue Apr 15 08:47:06 +0000 2014,RT @russcsk: @vijayshankar260 at #ferrariworlabudhabi @ferrariworldabudhabi http://t.co/hyZGSQByWx
455370630297161700,Sun Apr 13 15:43:13 +0000 2014,Congrats @chennaiipl for the #6erOnTwitter ! The only IPL team to cross 6lac followers. #whistlepodu to all the #superfans. U r the best!
454637009173110800,Fri Apr 11 15:08:04 +0000 2014,RT @ChennaiIPL: “@russcsk: @vijayshankar260 @aparajithbaba @pandey_ishwar the young guns #whistlepodu http://t.co/ZVa96YmD0Y” luking 4ward …
441435888568893440,Thu Mar 06 04:51:32 +0000 2014,RT @yomi2105: Back home aftr a victorious subiah pillay.sweet taste of victory.bigger challenges ahead.looking forward to it. http://t.co/e…
431104499684364300,Wed Feb 05 16:38:16 +0000 2014,@gullu92 great man..howa u??hope u havin a great time at germany :)
411146182597951500,Thu Dec 12 14:51:03 +0000 2013,https://t.co/vLQhJbuWyX is my page
411057641759072260,Thu Dec 12 08:59:13 +0000 2013,RT @gaamesunlimited: GU star @vijayshankar260 http://t.co/YXCj0IbHTg
402120910519291900,Sun Nov 17 17:07:50 +0000 2013,Wat a speech from the legend.Enjoyed watching all the innings from the master blaster.A big salute to the living legend SACHIN TENDULKAR :)
396333831554211840,Fri Nov 01 17:52:03 +0000 2013,Wish you all a happy n safe diwali :)
383263371375943700,Thu Sep 26 16:14:43 +0000 2013,Omg!!!!! 5 huge sixes in 18th over......jus amazing
382968453599997950,Wed Sep 25 20:42:49 +0000 2013,Great win for the Red Devils..United all d way :)
378838977551159300,Sat Sep 14 11:13:45 +0000 2013,Zimbabwe won d 2nd test n levelled d series against Pakistan :)
377818236332814340,Wed Sep 11 15:37:41 +0000 2013,RT @ndtv: Dead snake found in food served by hospital canteen in Kerala http://t.co/G4plO35E28
376947895980675100,Mon Sep 09 05:59:16 +0000 2013,Happy Ganesh chaturthi :)
376718304733188100,Sun Sep 08 14:46:57 +0000 2013,@saikumarjj82 ya
376717308397236200,Sun Sep 08 14:43:00 +0000 2013,http://t.co/dsi0Cyk4lK
376716750059868160,Sun Sep 08 14:40:46 +0000 2013,@ashwinravi99 haha......went after that :p
376713369174044700,Sun Sep 08 14:27:20 +0000 2013,Great day at Ecr with friends :) good weather n good drive after a long time :)
375683076040319000,Thu Sep 05 18:13:19 +0000 2013,Brilliant doubles tennis from paes n stepanek to reach d finals of d US open
375682327801643000,Thu Sep 05 18:10:21 +0000 2013,Had great fun watching The Conjuring with friends..enjoyed every moment of it :)
366913727745900540,Mon Aug 12 13:27:04 +0000 2013,@saikumarjj82 thanks na..
356469809736716300,Sun Jul 14 17:46:40 +0000 2013,@Jaseholder98 well bowled jason :)
352758921791942660,Thu Jul 04 12:00:55 +0000 2013,RT @gaamesunlimited: GU star @vijayshankar260 with li'l cousin http://t.co/fGrSBrBKq7
349212998470074400,Mon Jun 24 17:10:41 +0000 2013,Nadal is now out of d Wimbledon :( ..Steve darcis was outstanding..great win
346309466087628800,Sun Jun 16 16:53:05 +0000 2013,@Jaseholder98 ha ha ya..he was telling dat too :p
346306461300822000,Sun Jun 16 16:41:09 +0000 2013,@Jaseholder98 dat guy was asking abt u..:)
346304849178148860,Sun Jun 16 16:34:44 +0000 2013,@Jaseholder98 saw ur autograph Der brew :)
346294191304880100,Sun Jun 16 15:52:23 +0000 2013,Had a good time at bellaria :).......missed u both @aparajithbaba @Jaseholder98 ..
345196028535910400,Thu Jun 13 15:08:41 +0000 2013,@russcsk sure :)
345192889095172100,Thu Jun 13 14:56:12 +0000 2013,@russcsk shankar Rao :p n apat Rao @aparajithbaba..unforgettable one :)
345186308651642900,Thu Jun 13 14:30:03 +0000 2013,@Iyencorenator done..den we ll be der 15min before :p..wat say @aparajithbaba ??
345183769843601400,Thu Jun 13 14:19:58 +0000 2013,@Iyencorenator ayyo!! Believe me.. if u want me to come den my friend  @aparajithbaba has to come..:p
345178397330255900,Thu Jun 13 13:58:37 +0000 2013,@ashwinravi99 haha..its all over..now back to same old routine :p
343031361415823360,Fri Jun 07 15:47:04 +0000 2013,RT @s_badrinath: Damn its a break....gotta admire nadals attitude....plays every point like its his last.
342592957054074900,Thu Jun 06 10:45:00 +0000 2013,Enjoying d weather wit friends :) such a great feeling :)
342535102355619840,Thu Jun 06 06:55:07 +0000 2013,RT @gaamesunlimited: GU stars @aparajithbaba and @vijayshankar260 http://t.co/GqgvGwpPBd
341987959295340540,Tue Jun 04 18:40:57 +0000 2013,Thank god.....finally its back..good night all :)
341985771160477700,Tue Jun 04 18:32:16 +0000 2013,@priya_thalur lol..sure
341985006916354050,Tue Jun 04 18:29:14 +0000 2013,@priya_thalur ya.....made a big mistake
341983592559300600,Tue Jun 04 18:23:36 +0000 2013,Electricity board is jus killin me
341797060657434600,Tue Jun 04 06:02:24 +0000 2013,http://t.co/xh1zipMZHS
341262241670242300,Sun Jun 02 18:37:13 +0000 2013,That was just terrific from federer :)
341221067718815740,Sun Jun 02 15:53:36 +0000 2013,@sushi_mahi ya
341212331453345800,Sun Jun 02 15:18:53 +0000 2013,Can't ask for a better weekend :)......heavy rains and long drive wit friends after a very long time :)
340862574310592500,Sat Jun 01 16:09:05 +0000 2013,RT @gaamesunlimited: GU star @vijayshankar260 with Mr. Cricket http://t.co/EPq7Jzot1Q
339424450179117060,Tue May 28 16:54:29 +0000 2013,@itsmadhu sure..
339317977730134000,Tue May 28 09:51:24 +0000 2013,@s_badrinath really missing dat na..will surely catch u all soon :)
339033078813048800,Mon May 27 14:59:19 +0000 2013,@prithinarayanan yea......no more cappuccino :P
338909413488332800,Mon May 27 06:47:55 +0000 2013,Had wonderful two months with d csk team..just enjoyed every moment of it :) great experience wit all top players :) will miss them all
337469020477468700,Thu May 23 07:24:19 +0000 2013,RT @itsmadhu: Q17: which CSK player acted  in an award winning documentary in 2010..he was was paid for the the role. Please RT the question
336926302655356900,Tue May 21 19:27:44 +0000 2013,Yet another clinical performance :) great knock by mr.cricket n @ImRaina..just one more to go.......csk rocks :)
335086065645928450,Thu May 16 17:35:18 +0000 2013,RT @aparajithbaba: Having a great tym wd @s_badrinath @ashwinravi99 @vijayshankar260  at shiroz :-) http://t.co/hjnrZpEOgQ
334587093823143940,Wed May 15 08:32:34 +0000 2013,Mr.cricket :) http://t.co/oh6TkXmFLx
334411443552280600,Tue May 14 20:54:36 +0000 2013,@s_badrinath @aparajithbaba @mvj888 http://t.co/bRKNjXGaj0
333468218876362750,Sun May 12 06:26:33 +0000 2013,Happy mothers day :)
333187742253064200,Sat May 11 11:52:02 +0000 2013,Sandstorm n d rain spoiled d practice session http://t.co/wom7fmahhm
332886189382176800,Fri May 10 15:53:46 +0000 2013,RT @russcsk: With @aparajithbaba @vijayshankar260 http://t.co/KMrFxKC8ZU
332885612392759300,Fri May 10 15:51:29 +0000 2013,RT @russcsk: http://t.co/96LIHFlULw
331797886868258800,Tue May 07 15:49:15 +0000 2013,@prithinarayanan want somethin??
330934634072399900,Sun May 05 06:39:00 +0000 2013,@aparajithbaba http://t.co/mbf7XTaWjg
328816102459179000,Mon Apr 29 10:20:42 +0000 2013,RT @ashwinravi99: Done with the pool session.Had a great time chatting away with @iamraina @s_badrinath @vijayshankar260 .#CSKfire
328714637543620600,Mon Apr 29 03:37:31 +0000 2013,@ashwinravi99 haha..as I told u my heart rate jus went up so high..
328567876606902300,Sun Apr 28 17:54:20 +0000 2013,RT @russcsk: http://t.co/NeDAhmrrAz
328564942850646000,Sun Apr 28 17:42:41 +0000 2013,Great win n once again great knock by hussey :)
327286571076304900,Thu Apr 25 05:02:53 +0000 2013,RT @russcsk: The chennai kings @ashwinravi99 @aparajithbaba @vijayshankar260 @aniruda77 http://t.co/L92dbFQVRD
326436494271193100,Mon Apr 22 20:44:59 +0000 2013,@shravankris sup?
326436268139483140,Mon Apr 22 20:44:05 +0000 2013,@crazyplayer7 26
326434468678213600,Mon Apr 22 20:36:56 +0000 2013,Truly inspirational batting..hats off huss :)
326037970626949100,Sun Apr 21 18:21:24 +0000 2013,@Jaseholder98 http://t.co/8eHgZkfVTp
325522756114468860,Sat Apr 20 08:14:07 +0000 2013,@Senthil_A_Kumar ya
325521994600812540,Sat Apr 20 08:11:06 +0000 2013,http://t.co/rMXLc4NE1d
325274743928410100,Fri Apr 19 15:48:36 +0000 2013,@cric389 ya
325225742617149440,Fri Apr 19 12:33:54 +0000 2013,This journey just gave me a roller coaster feel
324050453811830800,Tue Apr 16 06:43:43 +0000 2013,Twin blasts at the finish line of  Boston marathon..already 3died including a 8yr old boy..my prayers for all those who were involved:(
323443456867446800,Sun Apr 14 14:31:44 +0000 2013,Go united :)
323433762769752060,Sun Apr 14 13:53:12 +0000 2013,@R_Anush who told u??
323332471716474900,Sun Apr 14 07:10:43 +0000 2013,@prithinarayanan ya enjoyed a lot n I never thought I would finish so early :p..it was 5am
323320536262406140,Sun Apr 14 06:23:17 +0000 2013,En iniya puthandu nal vazthukal :)
323187339805462500,Sat Apr 13 21:34:00 +0000 2013,RT @Tipo_Morris: What a game! @ChennaiIPL crowd you were incredible! Thanks for coming out! #lovedit #whistlepodu
323163581493424100,Sat Apr 13 19:59:36 +0000 2013,@ChennaiIPL #PartyTime #whistlepodu
322363133819777000,Thu Apr 11 14:58:54 +0000 2013,@Srivats18 thanks Bro
322360539009384450,Thu Apr 11 14:48:36 +0000 2013,Back home :)
321931420329181200,Wed Apr 10 10:23:26 +0000 2013,RT @ChennaiIPL: The Lions are ready to Roar! It's Kings vs Super Kings.. #whistlepodu
321660798562881540,Tue Apr 09 16:28:05 +0000 2013,@DineshKarthik great knock na :)
321306180481867800,Mon Apr 08 16:58:57 +0000 2013,RT @s_badrinath: Off to chandigarh now...looking forward...!!
315493929724301300,Sat Mar 23 16:03:09 +0000 2013,@inparkbench thanks a lot
308963340489744400,Tue Mar 05 15:32:55 +0000 2013,jus cant wait fa d biggest match........ its manu vs real Madrid :)
301014726157144060,Mon Feb 11 17:07:57 +0000 2013,Goaaa :)
