id,created_at,text
1258971000374530000,Sat May 09 04:04:11 +0000 2020,@NBCLincolnRhyme @tate_ellington @russellhornsby @nbc Love you
1257884900906188800,Wed May 06 04:08:25 +0000 2020,RT @BradleyWhitford: 3000 Americans dying.  EVERY DAY. The horror of 9/11. EVERY DAY. @realDonaldTrump’s incompetence and malicious narciss…
1257503741131063300,Tue May 05 02:53:49 +0000 2020,@nickjonas Done...
1257503200606896000,Tue May 05 02:51:40 +0000 2020,RT @WiseChaiChick: Nick definitely winning this season!! #TheVoice https://t.co/abZi6uNcFG
1257486145379807200,Tue May 05 01:43:54 +0000 2020,OMG...🥰😍 https://t.co/OwWLpgJKaX
1257485914693124000,Tue May 05 01:42:59 +0000 2020,Awesome https://t.co/QCihwgx8mm
1257399184145219600,Mon May 04 19:58:21 +0000 2020,@youIovemelikexo For sure...
1257399016024936400,Mon May 04 19:57:41 +0000 2020,@badpost_sophiet My beautiful child...🥰
1257397053929459700,Mon May 04 19:49:53 +0000 2020,RT @filmfare: It would have been #MetGala Monday so let’s celebrate with some style served by @priyankachopra over the years. https://t.co/…
1257396595215216600,Mon May 04 19:48:04 +0000 2020,RT @Swamy39: How moronic of the Government of India to charge steep rail fares from the half starved migrant labourers! Indians stranded ab…
1257396197762965500,Mon May 04 19:46:29 +0000 2020,RT @ShekharGupta: Deploy IAF planes to take migrants home, not waste precious flying hours for a show  Former IAF fighter pilot, Squadron L…
1257395762528428000,Mon May 04 19:44:45 +0000 2020,Amazing https://t.co/y8oZocN0qD
1257395319815508000,Mon May 04 19:43:00 +0000 2020,@jason_blum Take her home...
1257391506660503600,Mon May 04 19:27:51 +0000 2020,@Jonas_DailyNews @joejonas Love you guys 💕
1255544794916552700,Wed Apr 29 17:09:40 +0000 2020,@badpost_sophiet Love you 😍
1254258082588344300,Sun Apr 26 03:56:44 +0000 2020,@iamsonalibendre You do...😍🥰
1254257761086574600,Sun Apr 26 03:55:27 +0000 2020,@tate_ellington 😂😂😂
1252274566937927700,Mon Apr 20 16:34:57 +0000 2020,@ShekharGupta @simrin_sirur @PraveenJain2622 Heart warming...I always believed that there is good in every human Hi… https://t.co/wKEBBNdXIx
1242591334743097300,Tue Mar 24 23:17:15 +0000 2020,@jonasbrothers @NBCTheVoice Watched...
1242591217537486800,Tue Mar 24 23:16:47 +0000 2020,@nickjonas @NBCTheVoice You are an amazing coach...Nick Jonas...
1238308877973799000,Fri Mar 13 03:40:17 +0000 2020,@JonasConcerts ✈️✈️✈️🎉🎉
1237908267935940600,Thu Mar 12 01:08:24 +0000 2020,@nickjonas 🎉🎊🥰💕
1237908113421893600,Thu Mar 12 01:07:48 +0000 2020,@CityOfStad @crabbydad Love old records...
1233574708580356000,Sat Feb 29 02:08:23 +0000 2020,@tate_ellington @NBCLincolnRhyme Loving it...
1222582939097030700,Wed Jan 29 18:11:01 +0000 2020,RT @blakeshelton: Wait, who’s @nickjonas??? 😬 Gonna be a fun season @nbcthevoice! https://t.co/81oW6pOnf1
1220829715784581000,Fri Jan 24 22:04:20 +0000 2020,@nickjonas Me???
1220829220890267600,Fri Jan 24 22:02:22 +0000 2020,@iamsonalibendre @JaipurLitFest Gorgeous
1216170975928123400,Sun Jan 12 01:32:10 +0000 2020,@tate_ellington @NBCLincolnRhyme Loved it Tate...💕
1215690028690612200,Fri Jan 10 17:41:03 +0000 2020,RT @MirchiSayema: And this is how #JamaMasjid ended their peaceful protest today with the National Anthem.  Jai Hind  #AntiCAA_NRC_NPR @kar…
1211899200801108000,Tue Dec 31 06:37:40 +0000 2019,Awwwh 😍🥰 https://t.co/FGe37zYa9k
1207388542760050700,Wed Dec 18 19:53:55 +0000 2019,RT @HillaryClinton: One of our most precious rights as Americans is the right to determine who our leaders are.   The president abused his…
1206963069311750100,Tue Dec 17 15:43:14 +0000 2019,😂😂😂😂 https://t.co/1DCA3iDrLV
1205474034596667400,Fri Dec 13 13:06:21 +0000 2019,RT @jonasbrothers: Thank you for making us one of the top trending pop musicians of 2019!! #YearInSearch https://t.co/4jpvRorrvX
1205348242751475700,Fri Dec 13 04:46:30 +0000 2019,@jonasbrothers @NYRE 😍😎
1203522472815059000,Sun Dec 08 03:51:32 +0000 2019,RT @TeamPriyanka: Her words inspire us, her work motivates us and her achievements make us proud.. Thank you for trying to make this world…
1203522297434398700,Sun Dec 08 03:50:50 +0000 2019,RT @MidwayMovie: A world class hero. @NickJonas stars in #MidwayMovie - NOW PLAYING. https://t.co/jPdEgwOGSP https://t.co/3W3CFder1z
1203521699498602500,Sun Dec 08 03:48:28 +0000 2019,RT @PurplePebblePic: #Contest Alert To celebrate the @NetflixIndia release of #TheSkyIsPink we've got you all the chance to win a copy of #…
1203521522968780800,Sun Dec 08 03:47:46 +0000 2019,@CityOfStad Plenty 😊😊😊
1199000245281181700,Mon Nov 25 16:21:49 +0000 2019,RT @jonasbrothers: Happiness begins when you get to perform for the best fans... in two places at once! Thank you @TMobile for bringing us…
1197560265283383300,Thu Nov 21 16:59:51 +0000 2019,@iHrithik Wow...never knew
1197541530661216300,Thu Nov 21 15:45:24 +0000 2019,@nickjonas Of course and you’ll take it home...💕😍😘
1169914442122842000,Fri Sep 06 10:05:13 +0000 2019,@TeamPriyanka @VOGUEIndia @priyankachopra Stunning 😊
1169914193912324000,Fri Sep 06 10:04:14 +0000 2019,💕 https://t.co/OCWK9LZdQ5
1160285577419329500,Sat Aug 10 20:23:33 +0000 2019,@CityOfStad Visit Parisa and Ashwin
1160166430735851500,Sat Aug 10 12:30:06 +0000 2019,Congratulations guys 💕💕💕😘 https://t.co/I2gW1N42cj
1154212081161461800,Thu Jul 25 02:09:39 +0000 2019,@priyankachopra @FarOutAkhtar @ZairaWasimmm @RonnieScrewvala @RSVPMovies @roykapurfilms @PurplePebblePic @IvanhoePictures @TIFF_NET 😍😍😍
1144422644185542700,Fri Jun 28 01:49:55 +0000 2019,@Tarunmansukhani Congratulations....can’t wait
1144422325305118700,Fri Jun 28 01:48:39 +0000 2019,@JohannaEBraddy Your friend PC..J
1130033369797079000,Sun May 19 08:52:05 +0000 2019,@nickjonas Get me some
1128477688774131700,Wed May 15 01:50:21 +0000 2019,@kevinjonas @jonasbrothers @nbcsnl So adorable...😍💕
1128466164504510500,Wed May 15 01:04:34 +0000 2019,@Nickelodeon @nickjonas @jonasbrothers 😎😎😎
1128465479042064400,Wed May 15 01:01:50 +0000 2019,@QuanticoTV @CobieSmulders @StumptownABC WOW
1123804329461342200,Thu May 02 04:20:06 +0000 2019,@nickjonas 😍😍😍😍
1123803910827860000,Thu May 02 04:18:26 +0000 2019,@jonasbrothers Everyone of them
1123175087769669600,Tue Apr 30 10:39:43 +0000 2019,@priyankachopra @chopramadhu1 @StudioAesthetiq So proud 😍😍😍
1123173836554289200,Tue Apr 30 10:34:44 +0000 2019,@TeamPriyanka @priyankachopra That’s half her stack???
1123173563710623700,Tue Apr 30 10:33:39 +0000 2019,@jonasbrothers 😍😍🥰
1107383595499470800,Sun Mar 17 20:49:58 +0000 2019,@iamsonalibendre @iHrithik @GOLDIEBEHL 😍🥰
1107174792178753500,Sun Mar 17 07:00:15 +0000 2019,@CityOfStad @rdigiorgi @warreng76 @brookeehofer @babypopdipstick I’m your friend too...
1106364168511193100,Fri Mar 15 01:19:07 +0000 2019,@CityOfStad @rdigiorgi @warreng76 @brookeehofer @babypopdipstick I’m here Stad 🤗
1103858944789934100,Fri Mar 08 03:24:15 +0000 2019,@MrJoshHopkins Not a big fan...
1103858751185014800,Fri Mar 08 03:23:29 +0000 2019,@tate_ellington Who will you be...can’t wait
1099463686807318500,Sun Feb 24 00:19:04 +0000 2019,@CityOfStad Keep pushing Nestadley...you can do it
1099463501599395800,Sun Feb 24 00:18:20 +0000 2019,@JohannaEBraddy @freddiestroma Where are you???
1097249743900737500,Sun Feb 17 21:41:39 +0000 2019,Watched Gully boy first day first show...Zoya is brilliant...Ranveer and Alia are amazing. Congratulations guys
1092838136877641700,Tue Feb 05 17:31:30 +0000 2019,@GrahamRogers_ Where have you been?
1043350254693875700,Sat Sep 22 04:04:19 +0000 2018,Love it https://t.co/L8AXFDUzCX
1043348179612303400,Sat Sep 22 03:56:05 +0000 2018,@nickjonas @priyankachopra You come to a Sox game...
1034673062417977300,Wed Aug 29 05:24:16 +0000 2018,@filmfare Salman Khan
1034668086119596000,Wed Aug 29 05:04:29 +0000 2018,@tate_ellington Hehehe....
1031651089987330000,Mon Aug 20 21:16:01 +0000 2018,@shrishtiarya Nanu...you looked peachy at the roka 😍
1031650140938035200,Mon Aug 20 21:12:15 +0000 2018,@filmfare @TeamPriyanka Priyanka Chopra
1023643360395976700,Sun Jul 29 18:56:10 +0000 2018,@CityOfStad 🙃
1023643269832556500,Sun Jul 29 18:55:48 +0000 2018,@JohannaEBraddy Loved you in the role...played with perfection
1020478676440436700,Sat Jul 21 01:20:50 +0000 2018,@sonamakapoor @AzmiShabana Love you Sonali...😍💕
1014347282052010000,Wed Jul 04 03:16:52 +0000 2018,Yaaay https://t.co/nlDKkZoJJs
1001701533153624000,Wed May 30 05:47:10 +0000 2018,@mubinarattonsey Ms.Hotstuff...😍💕
996812448182276100,Wed May 16 17:59:42 +0000 2018,The love of my life...😍 https://t.co/D0S8jQkVqE
988598317532803100,Tue Apr 24 01:59:40 +0000 2018,@TeamPriyanka @QuanticoTV @ABCNetwork @priyankachopra Wow....can't wait
986629327000363000,Wed Apr 18 15:35:36 +0000 2018,RT @TeamPriyanka: 🙏 https://t.co/UPTJNHHErv
984986795237695500,Sat Apr 14 02:48:46 +0000 2018,@CityOfStad I got two new men's today Stad...😂☹️
970819765102145500,Tue Mar 06 00:34:03 +0000 2018,@TeamPriyanka @priyankachopra @BridesTodayin Girl....be the bride already.
970795063969239000,Mon Mar 05 22:55:54 +0000 2018,RT @TeamPriyanka: .@priyankachopra looks STUNNING on the @BridesTodayin cover and we are mesmerized by her elegance! 😍 https://t.co/7MDiBbq…
970795032411299800,Mon Mar 05 22:55:46 +0000 2018,@TeamPriyanka @priyankachopra @BridesTodayin Holy smokes
969980877018198000,Sat Mar 03 17:00:37 +0000 2018,RT @bipsluvurself: @mubinarattonsey 👍🏻🙏😘❤️ https://t.co/VxcZckQtEs
968544252434305000,Tue Feb 27 17:51:59 +0000 2018,RT @PurplePebblePic: Indian cinema lost one of its brightest lights today. Her talent was limitless and her smile made our hearts melt ever…
968544164920033300,Tue Feb 27 17:51:38 +0000 2018,RT @PriyankaDailyFC: A billboard of @priyankachopra for Pantene in LA 🌟 https://t.co/AaqvJFl3hp
968543893129171000,Tue Feb 27 17:50:33 +0000 2018,@tate_ellington Love you Tate
968543309680599000,Tue Feb 27 17:48:14 +0000 2018,@iamsonalibendre @amrapalijewels @payalkhandwala @Elevate_mumbai You always look gorgeous
954840619238617100,Sat Jan 20 22:18:38 +0000 2018,@ZoomTV @shahidkapoor Cute as a button
954839013973618700,Sat Jan 20 22:12:15 +0000 2018,@DhingraSanya Dislike this attitude....wish people opened their minds
954837382867464200,Sat Jan 20 22:05:46 +0000 2018,@RanveerOfficial This is over the top...☹️
954602548886827000,Sat Jan 20 06:32:37 +0000 2018,@CityOfStad Come visit at Divya’s
954601942038151200,Sat Jan 20 06:30:13 +0000 2018,@tate_ellington @NBCTheBrave @Mike_Vogel @AnneHeche @SofiaPernas @haditabbal @DemetriusGrosse @Noah_live… https://t.co/K6OIrq1h0Z
952292809154940900,Sat Jan 13 21:34:33 +0000 2018,RT @PurplePebblePic: Welcoming 2018 with our upcoming Marathi Project : “Firebrand” @chopramadhu1 @priyankachopra @aruraje https://t.co/RRU…
952292708944560100,Sat Jan 13 21:34:09 +0000 2018,@filmfare Thanks
952292242059821000,Sat Jan 13 21:32:17 +0000 2018,RT @priyankachopra: And She’s back... Can't wait to share this with you!  #April26 #QuanticoSeason3 #TheReturnOfAlexParrish https://t.co/lA…
928649696020783100,Thu Nov 09 15:45:15 +0000 2017,@filmfare Salman....
928647240801050600,Thu Nov 09 15:35:30 +0000 2017,Love https://t.co/icJgdOHSFe
928644281832788000,Thu Nov 09 15:23:44 +0000 2017,@shrishtiarya 😘
917450838720860200,Mon Oct 09 18:05:00 +0000 2017,RT @AzmiShabana: https://t.co/LEg37JDw5T
917450707233591300,Mon Oct 09 18:04:28 +0000 2017,@shrishtiarya Gorgeous
913590964601618400,Fri Sep 29 02:27:14 +0000 2017,@jazmasri Looks sinful and yes
912728522187313200,Tue Sep 26 17:20:12 +0000 2017,@tate_ellington watched Brave last night...❤️
909806439400689700,Mon Sep 18 15:48:53 +0000 2017,@PearlThusi Insane...
909804864972230700,Mon Sep 18 15:42:37 +0000 2017,RT @Balmain: At last night's #Emmys, @PriyankaChopra wore a custom-made #BALMAIN gown #BALMAINARMY https://t.co/tOasdFBMXO
909787740761444400,Mon Sep 18 14:34:35 +0000 2017,@ApoorvaLakhia @ShraddhaKapoor @SiddhanthKapoor @AnkBhatia @SWISSENTERTAIN3 @haseenamovie Me
908868741756342300,Sat Sep 16 01:42:48 +0000 2017,@jazmasri Come back
908867559746916400,Sat Sep 16 01:38:06 +0000 2017,RT @starneelima: Barfi ke 5 saal #RanbirKapoor @priyankachopra @RanbirKapoorFC @TeamPriyanka ❤❤ https://t.co/N8Ap0gxgjB
908761558758682600,Fri Sep 15 18:36:54 +0000 2017,@MrJoshHopkins Football
896965722911510500,Mon Aug 14 05:24:27 +0000 2017,OMG! https://t.co/4jvtkgMuj0
896965232727396400,Mon Aug 14 05:22:30 +0000 2017,@anjulaacharia @priyankachopra Where is the queen bee
896940225397653500,Mon Aug 14 03:43:08 +0000 2017,@memannara Congrats
896939898124591100,Mon Aug 14 03:41:50 +0000 2017,@mubinarattonsey OMG....😍
892545204443652100,Wed Aug 02 00:38:54 +0000 2017,@jazmasri What a legacy
892544976030191600,Wed Aug 02 00:37:59 +0000 2017,RT @jazmasri: U will grow up to be a wonderful me laith ❤️🎈 https://t.co/U5CWuun7nS
890429236724609000,Thu Jul 27 04:30:48 +0000 2017,@AzmiShabana You look amazing ...😍
889610148716716000,Mon Jul 24 22:16:02 +0000 2017,@priyankachopra Pick the next one...
874017113916268500,Sun Jun 11 21:34:53 +0000 2017,It's official ..Dr. Rohan Akhouri https://t.co/7Cyy3oAb18
873596464555053000,Sat Jun 10 17:43:22 +0000 2017,@priyankachopra Always in ours too....love you
873596338461708300,Sat Jun 10 17:42:52 +0000 2017,@TeamPriyanka @priyankachopra There couldn't be a prouder dad than yours....Baba was totally sung for him. 💖
869841119684640800,Wed May 31 09:00:58 +0000 2017,@iamsonalibendre You always look gorgeous
867611220563513300,Thu May 25 05:20:09 +0000 2017,Sachin and a billion dreams https://t.co/t28N1XaBAC
865422098058981400,Fri May 19 04:21:21 +0000 2017,@QuanticoTV Awwhhh
865421153082294300,Fri May 19 04:17:36 +0000 2017,@iamsonalibendre Wow you're just as beautiful as your mom
862980558753804300,Fri May 12 10:39:33 +0000 2017,@JohannaEBraddy @c83photo Gorgeous Johanna
860677901288702000,Sat May 06 02:09:36 +0000 2017,@UNICEF @TeamPriyanka @priyankachopra Love you Mimi
859571111750774800,Wed May 03 00:51:37 +0000 2017,@jazmasri Love you Yas..
855773648254140400,Sat Apr 22 13:21:51 +0000 2017,RT @filmfare: Find out the things we learnt about @PriyankaChopra through her social media accounts. https://t.co/wrfTHSl69b
850579853418123300,Sat Apr 08 05:23:34 +0000 2017,RT @priyankachopra: Lol... mommy-beti madhuchopra #proudproducers #happydance #ventilator #nationalfilmawards2017… https://t.co/WqnjNHgRBP
845667976938491900,Sat Mar 25 16:05:32 +0000 2017,@AzmiShabana it's an indelible memory of the two of you on stage in Delhi....Tumhari Amrita
845665500755611600,Sat Mar 25 15:55:41 +0000 2017,@AzmiShabana you are profoundly stunning...I totally agree with your
845646254021394400,Sat Mar 25 14:39:12 +0000 2017,RT @HillaryClinton: Today was a victory for all Americans. https://t.co/LX6lzQXtBR
845397756093042700,Fri Mar 24 22:11:46 +0000 2017,@priyankachopra @anjulaacharia @marieclaire
843589858950037500,Sun Mar 19 22:27:50 +0000 2017,@iamsrk looking good
843585607771349000,Sun Mar 19 22:10:56 +0000 2017,RT @TeamPriyanka: Alex is now part of a sensitive mission with the President. Catch the return of #Quantico on @ABCNetwork.  https://t.co/5…
843585192493224000,Sun Mar 19 22:09:17 +0000 2017,RT @anjulaacharia: I'm the proudest manager ever! I get to manage @priyankachopra who @marieclaire calls "Hollywood's most bankable badass"…
840699112882356200,Sat Mar 11 23:01:02 +0000 2017,RT @badpostpriyanka: These pictures of @priyankachopra cuddling with her baby nieces are the cutest and purest thing ever 💗 https://t.co/fP…
836952463622160400,Wed Mar 01 14:53:11 +0000 2017,RT @PurplePebblePic: And the #JioMMAMarathi Listeners Choice Song Of The Year 2016 goes to #Baba 😍 @VentilatorMovie nailed it again!! Congr…
834712024043122700,Thu Feb 23 10:30:29 +0000 2017,RT @memannara: Elegance is the only beauty that never fades ❤️ #BehindtheScenes for @htTweets @htcity https://t.co/OfHNiwVNil
833479250875396100,Mon Feb 20 00:51:53 +0000 2017,RT @memannara: Love my new look Today's #Hindustantimes 💗😇  Thankyou @prernagauba for the wonderful styling ,especially for the black @rohi…
820786205952528400,Mon Jan 16 00:14:15 +0000 2017,@TeamPriyanka @priyankachopra did already
820786072162541600,Mon Jan 16 00:13:43 +0000 2017,@jazmasri love you Yas...😘
820149660857860100,Sat Jan 14 06:04:51 +0000 2017,@TeamPriyanka fast paced and moving....wish every mother was just as forgiving 😳
816820797075521500,Thu Jan 05 01:37:08 +0000 2017,Matching matching 🤗👶 https://t.co/N5clyEqiI6
816311301261639700,Tue Jan 03 15:52:35 +0000 2017,@mubinarattonsey looking good...good looking 😍
814149299974078500,Wed Dec 28 16:41:33 +0000 2016,@jazmasri  soooo jealous
812898548698255400,Sun Dec 25 05:51:31 +0000 2016,Merry Christmas all... https://t.co/FjOAkcVEPF
809565519280042000,Fri Dec 16 01:07:15 +0000 2016,RT @DanaSupnick: Say what?! @priyankachopra @peoplestyle Best red carpet gowns of 2016! 🙌🏻 🙌🏻🙌🏻 https://t.co/zh0z1q7BaB @JasonWu @CristinaE…
808914522127925200,Wed Dec 14 06:00:25 +0000 2016,@jazmasri love you...
808527479816208400,Tue Dec 13 04:22:27 +0000 2016,RT @anjulaacharia: Couldn't be a prouder manager.  Thx you @priyankachopra for using all you have to make a difference to children's lives…
807794041467392000,Sun Dec 11 03:48:02 +0000 2016,@PearlThusi 😔
800361998722760700,Sun Nov 20 15:35:45 +0000 2016,RT @TeamPriyanka: Toronto welcomes @priyankachopra for the trailer launch of her first Punjabi home production #Sarvann. Can't wait to see…
800361352481177600,Sun Nov 20 15:33:11 +0000 2016,@Showbiz_IT @IndiaToday @BeingSalmanKhan @superstarrajini love you two....😍
799309431678914600,Thu Nov 17 17:53:13 +0000 2016,@jazmasri @BUILDseriesNYC @QuanticoInsider @QuanticoTV love you 😘
799305380077699100,Thu Nov 17 17:37:07 +0000 2016,priyankachopra's photo https://t.co/lkMslGoZkW
797582178523693000,Sat Nov 12 23:29:44 +0000 2016,RT @jazmasri: https://t.co/ojBssHPCiq
797581015766208500,Sat Nov 12 23:25:07 +0000 2016,@mubinarattonsey cool
797580058072383500,Sat Nov 12 23:21:18 +0000 2016,@ShekharGupta haha
796347405046284300,Wed Nov 09 13:43:11 +0000 2016,@theprintindia @ShekharGupta 😬
795330962997542900,Sun Nov 06 18:24:12 +0000 2016,RT @PurplePebblePic: Here are some family moments of team #Ventilator from Mumbai Premiere. 😍😍 https://t.co/sieOickQaY
795042899851440100,Sat Nov 05 23:19:33 +0000 2016,RT @filmfare: Review:#Ventilator  Rating: 4/5  "A Marathi film worth treasuring, an Indian film worth celebrating" - @radiochatter.https://…
795042799704047600,Sat Nov 05 23:19:09 +0000 2016,RT @Filmipop: #MovieReview: Whether you understand Marathi or not, @VentilatorMovie will touch your heart! https://t.co/pIeijazYcl @priyank…
794152113253339100,Thu Nov 03 12:19:53 +0000 2016,RT @TeamPriyanka: Truly a heart touching melody! You don't need to understand the language https://t.co/0xNbD63Odo
793678748159709200,Wed Nov 02 04:58:54 +0000 2016,@iamsrk happy birthday Sharukh...love you.
789496081524617200,Fri Oct 21 15:58:28 +0000 2016,RT @PurplePebblePic: Ensemble cast just telling one thing @mapuskar_rajesh  म्हणजे गोड माणूस. What a lovely trailer launch event. ❤️ https:…
785324026252058600,Mon Oct 10 03:40:13 +0000 2016,@CityOfStad I wish...😊
785323311148392400,Mon Oct 10 03:37:22 +0000 2016,@CityOfStad I wanna go...
783065553363689500,Mon Oct 03 22:05:51 +0000 2016,@GrahamRogers_ miss you Graham cracker
781359379610234900,Thu Sep 29 05:06:07 +0000 2016,Quantico ....😍 https://t.co/4GroHuCuDe
780266329588830200,Mon Sep 26 04:42:44 +0000 2016,Quantico family https://t.co/nhrqPjE42c
778995493187625000,Thu Sep 22 16:32:53 +0000 2016,RT @priyankachopra: Thank you @TeamPriyanka and everyone else for your support and good wishes... https://t.co/nff3VsIFeY
776507819667382300,Thu Sep 15 19:47:45 +0000 2016,@priyankachopra @basuanurag @Ileana_Official got to see this weekend.😄
773347285916848100,Wed Sep 07 02:28:55 +0000 2016,RT @TeamPriyanka: Here are some more images from @priyankachopra's @BazaarIndia magazine shoot! Doesn't she look amazing!? https://t.co/5G2…
768249368071827500,Wed Aug 24 00:51:37 +0000 2016,@priyankachopra miss him dearly
765180030913765400,Mon Aug 15 13:35:10 +0000 2016,@jazmasri love you
765179960956973000,Mon Aug 15 13:34:53 +0000 2016,@memannara very nice Mannara...
759407406413713400,Sat Jul 30 15:16:49 +0000 2016,RT @priyankachopra: In August company.. Shows shot in our studio.. #quan2co https://t.co/ZTYeqZ5szX
758889470397513700,Fri Jul 29 04:58:43 +0000 2016,RT @newsflicks: Freedom fighter Aruna Asaf Ali passed away on July 29, 1996 https://t.co/kVFSYzKpWJ
756475191006494700,Fri Jul 22 13:05:14 +0000 2016,@ShekharGupta wow
753717740347809800,Thu Jul 14 22:28:07 +0000 2016,@MrinaalC happy birthday Mrin....have a blast.💃🏻💃🏻💃🏻💃🏻😘😘😘😘
753316558471135200,Wed Jul 13 19:53:58 +0000 2016,@ieEntertainment @memannara  looking forward to the movie...looking great
753313001982353400,Wed Jul 13 19:39:50 +0000 2016,RT @bombaytimes: We love @priyankachopra 's beach avatar 😍 RT if you find it hot! https://t.co/CmyG026RdB
752858896709120000,Tue Jul 12 13:35:23 +0000 2016,@natashapal @TataSky ughh
752858153021214700,Tue Jul 12 13:32:25 +0000 2016,@tate_ellington awwwwh
744833179261894700,Mon Jun 20 10:04:02 +0000 2016,@natashapal I danced my teenage years every Saturday over there....😍😍💃🏻💃🏻
744151244277686300,Sat Jun 18 12:54:16 +0000 2016,@jazmasri hot stuff...😍
743831079170285600,Fri Jun 17 15:42:03 +0000 2016,@priyankachopra @_divyajyoti @NileSarkisian @chopramm5 heeheeeee....I'm gramz now
741793052734410800,Sun Jun 12 00:43:40 +0000 2016,@jazmasri lower east side or east village
741792825134714900,Sun Jun 12 00:42:46 +0000 2016,@priyankachopra miss him too
741789643549646800,Sun Jun 12 00:30:07 +0000 2016,@MrJoshHopkins will miss you on Quantico...
736763588266864600,Sun May 29 03:38:22 +0000 2016,@Arshad_PC @TeamPriyanka @priyankachopra what's Yas doing in Mumbai?
735572477473128400,Wed May 25 20:45:19 +0000 2016,The dirty waters ya'll https://t.co/CyiykHnkyB
733258156042752000,Thu May 19 11:29:02 +0000 2016,@jazmasri love you...😘
732799377702522900,Wed May 18 05:06:01 +0000 2016,@TeamPriyanka @priyankachopra this girl is on fire...🔥🔥🔥
732798575822962700,Wed May 18 05:02:49 +0000 2016,@PriyankaDaily @priyankachopra wow
730578484960100400,Thu May 12 02:00:58 +0000 2016,@tate_ellington hahaha
730218713736220700,Wed May 11 02:11:22 +0000 2016,@AzmiShabana such a beautiful picture
729867841999147000,Tue May 10 02:57:08 +0000 2016,@Tarunmansukhani had the pleasure of meeting this beautiful lady in Madhus office.
729866165128994800,Tue May 10 02:50:28 +0000 2016,@QuanticoTV awe what
729866091325960200,Tue May 10 02:50:11 +0000 2016,RT @QuanticoTV: Retweet if you'll be joining us for #Quantico's Season Finale next week!
729865449480007700,Tue May 10 02:47:38 +0000 2016,@JohannaEBraddy @QuanticoTV Liam
729865137398677500,Tue May 10 02:46:23 +0000 2016,@jazmasri nooooo....
729865047221129200,Tue May 10 02:46:02 +0000 2016,@priyankachopra Liam
727659737634975700,Wed May 04 00:42:55 +0000 2016,@anjulaacharia @priyankachopra she swam in Walden pond every summer in Boston Anj...
726768065749327900,Sun May 01 13:39:44 +0000 2016,@shrishtiarya awesome you gorgeous child
725414812214284300,Wed Apr 27 20:02:23 +0000 2016,@natashapal @ParekhAshni @BWorldOnline congrats Ashni...😘
725035244026486800,Tue Apr 26 18:54:07 +0000 2016,@TeamPriyanka @priyankachopra
724708581841469400,Mon Apr 25 21:16:05 +0000 2016,RT @anjulaacharia: @priyankachopra wow!!! You continue to break barriers, trail blaze &amp; inspire. I'm so proud to manage you!! #TIME100 http…
722530614721781800,Tue Apr 19 21:01:37 +0000 2016,@ShekharGupta @airindiain too bad I'm on one now.
720136708407324700,Wed Apr 13 06:29:05 +0000 2016,RT @Showbiz_IT: This is what Priyanka Chopra has to say on winning the Padma Shri | https://t.co/NVFytDagHB https://t.co/jO1H4VS2uQ
720135822465478700,Wed Apr 13 06:25:34 +0000 2016,RT @bombaytimes: #PadmaShriPriyankaChopra @priyankachopra captured with #PadmaVibhushan @superstarrajini https://t.co/8ObbMLu78h
719319009460510700,Mon Apr 11 00:19:50 +0000 2016,RT @irfan525: Happy #siblingsday to my beautiful sisters and brothers. Love you all #fambam https://t.co/pC0XXuC1ir
718840472177741800,Sat Apr 09 16:38:18 +0000 2016,@priyankachopra yippee can't wait
717953325774180400,Thu Apr 07 05:53:06 +0000 2016,@jazmasri why?
717953270866522100,Thu Apr 07 05:52:53 +0000 2016,@ShekharGupta 😁
716090236850344000,Sat Apr 02 02:29:51 +0000 2016,Beautiful Newton sky https://t.co/ZWjoBhnrAO
716036877770428400,Fri Apr 01 22:57:49 +0000 2016,@MrJoshHopkins @Delta @DeltaAssist good luck Josh
716033842130382800,Fri Apr 01 22:45:45 +0000 2016,@shrishtiarya feel better Nanu...
714616741926580200,Tue Mar 29 00:54:42 +0000 2016,@CityOfStad you can do it
712348185583337500,Tue Mar 22 18:40:16 +0000 2016,@PCmaniac_SL @priyankachopra @ELLEmagazine awwwwh
712131482282762200,Tue Mar 22 04:19:10 +0000 2016,@iamsrk love you Sharukh 😘
712130893213737000,Tue Mar 22 04:16:50 +0000 2016,@Tarunmansukhani @karanjohar so funny
711022993762177000,Sat Mar 19 02:54:26 +0000 2016,Third trimester hiding it well https://t.co/LWphTKIQkR
706881912728461300,Mon Mar 07 16:39:15 +0000 2016,My view of Philly https://t.co/XoPBjROqE1
706460228544565200,Sun Mar 06 12:43:38 +0000 2016,@anjulaacharia so adorable ....you look just like her
705987698155249700,Sat Mar 05 05:25:58 +0000 2016,@PriyankaDaily @TeamPriyanka @priyankachopra watched it already....first day first show as always
705581771497324500,Fri Mar 04 02:32:58 +0000 2016,RT @priyankachopra: #Repost @fallontonight with repostapp. ・・・ Here I go... #PConFallon @priyankachopra https://t.co/WDEWaTG8Wa
704514830179430400,Tue Mar 01 03:53:19 +0000 2016,@jazmasri I will
704514699690426400,Tue Mar 01 03:52:48 +0000 2016,RT @ShekharGupta: You may be an Animal/wildlife lover or not, this is the most sickening thing you have seen in some time. Trump Jr https:/…
704321649638772700,Mon Feb 29 15:05:41 +0000 2016,RT @JaiGangaajal: Miliye #AbhaMathur se sirf 4 dino mein!  RT if you are excited #JaiGangaajalin4Days   @priyankachopra https://t.co/gACGUB…
704320484968681500,Mon Feb 29 15:01:03 +0000 2016,@anjulaacharia @falgunipeacock you rock Anj...😘
704183958624473100,Mon Feb 29 05:58:33 +0000 2016,RT @JohannaEBraddy: You guys ready for more? @QuanticoTV #Quantico #quanticomarch6 @ABC_Publicity  https://t.co/hGBFloGIx7
704182153152749600,Mon Feb 29 05:51:23 +0000 2016,@JohannaEBraddy @priyankachopra loved both
704182017257295900,Mon Feb 29 05:50:50 +0000 2016,@jazmasri love it
704181669142593500,Mon Feb 29 05:49:27 +0000 2016,@ItsQuantico @TeamPriyanka @priyankachopra I love the new promo...simply amazing
702976321408901100,Thu Feb 25 21:59:50 +0000 2016,@FarOutAkhtar I live in Boston...
702877761841578000,Thu Feb 25 15:28:11 +0000 2016,@tate_ellington 😁
701732659442094100,Mon Feb 22 11:37:58 +0000 2016,RT @TeamPriyanka: OMG! Check out the new song #MayaThagni from @JaiGangaajal! https://t.co/qXOBGjmB91 The video will give you goosebumps! #…
701602271163973600,Mon Feb 22 02:59:51 +0000 2016,@PatelDevansh @TheRock @priyankachopra @AADaddario
701601072234766300,Mon Feb 22 02:55:05 +0000 2016,@priyankachopra watching right now
700177468796375000,Thu Feb 18 04:38:11 +0000 2016,@DabbooRatnani I don't have my calendar 😢
699684478243962900,Tue Feb 16 19:59:13 +0000 2016,RT @priyankachopra: And it's time to tell u all officially!! #Baywatch it is @therock ! Being Bad is what I do… https://t.co/v8u0TtXUNK
699683926458134500,Tue Feb 16 19:57:02 +0000 2016,RT @newsflicks: Priyanka Chopra’s all set to reap the rewards of American mainstream stardom with #Baywatch: https://t.co/OfAQJIasbM https:…
695408652857929700,Fri Feb 05 00:48:37 +0000 2016,RT @QuanticoTV: The truth is just starting to unravel. #Quantico returns Sunday, March 6. https://t.co/hUMyGkGyTg
695083161567387600,Thu Feb 04 03:15:14 +0000 2016,@jazmasri miss you...💖
694472744260358100,Tue Feb 02 10:49:39 +0000 2016,She's going to the Oscars.... https://t.co/qeZSkw8xC0
691871313288433700,Tue Jan 26 06:32:30 +0000 2016,RT @StudioAesthetiq: A very happy Republic Day to everyone from the Studio Aesthetique Team! #HappyRepublicDay https://t.co/Lw0FW3qxGW
691871076444422100,Tue Jan 26 06:31:33 +0000 2016,RT @IndiaToday: Rajinikanth, Dhirubhai Ambani, Priyanka Chopra among Padma awardees https://t.co/GOUn91qOXf https://t.co/3pHWlPMa6B
690045491002810400,Thu Jan 21 05:37:20 +0000 2016,RT @priyankachopra: Awesome! @ranveersingh's photo https://t.co/iIYijencgd
688103490246185000,Fri Jan 15 21:00:31 +0000 2016,RT @TimesNow: .@priyankachopra wins Best Actor in a Supporting Role (Female) for #BajiraoMastani #TheFilmfareLYF https://t.co/YiDPdlZfk3
688057171481772000,Fri Jan 15 17:56:27 +0000 2016,Celebrating https://t.co/ywficrhLmF
688037698800488400,Fri Jan 15 16:39:05 +0000 2016,Sanj and me... https://t.co/8PzQUVzHvR
688037447842840600,Fri Jan 15 16:38:05 +0000 2016,Family https://t.co/c59NmN9zHH
687966929026338800,Fri Jan 15 11:57:52 +0000 2016,@tate_ellington so proud Tate...😍
686885837808648200,Tue Jan 12 12:22:00 +0000 2016,@jazmasri oh no...I hope you're home now.
686107180982911000,Sun Jan 10 08:47:53 +0000 2016,RT @DIRECTV: What a pair! Have you watched @QuanticoTV yet? If not you MUST! @ABCNetwork #TCA16 https://t.co/tqRWeBBaW6
685401068595892200,Fri Jan 08 10:02:03 +0000 2016,@jazmasri @JohannaEBraddy awesome where are you?
684218641831727100,Tue Jan 05 03:43:31 +0000 2016,RT @ZoomTV: .@priyankachopra feels her role in #BajiraoMastani is a milestone in her career  RT if you agree! https://t.co/Qu9zKv4Wsa
681294859936886800,Mon Dec 28 02:05:27 +0000 2015,@jazmasri @JohannaEBraddy @GrahamRogers_ @BrianJacobSmith Mimi's missing
680533398713184300,Fri Dec 25 23:39:40 +0000 2015,@jazmasri Yas....so beautiful .😘
678316186518556700,Sat Dec 19 20:49:16 +0000 2015,@JohannaEBraddy hope you're good....safe travels
678074956186591200,Sat Dec 19 04:50:42 +0000 2015,@priyankachopra I'll watch it on 3rd ....with you
677326425658146800,Thu Dec 17 03:16:18 +0000 2015,@jazmasri @priyankachopra @tateellington so adorable why was she not on set yesterday?
676967755766218800,Wed Dec 16 03:31:05 +0000 2015,RT @priyankachopra: Prasaaaaad! Thank u so much!! Look at how u have created the 1700s! Like I always say “Prasad will do it! @vfxwalla htt…
676207324655132700,Mon Dec 14 01:09:24 +0000 2015,@iamsrk press the mute button...
674454495359852500,Wed Dec 09 05:04:17 +0000 2015,RT @mukesh_pc: Just 9 days to go for #BajiraoMastani The STORM is coming on 18 December @priyankachopra @TeamPriyanka https://t.co/vxJhfgAq…
674385352480702500,Wed Dec 09 00:29:32 +0000 2015,@anjulaacharia all good Anj...?
672580630677356500,Fri Dec 04 00:58:12 +0000 2015,RT @priyankachopra: Oh beautiful chennai.. My heart aches for u.. Prayers for everyone affected.. I have family there too hope all is ok.. …
671863981729038300,Wed Dec 02 01:30:30 +0000 2015,RT @priyankachopra: Hahahha this is too cute!! @deepikapadukone SLB  @remodsouza n everyone involved! Hard work but no complaints. https://…
668931353405206500,Mon Nov 23 23:17:17 +0000 2015,@MrinaalC @priyankachopra Mrin...Look out for Divs and me in episode 8
666015296243765200,Sun Nov 15 22:09:55 +0000 2015,Pre thanksgiving Thanksgiving https://t.co/pbtNYPZqzs
665878832109502500,Sun Nov 15 13:07:39 +0000 2015,RT @priyankachopra: And it's here.. #PINGA  #BajiraoMastani  #Kashibai #Mastani https://t.co/kekZ6834BI what say???
665348954695995400,Sat Nov 14 02:02:07 +0000 2015,RT @priyankachopra: .@jazmasri @johannaebraddy anabelleacosta1 I was at the brink of tears anyway all day.. But this… https://t.co/C0nQrc2c…
665347328727912400,Sat Nov 14 01:55:39 +0000 2015,RT @TeamPriyanka: Here it is... The first look of #PINGA! This promises to be MIND-BLOWING! @priyankachopra @deepikapadukone https://t.co/h…
663691185173737500,Mon Nov 09 12:14:43 +0000 2015,RT @PeeCeeFanClub: ‘#Quantico’ S1 E08 Promo: Second Bomb In New York City  https://t.co/1tKucr8bQh https://t.co/fT5OoQ3V16 @priyankachopra
663027008386019300,Sat Nov 07 16:15:31 +0000 2015,RT @TeamPriyanka: Wen u r fightin 4 ur survival..U gotta do wat u gotta do!Find out wat Alex is up2 in a few hrs #Quantico 9pm @StarWorldIn…
663022765813932000,Sat Nov 07 15:58:40 +0000 2015,@anjulaacharia awesome Anj....congrats.
661373639300902900,Tue Nov 03 02:45:37 +0000 2015,@udaychopra ?
660139400064577500,Fri Oct 30 17:01:12 +0000 2015,RT @priyankachopra: To all celebrating.. Karvachauth ki shubhkaamnaye ...
659543744610480100,Thu Oct 29 01:34:17 +0000 2015,RT @Definitely_JT: @QuanticoTV @QuanticoWriters I'm sure you've seen this power ranking..  #1 numero uno!!! Well deserved :) Congrats!! htt…
656453095870869500,Tue Oct 20 12:53:09 +0000 2015,@priyankachopra @ShakuntelaOnly oh yes she can...
653908859912785900,Tue Oct 13 12:23:15 +0000 2015,RT @priyankachopra: Lol! Thank u.. Way to make a girl blush.. http://t.co/MYApuUkPO4
651747599116992500,Wed Oct 07 13:15:11 +0000 2015,RT @bollywood707: Thank U family for being with me!needed to not be alone! @madhuchopra @vimmi2356 @divya_jyoti @nilesarkisian @siddh… http…
650502462671945700,Sun Oct 04 02:47:27 +0000 2015,@Tarunmansukhani @priyankachopra Tarun....have one ....he or she will make you proud 😍
650234978580566000,Sat Oct 03 09:04:34 +0000 2015,RT @TeamPriyanka: In his inimitable style @RanveerOfficial tells us that today's the day for #QuanticoInIndia thank you rockstar! http://t.…
650209852317302800,Sat Oct 03 07:24:43 +0000 2015,@priyankachopra muah...😘
650209613330059300,Sat Oct 03 07:23:46 +0000 2015,@priyankachopra @jazmasri @JohannaEBraddy @PriyankaDaily 8 hours to go...too long
650209296098029600,Sat Oct 03 07:22:31 +0000 2015,@priyankachopra @RickCosnett @jazmasri poor you...
649884105698504700,Fri Oct 02 09:50:19 +0000 2015,RT @TeamPriyanka: The cutest shoutout @priyankachopra has got so far! Made us go aww! Brando you are awesome! #1DayToQuanticoInIndia! http:…
649223153651073000,Wed Sep 30 14:03:56 +0000 2015,RT @TeamPriyanka: You cannot afford to Miss @priyankachopra tonight on the @JimmyKimmelLive Show at 10pm on @StarWorldIndia #Quantico http:…
648933931287363600,Tue Sep 29 18:54:40 +0000 2015,RT @priyankachopra: Watch me on @Jimmy Kimmel – Tonight on ABC! #KIMMEL #Quantico http://t.co/F2GSn2Fi64
645325342576611300,Sat Sep 19 19:55:25 +0000 2015,Wedding time http://t.co/A9UPJLNRnv
643613972139253800,Tue Sep 15 02:35:03 +0000 2015,RT @QuanticoTV: Only the elite get into the FBI, &amp; 1 of them is a traitor. #Quantico premieres Sunday, September 27 at 10|9c on ABC. https:…
643613928690421800,Tue Sep 15 02:34:53 +0000 2015,RT @FarOutAkhtar: Oh yeah..! 3 songs from @DDDTheFilm on iTunes top ten Chart with #GallanGoodiyaan at No 1.. #twitterpetohbantahai http://…
640250158236741600,Sat Sep 05 19:48:27 +0000 2015,@metmuseum what you painted....
639100111281328100,Wed Sep 02 15:38:35 +0000 2015,@Crazzzyyme Tamil not Malayali ...
639099556144263200,Wed Sep 02 15:36:22 +0000 2015,RT @priyankachopra: Saturday nights... you &amp; me... let's uncover the mystery! http://t.co/GnsoqqTTDe Starts Oct 3 in India every Saturday a…
639079892630544400,Wed Sep 02 14:18:14 +0000 2015,NY NY.....telephone booth http://t.co/NQ555gqJve
638185285130522600,Mon Aug 31 03:03:23 +0000 2015,RT @OfficialPU: Noted Journalist &amp; PU Alumnus @ShekharGupta to address PU Colloquium today-2.30 PM @PU Campus. Entry is Open. #PU http://t.…
637750310006575100,Sat Aug 29 22:14:57 +0000 2015,RT @QuanticoTV: Alex Parrish never saw it coming...no one did. #Quantico premieres Sunday, Sept 27 at 10|9c on ABC. https://t.co/84MRtJKt9g
637750127613112300,Sat Aug 29 22:14:13 +0000 2015,RT @THR: Next Gen Fall TV: 10 Stars Poised for Breakouts http://t.co/wez0fw196r http://t.co/oelYpLIGwz
637635470336389100,Sat Aug 29 14:38:37 +0000 2015,New York subway... http://t.co/x0nMkunv5n
637140920970911700,Fri Aug 28 05:53:27 +0000 2015,Star sighting...😊 http://t.co/KzDRqYc7rq
636886599746326500,Thu Aug 27 13:02:52 +0000 2015,RT @PriyankaFanClub: RT if you think Priyanka Chopra is Gorgeous. http://t.co/MC2cBeyvYg
636885248987541500,Thu Aug 27 12:57:30 +0000 2015,@PriyankaDaily @priyankachopra @RanveerOfficial @AnushkaSharma @amazon I want...
636884459497869300,Thu Aug 27 12:54:22 +0000 2015,@priyankachopra @ErosNow Wow!
631568387567554600,Wed Aug 12 20:50:12 +0000 2015,Nile  https://t.co/NqAAoWWxVd
630129843779170300,Sat Aug 08 21:33:56 +0000 2015,Life on the edge... http://t.co/veHrZ1NaOi
630129611506999300,Sat Aug 08 21:33:01 +0000 2015,Grand Canyon http://t.co/rxaHfIrJCp
628784744881332200,Wed Aug 05 04:29:00 +0000 2015,RT @QuanticoTV: #Quantico...check it out this fall! #TCA15 @priyankachopra http://t.co/TiwRkzoZHf
628784678347128800,Wed Aug 05 04:28:44 +0000 2015,RT @anjulaacharia: @priyankachopra on the move! Up close and personal- she's watching you! @kcslee @QuanticoTV http://t.co/t2jRuMFH6e
627876022097170400,Sun Aug 02 16:18:03 +0000 2015,Happy anniversary to my beautiful children 💕 http://t.co/GfXmba3a1n
627269933932654600,Sat Aug 01 00:09:41 +0000 2015,@iamsrk  why ? Was someone else wearing them?
624818673367294000,Sat Jul 25 05:49:14 +0000 2015,@irfan525 Indy or west palm ?
624697657651535900,Fri Jul 24 21:48:22 +0000 2015,@memannara terrific job Barbie....congrats .
621741085388316700,Thu Jul 16 18:00:00 +0000 2015,@iamsrk cool
621550928185958400,Thu Jul 16 05:24:23 +0000 2015,RT @TeamPriyanka: It's here.... What we've all been waiting for... #BajiraoMastaniTeaser &amp; @priyankachopra like never seen before http://t.…
612773280521539600,Mon Jun 22 00:05:09 +0000 2015,@memannara lovely Barbie...😘
611385636621258800,Thu Jun 18 04:11:09 +0000 2015,@CityOfStad ?
610688698565435400,Tue Jun 16 06:01:46 +0000 2015,@madhuchopra Happy birthday 😘
609906058014888000,Sun Jun 14 02:11:50 +0000 2015,@priyankachopra where's the party girl?
609058757650321400,Thu Jun 11 18:04:58 +0000 2015,RT @TeamPriyanka: Good news @priyankachopra opra new show #Quantico is becoming the most talked abt show ever.Cant wait for it to start htt…
605428490419220500,Mon Jun 01 17:39:35 +0000 2015,In NY...party time
603941030996639700,Thu May 28 15:08:57 +0000 2015,@priyankachopra you'll find out...try it.
603654715465936900,Wed May 27 20:11:14 +0000 2015,@AzmiShabana healthy for sure...good luck
603644775196131300,Wed May 27 19:31:44 +0000 2015,@memannara looking hot...what's it for?
603635542304108500,Wed May 27 18:55:02 +0000 2015,@priyankachopra I wanna
601530028598435800,Thu May 21 23:28:29 +0000 2015,@priyankachopra you r sweet child...
601529913267617800,Thu May 21 23:28:01 +0000 2015,@priyankachopra @KapilSharmaK9 @AnilKapoor @RanveerOfficial @AnushkaSharma tonight?
601529249149902800,Thu May 21 23:25:23 +0000 2015,@NileSarkisian so funny...
599955532678635500,Sun May 17 15:12:00 +0000 2015,RT @ShekharGupta: Honoured to rcv 1st Rangaswami Parthasarathy Journ Award from N. Ram. Dignified, warm Mylapore evening. Tks exec comm htt…
598338324235944000,Wed May 13 04:05:47 +0000 2015,RT @priyankachopra: Here it is The trailer of #Quantico ! Say whaaaa? Me so nervous!!! https://t.co/aI4gj4bFFF
597455367140945900,Sun May 10 17:37:14 +0000 2015,@madhuchopra my favoritest SIL with my favoritest flowers.💐
597454897953558500,Sun May 10 17:35:22 +0000 2015,@priyankachopra c u soon...high flying.
597199307960385500,Sun May 10 00:39:45 +0000 2015,@iamsrk you will be an amazing dad and your kids will be better than what you expect of them...💖😘
597196789872222200,Sun May 10 00:29:44 +0000 2015,RT @TimesNow: Here is the first poster of @priyankachopra's ‘Quantico’ http://t.co/IEEkcmY8re
595252911011135500,Mon May 04 15:45:27 +0000 2015,RT @PeeCee_DesiGirl: @priyankachopra #MaryKom Priyanka Chopra calls 'Mary Kom' a piece of her heart  http://t.co/wBcLF7OxoR via @ibnlivemov…
594225281176576000,Fri May 01 19:42:01 +0000 2015,@iamsrk  hahaha....read more and know yourself.
586154089878134800,Thu Apr 09 13:09:59 +0000 2015,Road trip to NY NY... http://t.co/aUy5ldezjm
584361775853920300,Sat Apr 04 14:27:58 +0000 2015,@udaychopra make it easy peasy...
581265608018399200,Fri Mar 27 01:24:55 +0000 2015,@priyankachopra did you just watch it?
580433647054008300,Tue Mar 24 18:19:00 +0000 2015,@konkonas u look amazing ...
579353227965128700,Sat Mar 21 18:45:48 +0000 2015,@priyankachopra ?
579352119838421000,Sat Mar 21 18:41:23 +0000 2015,@Newsroompostcom @PriyankaC777 nooooo....
578926454181924900,Fri Mar 20 14:29:57 +0000 2015,@memannara congrats...
578587896950698000,Thu Mar 19 16:04:38 +0000 2015,@KawtharKratika she's my sisterinlaw .
578586363173408800,Thu Mar 19 15:58:33 +0000 2015,@BeingSalmanKhan I want one...
578316241728831500,Wed Mar 18 22:05:11 +0000 2015,@KawtharKratika do u really need to know?
576201414499774460,Fri Mar 13 02:01:37 +0000 2015,@priyankachopra  I wanna visit ...
575884713493184500,Thu Mar 12 05:03:09 +0000 2015,@priyankachopra Congrats Mimi....can't wait. 😘
574043192250658800,Sat Mar 07 03:05:36 +0000 2015,@priyankachopra of interest?
572012646926450700,Sun Mar 01 12:36:57 +0000 2015,Fc
569149394332688400,Sat Feb 21 14:59:24 +0000 2015,RT @BOCapsule: #BOCapsule @priyankachopra gets painted  http://t.co/jIxTrjo5NY http://t.co/rBeUPUyEVQ
569149366755176450,Sat Feb 21 14:59:17 +0000 2015,@BOCapsule @TeamPriyanka @priyankachopra this looks like the painting of your mom in Nana's house.😘
566936475460046850,Sun Feb 15 12:26:03 +0000 2015,RT @TeamPriyanka: "I want girls to understand that education is not a privilege. It is their right." - PC  She truly is India's pride! http…
566934949245120500,Sun Feb 15 12:19:59 +0000 2015,RT @priyankachopra: Beautiful Boston #WinterWonderland #family #BostonBlizzard @_divyajyoti @pamathur http://t.co/hUxPjlXx2m
566933786458202100,Sun Feb 15 12:15:22 +0000 2015,@AzmiShabana not really 😄
566455357518536700,Sat Feb 14 04:34:16 +0000 2015,RT @priyankachopra: divya_jyoti's photo http://t.co/thcPL6RwuG
566455160419807200,Sat Feb 14 04:33:29 +0000 2015,RT @priyankachopra: b_b3ar's photo http://t.co/jXmEyAb9CQ
566454806647029760,Sat Feb 14 04:32:04 +0000 2015,RT @TeamPriyanka: And... She recieved a standing ovation after her speech at #efhello50 - Well done @priyankachopra... We're So proud! http…
566290839668666400,Fri Feb 13 17:40:32 +0000 2015,RT @anjulaacharia: @priyankachopra speaking on global education and chatting all things girls with @billclinton http://t.co/mvP1kK63sC
566290732973961200,Fri Feb 13 17:40:06 +0000 2015,@anjulaacharia @priyankachopra @billclinton sooooo jealous ...wish I was there.
564740623903649800,Mon Feb 09 11:00:31 +0000 2015,@stace1711 who is Ruby aunty...my condolences.
564738412955971600,Mon Feb 09 10:51:44 +0000 2015,RT @Fashion_Critic_: @PriyankaChopra stunned in @Zac_Posen Posen &amp; @_SelfPortrait_ to pre-#GRAMMYs parties http://t.co/OfkFmXw5xX http://t.…
564627422927024100,Mon Feb 09 03:30:42 +0000 2015,RT @anjulaacharia: @priyankachopra rocking it amongst the divas at #RocNationBrunch @Beyonce @priyankachopra @ddlovato http://t.co/Nxo97QGj…
562452665783705600,Tue Feb 03 03:29:00 +0000 2015,LA LA LAND http://t.co/QEsEUDfSkM
562090374382882800,Mon Feb 02 03:29:23 +0000 2015,Watched Tom Brady bring home the Lombardi Trophy right here in Chennai....wow
562054670743384060,Mon Feb 02 01:07:30 +0000 2015,Tom Brady...
561460594276982800,Sat Jan 31 09:46:51 +0000 2015,RT @TeamPriyanka: First time shopper or Domestic Goddess - what's cooking in LA, @priyankachopra? :-) http://t.co/112RCr1lOF
561460116264742900,Sat Jan 31 09:44:57 +0000 2015,RT @priyankachopra: Why r there so many options for fruit! !@&amp;! #FirstTimeGroceryShopper http://t.co/hERAQL543I
561421779508277250,Sat Jan 31 07:12:37 +0000 2015,@wajidurgr8 @TeamPriyanka @Priyanka0nline where's mine?
561394232938594300,Sat Jan 31 05:23:09 +0000 2015,Awesome... http://t.co/iKqAyUq2Gh
561186453632196600,Fri Jan 30 15:37:31 +0000 2015,Feeling happy....with my mommy http://t.co/IlUTfdFeRc
560991779072127000,Fri Jan 30 02:43:57 +0000 2015,@PriyankaC777 what?
560826203884367900,Thu Jan 29 15:46:01 +0000 2015,@mubinarattonsey ? You doin ok?
560362539637145600,Wed Jan 28 09:03:35 +0000 2015,@TeamPriyanka @stylebyami where r u off to?
560362305397866500,Wed Jan 28 09:02:39 +0000 2015,RT @_divyajyoti: Hey peeps, I started a lil blog to share my inspirations. Check it out! #firstpost http://t.co/AK591RIPYP
556479642303881200,Sat Jan 17 15:54:20 +0000 2015,@priyankachopra @TeamPriyanka @priyankaborkar1 ayyyoh...
556458211813777400,Sat Jan 17 14:29:10 +0000 2015,@priyankachopra aaaahhhhhhhhhh!
555658104256217100,Thu Jan 15 09:29:50 +0000 2015,@stace1711 @irfan525 why?
554597567850237950,Mon Jan 12 11:15:38 +0000 2015,@ShekharGupta I love visiting this place....little piece of heaven on earth.
554533333397291000,Mon Jan 12 07:00:24 +0000 2015,RT @_divyajyoti: Woohoo!! Congratulations to nilesarkisian &amp; Cooper the dog for taking "Top Spot" at #worlddogawards… http://t.co/diD7eil7z2
554511301951516700,Mon Jan 12 05:32:51 +0000 2015,RT @NileSarkisian: Cooper and I got "Top Spot" for @Budweiser #friendsarewaiting ad on @TheCWTV's #WorldDogAwards @MrGusBlack @TPSCtv http:…
553911646859444200,Sat Jan 10 13:50:02 +0000 2015,@iamsrk love your act...
551894413958742000,Mon Jan 05 00:14:16 +0000 2015,@natashapal I'm going to travel in your suitcase the next time...
549383238725406700,Mon Dec 29 01:55:45 +0000 2014,@AzmiShabana I watched the two of you perform in Thumari  Amrita....
540705233215971300,Fri Dec 05 03:12:28 +0000 2014,RT @_divyajyoti: That time I worked on the @variety shoot with Jane Fonda💎 Styled by Tanya Gill iconhouse_la #tbt… http://t.co/73uOHJWd7N
539219697603215360,Mon Dec 01 00:49:28 +0000 2014,RT @vimmybhatt: @priyankachopra U deserve NATIONAL AWARD for ur per4mance in MARY COM:-) I already Congratulate u in advance. 3 CHEERS !!!
538001045088403460,Thu Nov 27 16:06:59 +0000 2014,RT @TeamPriyanka: PC has taken the first step in the musical movement for children's rights. Who all will join her? http://t.co/arbVxCH60m
535987565619597300,Sat Nov 22 02:46:08 +0000 2014,RT @_divyajyoti: Join @priyankachopra in the largest global singalong of John Lennon's #Imagine facilitated by unicef… http://t.co/4XvpSSis…
535520056785272800,Thu Nov 20 19:48:25 +0000 2014,@BeingSalmanKhan sweet ..
535450983456059400,Thu Nov 20 15:13:57 +0000 2014,Mimi....Imagine http://t.co/Ay8jfpGiKE
535443841000939500,Thu Nov 20 14:45:34 +0000 2014,@BeingSalmanKhan beautiful.
535443260890968060,Thu Nov 20 14:43:16 +0000 2014,@TeamPriyanka loved it....
535313293641285600,Thu Nov 20 06:06:49 +0000 2014,@udaychopra approved
534891908313931800,Wed Nov 19 02:12:23 +0000 2014,#VoiceSaveJessie
534891672220753900,Wed Nov 19 02:11:27 +0000 2014,#VoiceSaveRyan
533091718376472600,Fri Nov 14 02:59:04 +0000 2014,@AzmiShabana oh no..
531643187539222500,Mon Nov 10 03:03:08 +0000 2014,@priyankachopra squares are better?
531642762777870340,Mon Nov 10 03:01:26 +0000 2014,@AzmiShabana you look amazing as always.
531641874092941300,Mon Nov 10 02:57:54 +0000 2014,@anjulaacharia @priyankachopra @JurgenG1 @ranjbath @DuleHill @_divyajyoti Hey you fancy people....looks like ur havin too much of fun.
530587595865350140,Fri Nov 07 05:08:35 +0000 2014,RT @irfan525: #styledbydiv @_divyajyoti !! Priyanka Chopra's suit is anything but basic http://t.co/6ndbUDZ3W6 via @HuffPostCaStyle
530132563390918660,Wed Nov 05 23:00:27 +0000 2014,@priyankachopra @NileSarkisian @_divyajyoti  Lookin hot missy
530132088629235700,Wed Nov 05 22:58:33 +0000 2014,RT @piggy_chopps: Maybe Priyanka is fireproof that's why she didn't burn up from her hotness yet *.* http://t.co/8a6YVF6TD8
529314413090996200,Mon Nov 03 16:49:24 +0000 2014,RT @PriyankaWorlds: RT If U Love This Look :)) http://t.co/Hc17bpMg2h
528978507570090000,Sun Nov 02 18:34:38 +0000 2014,@iamsrk Happy birthday and God Bless...it's still your BD in my part of the world Shahrukh ....love you loads from Boston.
528658929564545000,Sat Nov 01 21:24:45 +0000 2014,@iamsrk happy birthday Shahrukh...
528328734349484000,Fri Oct 31 23:32:40 +0000 2014,@madhuchopra so u fly to Boston....there's an empty nest here too.
528328528610484200,Fri Oct 31 23:31:51 +0000 2014,@madhuchopra so u fly to Boston....
524204068592701440,Mon Oct 20 14:22:43 +0000 2014,@AzmiShabana yes
523634475474096100,Sun Oct 19 00:39:22 +0000 2014,@priyankachopra ?
520145540634271740,Thu Oct 09 09:35:35 +0000 2014,RT @TeamPriyanka: Congratulations @priyankachopra on Mary Kom crossing the 100 crore mark! We're very very proud! http://t.co/scm93moAws
519872590370717700,Wed Oct 08 15:30:58 +0000 2014,@priyankachopra good luck...can't wait to watch.
517338332167426050,Wed Oct 01 15:40:44 +0000 2014,RT @priyankachopra: So proud of u @mangtec u r a true champ!! My Shero! Be #Unbeatable Be #Unbreakable Be #MaryKom http://t.co/v4G5THGqmV
516901767305773060,Tue Sep 30 10:45:59 +0000 2014,RT @TeamPriyanka: Priyanka Chopra, known for taking risks, didn't disappoint when she hit up the 2014 GQ India Men of the Year Awards. http…
516889261308907500,Tue Sep 30 09:56:17 +0000 2014,@flashpj @TeamPriyanka  wow
516808826360975360,Tue Sep 30 04:36:40 +0000 2014,@TeamPriyanka 3 times in three weeks.
516607118489944060,Mon Sep 29 15:15:09 +0000 2014,RT @NileSarkisian: That's my wife @_divyajyoti http://t.co/UZsUHODbg6
516419831428825100,Mon Sep 29 02:50:57 +0000 2014,RT @StyleMagSocial: Pee Cee wins the GQ Excellence Awards! @priyankachopra the multi talented belle! #GQAwards @gqindia http://t.co/bqBdMLY…
516400972168724500,Mon Sep 29 01:36:00 +0000 2014,@iamsrk luv u guys...😍
515988646886117400,Sat Sep 27 22:17:34 +0000 2014,@priyankachopra @NileSarkisian thanks Mimi
515660864687710200,Sat Sep 27 00:35:05 +0000 2014,RT @Budweiser: Each September, Budweiser celebrates responsible drinking. Be there for the ones you love. #FriendsAreWaiting https://t.co/C…
515660545002078200,Sat Sep 27 00:33:49 +0000 2014,@iamsrk awwwwhhh !
515515794105847800,Fri Sep 26 14:58:37 +0000 2014,@priyankachopra were they from Mrs. C ?
514085325933912060,Mon Sep 22 16:14:27 +0000 2014,@priyankachopra @iHrithik JC...crazy child.😘
514085220740763650,Mon Sep 22 16:14:02 +0000 2014,RT @priyankachopra: Here you go @ihrithik a handstand with 3 push ups... in high heels! Next time try and make it a little difficult :-) ht…
514084672545255400,Mon Sep 22 16:11:51 +0000 2014,RT @TeamPriyanka: If perfection had a face, this would be it.   We love you, @priyankachopra! http://t.co/AyRIx2uUYz
514084571215044600,Mon Sep 22 16:11:27 +0000 2014,RT @ETCBollywood: .@priyankachopra's Twitter handle has now crossed 7 million fans! RT if you are one of the die-hard fans!
514084350888259600,Mon Sep 22 16:10:35 +0000 2014,Mimi Mary Kom is in my Boston theatre this week too....yipppeeee.
513874212189405200,Mon Sep 22 02:15:34 +0000 2014,RT @Budweiser: Don't drink and drive. After all, you've got friends waiting for you. Watch http://t.co/sjckN0uWfT #FriendsAreWaiting http:/…
513872402963775500,Mon Sep 22 02:08:22 +0000 2014,@twiggytwee @anjulaacharia @AdColor @tiffany_hardin Anjula you look amazing...😘
513670577526431740,Sun Sep 21 12:46:23 +0000 2014,What a SLAM.....riveting show. http://t.co/fQiW6H0tdm
512082751588417540,Wed Sep 17 03:36:56 +0000 2014,@iamsrk See you in New Jersey...😘
512062406550642700,Wed Sep 17 02:16:06 +0000 2014,RT @sumona24: Finally i c #MaryKom @SaiwynQ @OmungKumar Take a bow! 👏 i dont see anyone else do justice to this role other than @priyankach…
511473198375137300,Mon Sep 15 11:14:47 +0000 2014,@newslockermusic @anjulaacharia congratulation...Anj..
511127905129496600,Sun Sep 14 12:22:43 +0000 2014,RT @TeamPriyanka: Priyanka Chopra to be honored Smita Patil Memorial Award for Best Actor. That's awesome! Congratulations!
510927103228121100,Sat Sep 13 23:04:48 +0000 2014,Watched Mary Kom with Jeannie, Bill, Babboo and Mamu...loved it second time around too...
509691165063774200,Wed Sep 10 13:13:38 +0000 2014,RT @Dorkstar: Seems like Priyanka Chopra has delivered a knockout punch to both critics and Box office with #MaryKom
509181941611245600,Tue Sep 09 03:30:09 +0000 2014,RT @_divyajyoti: Saw @priyankachopra in #MaryKom and was totally blown away. Proud of you 4 shedding light on an amazing Indian champion @m…
509128465648717800,Mon Sep 08 23:57:40 +0000 2014,@MaryKomMovie @priyankachopra Go for the Oscars girl....
509128151164010500,Mon Sep 08 23:56:25 +0000 2014,@anjulaacharia Soooper coool...
509127756383551500,Mon Sep 08 23:54:50 +0000 2014,@_divyajyoti @priyankachopra @MangteC Hah hah....DJ 😀
509127078076514300,Mon Sep 08 23:52:09 +0000 2014,@PeeCeeFanClub @priyankachopra @TeamPriyanka so cool...
508204924266876900,Sat Sep 06 10:47:50 +0000 2014,OMG ...what a fabulous performance by Mimi in and as Mary Kom. I'm speechless .
507730353914904600,Fri Sep 05 03:22:04 +0000 2014,@priyankachopra crazy girl...😘
502164724206014460,Wed Aug 20 18:46:14 +0000 2014,@imbhandarkar @priyankachopra awesome...can't wait
500037178190471200,Thu Aug 14 21:52:08 +0000 2014,@mubinarattonsey Mumbai misses u more...
499438405538054140,Wed Aug 13 06:12:49 +0000 2014,@madhuchopra it's Wednesday ...not TBT.
499263406667759600,Tue Aug 12 18:37:26 +0000 2014,@TeamPriyanka comedy with Kapil
499261458979770400,Tue Aug 12 18:29:42 +0000 2014,@iamsrk how come you are not performing in New York??
497798826410139650,Fri Aug 08 17:37:43 +0000 2014,@MaryKomMovie @TeamPriyanka @MangteC I bought the book last year
497755247667056640,Fri Aug 08 14:44:33 +0000 2014,@madhuchopra u were always ahead of our times...happy Rakhee to u too.
497211446196203500,Thu Aug 07 02:43:41 +0000 2014,RT @TeamPriyanka: And it's here! Such a beautiful song. http://t.co/rbf6f1rtsp  #SukoonMila
496704758426501100,Tue Aug 05 17:10:17 +0000 2014,RT @imgeetgupta: @priyankachopra Multitalented and SuperWoman @TeamPriyanka :) http://t.co/wXRtcuqVVL
493991747018432500,Tue Jul 29 05:29:45 +0000 2014,Eid Mubarak to all my family and friends.....including SRK
493135262848135200,Sat Jul 26 20:46:23 +0000 2014,@mubinarattonsey have fun...
492641831537365000,Fri Jul 25 12:05:40 +0000 2014,@pc_myprincess @TeamPriyanka @priyankachopra that's crazy...
490702960251244540,Sun Jul 20 03:41:17 +0000 2014,@irfan525 tottally are Irfi
490682281368236000,Sun Jul 20 02:19:06 +0000 2014,@irfan525 so r u healthy or wealthy or wise now ?
490359573141020700,Sat Jul 19 04:56:47 +0000 2014,@iamsrk too much darkness...let there be light.
490356185825304600,Sat Jul 19 04:43:19 +0000 2014,@irfan525 why r u having sleepless nights?
489953458557300740,Fri Jul 18 02:03:02 +0000 2014,Happy birthday Mimi....love you.
489057714417704960,Tue Jul 15 14:43:40 +0000 2014,RT @priyankachopra: Thank u Ranveer...!"@RanveerOfficial: @priyankachopra Total Knockout!  #MaryKom #MaryKomFirstLook http://t.co/zjNW36Guq…
488899628986019840,Tue Jul 15 04:15:29 +0000 2014,@RanveerOfficial @priyankachopra Stunning....
487956075380240400,Sat Jul 12 13:46:08 +0000 2014,@karanjohar so cool....loved it.
486710160979935200,Wed Jul 09 03:15:19 +0000 2014,Trip to NY NY with Divi http://t.co/M3GhbOPGri
486709933556396000,Wed Jul 09 03:14:25 +0000 2014,http://t.co/oCJPcPIoMv
486708733737959400,Wed Jul 09 03:09:39 +0000 2014,@anjulaacharia missed u ...just got here with Divs
485985008826732540,Mon Jul 07 03:13:49 +0000 2014,@anjulaacharia @ranjbath happy anniversary you two 💞
485619233133719550,Sun Jul 06 03:00:22 +0000 2014,@iamsrk you should visit when I visit SRK
484899318399512600,Fri Jul 04 03:19:41 +0000 2014,@priyankachopra oh noooooo..,,
483402343774683140,Mon Jun 30 00:11:14 +0000 2014,@iamsrk that's amazing ...💖
483401493455077400,Mon Jun 30 00:07:51 +0000 2014,@mubinarattonsey Happy birthday Mubina ...better late than never.
482349196574752800,Fri Jun 27 02:26:24 +0000 2014,@priyankachopra hahahaha
482347787557019650,Fri Jun 27 02:20:48 +0000 2014,@natashapal soooo jealous Natasha.
482143920370245600,Thu Jun 26 12:50:43 +0000 2014,@priyankaborkar1 awwwwhhh ?
482143845472567300,Thu Jun 26 12:50:25 +0000 2014,@priyankachopra gorgeous....
479105293813825540,Wed Jun 18 03:36:18 +0000 2014,@stylebyami @TeamPriyanka @priyankachopra @Ferragamo fabulous..
478879351501783040,Tue Jun 17 12:38:29 +0000 2014,@AzmiShabana I cannot imagine anyone else playing Amrita...
477320852577320960,Fri Jun 13 05:25:34 +0000 2014,@stace1711 bad
476833729479213060,Wed Jun 11 21:09:54 +0000 2014,@feminamissindia @TeamPriyanka @priyankachopra @PCFB @PeeCeeLoverz Mimi u look stunning
476832508307603460,Wed Jun 11 21:05:03 +0000 2014,@iamsrk I can help u Shahrukh
476034048784338940,Mon Jun 09 16:12:16 +0000 2014,@irfan525 @stace1711 whaaaa?
473679950747549700,Tue Jun 03 04:17:55 +0000 2014,@TeamPriyanka @priyankachopra I found the red...it's YSL
473678733258555400,Tue Jun 03 04:13:05 +0000 2014,@iamsrk congrats and ur daughter looks beautiful .
472875197390135300,Sat May 31 23:00:07 +0000 2014,@stace1711 @irfan525 ?
472874442167971840,Sat May 31 22:57:07 +0000 2014,@iamsrk like the rainbow....
472226107304181760,Fri May 30 04:00:52 +0000 2014,@shrishtiarya @priyankachopra me too....
471821579182424060,Thu May 29 01:13:25 +0000 2014,@beatsmusic @priyankachopra wow!
471140463945482240,Tue May 27 04:06:54 +0000 2014,@iamsrk u should.
471108840973672450,Tue May 27 02:01:15 +0000 2014,@MathurKanikaa is this where Gucci had his haircut Kannu?
469601091261181950,Thu May 22 22:09:59 +0000 2014,@anjulaacharia Happy birthday Anjula....have a fabulous year.
468605138857652200,Tue May 20 04:12:26 +0000 2014,@priyankachopra whhhhyyyyy?
466939471330431000,Thu May 15 13:53:39 +0000 2014,@iamsrk hey hot stuff...
466938225311764500,Thu May 15 13:48:42 +0000 2014,RT @priyankachopra: Wow! Thank you! @CChuckArnoldMuz @peoplemag http://t.co/V0MQAQWuEw
466937659915378700,Thu May 15 13:46:28 +0000 2014,@afsarzaidi happy birthday Afsar.
465340372520955900,Sun May 11 03:59:25 +0000 2014,@shrishtiarya love it Nanu....😊
464397435859525600,Thu May 08 13:32:31 +0000 2014,@priyankaborkar1 looking good..
462780579424264200,Sun May 04 02:27:42 +0000 2014,RT @priyankachopra: #TeamPC love u. Thank u for the support http://t.co/ssqZ1ElEEY
461872334878830600,Thu May 01 14:18:40 +0000 2014,RT @priyankachopra: Thank u @NickCannon for coming to support me.. Ure an awesome friend.. http://t.co/lKOYirfgWD
461872131228569600,Thu May 01 14:17:51 +0000 2014,@iamsrk ???
461870094914945000,Thu May 01 14:09:46 +0000 2014,RT @BollyBrit: #ICMYLM My view posted on YouTube! .@sibtain_r2009 .@TeamPriyanka .@priyankachopra .@PriyankaFanClub http://t.co/ktKEthm0vm
457314923958517760,Sat Apr 19 00:29:09 +0000 2014,@priyankachopra Mimi that's Nana's birthday....cool.
457306100820607000,Fri Apr 18 23:54:05 +0000 2014,@karanjohar yes...
456575968887328800,Wed Apr 16 23:32:48 +0000 2014,@Tarunmansukhani happy birthday Tarun...have a fabulous one
455714908722987000,Mon Apr 14 14:31:15 +0000 2014,@priyankachopra he still holds u in pride Mimi....
454828599540211700,Sat Apr 12 03:49:23 +0000 2014,@M_Contractor @priyankachopra Mickey...Mimi ...I want that shade of lipstick pleeease.
451927593470943200,Fri Apr 04 03:41:49 +0000 2014,@priyankachopra where r the other 2 ?
451924497537720300,Fri Apr 04 03:29:31 +0000 2014,@priyankachopra ?
449967788929466400,Sat Mar 29 17:54:15 +0000 2014,@TeamPriyanka @priyankachopra if looks could kill...
449365210436861950,Fri Mar 28 01:59:49 +0000 2014,@shrishtiarya @veersarya why torture the poor child Nanu?
448659076575424500,Wed Mar 26 03:13:54 +0000 2014,@iamsrk where r u off to ?
445984865310478340,Tue Mar 18 18:07:32 +0000 2014,@priyankachopra u?
445982994067890200,Tue Mar 18 18:00:06 +0000 2014,@shrishtiarya awwwwhhh !!!
445981834288300000,Tue Mar 18 17:55:29 +0000 2014,@filmfare @TeamPriyanka @priyankachopra You look amazing Mimi.
442138535303594000,Sat Mar 08 03:23:36 +0000 2014,@konkonas you look gorgeous...
441804546218926100,Fri Mar 07 05:16:26 +0000 2014,@BBEAR really?
439261061276237800,Fri Feb 28 04:49:32 +0000 2014,@irfan525 whose?
438909934957514750,Thu Feb 27 05:34:17 +0000 2014,@iamsrk bad people will make you feel better 😊
438769648059039740,Wed Feb 26 20:16:50 +0000 2014,@madhuchopra way to go Lady.,,,congrats 😘
437979767183507460,Mon Feb 24 15:58:08 +0000 2014,@M_Contractor congrats...
436935955044630500,Fri Feb 21 18:50:24 +0000 2014,@priyankaborkar1 hav fun missy
436693069678002200,Fri Feb 21 02:45:15 +0000 2014,@priyankachopra whose ?
436277779089195000,Wed Feb 19 23:15:02 +0000 2014,@mubinarattonsey @santoshsivan Looks amazing going with all my Tamilian friends here in Boston....for sure. 💖
435775938144763900,Tue Feb 18 14:00:54 +0000 2014,Missing someone dear....dearly.
435669841811607550,Tue Feb 18 06:59:19 +0000 2014,@stace1711 come visit
435414507444518900,Mon Feb 17 14:04:42 +0000 2014,@mubinarattonsey Saw the trailer of Dishkiyaoon at the Gunday screening...Harman looks hot and happening.
434894906025599000,Sun Feb 16 03:40:00 +0000 2014,@irfan525  Stacey?
434336854134259700,Fri Feb 14 14:42:30 +0000 2014,@iamsrk how can u reload temptation without Mimi ?
434021162537205760,Thu Feb 13 17:48:03 +0000 2014,@PeeCeeLoverz @TeamPriyanka hot hotter hottest...
433360110694330400,Tue Feb 11 22:01:16 +0000 2014,RT @TeamPriyanka: Tune maari entriyaan... Dil mein baji ghantiyann.. Tang tang tang.. RT if you love this track! http://t.co/Yvk8YuR0jJ
432384071466246140,Sun Feb 09 05:22:50 +0000 2014,@GundayTheFilm @priyankachopra Hawt...
428719982206517250,Thu Jan 30 02:43:03 +0000 2014,@priyankachopra @GundayTheFilm OMG.....u make being bad look good...Priyanka Chopra
427665589042413600,Mon Jan 27 04:53:16 +0000 2014,@priyankachopra Grammys
427653877392216060,Mon Jan 27 04:06:44 +0000 2014,@iamsrk not true.....young man..not true
427280352324096000,Sun Jan 26 03:22:29 +0000 2014,@BeingSalmanKhan u can send me this poster...
427264614330806300,Sun Jan 26 02:19:56 +0000 2014,@BeingSalmanKhan r u really going to send me one....I watched in Boston...💖 Jai
427111346480508900,Sat Jan 25 16:10:55 +0000 2014,@iamsrk oh no...
426562062454894600,Fri Jan 24 03:48:15 +0000 2014,@mubinarattonsey Mubina....it's looking good.
426243215977906200,Thu Jan 23 06:41:16 +0000 2014,@mubinarattonsey @DishkiyaoonFilm @ErosNow it looks like a guy film but I will make the trip to the theater to watch Harman...
422545392669306900,Mon Jan 13 01:47:26 +0000 2014,@PeeCeeLoverz @priyankachopra @tracybrennan007 @anjulaacharia I'm watching
422439228585558000,Sun Jan 12 18:45:35 +0000 2014,@BBEAR @irfan525 looooove the guys
417973247725273100,Tue Dec 31 10:59:22 +0000 2013,@stace1711 I'm a boring old lady...happy new year though.😥
417274679666409500,Sun Dec 29 12:43:30 +0000 2013,@iamsrk cheeese...
417273777706528800,Sun Dec 29 12:39:55 +0000 2013,@BBEAR soooo sad....Roro
416254820912074750,Thu Dec 26 17:10:57 +0000 2013,@priyankaborkar1 congratulations Borkar
415507935104487400,Tue Dec 24 15:43:06 +0000 2013,Merry Christmas to one and all...
415507207606640640,Tue Dec 24 15:40:12 +0000 2013,@iamsrk no cigarettes?
415506900801703940,Tue Dec 24 15:38:59 +0000 2013,@BBEAR safe flight boy child....merry Christmas
413991484610723840,Fri Dec 20 11:17:16 +0000 2013,@priyankachopra can't make it....😢
413357715050618900,Wed Dec 18 17:18:53 +0000 2013,@AzmiShabana congratulation to Javed ji and the family....simply amazing
413240442981863400,Wed Dec 18 09:32:53 +0000 2013,@fashionatclick @TeamPriyanka you look insanely beautiful girl child.
412165390530138100,Sun Dec 15 10:21:01 +0000 2013,@priyankachopra Gundaay......very very amazing.
411389105436512260,Fri Dec 13 06:56:20 +0000 2013,@KrystleRich @anjulaacharia  yes yes yes....
409017081082810400,Fri Dec 06 17:50:45 +0000 2013,@priyankaborkar1 love....u look gorgeous.
407919400683962400,Tue Dec 03 17:08:58 +0000 2013,@TeamPriyanka @priyankachopra wow
407918940170362900,Tue Dec 03 17:07:08 +0000 2013,@priyankachopra Rolls Royce ?
407917833591353340,Tue Dec 03 17:02:44 +0000 2013,@shahidkapoor in Chennai?
407916105995259900,Tue Dec 03 16:55:53 +0000 2013,@priyankachopra I love you....
407916000835670000,Tue Dec 03 16:55:27 +0000 2013,@shrishtiarya Christmas ....round the corner.
406835080795914240,Sat Nov 30 17:20:16 +0000 2013,@AzmiShabana prayers for his speedy recovery....
406750947713376260,Sat Nov 30 11:45:57 +0000 2013,@iamsrk sexy...
406509512372133900,Fri Nov 29 19:46:34 +0000 2013,@natashapal sorry for the belated wishes....but loads of love and blessings.mamani.
404279941283315700,Sat Nov 23 16:07:03 +0000 2013,@priyankachopra hmmmm
404170112107700200,Sat Nov 23 08:50:38 +0000 2013,@iamsrk maybe u always were....
399687885688807400,Sun Nov 10 23:59:52 +0000 2013,@priyankachopra was thinking of him....miss him too
398727837579874300,Fri Nov 08 08:24:59 +0000 2013,@ihrithik @priyankachopra @vivek_oberoi Mimi i told mom Krish3 would do 200cr....my black tongue worked and how..love u loads. mamani
398721338967207940,Fri Nov 08 07:59:09 +0000 2013,@priyankachopra yaay Mimi
398720575733911550,Fri Nov 08 07:56:07 +0000 2013,@iamsrk Love....mami
398719977168986100,Fri Nov 08 07:53:45 +0000 2013,@priyankachopra Haut...
396244069854097400,Fri Nov 01 11:55:22 +0000 2013,@BBEAR I thought it would be a picture of me....😥
394540921175703550,Sun Oct 27 19:07:40 +0000 2013,@irfan525 @stace1711 ahhhhhhhhhhhh.
391804273073213440,Sun Oct 20 05:53:12 +0000 2013,@shrishtiarya agree..
389229004768559100,Sun Oct 13 03:20:00 +0000 2013,Happy birthday Tammana...God bless.
388430410939527200,Thu Oct 10 22:26:41 +0000 2013,@ApoorvaLakhia I'm so sorry...
387436166003568640,Tue Oct 08 04:35:54 +0000 2013,@priyankachopra I miss him too...
386993076356800500,Sun Oct 06 23:15:14 +0000 2013,@priyankachopra c u later alligator...safe trip
386684994384855040,Sun Oct 06 02:51:01 +0000 2013,@irfan525 will do...
386562252167741440,Sat Oct 05 18:43:17 +0000 2013,@natashapal I thought u were in LA
386291056830349300,Sat Oct 05 00:45:39 +0000 2013,@shrishtiarya yes...u r special.
385562572688465900,Thu Oct 03 00:30:55 +0000 2013,@extratv @priyankachopra @beatsbydre @teampriyanka
384765989659090940,Mon Sep 30 19:45:35 +0000 2013,@shrishtiarya @veersarya Happy birthday Veer....god bless.
384508014709194750,Mon Sep 30 02:40:29 +0000 2013,@irfan525 jealous.
383606489677852700,Fri Sep 27 14:58:08 +0000 2013,@TeamPriyanka Flowergirl...😃
382370792597909500,Tue Sep 24 05:07:55 +0000 2013,Watched PPNH....sooo sweet .
382366679793418240,Tue Sep 24 04:51:35 +0000 2013,@priyankaborkar1 @priyankachopra Nice...very nice
378359013156855800,Fri Sep 13 03:26:32 +0000 2013,@shrishtiarya I'm not sure you want trouble around..😊
377873807895429100,Wed Sep 11 19:18:31 +0000 2013,@shrishtiarya bheja fry is my absolute fav....Nanu
377872619858853900,Wed Sep 11 19:13:47 +0000 2013,@priyankachopra r u going to be at the game? I wanna wanna go too....
376854644573483000,Sun Sep 08 23:48:43 +0000 2013,@ApoorvaLakhia I like that u r at the helm of the ship....awesome
376159192723509250,Sat Sep 07 01:45:14 +0000 2013,Zanjeer is fast paced action packed and totally entertaining....Ram Charan is pretty amazing and Priyanka a breath of fresh air..
376157914693906400,Sat Sep 07 01:40:10 +0000 2013,@natashapal cool...
375419079416635400,Thu Sep 05 00:44:18 +0000 2013,@priyankachopra wow!
372554976222281700,Wed Aug 28 03:03:22 +0000 2013,@irfan525 what happened Rani beti....
372209104829567000,Tue Aug 27 04:09:00 +0000 2013,@shrishtiarya no rest for the wicked Nanu......
372018905650589700,Mon Aug 26 15:33:13 +0000 2013,RT @TeamPriyanka: RT if you watched Jhalak tonight on @colorstv with @priyankachopra
371765751004528640,Sun Aug 25 22:47:16 +0000 2013,@shrishtiarya Happy birthday Nanu..love and God Bless. Mami ( P.C's )
368572098748223500,Sat Aug 17 03:16:50 +0000 2013,My sweet children  http://t.co/RnWa0K0XvB
368567819996102660,Sat Aug 17 02:59:50 +0000 2013,@A_C2015 so u ruined ur own surprise.
366906692513959940,Mon Aug 12 12:59:06 +0000 2013,@mubinarattonsey @shahidkapoor love it...can't wait
366443695672803300,Sun Aug 11 06:19:19 +0000 2013,@mubinarattonsey @natashapal better yet...you can visit and leave the boys behind.
365897648068231200,Fri Aug 09 18:09:32 +0000 2013,N
365635968675487740,Fri Aug 09 00:49:42 +0000 2013,@MrinaalC @priyankachopra u should come here Mrin
365442138017763300,Thu Aug 08 11:59:29 +0000 2013,Eid Mubarak to my family and friends...
362766000841703400,Thu Aug 01 02:45:29 +0000 2013,@mubinarattonsey u girls look gorgeous...
361195955149746200,Sat Jul 27 18:46:41 +0000 2013,@BBEAR wow beautiful picture.
361195200804171800,Sat Jul 27 18:43:41 +0000 2013,@ApoorvaLakhia yaaay!!!!
361140560519626750,Sat Jul 27 15:06:33 +0000 2013,@priyankachopra my baby....stay happy
359338426530668540,Mon Jul 22 15:45:31 +0000 2013,@priyankachopra inside your heart....
358298142787121150,Fri Jul 19 18:51:48 +0000 2013,@iamtanvi will post a pic soon
357971050518155260,Thu Jul 18 21:12:03 +0000 2013,@iamtanvi will post a pic soon
357849472300093440,Thu Jul 18 13:08:57 +0000 2013,@iamtanvi @priyankachopra the  Priyanka doll Mujhse Shaadi Karoge red  lehnga.
357327963362037760,Wed Jul 17 02:36:39 +0000 2013,@priyankaborkar1 thank god I'm back in the US of A
356954573660880900,Tue Jul 16 01:52:56 +0000 2013,@mubinarattonsey I quite like the trailer of PPNH looks interesting....
356783795191554050,Mon Jul 15 14:34:20 +0000 2013,@MrinaalC  happy birthday Mrinaal ...loads of love.
355172017198211100,Thu Jul 11 03:49:42 +0000 2013,@MrinaalC @faroutakhtar can't wait to c it with my Milka on Friday....
354219442768580600,Mon Jul 08 12:44:30 +0000 2013,@priyankachopra miss him too....
353564124640321540,Sat Jul 06 17:20:30 +0000 2013,My two favorite people http://t.co/k0SxQJmqFu
352741609185611800,Thu Jul 04 10:52:07 +0000 2013,@priyankachopra will be added to my PC doll...
352741105881710600,Thu Jul 04 10:50:07 +0000 2013,@A_C2015 wait....I'm coming
352739945024192500,Thu Jul 04 10:45:31 +0000 2013,@priyankachopra all thanks to ur sexy momma...
351761607145160700,Mon Jul 01 17:57:57 +0000 2013,@priyankaborkar1 is that why u were yellow ?
351761369277804540,Mon Jul 01 17:57:00 +0000 2013,@ApoorvaLakhia @priyankachopra I agree...
351760923544928260,Mon Jul 01 17:55:14 +0000 2013,@shrishtiarya what's cookin' Nanu ?
351016472631443460,Sat Jun 29 16:37:03 +0000 2013,@natashapal @wesagittarius really..
350689740971982850,Fri Jun 28 18:58:44 +0000 2013,Happy birthday Mubina.....loads of love and God Bless.
349784351929663500,Wed Jun 26 07:01:02 +0000 2013,@MrinaalC me too ?
349372802337484800,Tue Jun 25 03:45:41 +0000 2013,@A_C2015 happy birthday Aeknoor
349368726564519940,Tue Jun 25 03:29:30 +0000 2013,Happy birthday Shivang
349262724561244160,Mon Jun 24 20:28:17 +0000 2013,@mubinarattonsey can I visit u on ur set?
349262259182256100,Mon Jun 24 20:26:26 +0000 2013,@priyankachopra my favoritest song
348721713539866600,Sun Jun 23 08:38:30 +0000 2013,@A_C2015 Vimal uncle is back....visit him.
345767682555117600,Sat Jun 15 05:00:14 +0000 2013,@priyankachopra U can show off ur chInks....it's ok
338944802181746700,Mon May 27 09:08:32 +0000 2013,@irfan525 my birthday is on the 23 rd of June....thanks in advance. I 💖 gardens.
338734607132409860,Sun May 26 19:13:18 +0000 2013,Terrible...
338700908336652300,Sun May 26 16:59:23 +0000 2013,Whistlepodu .....come on Chennai....Super Kings!
338521937959604200,Sun May 26 05:08:14 +0000 2013,@BBEAR whaaaa
338340402681741300,Sat May 25 17:06:52 +0000 2013,@priyankachopra ok girl child how r u???
337882002202173440,Fri May 24 10:45:21 +0000 2013,@BBEAR hah!
337881366433787900,Fri May 24 10:42:49 +0000 2013,@shrishtiarya @goldiebehl @basuanurag so amazing.....she looks absolutely stunning
337568435296931840,Thu May 23 13:59:21 +0000 2013,@BBEAR my poor baby....
331461005303504900,Mon May 06 17:30:36 +0000 2013,@TeamPriyanka Tamizhan
330354207695708160,Fri May 03 16:12:35 +0000 2013,Watched Shootout at Wadala.....first day first show only for Mimi.
328354413804662800,Sun Apr 28 03:46:07 +0000 2013,@priyankachopra why my child....r u ok?
325999917313183740,Sun Apr 21 15:50:11 +0000 2013,@paintypants8  did u get back ok?
325309678038941700,Fri Apr 19 18:07:25 +0000 2013,@paintypants8  you stay safe.....💓😘
325193760176742400,Fri Apr 19 10:26:48 +0000 2013,Feel helpless watching CNN in Chennai....with a madman running around within a mile from home in Watertown
323286572017516540,Sun Apr 14 04:08:19 +0000 2013,@AzmiShabana Watched it Delhi years ago....moved to tears and of course a standing ovation it was.
322617008913006600,Fri Apr 12 07:47:43 +0000 2013,First thing I walked into in Mumbai airport... http://t.co/02P6emnCck
322384425302241300,Thu Apr 11 16:23:31 +0000 2013,Can you beat me in @WordsWFriends? Prove it. Username: 'zyngawf_38697041'. #LetsPlay http://t.co/nZq0HLR4Zb
321244928543961100,Mon Apr 08 12:55:34 +0000 2013,@A_C2015 make sure Vimal uncle takes you...
321055216617283600,Mon Apr 08 00:21:43 +0000 2013,@priyankachopra  Such a beauteous family....mine.
317322703336009700,Thu Mar 28 17:10:02 +0000 2013,@A_C2015  heard about that...will c u only after 18th June .
312663681890672640,Fri Mar 15 20:36:45 +0000 2013,@BBEAR u ok?
311207796756607000,Mon Mar 11 20:11:35 +0000 2013,@priyankachopra 💓
311207428307963900,Mon Mar 11 20:10:07 +0000 2013,@paintypants8 💓
304956743694290940,Fri Feb 22 14:12:08 +0000 2013,@priyankachopra where's the party?
303209472980045800,Sun Feb 17 18:29:06 +0000 2013,@priyankachopra yaay
300761781599617000,Mon Feb 11 00:22:51 +0000 2013,@irfan525 @madhuchopra I totally believe that...
300667166255087600,Sun Feb 10 18:06:53 +0000 2013,@irfan525 amazing.......missin' the fun or rather missed the fun.
299959505893085200,Fri Feb 08 19:14:53 +0000 2013,@natashapal silly billy....glad ur ok
299946246112677900,Fri Feb 08 18:22:12 +0000 2013,@natashapal get well soon🌷🌷🌷
297774524756291600,Sat Feb 02 18:32:33 +0000 2013,@BBEAR didn't change in 30yrs...
296771327182909440,Thu Jan 31 00:06:12 +0000 2013,@priyankachopra Mimi amazing 😘
295609090770620400,Sun Jan 27 19:07:54 +0000 2013,@priyankachopra no u won't ...that's how u live 😍
295608584656535550,Sun Jan 27 19:05:53 +0000 2013,@irfan525 @priyankachopra awesome !
295416630970810400,Sun Jan 27 06:23:08 +0000 2013,Hey hotness why u hiding? https://t.co/sOVdo0cV
295324382019059700,Sun Jan 27 00:16:34 +0000 2013,@priyankachopra me???
293853819622813700,Tue Jan 22 22:53:04 +0000 2013,@BBEAR holy cow...
290947605129723900,Mon Jan 14 22:24:49 +0000 2013,@priyankachopra 💋💓
290109079089717250,Sat Jan 12 14:52:49 +0000 2013,@konkonas me too
290108762142953500,Sat Jan 12 14:51:33 +0000 2013,@BBEAR  so don't invite me to fancy smancy stuff in Newcastle .
289981130705362940,Sat Jan 12 06:24:23 +0000 2013,@BBEAR I need a puppy...
288833632720785400,Wed Jan 09 02:24:38 +0000 2013,@priyankachopra nice😍
288674115412426750,Tue Jan 08 15:50:47 +0000 2013,@priyankachopra ur up early? Love the views 😍
285971766940139520,Tue Jan 01 04:52:36 +0000 2013,Happy new year people....have a fabulous 2013....😘
285613571302359040,Mon Dec 31 05:09:16 +0000 2012,Touchdown.... http://t.co/7nFLE1av
284750413520052220,Fri Dec 28 19:59:23 +0000 2012,@natashapal Santa found his way....thanks Natasha
284465806992109570,Fri Dec 28 01:08:28 +0000 2012,@natashapal and I'm jealous!
284440569294503940,Thu Dec 27 23:28:11 +0000 2012,@natashapal sure...
284138963646681100,Thu Dec 27 03:29:42 +0000 2012,@natashapal I am waiting for my NFL Santa Natasha....
284138066841575420,Thu Dec 27 03:26:08 +0000 2012,@BBEAR nice...
283496094879608830,Tue Dec 25 08:55:10 +0000 2012,Merry Christmas folks...
279022278463873020,Thu Dec 13 00:37:49 +0000 2012,Fabulous....Mimi
279020878958829570,Thu Dec 13 00:32:16 +0000 2012,@natashapal awwh!
278855604750147600,Wed Dec 12 13:35:31 +0000 2012,@priyankachopra Haawwtt...
278855055065616400,Wed Dec 12 13:33:20 +0000 2012,@priyankachopra my love and prayers as always.....stay strong. Whatever he does wherever he goes he will always be a Hero.
278181281978789900,Mon Dec 10 16:56:00 +0000 2012,@natashapal  I totally agree with you I don't fly Air India by choice.
277990943452442620,Mon Dec 10 04:19:40 +0000 2012,Congrats Tom Brady and good luck for tomorrow .
276560279943405570,Thu Dec 06 05:34:43 +0000 2012,@priyankachopra watched it with Rita a day ago?
275648705602916350,Mon Dec 03 17:12:27 +0000 2012,@paintypants8  u ok?
275648451994341380,Mon Dec 03 17:11:26 +0000 2012,@priyankachopra @XSTROLOGY  Yessss!!!
275647989266141200,Mon Dec 03 17:09:36 +0000 2012,@iamsrk of course inside and out
274225088126152700,Thu Nov 29 18:55:30 +0000 2012,@natashapal Happy birthday Natasha...have a blast
273789248358989820,Wed Nov 28 14:03:38 +0000 2012,@priyankachopra @cancerfollowers how true...
273441806304288770,Tue Nov 27 15:03:01 +0000 2012,@BBEAR nice....Apa is there too.
273274236511088640,Tue Nov 27 03:57:09 +0000 2012,@mubinarattonsey cool....looks awesome.
271628777862361100,Thu Nov 22 14:58:41 +0000 2012,@iamsrk Bambi ...😃
271480843233538050,Thu Nov 22 05:10:51 +0000 2012,Tom Brady good luck.....love
271423929430720500,Thu Nov 22 01:24:42 +0000 2012,Homemade apple pie....just the beginning . http://t.co/DemP9PYp
270939277033095170,Tue Nov 20 17:18:52 +0000 2012,Back from LA http://t.co/wO8DLe7w
270934971366113280,Tue Nov 20 17:01:45 +0000 2012,@BBEAR Kaira
270575503608520700,Mon Nov 19 17:13:21 +0000 2012,@priyankachopra u r real 💓
270544162938581000,Mon Nov 19 15:08:49 +0000 2012,@mubinarattonsey 💓
270013338002526200,Sun Nov 18 03:59:31 +0000 2012,@beproud @priyankachopra @TeamPriyanka so proud of you Mimi
270012517038829570,Sun Nov 18 03:56:15 +0000 2012,@paintypants8 hello kitty is Althea's favorite. Looks like ur having fun. C u on Monday .
270007729786069000,Sun Nov 18 03:37:13 +0000 2012,@priyankaborkar1 @laughbook haha
269891613579440130,Sat Nov 17 19:55:49 +0000 2012,@TomBradyQB kickass tomorrow.....Tom Brady.
269874155862777860,Sat Nov 17 18:46:27 +0000 2012,@priyankachopra can't wait....excited too.
269414863686754300,Fri Nov 16 12:21:23 +0000 2012,@paintypants8 Erase....
268735212173787140,Wed Nov 14 15:20:42 +0000 2012,Jab tak hai jaan... http://t.co/KeMlURvM
268235421836779520,Tue Nov 13 06:14:42 +0000 2012,Happy Diwali everyone!
268235260339318800,Tue Nov 13 06:14:04 +0000 2012,@BBEAR Oh...cool.When do u get to Delhi?
267776635774857200,Sun Nov 11 23:51:40 +0000 2012,Gajar Ka halwa, tandoori chicken, challah bread, and salad. Yum!! http://t.co/s5key1TI
267743839006126080,Sun Nov 11 21:41:20 +0000 2012,@ParineetiChopra nice Tisha
267743586609680400,Sun Nov 11 21:40:20 +0000 2012,@BBEAR my baby.😥
266834100252454900,Fri Nov 09 09:26:21 +0000 2012,@TeamPriyanka @paintypants8 @priyankachopra gorgeous girl child....love
266766052652879870,Fri Nov 09 04:55:57 +0000 2012,Skyfalll....
266020608649879550,Wed Nov 07 03:33:50 +0000 2012,@priyankachopra cooool!
264942436990722050,Sun Nov 04 04:09:34 +0000 2012,Back in the Beantown....
264309725598986240,Fri Nov 02 10:15:23 +0000 2012,@iamsrk happy birthday Sharukh..love and God Bless. Mami
264045637719449600,Thu Nov 01 16:46:00 +0000 2012,@irfan525 u hav to wait for me to turn old. I'm still young.
263307288868184060,Tue Oct 30 15:52:04 +0000 2012,@PCgurl_RONa sure.....I am the universal Mami  most of the time.
262420147464179700,Sun Oct 28 05:06:53 +0000 2012,@paintypants8 did u have anything to do with this?
261861593078460400,Fri Oct 26 16:07:23 +0000 2012,Eid Mubarak to all my family and friends.
261610158151589900,Thu Oct 25 23:28:16 +0000 2012,Can you beat me in @WordsWFriends? Prove it. Username: 'zyngawf_38697041'. #LetsPlayu http://t.co/q7p38QyJ
261581681641791500,Thu Oct 25 21:35:07 +0000 2012,@PCgurl_RONa I'm her Mami .
261580728616239100,Thu Oct 25 21:31:20 +0000 2012,@priyankaborkar1 hawt!!!!!!
260826944831119360,Tue Oct 23 19:36:04 +0000 2012,@irfan525 I love u my rani beti...
258070749477236740,Tue Oct 16 05:03:56 +0000 2012,@paintypants8 OMG....is that ur painting ? It's  worth a million bucks.😱💙
257700977459744770,Mon Oct 15 04:34:35 +0000 2012,@priyankaborkar1 skip Taken 2.
257245744795377660,Sat Oct 13 22:25:39 +0000 2012,@priyankaborkar1 Delhi....hahaha
256779993462472700,Fri Oct 12 15:34:55 +0000 2012,@irfan525 WOW!!!!
256772678122364930,Fri Oct 12 15:05:51 +0000 2012,@iamsrk same thoughts....the whole world should think that way.Love.
255766512307154940,Tue Oct 09 20:27:43 +0000 2012,@irfan525  She?
255302972383309820,Mon Oct 08 13:45:46 +0000 2012,@priyankachopra @paintypants8 😘 thank u.
255300789663309820,Mon Oct 08 13:37:06 +0000 2012,@irfan525 @priyankachopra @howsillyofme Don't miss me Rani Beti.😢
253931331413737470,Thu Oct 04 18:55:21 +0000 2012,@irfan525 @bbear that sounds good...u should to his white coat in Newcastle in January.
253570819085721600,Wed Oct 03 19:02:49 +0000 2012,@SrBachchan happy birthday in advance.....
253351228183023600,Wed Oct 03 04:30:14 +0000 2012,@paintypants8 @priyankachopra @irfan525 @BBEAR @pamathur @Parisapie me too...bought it.
252607104228151300,Mon Oct 01 03:13:21 +0000 2012,@TomBradyQB Amazing game Tom Brady...love you.
251836188858671100,Sat Sep 29 00:10:00 +0000 2012,Do you like Priyanka Chopra’s denim style? http://t.co/uSrNoN9q
251417717570166800,Thu Sep 27 20:27:09 +0000 2012,@BBEAR like the plan.
251023204171268100,Wed Sep 26 18:19:30 +0000 2012,@iamsrk why do I love you?
250793228293525500,Wed Sep 26 03:05:39 +0000 2012,@BBEAR holy cow .... not fair
250792791993614340,Wed Sep 26 03:03:55 +0000 2012,@priyankachopra rocking my car on the the way to Roc.
250792141947818000,Wed Sep 26 03:01:20 +0000 2012,@iamsrk clean shaven
250790789884555260,Wed Sep 26 02:55:58 +0000 2012,@iamsrk Hey hot stuff ....looking good.😘
249739701282557950,Sun Sep 23 05:19:19 +0000 2012,The twins watching NFL... http://t.co/qguLra36
249665818479169540,Sun Sep 23 00:25:44 +0000 2012,@priyankachopra all good?headed to airport in an hour....
247416017066795000,Sun Sep 16 19:25:49 +0000 2012,@BBEAR cool...
246381972199452670,Thu Sep 13 22:56:54 +0000 2012,@iamsrk you should listen to In my City...
246381265530540030,Thu Sep 13 22:54:05 +0000 2012,OMG!OMG! AMAZING...Congrats Mimi
246220702116622340,Thu Sep 13 12:16:04 +0000 2012,@priyankachopra The day has dawned...can't wait.Bestest....loads of love.
245892790049980400,Wed Sep 12 14:33:04 +0000 2012,@priyankachopra i hate that i didn't see it yet....
241994129884708860,Sat Sep 01 20:21:11 +0000 2012,Watched Indian Idol tonight
237367597786607600,Mon Aug 20 01:57:00 +0000 2012,Eid Mubarak to all my favorite people....
230474707105898500,Wed Aug 01 01:27:06 +0000 2012,i am soooo.....sad.
225252240636653570,Tue Jul 17 15:34:53 +0000 2012,@priyankachopra happy birthday and god bless ur one and only .i'm  celebrating with Ro....enjoy ur boat ride.love u
223450527005024260,Thu Jul 12 16:15:31 +0000 2012,in seventh heaven right now.....so Happy.
222536431317434370,Tue Jul 10 03:43:14 +0000 2012,@iamsrk Hey! Good lookin'
221277001728794620,Fri Jul 06 16:18:42 +0000 2012,@priyankachopra took Valerie to TMK in NYNY and Z in Boston...both of them loved it....so i'm 3.1/2 and counting.
220658237316403200,Wed Jul 04 23:19:58 +0000 2012,@priyankachopra Ha!! I know that picture.
219256617135386620,Sun Jul 01 02:30:25 +0000 2012,@mubinarattonsey Happy birthday Mubina....even if i'm a day late.Loads of love and blessings.mami...pc's
219256077647216640,Sun Jul 01 02:28:17 +0000 2012,@ParineetiChopra cool....got to get it
219247595237814270,Sun Jul 01 01:54:34 +0000 2012,@iamsrk sense....
214938256784101380,Tue Jun 19 04:30:48 +0000 2012,@priyankachopra soooo...jealous.can't wait.
209824652510507000,Tue Jun 05 01:51:10 +0000 2012,@mubinarattonsey @santoshsivan @BreakingViews4u .Congrats Mubina...simply  awesome
209823962975313920,Tue Jun 05 01:48:25 +0000 2012,@sonamakapoor @priyankachopra i agree
209823532933328900,Tue Jun 05 01:46:43 +0000 2012,@priyankachopra watched rowdy rathore just to watch the trailer of teri meri kahaani....looove it
207875549618638850,Wed May 30 16:46:07 +0000 2012,@priyankachopra with whom????
207523316725067780,Tue May 29 17:26:28 +0000 2012,@mubinarattonsey will c it asap...in Boston now
206813485668114430,Sun May 27 18:25:52 +0000 2012,@iamsrk congrats...u won because i wished u well....mami,,pc's
206812449884733440,Sun May 27 18:21:45 +0000 2012,@mubinarattonsey waiting to c urumi when i get back to Boston...PC's mami
206811850036359170,Sun May 27 18:19:22 +0000 2012,@priyankachopra mimi u owe me big time....KKR WON!!!!!
206811274854678530,Sun May 27 18:17:04 +0000 2012,mimi...u owe me big time KKR won
200452045709385730,Thu May 10 05:07:46 +0000 2012,@priyankachopra this is the best BD gift i'm going to get.can't wait till June 22nd
196972469398155260,Mon Apr 30 14:41:10 +0000 2012,@Parisapie u....graduating so why?
195640433118937100,Thu Apr 26 22:28:08 +0000 2012,Globe trotting....Chennai London Boston and Rochester in the last 24hours.
192164973265424400,Tue Apr 17 08:17:54 +0000 2012,@ParineetiChopra good luck Tisha....promos looking good already.mami(PC'S)
187990910892646400,Thu Apr 05 19:51:40 +0000 2012,@priyankachopra Teri meri kahani is looking awesome..
183155571099320320,Fri Mar 23 11:37:45 +0000 2012,@iamsrk never seen a better picture of you....
182690202861584400,Thu Mar 22 04:48:33 +0000 2012,@priyankachopra I voted...
182688822579048450,Thu Mar 22 04:43:04 +0000 2012,@priyankachopra choooo chweet...i mean vodka
182155340710813700,Tue Mar 20 17:23:12 +0000 2012,@priyankachopra c u on the third with my thamil bandwagon
175566232978866180,Fri Mar 02 13:00:26 +0000 2012,@irfan525 ooooh...hav fun
175566064074240000,Fri Mar 02 12:59:46 +0000 2012,@irfan525 where r u headed?
169606462237188100,Wed Feb 15 02:18:26 +0000 2012,@irfan525 ahaa...so r u treating her like a queen?
168553679568379900,Sun Feb 12 04:35:03 +0000 2012,aand i will always love you....Whitney Houston
168520390212190200,Sun Feb 12 02:22:46 +0000 2012,@iamsrk hugs and kisses
168410885717626880,Sat Feb 11 19:07:38 +0000 2012,@priyankachopra good luck Mimi can't wait for tomorrow
165656990520066050,Sat Feb 04 04:44:38 +0000 2012,@tmbrady12 good luck Tom Brady...see u in the parade on monday.
162165318968557570,Wed Jan 25 13:29:59 +0000 2012,@iamsrk get some rest....love u
161839759524757500,Tue Jan 24 15:56:20 +0000 2012,Sooooo...jealous of my husband right now
161607124667994100,Tue Jan 24 00:31:55 +0000 2012,wonderful weekend visit with my son and daughter....
161606926013169660,Tue Jan 24 00:31:08 +0000 2012,can't wait for friday......
160737403672346620,Sat Jan 21 14:55:58 +0000 2012,@priyankachopra good luck @ Macau
159479567839539200,Wed Jan 18 03:37:46 +0000 2012,@Parisapie come to Boston...back in tommorrow
159296206089093120,Tue Jan 17 15:29:09 +0000 2012,@Parisapie mwaah
159128764016627700,Tue Jan 17 04:23:48 +0000 2012,india trip coming to an end....couldn't have been better
159128486492119040,Tue Jan 17 04:22:42 +0000 2012,@Parisapie i totally agree....miss it sooooo much
157089424126119940,Wed Jan 11 13:20:11 +0000 2012,@irfan525 u doin' ok?
156963261517004800,Wed Jan 11 04:58:52 +0000 2012,@priyankachopra gun guna is cool...
156064024600125440,Sun Jan 08 17:25:37 +0000 2012,@PCFB sooo sexy
151995268122939400,Wed Dec 28 11:57:50 +0000 2011,@iamsrk i watched Don2 again in chennai with friends.mami..pc's
151856563043307520,Wed Dec 28 02:46:40 +0000 2011,@priyankachopra kinda late 2012 is round the corner.pl book my copy
151004917883076600,Sun Dec 25 18:22:32 +0000 2011,@priyankachopra love u....merry christmas
137908957741195260,Sat Nov 19 15:03:52 +0000 2011,@priyankachopra my grandmother's sister lived there....we made many summer trips in r childhood.they grow peanuts.get some.
135064159699206140,Fri Nov 11 18:39:39 +0000 2011,@ParineetiChopra when does ur movie release i have to see it.....Tisha
133600785975087100,Mon Nov 07 17:44:44 +0000 2011,@iamsrk Eid Mubarak Shah Rukh
133600614981709820,Mon Nov 07 17:44:03 +0000 2011,@BBEAR does that mean u will have a moustache for thanksgiving?
130901252765786110,Mon Oct 31 06:57:45 +0000 2011,@priyankachopra Charming ms.most desirable....
130146343682453500,Sat Oct 29 04:58:00 +0000 2011,RT @iamsrk: Everyone seems to be happy with Ra.One in Los Angeles...I feel so touched & happy. now off to delhi for formula1 & lady gaga ...
128621096160337920,Mon Oct 24 23:57:13 +0000 2011,fireplace in Rochester with my special inlaw
128572435221053440,Mon Oct 24 20:43:51 +0000 2011,@priyankachopra OMG so amazing just watched the junglee billi and the don...
128571934832209920,Mon Oct 24 20:41:52 +0000 2011,@iamsrk aawww
124507725479686140,Thu Oct 13 15:32:09 +0000 2011,@priyankachopra can't wait to see u
124507402430201860,Thu Oct 13 15:30:52 +0000 2011,good luck Shahrukh can't wait to see RAONE
106399409897619460,Wed Aug 24 16:16:10 +0000 2011,@iamsrk can't wait too.get rest and stay in good health.
100360652597637120,Mon Aug 08 00:20:18 +0000 2011,@priyankachopra congrats....purple or no purple.luv ya
100359864978645000,Mon Aug 08 00:17:11 +0000 2011,@paintypants8 yes u always live with good memories.....bad ones go into the trash bin
93006669335896060,Mon Jul 18 17:18:12 +0000 2011,@iamsrk Hi Sharukh can u give ur Don co-star a big hug for her birthday pl....
92824549598560260,Mon Jul 18 05:14:31 +0000 2011,Happy birthday Mimi.....lotsa love
88725885393453060,Wed Jul 06 21:47:54 +0000 2011,if u didn,t guess...was ur mommy...and congrats.i love u lots
88724966983475200,Wed Jul 06 21:44:15 +0000 2011,@priyankachopra did u get my surprise?????guess...
84252013159923710,Fri Jun 24 13:30:19 +0000 2011,watched Born yesterday on Broadway for my BD....pretty awesome 'cause i was born yesterday.
84249057761042430,Fri Jun 24 13:18:35 +0000 2011,@priyankachopra i ate mexican @ maryann's nyny
63831626731356160,Fri Apr 29 05:07:00 +0000 2011,rainbow in the sky after a storm and tornado watch.simply awesome...
56119229526704130,Thu Apr 07 22:20:41 +0000 2011,i have sunshine and my baby visit boston today......yaaay
44079072229335040,Sat Mar 05 16:57:24 +0000 2011,@priyankachopra omg
44078918898155520,Sat Mar 05 16:56:47 +0000 2011,@paintypants8 @howsillyofme date with my allergy doctor....
44078632423014400,Sat Mar 05 16:55:39 +0000 2011,@howsillyofme i can join u now u know....
42319499302682620,Mon Feb 28 20:25:29 +0000 2011,@priyankachopra looooved it.............good 24 hours
33374954678386690,Fri Feb 04 04:03:03 +0000 2011,@paintypants8 ur supposed to pick upur phone occasionally..
33374677271318530,Fri Feb 04 04:01:57 +0000 2011,@priyankachopra DARRRLINGGG...
5641195363500032,Fri Nov 19 15:19:00 +0000 2010,@priyankachopra ur favorit
28711695152,Mon Oct 25 17:40:17 +0000 2010,@priyankachopra looking gorgeous....btw saw mati in my dreams.it's karva chauth tommorrow...srk????
26233644521,Sun Oct 03 03:38:59 +0000 2010,@priyankachopra  took the gang Zohra,Neha,Jon and self.thoroughly enjoyed it.catchy music.stunning entrance.loooooved it.RK is cute....
26233348121,Sun Oct 03 03:34:58 +0000 2010,@howsillyofme loved it.....u will too.total entertainment.good music.
25453756715,Sat Sep 25 00:43:05 +0000 2010,@priyankachopra what a waste of a friday night.Shipped mamu off to india and no anjaanaaaaa...
25214608750,Wed Sep 22 14:11:04 +0000 2010,@priyankachopra hate that as mamu gets to seeing it before me.life is not good...
21588960119,Thu Aug 19 16:07:54 +0000 2010,@BBEAR hello my bumboybb
21588843525,Thu Aug 19 16:06:29 +0000 2010,@priyankachopra saw the promo for aa lookin' good
21588729171,Thu Aug 19 16:05:06 +0000 2010,or come to NYNY
21588668241,Thu Aug 19 16:04:24 +0000 2010,@priyankachopra i kept looking at those pictures online dreaming i would be there.not to happen though.come visit me instead.
18145355801,Fri Jul 09 20:26:43 +0000 2010,another awesome week @ DC and Yardley.....
16650486960,Sun Jun 20 22:59:35 +0000 2010,fathers day weekend in maine was simply awesome
15248878176,Wed Jun 02 12:49:15 +0000 2010,@howsillyofme i can dance....
15152824262,Tue Jun 01 03:36:41 +0000 2010,@priyankachopra miss u and luv u
15152778883,Tue Jun 01 03:35:51 +0000 2010,i discovered this new beach called plum island.....getting roamantic in my old age.
15152676688,Tue Jun 01 03:33:58 +0000 2010,@howsillyofme can i sing the same song????
14429680798,Fri May 21 14:02:20 +0000 2010,@priyankachopra nice article chopra girl...why should boys have all the fun????
13914873408,Thu May 13 13:48:12 +0000 2010,@priyankachopra omg by usher
13891696631,Thu May 13 03:35:54 +0000 2010,badmaash company was real good...my first hindi movie in 6months
11625919412,Mon Apr 05 04:56:52 +0000 2010,sox won opening day.....awesome
9462159766,Mon Feb 22 04:42:58 +0000 2010,@priyankachopra i'm happy.i get to seeing u..
9324488564,Fri Feb 19 07:08:00 +0000 2010,watched the greenathon video........cho chweet
9323497966,Fri Feb 19 06:30:10 +0000 2010,@paintypants8 pick a date between 10 and 15 march.
9323428012,Fri Feb 19 06:27:41 +0000 2010,@chickyp510 love
9269328656,Thu Feb 18 04:47:39 +0000 2010,ash wednesday...back to one meal a day
8671548969,Fri Feb 05 10:11:08 +0000 2010,last day of one meal a day.....more ceremonies tommorrow
8671490647,Fri Feb 05 10:08:20 +0000 2010,need a 2010 DR calendar pl
8586965354,Wed Feb 03 13:17:02 +0000 2010,check out [promotion] Do you have feedback on our site? - http://bit.ly/4fuRJv
8458403511,Sun Jan 31 17:07:59 +0000 2010,i miss my pappajee
7862547733,Sun Jan 17 12:29:11 +0000 2010,my day of rest......
7707692044,Wed Jan 13 13:23:15 +0000 2010,jsr is tiring...looong day
7408093715,Tue Jan 05 16:40:00 +0000 2010,@priyankachopra  i need to see it.come to blr..love the songs anywayz
7399821015,Tue Jan 05 10:38:42 +0000 2010,guys love the fun pictures in new york...
