id,created_at,text
698039946066665500,Fri Feb 12 07:04:26 +0000 2016,@pascal_n @OSM_Tech thanks! sorry &amp; it should be fixed now. seems the sanity checking code didn't work. any ideas? https://t.co/whePqVbelk
659797792131559400,Thu Oct 29 18:23:46 +0000 2015,RT @gravitystorm: Coming soon - a new map style that goes up to 11! #thunderforest https://t.co/ZveM6YhavV
607684615424344000,Sun Jun 07 23:04:37 +0000 2015,Want to contribute to OSM's funding drive AND look stylish? @rweait has the answer: http://t.co/C2dQelcBG0
607270735443337200,Sat Jun 06 19:40:00 +0000 2015,RT @openstreetmap: It's upgrade time! Launching the OpenStreetMap hardware upgrade funding drive: http://t.co/BBDvMRlxSg  http://t.co/P0Xz1…
532947656159805440,Thu Nov 13 17:26:37 +0000 2014,@OSMLondon @ArcadianGarden unfortunately, that had to be cancelled. Sorry about that. :-(
449525884220104700,Fri Mar 28 12:38:17 +0000 2014,You would have thought a plane full of Germans would be terribly organised. Apparently just another false stereotype.
449361307234738200,Fri Mar 28 01:44:19 +0000 2014,First @OSMLondon mapping party of the summer - good weather guaranteed, maybe! More details: http://t.co/bP2J0W5xMB http://t.co/OYX2O5wOC4
446332643261825000,Wed Mar 19 17:09:29 +0000 2014,.@OSMLondon pub meet-up tomorrow night from 7pm-ish at the Barley Mow near Baker Street tube http://t.co/cVXntrjF3t - see you there!
442686286215004160,Sun Mar 09 15:40:10 +0000 2014,Post-hack drinks at the Euston Tap around 6pm. Join us to chat about #openstreetmap and #osmhack!
442607822011133950,Sun Mar 09 10:28:22 +0000 2014,RT @OSMLondon: Day 2 of the London OpenStreetMap Hack Weekend kicking off now in the @MapQuestTech London offices:  http://t.co/7SYIUGa0fP
442263623919231000,Sat Mar 08 11:40:39 +0000 2014,Hacking on Vagrant for easier OSM development https://t.co/n5So1gO99a #osmhack
441350727261491200,Wed Mar 05 23:13:07 +0000 2014,@smsm1 "best of both worlds", a new c4 property series.
441350121327173600,Wed Mar 05 23:10:43 +0000 2014,Great to see another user of #openstreetmap data, #bestofbothworlds http://t.co/v5EFJKuDjx
402336094379048960,Mon Nov 18 07:22:54 +0000 2013,Heathrow terminal 5: for when only epic failure will do.
376881854252875800,Mon Sep 09 01:36:50 +0000 2013,Virgin trains staff must be getting great overtime tonight. I've seen queues at the post office move faster.
376817557552267260,Sun Sep 08 21:21:21 +0000 2013,Virgin trains says: http://t.co/sqcu5OnlcT
375903918137810940,Fri Sep 06 08:50:52 +0000 2013,"@gravitystorm: Our Dear Leader watches over us #sotm13 http://t.co/OtWGdlxLtV" LOL
273496261070573570,Tue Nov 27 18:39:24 +0000 2012,@SteveC people, volunteer or not, take constructive criticism much better than "they should quit", which is a very negative suggestion.
271356761892589570,Wed Nov 21 20:57:48 +0000 2012,The new super hot sauce from @BenitosHat is awesome. And eye-watering. Nom nom nom!
265201960377008130,Sun Nov 04 21:20:49 +0000 2012,I hope UK border agency is tracking e-passport failures - the rate of which has grown proportionally with my beard. Simplicity != security.
262854177418526720,Mon Oct 29 09:51:34 +0000 2012,BA &amp; Heathrow maintain their advantage in worst experience. Yet another bus to the terminal, although there are plenty of free gates.
181628857810558980,Mon Mar 19 06:31:08 +0000 2012,It's not yet half six, and yet Heathrow airport is already full of FAIL.
180831052401623040,Sat Mar 17 01:40:57 +0000 2012,Toronto Pearson; efficient, courteous and free wifi. Other airports could learn a thing or two. I'm looking at you, @heathrowairport.
134701323986800640,Thu Nov 10 18:37:52 +0000 2011,Train 10 mins delayed due to incorrect bike loading. Not sure whether to blame the cyclist or the train company for this WTF.
115354222425411580,Sun Sep 18 09:19:24 +0000 2011,Bus arrives at terminal next to vacant skybridge. Bravo, BAA.
115349008637100030,Sun Sep 18 08:58:41 +0000 2011,It must just be me that thinks that getting a bus from the plane to the terminal at LHR T5 is disgraceful.
112545780925087740,Sat Sep 10 15:19:39 +0000 2011,Looking forward to the rest of the #sotm weekend.
112386974597390340,Sat Sep 10 04:48:37 +0000 2011,Correction: we're at Rock Bottom! #sotm
112386664529276930,Sat Sep 10 04:47:23 +0000 2011,Correction: we're at Rock Bottom!
112381226932908030,Sat Sep 10 04:25:47 +0000 2011,At the back bar of Falling Rock on 16th and Curtis. #sotm
75074539985436670,Mon May 30 05:42:19 +0000 2011,Miraculously, the e-passport system is working today. That is balanced, however, by IRIS not working. Welcome home.
63694932904394750,Thu Apr 28 20:03:50 +0000 2011,Not sure who makes those retarded e-passport machines, but I'm sure they're not meant to crash so much and be slower than the normal queue.
54610203936698370,Sun Apr 03 18:24:21 +0000 2011,At pub after awesome #osm hack weekend. Lots of hacking done, very tiring, but now Potlatch is the default editor. W00t!
51069759374110720,Thu Mar 24 23:55:54 +0000 2011,Great @osmlondon meetup. Lots of fun, and the pub landlord seemef keen to have us back :-)
36736986563743740,Sun Feb 13 10:42:34 +0000 2011,LHR again and another bloody bus. Wtf?
30750203132772350,Thu Jan 27 22:13:14 +0000 2011,Geobeers!
29682995904385024,Mon Jan 24 23:32:32 +0000 2011,watching http://bbc.in/hzlkzz and pleasantly surprised by the generally high quality of debate.
26266002366930944,Sat Jan 15 13:14:37 +0000 2011,Just finished delivering and racking up a new #osm server with @firefishy1
23717670465576960,Sat Jan 08 12:28:27 +0000 2011,To add insult to injury, now the bus is stuck behind an underpowered milk float thing, while passing under a bunch of unused skybridges.
23712279761522690,Sat Jan 08 12:07:02 +0000 2011,Getting off a plane at T5 onto a *bus*. I didn't realise we'd travelled back in time to the 20th century...
21116732647153664,Sat Jan 01 08:13:16 +0000 2011,Welcome to 2011 :-)
20110024927875070,Wed Dec 29 13:32:58 +0000 2010,LHR T5 working surprisingly well.
17584100432945152,Wed Dec 22 14:15:50 +0000 2010,Almost all of my Christmas shopping done in 5 hours. Result.
8503141200822272,Sat Nov 27 12:51:21 +0000 2010,Breakfast burrito for the delicious win.
6697746593480704,Mon Nov 22 13:17:21 +0000 2010,My new Moo #osm stickers arrived, with QR goodness. http://twitpic.com/395inn
4531506621972480,Tue Nov 16 13:49:30 +0000 2010,Just took a boris bike ride to Benito's Hat for burritos. Very good, better than Tortilla. #burritotuesday
1990392098590721,Tue Nov 09 13:32:01 +0000 2010,Tortilla fail; prices are up, portion size is down. #icomplain
1717140977618944,Mon Nov 08 19:26:12 +0000 2010,Mogwai seems to be my 'tube is broken, walking through Hyde park' music. Fantastic.
29229930567,Sun Oct 31 00:21:25 +0000 2010,@cliverichardson Kindle is awesome, especially the one-handed operation for the Tube. And it fits easily in my coat pocket.
29204372725,Sat Oct 30 17:46:05 +0000 2010,Just finished my first Kindle book, and looking forward to more. Anyone read any good books recently?
27154857154,Tue Oct 12 16:36:23 +0000 2010,RT @chillly: #OSM is attracting the school and college student projects. I wish they would find out about OSM before writing their bots. ...
27069057671,Mon Oct 11 21:10:04 +0000 2010,i have the #manflu. it's awful.
26499695357,Tue Oct 05 23:18:46 +0000 2010,nice one! RT @SteveC I've resigned from CloudMade http://post.ly/127ed
26385427177,Mon Oct 04 18:18:07 +0000 2010,Walking through Hyde park, listening to #mogwai. Magical.
22838495991,Thu Sep 02 23:17:11 +0000 2010,Nice article about forks and communities. http://bit.ly/bgaAe9
22442416167,Sun Aug 29 14:42:53 +0000 2010,Well played, bank holiday Weather. I wasn't expecting that sudden downpour.
20420036628,Thu Aug 05 23:22:11 +0000 2010,@firefishy1 where's the proof that I returned most of it about a minute later? ;-)
20248324519,Tue Aug 03 20:34:03 +0000 2010,http://twitgoo.com/1fybrq Here be white dragons.
18256395668,Sun Jul 11 07:54:19 +0000 2010,Strategic working group session - should be important, but is vague and dull so far. #sotm10
17486357602,Thu Jul 01 11:36:05 +0000 2010,Wondering, once again, why the owner of a noisy dog can be fined if it barks at night, but children are still allowed on planes.
16548823134,Sat Jun 19 14:18:16 +0000 2010,Come on, BA, I know you're having problems, but is it that hard to keep the toilets in T5 clean?
16346405799,Thu Jun 17 00:08:13 +0000 2010,@cliverichardson Yep. But I'm still waiting for an arts & crafts movement revival.
14997358479,Sat May 29 20:40:16 +0000 2010,The German entry was good too.
14996581649,Sat May 29 20:24:02 +0000 2010,Surprisingly good French eurovision entry!
14458975439,Fri May 21 23:25:38 +0000 2010,Returning home after a productive night out.
14232468768,Tue May 18 15:01:02 +0000 2010,Yay! My #sotm2010 talk was accepted. Guess I'll have to start writing it now...
14005343247,Sat May 15 00:01:53 +0000 2010,Listening to zorba in a Scottish bar... surreal.
13866114026,Wed May 12 18:52:14 +0000 2010,Knackered after jogging home from work. @rach_invisible couldn't believe it.
13675830798,Sun May 09 16:21:49 +0000 2010,Looking at an elephant.  http://twitgoo.com/v808o
13620869379,Sat May 08 17:47:54 +0000 2010,shameful @UKLabourParty retweet spam. why 100,000 tweets now? the last 13 years and 6,827,938 libdem votes wasn't enough?
13614305885,Sat May 08 15:33:48 +0000 2010,@richardf what should i retweet if i just want someone to scrap the NIR, NHS CRS and call a new general election?
13544437686,Fri May 07 11:58:28 +0000 2010,Meet the new boss, same as the old boss. #ge2010
13256675188,Sun May 02 17:26:32 +0000 2010,RT @harry_wood Time-lapse video http://youtu.be/bL7e_N4CggI  yesterday OpenStreetMap London Hack Weekend @londonhackspace #osm
13096775172,Thu Apr 29 23:41:15 +0000 2010,The leaders debate isn't on iplayer yet. #fail
13096507473,Thu Apr 29 23:35:30 +0000 2010,Back from the pub, wet and pissed, but not sure I can understand the leaders debate on the same level as daily mail readers.
12730601392,Fri Apr 23 23:25:19 +0000 2010,Dodeccaheedron. That's all I have to say. I'm feeling a little paranoid.
12662397689,Thu Apr 22 21:35:22 +0000 2010,#leadersdebate was boring. none of them did anything to alleviate my political cynicism.
12521002278,Tue Apr 20 15:05:23 +0000 2010,Dear Big pharma, I would like a cure for the common cold and cough. Please?
12444298191,Mon Apr 19 07:53:39 +0000 2010,Very gratified to see the police nicking a cyclist for cycling on the pavement. Keep up the good work.
12375197567,Sun Apr 18 02:46:53 +0000 2010,Every time I come back to Bristol I remember why I like it here...
12244405374,Thu Apr 15 21:10:26 +0000 2010,on ITV news, #leadersdebate is "the other main story", after the ash cloud.
12244367816,Thu Apr 15 21:09:34 +0000 2010,brown: defensive. cameron: alarmist. clegg: repetitive. #leadersdebate
11207453270,Sun Mar 28 18:54:09 +0000 2010,three all-evening drinking sessions in the last five days. nice relaxing sunday, but not fully recovered.
11052173258,Thu Mar 25 20:37:23 +0000 2010,At OSM pub meetup
10537979975,Mon Mar 15 22:23:20 +0000 2010,Wondering how much heathrow express paid BAA to remove all the tube signage from T5
10120404790,Sun Mar 07 13:48:39 +0000 2010,back from holiday in SF. jet-lagged.
9586927351,Wed Feb 24 18:27:53 +0000 2010,RT @harry_wood OpenStreetMap Haiti on front page of BBC News: http://news.bbc.co.uk/1/hi/magazine/8517057.stm #openstreetmap
9496719425,Mon Feb 22 22:33:54 +0000 2010,argh. bytemark vm down with "the possibility of data loss"...
9394852934,Sat Feb 20 19:02:38 +0000 2010,Painting is so little fun...
9110362535,Sun Feb 14 20:09:23 +0000 2010,sufficiently advanced technology... this is what i've been wanting to build for years. http://bit.ly/ctvb0V (via @pmbatty)
8698649108,Fri Feb 05 23:35:02 +0000 2010,@jokru it always pays to be doubly safe ;-)
8698219576,Fri Feb 05 23:22:45 +0000 2010,experimental new minutely duplicate nodes map - help fixup your area in #osm http://bit.ly/cppwbX
8560882758,Tue Feb 02 22:27:41 +0000 2010,RT @harry_wood: http://petitions.number10.gov.uk/ie6upgrade/ in all conscience, i couldn't sign it unless i knew what they would upgrade to
8453345400,Sun Jan 31 14:20:44 +0000 2010,just finished reading http://www.danpink.com/drive - interesting, and fits with my experience. but will it catch on?
8154613467,Sun Jan 24 16:38:27 +0000 2010,Celebrity spotting: just saw David Mitchell :)
8038484815,Thu Jan 21 19:28:05 +0000 2010,At #geomob
7555221700,Sat Jan 09 12:09:52 +0000 2010,Finally on the right train. Winter wonderland outside the window, very pretty. Quite surprised the trains are running on time.
7476172067,Thu Jan 07 11:45:58 +0000 2010,Waiting for baggage at LHR. Might be here a while. Had to wait almost an hour for a gate after we landed. #icomplain
7277153516,Fri Jan 01 19:50:47 +0000 2010,Recovering from epic and cool new years party in LoDo Denver. Thanks @pmbatty!
7156361501,Tue Dec 29 11:05:46 +0000 2009,United told us to be here three hours ahead of our flight, but the check-in desk doesn't open until two hours before. Fail. #icomplain
7146255530,Tue Dec 29 03:41:18 +0000 2009,Air Canada: nice flight, good food, friendly air crew. Customer service highly variable.
7121374049,Mon Dec 28 12:30:58 +0000 2009,Security at LHR T3... went surprisingly well, actually.
7064455356,Sat Dec 26 16:37:17 +0000 2009,Clearing wood from a tree felled by the weight of snow. Although the snow's almost all gone now.
6800760429,Fri Dec 18 16:26:11 +0000 2009,RT @gravitystorm Where's all my snow? I demand a refund.
6732204747,Wed Dec 16 14:57:38 +0000 2009,Is this my Xmas present?  http://twitgoo.com/a02tk
6730674750,Wed Dec 16 13:59:06 +0000 2009,Winter wonderland. I tried taking a photo, but this camera's not up to it. #uksnow
6660224546,Mon Dec 14 12:34:59 +0000 2009,En-route to burrito. Deliciousness, here I come.
6584187658,Sat Dec 12 00:32:05 +0000 2009,fox=urban http://twitgoo.com/5wk7a
6575581870,Fri Dec 11 19:04:52 +0000 2009,RT @thughes OpenStreetMap Christmas Party - Here I come...
6567431514,Fri Dec 11 14:15:31 +0000 2009,Shouldn't it be the spiral line now? http://twitgoo.com/5w8s1
6436455744,Mon Dec 07 17:27:30 +0000 2009,Listening to Christmas songs in sainsburys and surprisingly enjoying them. I bet that won't last long...
6317607488,Thu Dec 03 22:41:19 +0000 2009,@osbornec attribution-only is my preference, but ODbL is much better than CC BY-SA.
6266767752,Wed Dec 02 11:37:02 +0000 2009,Shopping at westfield. I can actually feel my soul being destroyed. Not hugely busy, though - a fringe benefit of being redundant.
6204156990,Mon Nov 30 15:28:32 +0000 2009,RT @harry_wood: blogged:"Last day for CloudMade London" http://www.harrywood.co.uk/blog/2009/11/30/last-day-for-cloudmade-london/
6149826067,Sat Nov 28 20:21:26 +0000 2009,In Argentine restaurant near arsenal... veggie options surprisingly good.
6096205217,Thu Nov 26 23:43:49 +0000 2009,lots of nutters on question time tonight...
6081556305,Thu Nov 26 13:48:33 +0000 2009,RT @mhaklay: #OpenStreetMap in Athens – as accurate as London http://wp.me/p7DNf-34
5903478407,Fri Nov 20 23:12:52 +0000 2009,Getting ejected from the cloakroom queue by coat ticket nazis. Customer service & politeness complete fail.
5902447324,Fri Nov 20 22:31:06 +0000 2009,Too-bright strobe lights at gig are making me grumpy.
5877309584,Fri Nov 20 02:30:19 +0000 2009,updated to kubuntu 9.10. not entirely smooth, but everything seems to be working now. #ubuntu
5782924099,Tue Nov 17 01:38:53 +0000 2009,good #openstreetmap london meetup. managed to drop macaroni and cheese on myself.
5692127896,Fri Nov 13 21:54:01 +0000 2009,RT @harry_wood OpenStreetMap meet-up on Monday  http://upcoming.yahoo.com/event/4882666/  Blue Posts pub near Oxford St (a favourite)
5589470304,Tue Nov 10 14:19:34 +0000 2009,spotted on upper ground http://twitgoo.com/51c3d
5488047628,Fri Nov 06 20:26:13 +0000 2009,Nervously waiting to see if I've installed the new dishwasher correctly.
5257895506,Thu Oct 29 12:56:17 +0000 2009,Waiting for a guy to come and take the dishwasher away.
5206516626,Tue Oct 27 17:55:03 +0000 2009,It's dark and scary outside!
4999048310,Mon Oct 19 19:58:04 +0000 2009,Back in UK from Vienna. Feels good to have data again. The lack of reasonably-priced roaming is a disgrace. Oh, and BA are getting suckier.
4893822607,Thu Oct 15 17:30:55 +0000 2009,upgrading to FF 3.5, which is now required for accessing my online banking. wtf?
4790560591,Sun Oct 11 19:28:24 +0000 2009,pretty spectacular fail http://bit.ly/gZUBc
4520757084,Thu Oct 01 09:04:05 +0000 2009,Great. Now I have a pain in the neck *and* a cough.
4376157645,Fri Sep 25 19:32:49 +0000 2009,At the brixton academy to see Orbital. Ah, the memories...
4145953634,Mon Sep 21 13:20:41 +0000 2009,anyone fancy fixing some spanish motorways? http://bit.ly/178Glk #osm
4129616402,Sun Sep 20 19:33:09 +0000 2009,Saw district 9. Lots of fun and guts. Lightning gun WANT.
4015766784,Tue Sep 15 22:56:21 +0000 2009,Playing with my new android phone! Cool!
3789472558,Sun Sep 06 01:06:05 +0000 2009,the dangers of extrapolation from a small sample http://bit.ly/11w5tI
3676921649,Tue Sep 01 00:02:44 +0000 2009,RT @SarahManley Great #TED talk Dan Pink- examines the puzzle of motivation - http://tinyurl.com/nfxme9
3645289113,Sun Aug 30 14:03:20 +0000 2009,The builders arms in kensington is going downhill :-(
3616368579,Sat Aug 29 01:37:16 +0000 2009,oh no, they came back. went outside to try and break it up, but they weren't interested. ended up calling the police instead.
3616062354,Sat Aug 29 01:20:08 +0000 2009,a man hit his girlfriend outside the pub near me and the police actually turned up in a reasonable amount of time. wonders never cease.
3499207528,Sun Aug 23 21:40:08 +0000 2009,after a couple of days moving servers, what i have to show for it: a massive backache. it was still worth it.
3481206895,Sat Aug 22 23:27:33 +0000 2009,post AGM: some changes to the OSMF board - hope we can continue to move towards greater openness and transparency. #osm
3437940494,Thu Aug 20 23:30:47 +0000 2009,scared that SSDs are the future? just use patents to kill off those annoying innovators! http://bit.ly/gsoIp
3415539951,Wed Aug 19 23:19:40 +0000 2009,bought beers from tesco and cunningly decanted them into skiffs to blend in with the pub crowd. it's like being a student again!
3391370950,Tue Aug 18 21:43:38 +0000 2009,@osbornec #WhereCampEU + skiing = awesome. I'm in.
3364712969,Mon Aug 17 17:04:15 +0000 2009,catching up with my mapping back-log, then off to http://bit.ly/londonOSM
3348678116,Sun Aug 16 19:45:44 +0000 2009,i love lazy sunday evenings.
3210437903,Sun Aug 09 17:28:02 +0000 2009,got bitten by a horsefly. now i have a massive swelling on my face.
3184705437,Fri Aug 07 22:42:46 +0000 2009,crazy cool http://bit.ly/17IslQ
2868257204,Mon Jul 27 10:11:43 +0000 2009,My bank asked me in for a review, but all i'm doing is waiting here...
2861528901,Mon Jul 27 00:42:16 +0000 2009,back from holiday. stansted sucks. the weather sucks. need another holiday!
2678321300,Thu Jul 16 23:27:09 +0000 2009,home from #osm london pub meetup. watching charlie brooker's slightly lame new TV show.
2611774681,Mon Jul 13 09:11:42 +0000 2009,I love airport security; it never fails to make me feel like a valued member of society.
2611389340,Mon Jul 13 08:17:56 +0000 2009,Contrary to popular opinion, schipol airport sucks. Especially the BA "fast" bag drop: half an hour and still waiting...
2597248471,Sun Jul 12 10:51:13 +0000 2009,seeing how awesome openstreetmap is in Egypt, Palestine, Vietnam, Punjab, Cuba. #sotm09
2596073526,Sun Jul 12 07:48:20 +0000 2009,wondering why so many people think that spamming users in a bbox is a good feature? #lazyosm #sotm09
2587247207,Sat Jul 11 18:54:30 +0000 2009,Bizarre poetry at #sotm09 dinner.
2584558713,Sat Jul 11 15:09:02 +0000 2009,watching another cartotype sales pitch. can haz sorse, plz? #sotm09
2564974998,Fri Jul 10 07:41:02 +0000 2009,sitting in rainy amsterdam, watching #sotm09
2535175167,Wed Jul 08 17:00:52 +0000 2009,@osbornec Check the new instructions, you want http://maptest.mapdroyd.com/index.en.txt :-)
2534835867,Wed Jul 08 16:38:54 +0000 2009,@osbornec Better MapDroyd data download instructions. http://bit.ly/7tkWr
2533872484,Wed Jul 08 15:35:04 +0000 2009,@osbornec Got them working in the android emulator. YMMV http://bit.ly/7tkWr
2506503744,Tue Jul 07 01:24:42 +0000 2009,dollar going down? http://bit.ly/13D3f2
2470529897,Sat Jul 04 15:56:48 +0000 2009,@firefishy1 first half was good. second half very disappointing. best in show was http://www.comedycv.co.uk/craigcampbell/index.htm
2463580814,Sat Jul 04 02:14:04 +0000 2009,I just love london at night. Daytime is so overrated.
2438614774,Thu Jul 02 15:45:04 +0000 2009,testing twitter's url support http://osm.org/go/evil= http://osm.org/go/evil- http://osm.org/go/evil* http://osm.org/go/evil^
2376248164,Sun Jun 28 20:47:19 +0000 2009,opencourseware for the win.
2373595490,Sun Jun 28 17:14:31 +0000 2009,melting.
2351835112,Fri Jun 26 23:37:38 +0000 2009,lame http://www.number10.gov.uk/Page19789
2341792706,Fri Jun 26 09:40:47 +0000 2009,new #osm short links: http://osm.org/go/euu4oTan4?m
2334649280,Thu Jun 25 23:15:22 +0000 2009,watching history. forget JFK - it's all about MJJ
2268225856,Sun Jun 21 18:27:11 +0000 2009,futurism at tate modern: disappointing.
2243521155,Fri Jun 19 20:33:17 +0000 2009,mmm... curry
2224207504,Thu Jun 18 16:13:08 +0000 2009,printing out some #walkingpapers maps to experiment at tonight's http://bit.ly/londonOSM meetup
2190571252,Tue Jun 16 10:06:31 +0000 2009,knuth against software patents: http://bit.ly/zNOMK
2184284298,Mon Jun 15 22:41:09 +0000 2009,office space - almost too funny. see it.
2096039421,Tue Jun 09 23:23:22 +0000 2009,39 tweets in the past 24 hours... i need to find more hours in the day, or follow fewer people.
2080358941,Mon Jun 08 19:52:08 +0000 2009,enchiladas for dinner tonight. mmm... nom nom nom
2059888862,Sun Jun 07 00:50:27 +0000 2009,have there been massive solar flares this week? disk failures: two at work, one on @SteveC's laptop and now a close call on my laptop.
2028029054,Thu Jun 04 10:40:22 +0000 2009,@davecorcoran if you ever played zelda then you'll love http://www.jamendo.com/en/track/159407
2020612412,Wed Jun 03 20:12:57 +0000 2009,my new favourite track http://www.jamendo.com/en/track/159450
1999265186,Tue Jun 02 02:55:25 +0000 2009,Getting some 28 days later action walking through south bank at stupid o'clock.
1999091992,Tue Jun 02 02:37:41 +0000 2009,Whisky is powerful stuff. London is best in the early hours...
1982918956,Sun May 31 19:09:25 +0000 2009,Technology has gone too far when... Everyone at the pub has their iPhone out and is chatting on IRC.
1979559703,Sun May 31 10:34:15 +0000 2009,hacking at OSM hackday http://bit.ly/AMbC6
1928571946,Tue May 26 22:03:27 +0000 2009,Beer beer beer
1922053264,Tue May 26 09:47:38 +0000 2009,RT @osbornec RT @jokru #OpenStreetMap Amenity Editor released, made for easy, online editing of POIs: http://ae.osmsurround.org/
1880925608,Fri May 22 09:59:37 +0000 2009,@dbdean Minutely tiles need to be updated for the new 0.6 API. Its on my TODO ;-)
1850146188,Tue May 19 18:42:15 +0000 2009,Walking past the flat i used to share with steve on the way to #osm pub meet.
1820805048,Sat May 16 22:46:12 +0000 2009,our lame song didn't deserve 5th place in eurovision, but at least the best song won.
1808554218,Fri May 15 18:08:24 +0000 2009,going to the pub. the weekend starts here.
1793569865,Thu May 14 10:11:48 +0000 2009,this is just mind-blowing http://www.wolframalpha.com/screencast/introducingwolframalpha.html
1767715178,Mon May 11 22:52:11 +0000 2009,reading about google's latest innovation http://bit.ly/ymFo7
1755983877,Sun May 10 17:30:57 +0000 2009,trying to transcribe meeting notes from audio... its really, really time-consuming.
1697449797,Mon May 04 17:15:47 +0000 2009,finished watching the last episode of the wire... what do i have to look forward to now?
1683085006,Sun May 03 00:59:58 +0000 2009,RT @mprioleau The White House is using @cloudmade maps to show where people are helping their communities http://bit.ly/NIBnq
1680833322,Sat May 02 19:36:03 +0000 2009,remembering why i don't go into central london on the weekend...
1590113501,Thu Apr 23 01:15:06 +0000 2009,looking forward to sleep after calling the police because of a dispute between a taxi driver and his fare on my way home.
1580230988,Wed Apr 22 00:34:12 +0000 2009,wow. nintendo did it first, but still... i want one! http://tinyurl.com/cl7bzo
1573619725,Tue Apr 21 09:02:09 +0000 2009,RT @thughes OpenStreetMap is live again!!!
1569573893,Mon Apr 20 22:25:13 +0000 2009,wishing prof. hawking a speedy recovery http://news.bbc.co.uk/1/hi/uk/8008767.stm
1558201376,Sun Apr 19 14:36:53 +0000 2009,migrating API 0.6 database - phase 5 (i started at the wrong number): re-creating consistent current tables.
1547777580,Sat Apr 18 02:14:23 +0000 2009,migrating API 0.6 database - phase 3: creating synthetic changesets from the edit history.
1546729569,Fri Apr 17 23:39:14 +0000 2009,@davecorcoran  don't worry - i spent the preceding 3 hours in the pub!
1546128032,Fri Apr 17 22:15:46 +0000 2009,migrating API 0.6 database - phase 2: adding PKs and indexes to history tables.
1542796029,Fri Apr 17 15:22:26 +0000 2009,signing this petition to open-source some of the software paid for with public money http://tinyurl.com/c6fpd2
1541762552,Fri Apr 17 13:05:32 +0000 2009,very very cool, but where's the code? http://tinyurl.com/54rr23
1540995454,Fri Apr 17 10:12:13 +0000 2009,migrating API 0.6 database - initial migration of data to new server.
1506796474,Mon Apr 13 02:52:06 +0000 2009,battling with ruby on rails, with the following results http://tinyurl.com/cqujzs
1492505538,Fri Apr 10 19:27:26 +0000 2009,all too true http://tinyurl.com/cy2fk7
1483781914,Thu Apr 09 14:34:47 +0000 2009,watching firefox leak memory like a sieve - we're up to 1.5Gb now.
1476692696,Wed Apr 08 14:05:10 +0000 2009,waiting for queries to finish running. its a bit like watching paint dry, only less tangible.
1453696507,Sat Apr 04 21:56:02 +0000 2009,annette messager at the hayward - its a bit random.
1432617227,Wed Apr 01 17:11:55 +0000 2009,sense of humour FAIL http://tinyurl.com/dhe6uh
1424289119,Tue Mar 31 13:36:24 +0000 2009,test-running parts of the 0.6 migration on the new DB server. its FAST!
1414044034,Sun Mar 29 21:18:53 +0000 2009,rounding off the weekend with the wire, season 3. nice.
1407554395,Sat Mar 28 16:31:16 +0000 2009,working the weekend - enhancing shareholder value
1397991233,Fri Mar 27 00:40:07 +0000 2009,new #osm db install done. looking forward to deploying API 0.6 on it.
1395879146,Thu Mar 26 18:08:45 +0000 2009,off to UCL to install new #osm server. then beer with @firefishy
1394888409,Thu Mar 26 15:19:38 +0000 2009,@firefishy1 i'm itching to play with it too, but @gravitystorm 's ears are too sensitive!
1359645937,Fri Mar 20 11:00:52 +0000 2009,security FAIL http://tinyurl.com/ccad83
1341359159,Tue Mar 17 09:59:37 +0000 2009,back from awesome skiing. norway FTW!
1308163995,Wed Mar 11 00:13:46 +0000 2009,watching where my tax money goes http://tinyurl.com/ak7q9a
1300944173,Mon Mar 09 16:12:08 +0000 2009,@delineator apply Hanlon's Razor to those vague laws.
1300627379,Mon Mar 09 14:59:15 +0000 2009,is it bad that i recognise most of these from prior experience? http://tinyurl.com/apklac
1288708604,Fri Mar 06 15:45:30 +0000 2009,RT @smsm1: News: CeBIT 2009: OpenStreetMap Wins Two Linux New Media Awards http://snipurl.com/d8vdy
1280938417,Wed Mar 04 23:29:29 +0000 2009,OSM license straw poll - go vote! http://tinyurl.com/crz88p thx to richard.
1276184326,Tue Mar 03 23:37:12 +0000 2009,beer, burrito and pub quiz: awesome! marred only a little by a slight dampness in the air.
1274094000,Tue Mar 03 15:25:48 +0000 2009,reading the ODbL beta http://tinyurl.com/a9snwm is making my brain hurt.
1268859343,Mon Mar 02 11:28:40 +0000 2009,mexico FTW. back in london - lightly toasted and jet-lagged.
1232364241,Fri Feb 20 22:39:06 +0000 2009,stupid drunk football fans singing outside my window :-(
1223702314,Wed Feb 18 18:09:22 +0000 2009,beer FTW.
1217297785,Tue Feb 17 01:00:21 +0000 2009,the wire season 2 - mcnulty FTW
1211376887,Sun Feb 15 02:56:58 +0000 2009,finally tracked down a strange burning smell in my flat - it was my desktop's PSU...
1186834140,Sat Feb 07 18:12:37 +0000 2009,if http://donate.openstreetmap.org/ continues at this rate we'll have raised £10,000 in under 60 hours. the community is amazing!
1169404927,Mon Feb 02 10:09:38 +0000 2009,7cm of snow and the tube is crippled. pretty, though.
1152205701,Tue Jan 27 14:57:32 +0000 2009,post office charged me £11 to pick up an international package - £3 VAT, £8 "handling charge". daylight robbery.
1144653352,Sat Jan 24 15:03:20 +0000 2009,cool visualisation of zip codes http://benfry.com/zipdecode/ - who wants to do one for postal_code?
974064573,Fri Oct 24 19:16:37 +0000 2008,openstreetmap @ linux expo. spreading the word.
956956759,Sun Oct 12 23:17:15 +0000 2008,my feet hurt...
921319205,Sun Sep 14 20:03:14 +0000 2008,ate a whole packet of M&Ms watching pineapple express... now comes the sugar crash... :-(
917073505,Thu Sep 11 00:26:04 +0000 2008,survived another council estate experience.
911357554,Sat Sep 06 00:19:32 +0000 2008,monkey dust is still the funniest thing ever shown on TV.
903451813,Fri Aug 29 22:43:52 +0000 2008,how much british taxpayers' money, put aside "to provide for themselves against adversity and ill-health", did NS&I pay Bob Geldof, Germ ...
896566202,Sat Aug 23 15:30:53 +0000 2008,MIT's OpenCourseWare is really cool, but why don't they offer video downloads for iPod?
893509191,Wed Aug 20 17:52:03 +0000 2008,its so depressing when hardware just doesn't work...
888014137,Fri Aug 15 01:31:24 +0000 2008,hmm... what does a shop=convenience look like?
883230720,Sun Aug 10 12:56:24 +0000 2008,ugh... so hung over :-(
882679840,Sat Aug 09 18:39:29 +0000 2008,Rain, rain, rain...
875545540,Sat Aug 02 11:14:44 +0000 2008,Stupid tube... circle and district lines are both closed today.
870352765,Mon Jul 28 07:57:01 +0000 2008,Monday is the armpit of the week.
869882762,Sun Jul 27 18:08:06 +0000 2008,Back home... its too humid!
